order_id,customer_id,order_date,product_category,quantity,unit_price_usd,order_status,payment_method
AMA-O9965,AMA-C1466,13-Feb-2024,Electronics,1,480.08,Returned,Amazon Pay
AMA-O10329,AMA-C10222,2023-02-18,Beauty,3,62.11,Returned,Credit Card
AMA-O9690,AMA-C4375,09/25/2023,Grocery,1,57.15,Delivered,Amazon Pay
AMA-O13995,AMA-C3513,01-Sep-2023,Electronics,4,$141.39,Delivered,UPI
AMA-O12671,AMA-C5015,09/24/2023,Home & Kitchen,2,31.49,Shipped,Debit Card
AMA-O8699,AMA-C10665,2024-01-24,Sports & Outdoors,3,96.21,Cancelled,Amazon Pay
AMA-O10037,AMA-C3501,01-Jun-2024,Books,4,$13.25,Returned,Gift Card
AMA-O9082,AMA-C9999,03/12/2023,Electronics,1,129.9,Delivered,Credit Card
AMA-O11718,AMA-C9389,01/15/2024,Electronics,3,403.28,Delivered,Debit Card
AMA-O13329,AMA-C7406,03-Jan-2025,Apparel,3,38.54,Returned,Gift Card
AMA-O8517,AMA-C3921,02/29/2024,Grocery,4,$34.05,Delivered,Amazon Pay
AMA-O9555,AMA-C9548,2023-12-05,Home & Kitchen,1,238.45,Cancelled,Gift Card
AMA-O6798,AMA-C10745,12/07/2024,Grocery,3,8.68,Delivered,Credit Card
AMA-O10713,AMA-C4021,2023-03-11,Home & Kitchen,2,$192.76,Delivered,Gift Card
AMA-O10067,AMA-C1887,01/16/2023,Sports & Outdoors,3,$45.08,Shipped,Credit Card
AMA-O11894,AMA-C5537,05/24/2024,Beauty,4,72.78,Delivered,Amazon Pay
AMA-O10064,AMA-C8662,19-Sep-2023,Electronics,1,68.02,Returned,Gift Card
AMA-O11688,AMA-C9095,21-Jan-2025,Books,4,$16.57,Delivered,Debit Card
AMA-O8926,AMA-C7446,02-Jan-2024,Electronics,1,670.64,Pending,UPI
AMA-O9313,AMA-C3358,2024-08-11,Sports & Outdoors,1,208.13,Pending,Amazon Pay
AMA-O14191,AMA-C8216,20-Aug-2023,Sports & Outdoors,5,166.11,Delivered,Gift Card
AMA-O10939,AMA-C5111,03/23/2023,Apparel,1,20.83,Delivered,UPI
AMA-O11873,AMA-C5565,2024-07-19,Books,2,17.52,Shipped,Debit Card
AMA-O5818,AMA-C7024,2024-07-08,Sports & Outdoors,2,$171.57,Shipped,UPI
AMA-O10627,AMA-C2364,2024-06-28,Electronics,4,502.12,Delivered,Gift Card
AMA-O12993,AMA-C6191,10/10/2023,Electronics,4,461.26,Returned,Debit Card
AMA-O9350,AMA-C1228,05-May-2023,Apparel,5,22.9,Delivered,Credit Card
AMA-O12889,AMA-C10530,2024-08-01,Books,1,6.31,Delivered,Credit Card
AMA-O14624,AMA-C9717,19-Aug-2023,Home & Kitchen,1,155.64,Delivered,Credit Card
AMA-O6835,AMA-C4292,06/25/2024,Electronics,1,$192.60,Shipped,UPI
AMA-O5482,AMA-C3024,16-Dec-2024,Books,2,33.07,Delivered,Debit Card
AMA-O10544,AMA-C8940,2024-01-06,Grocery,5,34.03,Cancelled,Debit Card
AMA-O12631,AMA-C1303,05/08/2024,Grocery,2,45.76,Returned,Debit Card
AMA-O11627,AMA-C1047,2024-09-30,Sports & Outdoors,3,165.96,Pending,Amazon Pay
AMA-O6338,AMA-C3182,26-Nov-2025,Home & Kitchen,2,272.43,Pending,Gift Card
AMA-O11580,AMA-C1381,06-Oct-2024,Home & Kitchen,5,267.52,Shipped,Credit Card
AMA-O8299,AMA-C9962,2025-12-17,Books,1,7.96,Returned,Gift Card
AMA-O11275,AMA-C3207,22-May-2023,Home & Kitchen,4,155.11,Shipped,Gift Card
AMA-O14220,AMA-C6108,08/16/2023,Apparel,2,109.77,Delivered,Debit Card
AMA-O7836,AMA-C10391,21-Jul-2025,Grocery,3,$3.14,Shipped,Credit Card
AMA-O6770,AMA-C2919,2025-01-18,Sports & Outdoors,4,182.92,Returned,Amazon Pay
AMA-O6136,AMA-C3434,05-Dec-2024,Toys,3,$46.28,Shipped,Amazon Pay
AMA-O14100,AMA-C5122,07-Feb-2025,Electronics,1,728.95,Shipped,Amazon Pay
AMA-O5693,AMA-C4358,2025-09-27,Beauty,1,68.62,Cancelled,Amazon Pay
AMA-O6007,AMA-C5818,2025-05-06,Home & Kitchen,3,$287.56,Cancelled,Credit Card
AMA-O7119,AMA-C9603,2023-03-12,Books,4,7.09,,Debit Card
AMA-O14973,AMA-C3660,22-Aug-2023,Toys,4,25.9,Shipped,Amazon Pay
AMA-O14476,AMA-C5669,05/09/2023,Home & Kitchen,1,203.63,Shipped,Gift Card
AMA-O8015,AMA-C4846,29-Nov-2024,Beauty,2,22.52,,Credit Card
AMA-O7572,AMA-C1776,16-Feb-2023,Sports & Outdoors,2,237.48,Returned,Amazon Pay
AMA-O8561,AMA-C7350,04-May-2024,Apparel,1,108.54,Shipped,Debit Card
AMA-O14129,AMA-C2711,05-Apr-2025,Sports & Outdoors,2,$126.58,Delivered,Debit Card
AMA-O13649,AMA-C7220,26-Jan-2024,Electronics,4,239.86,Shipped,Debit Card
AMA-O5350,AMA-C5522,03/27/2024,Home & Kitchen,3,27.14,Delivered,Credit Card
AMA-O10228,AMA-C1509,2025-05-11,Toys,4,54.63,Shipped,UPI
AMA-O11341,AMA-C2536,29-Oct-2023,Grocery,2,19.63,Delivered,UPI
AMA-O8364,AMA-C7184,2024-06-20,Grocery,4,24.36,Delivered,Credit Card
AMA-O6655,AMA-C10421,12-Apr-2025,Books,2,36.46,Delivered,Gift Card
AMA-O9993,AMA-C8112,04/06/2023,Beauty,5,79.46,Returned,Debit Card
AMA-O5418,AMA-C7142,04/26/2024,Apparel,2,46.74,Delivered,Debit Card
AMA-O6671,AMA-C2498,09/30/2023,Sports & Outdoors,5,165.96,Delivered,Gift Card
AMA-O10678,AMA-C7381,2024-02-25,Apparel,5,50.77,Delivered,Debit Card
AMA-O6692,AMA-C7912,05/13/2023,Grocery,5,15.51,Shipped,Debit Card
AMA-O13651,AMA-C1561,01/04/2024,Beauty,5,70.56,Cancelled,Amazon Pay
AMA-O11668,AMA-C1993,04/30/2025,Apparel,5,$64.06,Returned,UPI
AMA-O8196,AMA-C7816,03/27/2023,Toys,1,66.54,Delivered,Credit Card
AMA-O8504,AMA-C5076,20-Jan-2025,Toys,5,51.21,Delivered,Credit Card
AMA-O5600,AMA-C3673,03-May-2023,Toys,3,90.32,Delivered,Credit Card
AMA-O10311,AMA-C7727,2024-03-14,Electronics,5,732.96,Delivered,Credit Card
AMA-O7391,AMA-C3139,15-Mar-2023,Beauty,4,24.37,Delivered,UPI
AMA-O14192,AMA-C3082,2023-09-06,Books,3,5.52,Pending,Credit Card
AMA-O6704,AMA-C6569,16-Oct-2025,Home & Kitchen,2,$201.91,Shipped,Gift Card
AMA-O13290,AMA-C6594,12/02/2025,Electronics,2,537.43,Delivered,UPI
AMA-O12754,AMA-C2547,09/04/2023,Grocery,2,$45.76,Pending,Amazon Pay
AMA-O11682,AMA-C3309,01-May-2023,Toys,2,7.77,Cancelled,Debit Card
AMA-O8829,AMA-C1890,03/31/2023,Electronics,5,119.67,Delivered,Debit Card
AMA-O6997,AMA-C7092,07/21/2023,Books,1,28.18,Returned,Debit Card
AMA-O12357,AMA-C8847,2024-11-04,Apparel,5,57.88,Delivered,UPI
AMA-O6900,AMA-C3574,2023-05-09,Books,2,38.33,Delivered,Debit Card
AMA-O10717,AMA-C6483,05/29/2024,Toys,4,$31.45,Pending,Debit Card
AMA-O14586,AMA-C6556,12/25/2025,Sports & Outdoors,1,24.9,Returned,Gift Card
AMA-O7512,AMA-C8731,19-Jan-2025,Toys,1,82.18,Delivered,Gift Card
AMA-O6987,AMA-C1209,12/20/2025,Apparel,4,25.46,Returned,Credit Card
AMA-O11202,AMA-C3580,15-Sep-2023,Beauty,2,33.32,Cancelled,Credit Card
AMA-O6559,AMA-C8528,10/26/2024,Home & Kitchen,1,255.56,Cancelled,Amazon Pay
AMA-O9870,AMA-C5642,18-Oct-2025,Books,2,6.25,Delivered,UPI
AMA-O9962,AMA-C8968,2025-01-12,Electronics,3,659.24,Pending,Amazon Pay
AMA-O6760,AMA-C9999,09/20/2025,Grocery,4,11.04,Shipped,Credit Card
AMA-O11091,AMA-C7729,28-Jul-2023,Sports & Outdoors,4,146.23,Pending,Amazon Pay
AMA-O14483,AMA-C10661,25-Apr-2024,Apparel,1,54.22,Delivered,Amazon Pay
AMA-O12856,AMA-C5416,2025-02-06,Sports & Outdoors,2,$94.36,Shipped,Credit Card
AMA-O9064,AMA-C4757,08/31/2024,Sports & Outdoors,5,54.45,Cancelled,UPI
AMA-O8530,AMA-C7992,2024-03-29,Electronics,2,89.79,Delivered,Amazon Pay
AMA-O9682,AMA-C9262,09-Mar-2023,Toys,2,91.71,Delivered,Credit Card
AMA-O14581,AMA-C5194,24-Nov-2023,Beauty,2,$20.80,Shipped,Gift Card
AMA-O8528,AMA-C5710,12-Aug-2025,Sports & Outdoors,4,$230.33,Shipped,UPI
AMA-O14362,AMA-C4858,04/05/2025,Sports & Outdoors,1,68.49,Shipped,Debit Card
AMA-O13895,AMA-C9494,2024-11-17,Home & Kitchen,2,212.63,Delivered,UPI
AMA-O10680,AMA-C9999,2025-11-10,Sports & Outdoors,1,36.05,Delivered,UPI
AMA-O6545,AMA-C8105,2024-06-23,Books,5,$28.14,Cancelled,UPI
AMA-O6542,AMA-C8051,11-Nov-2023,Apparel,1,118.31,Pending,Amazon Pay
AMA-O10078,AMA-C6717,2023-11-23,Toys,4,68.42,Delivered,Debit Card
AMA-O11180,AMA-C10516,05/10/2024,Sports & Outdoors,3,54.51,Delivered,Credit Card
AMA-O11571,AMA-C5847,08/17/2025,Sports & Outdoors,1,196.21,Cancelled,Gift Card
AMA-O14062,AMA-C8832,2025-02-07,Home & Kitchen,5,39.48,Pending,Amazon Pay
AMA-O5461,AMA-C1692,2023-02-19,Beauty,3,86.56,Shipped,Credit Card
AMA-O7940,AMA-C9121,30-Apr-2023,Grocery,1,4.96,Delivered,Debit Card
AMA-O11525,AMA-C5750,04/25/2024,Home & Kitchen,5,204.25,Shipped,Credit Card
AMA-O9608,AMA-C6354,18-Oct-2024,Electronics,4,$459.26,Returned,Debit Card
AMA-O5548,AMA-C2821,04-Mar-2023,Books,2,9.1,Shipped,Gift Card
AMA-O12023,AMA-C10010,2025-12-18,Books,3,23.17,Delivered,Debit Card
AMA-O6949,AMA-C9997,08-Dec-2025,Apparel,1,93.3,Delivered,Amazon Pay
AMA-O8462,AMA-C7803,09/20/2025,Sports & Outdoors,4,64.68,Delivered,Credit Card
AMA-O5582,AMA-C3279,02/15/2025,Apparel,5,46.02,Cancelled,Debit Card
AMA-O9149,AMA-C4759,04-Aug-2025,Home & Kitchen,5,89.97,Cancelled,Gift Card
AMA-O9859,AMA-C7444,06-Apr-2025,Toys,3,61.36,Shipped,Credit Card
AMA-O6968,AMA-C3764,2025-04-17,Sports & Outdoors,1,$58.64,Delivered,Gift Card
AMA-O5563,AMA-C1387,12-Mar-2023,Home & Kitchen,4,$287.24,Returned,Credit Card
AMA-O12424,AMA-C9494,07/24/2023,Apparel,2,27.8,Pending,Gift Card
AMA-O10971,AMA-C7838,2023-09-23,Sports & Outdoors,3,$241.65,Delivered,Gift Card
AMA-O7418,AMA-C4001,02/04/2025,Home & Kitchen,3,173.13,Delivered,Gift Card
AMA-O13250,AMA-C5385,05/16/2024,Grocery,1,32.18,Cancelled,UPI
AMA-O13999,AMA-C1407,2024-11-19,Grocery,4,50.69,,Gift Card
AMA-O10774,AMA-C7836,23-Oct-2024,Apparel,4,65.01,Cancelled,Gift Card
AMA-O10916,AMA-C5478,02-Nov-2024,Electronics,3,$311.71,Returned,Amazon Pay
AMA-O10985,AMA-C7604,09-Jul-2023,Apparel,2,114.53,,UPI
AMA-O14890,AMA-C7995,17-Mar-2023,Apparel,4,88.36,Delivered,Amazon Pay
AMA-O14076,AMA-C2565,2025-06-25,Toys,3,38.93,Returned,Credit Card
AMA-O9180,AMA-C3976,11/25/2025,Grocery,2,$33.53,Returned,Debit Card
AMA-O5899,AMA-C1025,2025-04-09,Beauty,5,33.44,Delivered,Gift Card
AMA-O8574,AMA-C4154,14-Jan-2024,Home & Kitchen,3,295.33,Pending,Amazon Pay
AMA-O8876,AMA-C7882,09/23/2025,Electronics,4,$224.37,Delivered,Debit Card
AMA-O8749,AMA-C4367,16-Feb-2025,Grocery,3,6.6,Pending,Amazon Pay
AMA-O13234,AMA-C8302,08/07/2025,Books,3,9.34,Delivered,Credit Card
AMA-O11839,AMA-C1223,15-May-2024,Beauty,3,17.23,Delivered,Credit Card
AMA-O11142,AMA-C9913,2024-01-29,Home & Kitchen,4,138.75,Delivered,Debit Card
AMA-O7553,AMA-C8910,06-Mar-2024,Apparel,1,23.36,Delivered,Debit Card
AMA-O12058,AMA-C2007,06-Mar-2024,Grocery,5,$23.74,Delivered,Credit Card
AMA-O13002,AMA-C9451,20-May-2025,Toys,3,72.73,Shipped,UPI
AMA-O11897,AMA-C9885,11/16/2023,Sports & Outdoors,5,82.73,Delivered,UPI
AMA-O7461,AMA-C10252,14-Oct-2025,Sports & Outdoors,2,63.58,Shipped,UPI
AMA-O8800,AMA-C2784,01-Dec-2024,Toys,5,54.96,Delivered,Gift Card
AMA-O6800,AMA-C7063,2023-01-18,Apparel,4,109.07,Delivered,Gift Card
AMA-O9926,AMA-C6503,12-Jun-2025,Home & Kitchen,3,170.48,Cancelled,Debit Card
AMA-O6032,AMA-C10449,2025-02-06,Beauty,3,8.65,Delivered,Amazon Pay
AMA-O6291,AMA-C1953,16-Dec-2024,Sports & Outdoors,4,$247.29,Delivered,Credit Card
AMA-O13188,AMA-C3850,27-Oct-2024,Grocery,3,39.07,Shipped,Gift Card
AMA-O12416,AMA-C8437,2025-05-08,Beauty,2,$37.04,Pending,Debit Card
AMA-O13915,AMA-C3970,11/17/2023,Home & Kitchen,4,125.05,Delivered,Credit Card
AMA-O11644,AMA-C7588,01-Apr-2023,Home & Kitchen,3,10.16,Returned,Credit Card
AMA-O9293,AMA-C8926,09/25/2025,Toys,2,86.11,Delivered,UPI
AMA-O6916,AMA-C4627,2023-09-15,Toys,2,84.24,Delivered,Debit Card
AMA-O13589,AMA-C2737,07/29/2023,Grocery,1,$30.00,Returned,Debit Card
AMA-O14462,AMA-C5397,11/19/2025,Books,3,$8.13,Delivered,Credit Card
AMA-O6359,AMA-C3815,2024-06-29,Home & Kitchen,3,216.34,Pending,Gift Card
AMA-O5882,AMA-C6088,05/09/2024,Electronics,1,691.11,Delivered,Debit Card
AMA-O6126,AMA-C4549,09/17/2025,Books,1,$23.13,Delivered,Debit Card
AMA-O7085,AMA-C7464,12/17/2023,Toys,2,63.91,Cancelled,UPI
AMA-O8349,AMA-C10356,02-Oct-2025,Toys,5,69.32,Pending,Credit Card
AMA-O14204,AMA-C9701,12-Apr-2023,Home & Kitchen,1,$76.18,Pending,Debit Card
AMA-O9928,AMA-C7680,2025-06-02,Home & Kitchen,2,45.32,Delivered,Credit Card
AMA-O10841,AMA-C9276,05/25/2023,Beauty,5,89.49,Returned,Amazon Pay
AMA-O11499,AMA-C8001,02/10/2023,Grocery,1,46.26,Shipped,UPI
AMA-O13326,AMA-C1527,09/07/2024,Electronics,3,549.79,Returned,Gift Card
AMA-O12969,AMA-C1385,13-Jun-2024,Apparel,3,89.61,Cancelled,Debit Card
AMA-O6474,AMA-C4830,2024-11-25,Beauty,3,$68.05,Cancelled,UPI
AMA-O8133,AMA-C2278,06/30/2025,Toys,3,57.26,Delivered,Gift Card
AMA-O5417,AMA-C10737,2023-06-20,Books,2,20.71,Returned,Credit Card
AMA-O5477,AMA-C7990,22-May-2025,Apparel,4,26.23,Delivered,Debit Card
AMA-O13961,AMA-C10945,29-Aug-2025,Sports & Outdoors,3,81.05,Delivered,Gift Card
AMA-O13796,AMA-C4472,2025-12-23,Apparel,5,$86.33,Shipped,UPI
AMA-O8282,AMA-C5044,31-Jul-2023,Toys,3,87.44,Shipped,Credit Card
AMA-O5251,AMA-C7300,02/02/2024,Sports & Outdoors,3,133.26,Delivered,Gift Card
AMA-O8669,AMA-C8565,19-May-2024,Sports & Outdoors,2,$151.47,Delivered,Gift Card
AMA-O9930,AMA-C6947,06-Oct-2023,Home & Kitchen,3,152.58,Shipped,Gift Card
AMA-O13940,AMA-C9646,03/16/2024,Grocery,1,25.43,Delivered,Credit Card
AMA-O8289,AMA-C2717,09-Apr-2023,Electronics,5,378.6,Delivered,Credit Card
AMA-O6549,AMA-C9966,2023-05-04,Sports & Outdoors,1,71.03,Delivered,Gift Card
AMA-O7537,AMA-C8888,13-Jun-2025,Home & Kitchen,1,49.8,,Credit Card
AMA-O5222,AMA-C9966,2023-10-25,Grocery,5,10.07,Pending,Debit Card
AMA-O11201,AMA-C8044,07/19/2023,Electronics,5,687.52,Delivered,Credit Card
AMA-O8114,AMA-C7283,12/21/2023,Toys,2,92.63,Shipped,Amazon Pay
AMA-O12407,AMA-C8982,2023-12-27,Toys,2,94.0,Returned,Debit Card
AMA-O11445,AMA-C3013,2024-04-24,Electronics,3,431.21,Pending,Gift Card
AMA-O14237,AMA-C3948,12-Jul-2023,Beauty,1,20.7,Pending,Debit Card
AMA-O10564,AMA-C4040,03/10/2025,Home & Kitchen,4,$168.30,Cancelled,Amazon Pay
AMA-O7022,AMA-C7179,2025-07-30,Sports & Outdoors,4,$28.34,Shipped,Amazon Pay
AMA-O14837,AMA-C6762,22-Nov-2024,Toys,1,35.41,Pending,UPI
AMA-O14836,AMA-C6225,02-Dec-2024,Sports & Outdoors,2,20.4,Delivered,Credit Card
AMA-O13046,AMA-C10680,24-May-2024,Toys,1,51.66,Shipped,Debit Card
AMA-O14222,AMA-C2766,24-May-2023,Electronics,3,716.05,Cancelled,Gift Card
AMA-O13270,AMA-C9837,2023-01-30,Toys,5,9.61,Returned,UPI
AMA-O6866,AMA-C2976,12/14/2023,Grocery,4,16.74,Returned,Gift Card
AMA-O5503,AMA-C7072,2024-11-13,Sports & Outdoors,4,$56.99,Pending,Debit Card
AMA-O13492,AMA-C9282,01/19/2023,Home & Kitchen,5,32.82,Delivered,Debit Card
AMA-O10283,AMA-C9621,25-Dec-2023,Beauty,4,9.01,Delivered,UPI
AMA-O9940,AMA-C4641,2023-06-23,Books,2,$8.84,Delivered,Gift Card
AMA-O13249,AMA-C3090,2025-12-03,Home & Kitchen,1,228.26,Delivered,UPI
AMA-O6411,AMA-C10874,05/02/2023,Apparel,4,9.9,Shipped,Credit Card
AMA-O6752,AMA-C8393,12/12/2024,Beauty,2,20.53,Shipped,Credit Card
AMA-O11051,AMA-C1414,24-Apr-2025,Books,4,30.24,Delivered,Credit Card
AMA-O14879,AMA-C9076,01-Feb-2024,Toys,4,5.78,Pending,Gift Card
AMA-O12620,AMA-C10049,2023-12-12,Sports & Outdoors,3,93.1,Shipped,UPI
AMA-O7549,AMA-C6219,2023-01-25,Apparel,5,$71.25,Delivered,Gift Card
AMA-O12007,AMA-C7912,04/05/2025,Sports & Outdoors,4,56.07,Delivered,Credit Card
AMA-O5190,AMA-C10581,2024-07-30,Toys,2,$82.24,Returned,UPI
AMA-O7898,AMA-C9155,18-Sep-2025,Books,1,37.61,Delivered,Amazon Pay
AMA-O14370,AMA-C5571,2025-03-07,Sports & Outdoors,3,$154.79,Pending,Gift Card
AMA-O5515,AMA-C6720,04-Nov-2025,Beauty,3,66.97,Delivered,Amazon Pay
AMA-O13714,AMA-C3654,2023-04-21,Sports & Outdoors,1,216.69,Returned,Gift Card
AMA-O7071,AMA-C6769,18-Feb-2025,Grocery,4,27.41,Cancelled,Amazon Pay
AMA-O13171,AMA-C2581,01/01/2024,Home & Kitchen,1,248.38,Returned,Gift Card
AMA-O10489,AMA-C5470,04/09/2025,Grocery,5,58.71,Returned,Debit Card
AMA-O5717,AMA-C1896,2024-03-24,Electronics,1,743.96,Returned,Gift Card
AMA-O11312,AMA-C7260,03/18/2023,Sports & Outdoors,4,224.09,Cancelled,Amazon Pay
AMA-O11761,AMA-C4601,21-May-2023,Sports & Outdoors,2,221.21,Cancelled,Credit Card
AMA-O12218,AMA-C1069,03/11/2023,Books,4,16.99,Pending,Debit Card
AMA-O5467,AMA-C5812,07-Sep-2024,Grocery,5,56.5,Cancelled,Gift Card
AMA-O5127,AMA-C2057,2023-09-15,Books,3,18.34,Cancelled,Gift Card
AMA-O10084,AMA-C1054,17-Jun-2023,Grocery,2,54.76,Cancelled,UPI
AMA-O14668,AMA-C2777,2024-11-15,Home & Kitchen,5,161.17,Shipped,Amazon Pay
AMA-O10163,AMA-C3295,07/20/2025,Books,2,35.34,Delivered,UPI
AMA-O5224,AMA-C2428,11/17/2023,Home & Kitchen,5,86.98,Delivered,Credit Card
AMA-O9910,AMA-C9550,10-Jul-2025,Apparel,4,90.97,Cancelled,Credit Card
AMA-O9118,AMA-C2648,2024-01-13,Books,1,8.34,Shipped,Debit Card
AMA-O14580,AMA-C4767,08/03/2025,Apparel,4,41.35,Pending,Amazon Pay
AMA-O8159,AMA-C8038,2025-07-12,Toys,2,$10.69,Shipped,UPI
AMA-O9434,AMA-C5945,04-Apr-2023,Apparel,4,34.91,Delivered,Amazon Pay
AMA-O12472,AMA-C6985,05/03/2025,Apparel,4,30.19,Pending,UPI
AMA-O12353,AMA-C1730,2023-05-21,Beauty,4,17.21,Delivered,Amazon Pay
AMA-O13040,AMA-C7943,04/04/2023,Apparel,4,$46.04,Delivered,UPI
AMA-O10199,AMA-C5220,02/22/2025,Electronics,4,284.31,Delivered,Amazon Pay
AMA-O14495,AMA-C1260,12-Jul-2025,Home & Kitchen,1,131.9,Delivered,Credit Card
AMA-O11027,AMA-C7374,11/07/2025,Electronics,2,150.69,Returned,Credit Card
AMA-O5677,AMA-C7563,17-Nov-2025,Electronics,3,70.77,Returned,Gift Card
AMA-O12255,AMA-C3031,03/14/2023,Electronics,1,262.03,Delivered,UPI
AMA-O10022,AMA-C7399,12/10/2025,Electronics,1,511.0,Delivered,Credit Card
AMA-O14626,AMA-C5341,03/18/2023,Beauty,1,22.53,Delivered,Debit Card
AMA-O7419,AMA-C1088,19-Aug-2025,Beauty,3,14.01,,Gift Card
AMA-O8854,AMA-C7817,18-Feb-2024,Toys,3,68.8,Pending,UPI
AMA-O12292,AMA-C4766,2024-12-12,Apparel,1,$108.09,Cancelled,UPI
AMA-O9871,AMA-C5342,10/26/2024,Beauty,3,80.56,Shipped,Amazon Pay
AMA-O11993,AMA-C10389,2024-02-05,Books,5,$18.51,Delivered,UPI
AMA-O9308,AMA-C6207,07/05/2024,Sports & Outdoors,2,$153.85,Shipped,Amazon Pay
AMA-O8592,AMA-C5734,15-Feb-2024,Books,1,12.92,Returned,Debit Card
AMA-O8445,AMA-C2442,2023-01-11,Sports & Outdoors,2,142.15,Delivered,Gift Card
AMA-O8172,AMA-C5918,2023-02-16,Grocery,3,9.88,Pending,Gift Card
AMA-O6738,AMA-C1322,2024-05-17,Beauty,1,81.22,Returned,Amazon Pay
AMA-O7851,AMA-C8269,01-Dec-2024,Toys,1,79.41,Delivered,Amazon Pay
AMA-O12972,AMA-C10430,08/15/2025,Electronics,2,$211.17,Returned,Gift Card
AMA-O12513,AMA-C5450,2024-01-21,Books,5,$31.94,Delivered,Credit Card
AMA-O12715,AMA-C3284,10/29/2024,Apparel,4,31.36,Delivered,Credit Card
AMA-O9813,AMA-C10275,2023-12-22,Grocery,4,24.73,Delivered,Credit Card
AMA-O7241,AMA-C2446,19-Jun-2024,Grocery,-5,51.09,Delivered,UPI
AMA-O12765,AMA-C6173,21-Jul-2024,Home & Kitchen,3,$297.91,Delivered,Credit Card
AMA-O13952,AMA-C9501,2025-04-30,Toys,4,80.32,Delivered,Gift Card
AMA-O6402,AMA-C2887,2024-04-16,Apparel,2,$22.43,Delivered,Debit Card
AMA-O14212,AMA-C8707,03/16/2024,Beauty,4,88.91,Delivered,Debit Card
AMA-O10736,AMA-C1365,12/14/2023,Sports & Outdoors,1,40.94,Delivered,Debit Card
AMA-O9604,AMA-C6067,2023-06-24,Toys,5,59.06,Delivered,Amazon Pay
AMA-O7673,AMA-C3492,20-Dec-2024,Home & Kitchen,5,77.22,Returned,UPI
AMA-O13688,AMA-C4133,22-Aug-2025,Beauty,-3,$40.82,Pending,UPI
AMA-O11158,AMA-C9470,2024-03-07,Home & Kitchen,1,$231.76,Shipped,Gift Card
AMA-O8783,AMA-C10151,01/20/2025,Grocery,1,2.47,,Credit Card
AMA-O7960,AMA-C3098,2024-10-04,Beauty,5,33.02,Cancelled,Amazon Pay
AMA-O12419,AMA-C8887,2025-12-21,Home & Kitchen,5,205.69,Shipped,Credit Card
AMA-O8631,AMA-C4606,22-Feb-2024,Toys,3,12.28,Cancelled,UPI
AMA-O8345,AMA-C10758,11/26/2023,Sports & Outdoors,1,$103.08,Delivered,Credit Card
AMA-O13778,AMA-C8902,2024-01-29,Apparel,3,74.81,Pending,Gift Card
AMA-O13558,AMA-C7204,2025-06-28,Grocery,3,16.98,Returned,UPI
AMA-O10815,AMA-C4897,19-Jul-2023,Sports & Outdoors,3,149.41,Delivered,Debit Card
AMA-O10129,AMA-C4016,2025-07-13,Sports & Outdoors,5,114.52,Delivered,Gift Card
AMA-O12015,AMA-C10458,2025-06-05,Apparel,1,90.87,Cancelled,Debit Card
AMA-O12518,AMA-C9315,2023-06-20,Books,3,$39.23,Delivered,UPI
AMA-O11288,AMA-C2818,2024-02-05,Electronics,4,794.65,Returned,Gift Card
AMA-O12274,AMA-C5336,2024-02-03,Sports & Outdoors,4,48.1,Delivered,UPI
AMA-O13473,AMA-C8630,11/04/2023,Books,4,22.23,Delivered,Amazon Pay
AMA-O7580,AMA-C10444,12/08/2024,Apparel,1,81.94,Shipped,Debit Card
AMA-O10504,AMA-C10196,2023-11-19,Toys,5,96.0,Delivered,Amazon Pay
AMA-O12848,AMA-C2266,25-Oct-2023,Home & Kitchen,4,$24.83,Shipped,Debit Card
AMA-O12996,AMA-C4448,08/27/2023,Electronics,3,384.56,Pending,UPI
AMA-O7975,AMA-C3900,11/13/2023,Grocery,4,54.08,Returned,UPI
AMA-O12404,AMA-C9999,25-Aug-2025,Beauty,2,25.83,Delivered,Amazon Pay
AMA-O12962,AMA-C6775,06/03/2024,Apparel,3,47.98,Delivered,Amazon Pay
AMA-O7535,AMA-C7046,2023-04-02,Electronics,5,543.91,Returned,Credit Card
AMA-O14997,AMA-C7010,12/11/2024,Sports & Outdoors,1,27.92,Shipped,UPI
AMA-O10150,AMA-C1216,04-Feb-2023,Grocery,5,$4.93,Shipped,Credit Card
AMA-O13556,AMA-C8020,10/06/2025,Beauty,2,86.96,Delivered,Debit Card
AMA-O14409,AMA-C9253,02-Feb-2024,Beauty,3,$83.80,Delivered,Credit Card
AMA-O6239,AMA-C10182,2024-10-22,Beauty,4,$26.86,Cancelled,Gift Card
AMA-O6710,AMA-C4473,2024-10-01,Electronics,1,$20.27,Delivered,Gift Card
AMA-O13818,AMA-C8917,2023-04-02,Home & Kitchen,4,129.61,Cancelled,Gift Card
AMA-O9060,AMA-C1426,05/17/2023,Toys,5,40.7,Delivered,Amazon Pay
AMA-O6638,AMA-C3291,02-Oct-2024,Apparel,5,46.85,Pending,Gift Card
AMA-O7561,AMA-C3071,2023-07-14,Electronics,2,180.22,Cancelled,UPI
AMA-O5988,AMA-C8243,2024-06-20,Beauty,2,$85.20,Delivered,Amazon Pay
AMA-O6496,AMA-C8306,07/30/2025,Beauty,3,51.44,Pending,Amazon Pay
AMA-O9720,AMA-C3657,22-Jun-2025,Home & Kitchen,-3,122.77,,Gift Card
AMA-O9030,AMA-C9246,2025-07-04,Books,4,$20.67,Pending,UPI
AMA-O11528,AMA-C10638,03/16/2025,Home & Kitchen,4,18.88,Delivered,Gift Card
AMA-O11652,AMA-C4033,2023-12-07,Electronics,5,619.53,Shipped,Gift Card
AMA-O5810,AMA-C9999,2023-07-19,Toys,3,$39.96,Cancelled,Debit Card
AMA-O5434,AMA-C6694,2025-10-16,Electronics,1,259.15,Delivered,Debit Card
AMA-O8076,AMA-C2004,30-Jan-2023,Books,3,8.03,Shipped,Credit Card
AMA-O12741,AMA-C1777,2025-06-13,Sports & Outdoors,3,107.37,Delivered,Gift Card
AMA-O10517,AMA-C7291,2023-10-26,Books,3,13.51,Delivered,Debit Card
AMA-O14017,AMA-C7084,08-Nov-2023,Books,1,7.4,Cancelled,Amazon Pay
AMA-O14678,AMA-C1143,27-Feb-2023,Beauty,5,85.39,Shipped,Gift Card
AMA-O7731,AMA-C8481,2023-12-13,Electronics,2,614.84,Shipped,Amazon Pay
AMA-O8450,AMA-C1685,2025-03-02,Beauty,1,89.73,Delivered,UPI
AMA-O9948,AMA-C8270,2024-10-24,Toys,1,21.84,Pending,UPI
AMA-O8724,AMA-C7934,2023-10-14,Home & Kitchen,3,132.68,Returned,UPI
AMA-O14860,AMA-C3983,2025-08-16,Sports & Outdoors,5,$133.23,Returned,UPI
AMA-O11483,AMA-C2915,2025-03-10,Grocery,4,3.34,Cancelled,Credit Card
AMA-O11206,AMA-C8277,10/05/2024,Apparel,5,63.12,Shipped,Debit Card
AMA-O7543,AMA-C5253,2025-04-09,Books,1,26.73,Shipped,Amazon Pay
AMA-O13898,AMA-C4867,01/28/2023,Books,3,$7.61,Cancelled,Debit Card
AMA-O5429,AMA-C4142,10-Sep-2023,Sports & Outdoors,1,165.93,Delivered,Gift Card
AMA-O5428,AMA-C6255,04/06/2025,Apparel,1,46.96,Delivered,Debit Card
AMA-O12688,AMA-C8380,03/14/2025,Electronics,2,$92.40,Shipped,Gift Card
AMA-O7058,AMA-C1032,04/17/2025,Electronics,4,291.03,Delivered,Credit Card
AMA-O11547,AMA-C6633,2025-12-16,Apparel,5,115.17,,Credit Card
AMA-O6476,AMA-C3483,2024-03-17,Beauty,4,$25.26,Returned,Debit Card
AMA-O12422,AMA-C2340,2025-02-07,Grocery,4,$40.94,Delivered,Credit Card
AMA-O9169,AMA-C1681,04/03/2025,Electronics,4,503.84,Pending,Gift Card
AMA-O5411,AMA-C3246,21-Oct-2023,Sports & Outdoors,5,$139.79,Delivered,Amazon Pay
AMA-O6286,AMA-C4276,10-Sep-2025,Books,3,28.64,Returned,Gift Card
AMA-O7475,AMA-C5911,14-Mar-2025,Books,5,35.94,Delivered,Credit Card
AMA-O14337,AMA-C10790,08-Jun-2025,Grocery,5,26.75,Delivered,Gift Card
AMA-O5554,AMA-C6066,2023-08-05,Grocery,1,11.7,Delivered,Gift Card
AMA-O5784,AMA-C8230,2024-11-03,Books,2,36.13,Cancelled,Amazon Pay
AMA-O10915,AMA-C9300,15-Feb-2025,Electronics,3,598.07,Delivered,Gift Card
AMA-O13968,AMA-C1065,12/01/2024,Home & Kitchen,4,296.28,Delivered,UPI
AMA-O7245,AMA-C6622,04/22/2025,Grocery,1,$53.20,,Credit Card
AMA-O10257,AMA-C8101,2023-09-20,Grocery,5,$44.83,Delivered,Gift Card
AMA-O9026,AMA-C6521,08/07/2024,Toys,2,78.37,Pending,UPI
AMA-O11609,AMA-C1370,08/22/2023,Beauty,2,77.51,Cancelled,Credit Card
AMA-O9786,AMA-C10690,11/05/2023,Beauty,1,87.73,Returned,UPI
AMA-O10233,AMA-C4758,2023-07-17,Grocery,2,$9.41,Pending,Credit Card
AMA-O14813,AMA-C10143,2025-04-28,Sports & Outdoors,5,60.99,Pending,Gift Card
AMA-O7207,AMA-C8953,2023-04-29,Electronics,1,643.11,Delivered,UPI
AMA-O13757,AMA-C8958,15-Aug-2025,Electronics,1,241.3,Returned,Debit Card
AMA-O11615,AMA-C8525,03-Feb-2024,Apparel,3,55.94,Shipped,Credit Card
AMA-O6663,AMA-C4919,2023-05-01,Sports & Outdoors,3,100.53,,Debit Card
AMA-O5348,AMA-C9832,19-Aug-2023,Grocery,5,$45.13,Delivered,UPI
AMA-O7671,AMA-C4202,05/22/2025,Sports & Outdoors,5,158.16,Cancelled,Gift Card
AMA-O6719,AMA-C9789,04-Mar-2023,Toys,-2,8.05,Delivered,Debit Card
AMA-O11106,AMA-C9868,2025-03-28,Grocery,4,$19.28,Cancelled,Debit Card
AMA-O6783,AMA-C10943,07/16/2025,Sports & Outdoors,2,233.29,Cancelled,Gift Card
AMA-O6232,AMA-C5801,07/29/2024,Electronics,3,259.75,Delivered,Credit Card
AMA-O8014,AMA-C6684,10/27/2023,Toys,2,93.4,Delivered,Credit Card
AMA-O9471,AMA-C8166,2023-05-16,Home & Kitchen,1,173.29,Returned,Credit Card
AMA-O12660,AMA-C8037,23-May-2025,Beauty,4,37.89,Delivered,Gift Card
AMA-O10231,AMA-C9957,2023-04-10,Electronics,4,186.36,Delivered,Gift Card
AMA-O11231,AMA-C9659,2024-09-04,Beauty,4,17.88,Delivered,Debit Card
AMA-O8470,AMA-C5225,27-Jul-2023,Beauty,2,$19.34,Pending,Credit Card
AMA-O10101,AMA-C8574,07-Jan-2023,Grocery,4,57.93,Delivered,Gift Card
AMA-O13271,AMA-C6907,05-May-2025,Electronics,4,$786.52,Delivered,Amazon Pay
AMA-O6184,AMA-C9822,10/17/2024,Beauty,1,29.31,Returned,Debit Card
AMA-O6576,AMA-C4345,06/12/2024,Grocery,2,11.9,Shipped,Amazon Pay
AMA-O14656,AMA-C5745,22-Sep-2023,Sports & Outdoors,3,38.73,Pending,Credit Card
AMA-O8327,AMA-C6060,10-Jul-2024,Toys,4,64.07,Returned,Debit Card
AMA-O14489,AMA-C6691,03-Aug-2024,Toys,2,99.53,Shipped,Debit Card
AMA-O7383,AMA-C4147,2023-02-21,Toys,2,15.34,Delivered,Debit Card
AMA-O13345,AMA-C10260,2025-07-02,Books,3,$7.67,Shipped,Amazon Pay
AMA-O13453,AMA-C10026,15-Dec-2024,Beauty,4,16.77,Pending,Amazon Pay
AMA-O14357,AMA-C10269,11/06/2023,Home & Kitchen,2,84.22,Delivered,Amazon Pay
AMA-O9442,AMA-C5321,05/12/2025,Apparel,4,77.17,Cancelled,Gift Card
AMA-O9527,AMA-C7803,07/19/2024,Books,4,20.84,Delivered,Credit Card
AMA-O6669,AMA-C1919,18-Jun-2025,Grocery,5,39.01,Cancelled,Credit Card
AMA-O5584,AMA-C9999,02-Mar-2024,Home & Kitchen,1,108.72,,Debit Card
AMA-O12133,AMA-C6263,20-Mar-2025,Beauty,4,$30.74,Shipped,UPI
AMA-O10931,AMA-C7315,18-Feb-2023,Books,2,$30.42,Returned,Debit Card
AMA-O6948,AMA-C5707,06/26/2023,Electronics,3,649.23,Shipped,Amazon Pay
AMA-O5332,AMA-C5251,26-Apr-2024,Beauty,5,17.59,Returned,Credit Card
AMA-O14578,AMA-C6965,09-Jan-2023,Home & Kitchen,1,20.01,Pending,Amazon Pay
AMA-O8394,AMA-C5188,12/29/2025,Toys,5,16.29,Returned,Credit Card
AMA-O12779,AMA-C3501,2023-09-18,Home & Kitchen,1,170.47,Delivered,Debit Card
AMA-O14506,AMA-C2911,2025-04-25,Apparel,1,$49.05,Delivered,Amazon Pay
AMA-O8373,AMA-C5867,02/05/2023,Electronics,1,482.63,Returned,Debit Card
AMA-O14026,AMA-C7955,2024-11-01,Home & Kitchen,1,$287.78,Pending,Amazon Pay
AMA-O5685,AMA-C7321,22-Oct-2024,Sports & Outdoors,5,70.49,Delivered,Debit Card
AMA-O5370,AMA-C6270,08-Aug-2025,Home & Kitchen,4,208.24,Pending,Credit Card
AMA-O10203,AMA-C5866,2024-06-08,Books,1,39.82,Returned,Credit Card
AMA-O5747,AMA-C7146,08/18/2023,Grocery,2,35.02,Delivered,Gift Card
AMA-O11342,AMA-C10348,2025-01-31,Electronics,2,372.38,Delivered,Credit Card
AMA-O5672,AMA-C5233,16-Feb-2025,Apparel,5,$40.46,Shipped,Credit Card
AMA-O14996,AMA-C8126,08-Jan-2023,Sports & Outdoors,1,145.95,Pending,Credit Card
AMA-O5283,AMA-C7063,16-Jan-2025,Home & Kitchen,1,67.04,Delivered,Debit Card
AMA-O14964,AMA-C2488,07/28/2023,Sports & Outdoors,4,137.48,Pending,Amazon Pay
AMA-O5263,AMA-C8812,2024-09-30,Grocery,2,50.52,Returned,Amazon Pay
AMA-O13447,AMA-C6995,20-Jun-2025,Beauty,4,9.2,Shipped,Credit Card
AMA-O6986,AMA-C3668,2025-07-16,Electronics,1,285.54,Returned,UPI
AMA-O10842,AMA-C10963,09/01/2025,Sports & Outdoors,4,248.74,Delivered,Amazon Pay
AMA-O11030,AMA-C6881,01/25/2023,Toys,5,12.33,Shipped,Amazon Pay
AMA-O13721,AMA-C10301,2024-04-21,Electronics,5,630.0,Delivered,Debit Card
AMA-O11372,AMA-C1397,20-Mar-2023,Apparel,4,116.3,Cancelled,Gift Card
AMA-O12300,AMA-C8277,13-Jan-2025,Electronics,3,$102.56,Shipped,Amazon Pay
AMA-O9001,AMA-C3325,24-Dec-2024,Toys,2,48.14,Delivered,Credit Card
AMA-O13953,AMA-C10206,23-Jul-2024,Electronics,4,615.15,Delivered,UPI
AMA-O10671,AMA-C10317,2023-12-23,Beauty,5,50.64,Returned,Gift Card
AMA-O13339,AMA-C3253,08/31/2023,Grocery,2,31.94,Delivered,Credit Card
AMA-O8249,AMA-C1193,23-Sep-2023,Toys,4,83.69,Returned,UPI
AMA-O12192,AMA-C5645,04-Jan-2024,Electronics,4,70.58,Delivered,Gift Card
AMA-O6684,AMA-C8646,05/15/2025,Home & Kitchen,5,187.81,Delivered,Credit Card
AMA-O8786,AMA-C5520,05/20/2023,Apparel,2,36.79,Shipped,Gift Card
AMA-O11803,AMA-C7980,08-May-2023,Electronics,-4,415.24,Returned,Credit Card
AMA-O8077,AMA-C10603,12-Mar-2024,Grocery,3,7.76,Pending,Gift Card
AMA-O11321,AMA-C9882,10-May-2023,Sports & Outdoors,2,86.0,Delivered,Amazon Pay
AMA-O12821,AMA-C3080,2025-07-08,Electronics,5,434.91,,Credit Card
AMA-O13351,AMA-C5448,12-Oct-2023,Beauty,3,45.97,Delivered,Debit Card
AMA-O8757,AMA-C1474,2025-10-22,Grocery,4,42.92,Cancelled,Amazon Pay
AMA-O11946,AMA-C4247,25-Nov-2025,Books,2,17.24,Pending,Gift Card
AMA-O11904,AMA-C8644,02/23/2024,Home & Kitchen,1,298.47,Delivered,Gift Card
AMA-O9749,AMA-C5179,19-Apr-2025,Grocery,1,$31.69,,Gift Card
AMA-O9544,AMA-C4070,08/05/2023,Electronics,5,467.83,Pending,UPI
AMA-O5586,AMA-C7673,12/06/2025,Grocery,5,$9.12,Shipped,Amazon Pay
AMA-O9194,AMA-C10496,2023-03-12,Home & Kitchen,5,63.02,Delivered,Gift Card
AMA-O6248,AMA-C10433,2024-12-01,Apparel,4,$19.75,Pending,UPI
AMA-O11005,AMA-C4025,2023-09-15,Home & Kitchen,3,187.85,Delivered,UPI
AMA-O7226,AMA-C9661,11/09/2024,Electronics,1,$635.79,Delivered,Gift Card
AMA-O9574,AMA-C1721,09/15/2024,Apparel,5,43.31,Delivered,Credit Card
AMA-O14798,AMA-C8683,2025-11-22,Toys,3,94.53,Delivered,Gift Card
AMA-O14227,AMA-C3977,09/11/2025,Electronics,4,284.56,Delivered,Amazon Pay
AMA-O8098,AMA-C2579,2024-03-09,Books,3,28.72,Delivered,UPI
AMA-O10508,AMA-C9801,03-Sep-2025,Beauty,3,73.31,Delivered,UPI
AMA-O7153,AMA-C8194,05/31/2025,Sports & Outdoors,4,50.32,Delivered,Gift Card
AMA-O7458,AMA-C2003,31-Jan-2025,Sports & Outdoors,3,235.66,Delivered,Gift Card
AMA-O12460,AMA-C3357,20-Feb-2023,Grocery,4,52.97,Delivered,Gift Card
AMA-O8343,AMA-C1494,17-Feb-2024,Toys,4,$97.21,Cancelled,Gift Card
AMA-O12175,AMA-C4937,2024-07-09,Sports & Outdoors,1,213.28,Delivered,Debit Card
AMA-O10973,AMA-C10885,2025-12-17,Books,4,9.02,Cancelled,Gift Card
AMA-O14641,AMA-C2802,2023-01-16,Home & Kitchen,5,295.0,Pending,Gift Card
AMA-O5452,AMA-C2457,26-Oct-2023,Toys,2,$46.77,Shipped,Gift Card
AMA-O14666,AMA-C3473,2025-03-04,Home & Kitchen,5,116.97,Pending,Amazon Pay
AMA-O5938,AMA-C1779,07/15/2025,Sports & Outdoors,3,185.75,Shipped,Gift Card
AMA-O9481,AMA-C2595,23-Sep-2025,Electronics,2,443.37,Delivered,Gift Card
AMA-O9406,AMA-C10715,04/10/2025,Apparel,3,$39.07,Returned,Gift Card
AMA-O7922,AMA-C4198,05-Jun-2025,Apparel,4,$30.70,Pending,UPI
AMA-O12447,AMA-C4172,10/24/2023,Home & Kitchen,1,132.06,Shipped,Credit Card
AMA-O13495,AMA-C5658,2024-01-20,Home & Kitchen,3,118.13,Delivered,UPI
AMA-O9176,AMA-C10190,27-May-2024,Toys,5,$92.30,,UPI
AMA-O12427,AMA-C9999,03/16/2024,Beauty,5,13.6,Delivered,Amazon Pay
AMA-O9548,AMA-C7956,04-Nov-2023,Apparel,2,61.72,Pending,Debit Card
AMA-O6769,AMA-C7928,2024-05-04,Beauty,1,67.71,Delivered,Debit Card
AMA-O6907,AMA-C8635,07/31/2024,Sports & Outdoors,4,185.54,Delivered,Amazon Pay
AMA-O12698,AMA-C8872,05/12/2023,Apparel,3,64.6,Delivered,UPI
AMA-O10080,AMA-C3237,2025-06-29,Toys,3,92.46,Pending,Gift Card
AMA-O10331,AMA-C3390,10/11/2023,Home & Kitchen,1,155.35,Pending,Gift Card
AMA-O5626,AMA-C2356,03/25/2023,Beauty,3,27.31,Pending,Credit Card
AMA-O6743,AMA-C4851,2023-05-01,Books,5,$32.81,Delivered,Debit Card
AMA-O10557,AMA-C4772,2024-03-16,Apparel,4,66.73,Delivered,Credit Card
AMA-O6666,AMA-C3594,12/30/2024,Home & Kitchen,4,221.45,Delivered,Gift Card
AMA-O9063,AMA-C7798,04/12/2025,Electronics,3,99.2,Cancelled,Credit Card
AMA-O7283,AMA-C10191,14-Apr-2025,Home & Kitchen,4,41.89,Shipped,Gift Card
AMA-O12643,AMA-C4421,05-Dec-2023,Toys,3,93.16,Delivered,Gift Card
AMA-O13919,AMA-C8160,2025-11-09,Beauty,4,60.71,Delivered,Gift Card
AMA-O12051,AMA-C10614,2024-08-08,Home & Kitchen,2,223.43,Delivered,Amazon Pay
AMA-O8632,AMA-C5500,21-Jun-2024,Beauty,5,85.15,Delivered,Gift Card
AMA-O7059,AMA-C5156,04/13/2025,Toys,4,$72.19,Returned,Amazon Pay
AMA-O9444,AMA-C9999,2023-12-20,Beauty,5,77.66,Cancelled,Credit Card
AMA-O6373,AMA-C3751,11/26/2023,Grocery,5,18.4,Delivered,Debit Card
AMA-O10235,AMA-C9032,2024-12-15,Toys,2,$59.15,Pending,Debit Card
AMA-O8777,AMA-C8697,2025-09-06,Grocery,5,17.23,Delivered,Credit Card
AMA-O14869,AMA-C8721,02/29/2024,Books,4,21.46,,Debit Card
AMA-O7379,AMA-C10052,02/26/2023,Apparel,3,58.77,Returned,Credit Card
AMA-O11747,AMA-C5206,01-Dec-2025,Sports & Outdoors,2,$151.35,Pending,Amazon Pay
AMA-O12876,AMA-C6029,2024-11-07,Toys,4,44.31,Returned,Amazon Pay
AMA-O8045,AMA-C5551,08/04/2024,Books,5,19.24,Delivered,Credit Card
AMA-O13863,AMA-C8418,14-Apr-2025,Toys,5,$24.76,Cancelled,Credit Card
AMA-O10282,AMA-C4401,01/17/2025,Electronics,5,57.88,Returned,Amazon Pay
AMA-O8797,AMA-C2463,10/20/2025,Toys,1,71.02,Cancelled,Credit Card
AMA-O11622,AMA-C3824,09/17/2023,Books,3,10.79,,UPI
AMA-O12070,AMA-C8788,01/05/2025,Toys,3,$21.39,Cancelled,Credit Card
AMA-O10850,AMA-C9691,11-Apr-2024,Toys,4,60.95,Delivered,UPI
AMA-O14458,AMA-C6953,05-Apr-2025,Books,5,30.56,Delivered,Gift Card
AMA-O13469,AMA-C2129,08/24/2024,Home & Kitchen,1,264.79,Pending,Gift Card
AMA-O11862,AMA-C9444,06/09/2025,Books,1,$16.21,Delivered,Amazon Pay
AMA-O10926,AMA-C8419,27-Jul-2025,Beauty,4,$60.79,Returned,Amazon Pay
AMA-O5535,AMA-C7443,02/11/2023,Beauty,3,68.11,Delivered,Amazon Pay
AMA-O12034,AMA-C3844,2025-04-04,Toys,-1,19.82,Delivered,Amazon Pay
AMA-O6629,AMA-C5179,09-Jul-2025,Beauty,1,35.96,Returned,Gift Card
AMA-O10365,AMA-C8360,2023-05-03,Grocery,2,10.43,Returned,Amazon Pay
AMA-O6516,AMA-C8181,01-Mar-2023,Beauty,1,$39.45,Returned,UPI
AMA-O14260,AMA-C10303,2024-10-06,Books,1,20.99,Cancelled,UPI
AMA-O11753,AMA-C7141,2023-01-17,Electronics,1,275.57,Pending,Gift Card
AMA-O13922,AMA-C8843,2023-11-28,Books,3,27.4,Shipped,Amazon Pay
AMA-O12958,AMA-C5156,03/14/2023,Apparel,2,82.09,Shipped,Debit Card
AMA-O10423,AMA-C9478,12-Apr-2024,Books,3,25.16,Delivered,Gift Card
AMA-O12994,AMA-C3810,11/08/2023,Electronics,5,110.61,Delivered,Gift Card
AMA-O12599,AMA-C5825,16-May-2024,Grocery,2,$39.39,,Amazon Pay
AMA-O11371,AMA-C8729,04/27/2024,Books,4,9.11,Returned,Credit Card
AMA-O10267,AMA-C8708,11-Nov-2024,Electronics,2,232.13,Cancelled,UPI
AMA-O6980,AMA-C9878,10/20/2024,Beauty,3,$70.55,Delivered,Credit Card
AMA-O13089,AMA-C2636,05/14/2023,Apparel,3,83.73,Delivered,UPI
AMA-O8601,AMA-C1717,2023-11-23,Beauty,2,38.26,Cancelled,Amazon Pay
AMA-O14065,AMA-C9863,01/10/2025,Beauty,3,49.03,,Credit Card
AMA-O9085,AMA-C1653,2024-01-12,Home & Kitchen,3,151.23,Returned,Debit Card
AMA-O11922,AMA-C4202,2025-08-29,Home & Kitchen,5,124.9,Shipped,Credit Card
AMA-O8093,AMA-C5312,07-Nov-2025,Beauty,3,76.85,Shipped,Gift Card
AMA-O7034,AMA-C3378,04/04/2024,Home & Kitchen,5,156.18,,Debit Card
AMA-O13615,AMA-C7235,18-May-2024,Toys,3,37.39,,Debit Card
AMA-O11199,AMA-C10825,08-Dec-2023,Electronics,5,67.46,Shipped,Debit Card
AMA-O8208,AMA-C2099,08/20/2023,Sports & Outdoors,3,235.4,Returned,Amazon Pay
AMA-O5701,AMA-C4976,2024-05-11,Beauty,3,54.4,Delivered,Amazon Pay
AMA-O14482,AMA-C9405,10/31/2025,Grocery,5,31.13,Delivered,Debit Card
AMA-O8269,AMA-C6259,11/29/2025,Apparel,4,30.1,Delivered,Amazon Pay
AMA-O6062,AMA-C5901,2023-02-03,Sports & Outdoors,3,24.18,Delivered,Credit Card
AMA-O6619,AMA-C9036,04/17/2023,Beauty,4,10.23,Cancelled,Debit Card
AMA-O8924,AMA-C1390,04/20/2025,Toys,3,56.71,Shipped,Debit Card
AMA-O13875,AMA-C8922,08/11/2023,Grocery,3,57.55,Pending,Gift Card
AMA-O13104,AMA-C5640,2024-06-24,Toys,3,$29.10,Delivered,Debit Card
AMA-O12042,AMA-C8072,10/28/2025,Books,4,38.03,Delivered,UPI
AMA-O5037,AMA-C2703,2024-04-17,Home & Kitchen,1,108.65,Pending,Credit Card
AMA-O10203,AMA-C5866,2024-06-08,Books,1,39.82,Returned,Credit Card
AMA-O12010,AMA-C9505,25-Jul-2023,Sports & Outdoors,3,$113.12,Cancelled,Credit Card
AMA-O13642,AMA-C3447,2023-01-21,Electronics,1,357.66,Delivered,Credit Card
AMA-O14527,AMA-C2462,09/02/2023,Electronics,-2,246.18,Pending,Amazon Pay
AMA-O10872,AMA-C7671,24-Mar-2023,Home & Kitchen,5,109.02,Shipped,UPI
AMA-O5541,AMA-C4563,04/01/2024,Electronics,1,$353.69,Pending,Credit Card
AMA-O14566,AMA-C3987,15-Jul-2025,Sports & Outdoors,3,$187.31,Cancelled,Amazon Pay
AMA-O6077,AMA-C5137,01/15/2023,Grocery,5,11.74,Returned,Gift Card
AMA-O10461,AMA-C2124,2023-11-02,Sports & Outdoors,1,$200.88,Shipped,Gift Card
AMA-O7213,AMA-C10896,2024-07-18,Books,5,10.6,Delivered,UPI
AMA-O12367,AMA-C4358,10/20/2025,Sports & Outdoors,5,212.24,Delivered,Credit Card
AMA-O6670,AMA-C8326,08/13/2025,Sports & Outdoors,1,$53.59,Cancelled,UPI
AMA-O5906,AMA-C9834,19-Dec-2023,Home & Kitchen,1,130.23,Returned,Debit Card
AMA-O12880,AMA-C7250,09/06/2024,Home & Kitchen,4,169.23,Delivered,Credit Card
AMA-O6339,AMA-C3214,16-Feb-2024,Home & Kitchen,1,$220.84,Delivered,Gift Card
AMA-O5266,AMA-C8178,2024-03-18,Grocery,1,14.04,Delivered,Gift Card
AMA-O7015,AMA-C6750,25-Sep-2024,Home & Kitchen,1,131.54,Returned,Debit Card
AMA-O8678,AMA-C1974,2023-06-07,Apparel,3,14.0,Shipped,Gift Card
AMA-O6502,AMA-C9732,06/16/2025,Electronics,5,565.25,Pending,Debit Card
AMA-O8977,AMA-C7641,11/02/2023,Apparel,5,60.75,Delivered,Amazon Pay
AMA-O7854,AMA-C4015,2025-10-23,Sports & Outdoors,3,$42.21,Cancelled,Credit Card
AMA-O12656,AMA-C3639,06-Dec-2023,Apparel,3,97.44,Pending,Amazon Pay
AMA-O11323,AMA-C10888,12-Jun-2023,Sports & Outdoors,1,155.37,Shipped,UPI
AMA-O6079,AMA-C7354,2023-06-27,Grocery,1,14.98,Pending,Amazon Pay
AMA-O5275,AMA-C6940,03/14/2025,Toys,3,31.83,Cancelled,Amazon Pay
AMA-O7999,AMA-C10495,2023-03-31,Apparel,2,101.0,Delivered,UPI
AMA-O14252,AMA-C9967,03-Dec-2024,Beauty,1,20.34,Cancelled,Credit Card
AMA-O8580,AMA-C8779,29-Nov-2025,Sports & Outdoors,1,211.04,Shipped,Gift Card
AMA-O10676,AMA-C3967,02/15/2025,Home & Kitchen,1,50.66,Delivered,Gift Card
AMA-O7337,AMA-C1804,10-Mar-2025,Toys,5,31.25,Returned,Credit Card
AMA-O12144,AMA-C7209,09-Jul-2025,Sports & Outdoors,3,18.07,Cancelled,Debit Card
AMA-O8459,AMA-C3774,29-Jun-2024,Toys,5,21.1,Pending,UPI
AMA-O12826,AMA-C5326,06/21/2025,Grocery,-3,43.49,Cancelled,UPI
AMA-O6137,AMA-C10727,2023-10-10,Beauty,3,17.23,Delivered,Credit Card
AMA-O12089,AMA-C6507,25-Dec-2024,Home & Kitchen,2,283.31,Delivered,UPI
AMA-O10628,AMA-C1048,08/17/2023,Beauty,3,6.69,Cancelled,UPI
AMA-O14843,AMA-C10244,10-Jun-2024,Apparel,5,56.9,Pending,Credit Card
AMA-O5819,AMA-C7711,2025-02-28,Toys,3,$53.85,Shipped,Credit Card
AMA-O7883,AMA-C10870,2023-09-13,Sports & Outdoors,3,159.79,Shipped,Gift Card
AMA-O13636,AMA-C3802,2023-12-12,Beauty,-3,41.5,Returned,UPI
AMA-O5393,AMA-C4880,08/17/2025,Sports & Outdoors,2,123.44,Delivered,Gift Card
AMA-O10030,AMA-C7088,11/02/2025,Electronics,4,621.68,Delivered,Gift Card
AMA-O6579,AMA-C7421,07/01/2025,Apparel,-2,110.76,Cancelled,Debit Card
AMA-O7032,AMA-C3520,2025-03-12,Books,4,11.89,Delivered,Debit Card
AMA-O13594,AMA-C3059,10/22/2024,Sports & Outdoors,1,246.4,Delivered,Debit Card
AMA-O14010,AMA-C9469,01/07/2024,Home & Kitchen,4,17.85,Pending,Gift Card
AMA-O7704,AMA-C7005,01/22/2025,Apparel,1,108.24,Cancelled,Debit Card
AMA-O9014,AMA-C4753,2024-04-20,Home & Kitchen,3,$282.37,Pending,Debit Card
AMA-O5824,AMA-C3695,01/28/2023,Books,3,13.52,Pending,Gift Card
AMA-O12538,AMA-C6652,24-Sep-2023,Home & Kitchen,4,$128.80,Returned,Gift Card
AMA-O12591,AMA-C10800,12/31/2023,Apparel,2,$51.58,Delivered,Debit Card
AMA-O12594,AMA-C9578,12-May-2025,Beauty,5,69.28,Returned,Amazon Pay
AMA-O14906,AMA-C10333,2025-02-06,Toys,2,$60.27,Delivered,Amazon Pay
AMA-O8764,AMA-C2520,2023-02-15,Beauty,5,84.17,Cancelled,UPI
AMA-O10511,AMA-C3118,06/11/2023,Books,2,31.02,Delivered,UPI
AMA-O7498,AMA-C7524,03/23/2025,Toys,5,8.1,Delivered,UPI
AMA-O5601,AMA-C2916,05-Oct-2025,Apparel,3,$110.33,Returned,UPI
AMA-O11468,AMA-C6343,10/17/2023,Toys,5,96.91,Delivered,Debit Card
AMA-O9349,AMA-C9778,02/07/2025,Beauty,1,64.25,Pending,Debit Card
AMA-O7891,AMA-C2630,2025-12-11,Grocery,3,29.05,Cancelled,Credit Card
AMA-O14171,AMA-C10046,2025-06-14,Sports & Outdoors,1,196.17,Pending,Gift Card
AMA-O5466,AMA-C8900,2024-06-18,Books,5,17.25,Shipped,Credit Card
AMA-O5157,AMA-C8777,2025-06-29,Grocery,1,2.05,Pending,UPI
AMA-O10829,AMA-C1673,06/27/2025,Home & Kitchen,3,283.78,Returned,Credit Card
AMA-O8985,AMA-C5246,10/16/2025,Electronics,3,$341.71,Delivered,UPI
AMA-O7783,AMA-C10137,09/02/2025,Home & Kitchen,5,227.78,Returned,UPI
AMA-O8154,AMA-C10169,2023-06-19,Grocery,1,$5.77,Cancelled,Debit Card
AMA-O8716,AMA-C9313,21-Aug-2024,Home & Kitchen,2,$98.84,Cancelled,UPI
AMA-O13289,AMA-C6382,30-Jul-2025,Grocery,3,$17.63,Pending,Debit Card
AMA-O5865,AMA-C3030,13-Aug-2023,Electronics,4,762.5,Returned,Debit Card
AMA-O6908,AMA-C6530,06/23/2024,Books,3,38.92,Cancelled,UPI
AMA-O11038,AMA-C9072,23-Oct-2023,Apparel,1,55.3,Delivered,Credit Card
AMA-O14760,AMA-C4386,2025-10-29,Beauty,2,52.7,Delivered,Credit Card
AMA-O5093,AMA-C6094,22-Oct-2024,Electronics,5,87.05,Pending,Credit Card
AMA-O10449,AMA-C4698,10/13/2023,Electronics,1,73.06,Shipped,Gift Card
AMA-O5725,AMA-C10106,08/08/2023,Toys,4,74.61,Shipped,Amazon Pay
AMA-O9027,AMA-C6504,05-Sep-2023,Apparel,1,80.88,Shipped,Gift Card
AMA-O10154,AMA-C10086,2024-06-16,Home & Kitchen,5,259.04,Shipped,UPI
AMA-O7193,AMA-C7324,11/28/2024,Electronics,4,28.57,Cancelled,Amazon Pay
AMA-O9098,AMA-C10502,2023-07-21,Sports & Outdoors,5,147.58,Cancelled,Amazon Pay
AMA-O7895,AMA-C9882,12/04/2023,Books,1,23.31,Delivered,Debit Card
AMA-O6390,AMA-C5183,05-Jun-2024,Electronics,3,318.82,Delivered,Gift Card
AMA-O6425,AMA-C4875,2024-06-22,Home & Kitchen,5,$60.73,Cancelled,UPI
AMA-O13499,AMA-C9036,2024-08-01,Home & Kitchen,4,170.7,Returned,UPI
AMA-O5783,AMA-C2281,2023-01-08,Grocery,3,59.74,Shipped,UPI
AMA-O14818,AMA-C7356,11-Jul-2025,Apparel,5,41.17,Delivered,Credit Card
AMA-O9803,AMA-C3127,02/23/2025,Apparel,1,$18.85,Cancelled,Amazon Pay
AMA-O11794,AMA-C3988,13-Nov-2025,Grocery,4,17.05,Pending,UPI
AMA-O10211,AMA-C4246,12-Jan-2024,Grocery,1,45.76,Delivered,Credit Card
AMA-O9197,AMA-C1176,11/17/2024,Apparel,2,27.57,Shipped,Credit Card
AMA-O11416,AMA-C9412,2025-11-26,Sports & Outdoors,1,$222.89,Shipped,UPI
AMA-O6404,AMA-C6903,2025-06-08,Toys,4,49.8,Delivered,Credit Card
AMA-O7983,AMA-C9125,2023-06-10,Electronics,1,$316.97,Pending,UPI
AMA-O12770,AMA-C1831,06/08/2025,Home & Kitchen,4,224.8,Returned,Debit Card
AMA-O13107,AMA-C8887,2024-04-04,Apparel,4,$117.46,Pending,Amazon Pay
AMA-O12405,AMA-C8378,05-Feb-2023,Grocery,3,54.21,Delivered,Amazon Pay
AMA-O14870,AMA-C8972,01/10/2024,Toys,4,84.26,Delivered,Amazon Pay
AMA-O13166,AMA-C3042,19-Jun-2023,Apparel,2,38.54,,Debit Card
AMA-O5270,AMA-C4908,2024-01-28,Electronics,5,465.98,Returned,Debit Card
AMA-O10963,AMA-C6082,22-Aug-2025,Apparel,-2,85.16,Returned,Debit Card
AMA-O10173,AMA-C6665,2025-02-04,Electronics,4,385.75,Pending,Amazon Pay
AMA-O5922,AMA-C7402,06/10/2023,Grocery,2,56.76,Delivered,Debit Card
AMA-O12354,AMA-C9524,25-Oct-2023,Books,5,$38.58,Pending,Debit Card
AMA-O9877,AMA-C9030,2024-05-21,Toys,5,47.65,,Amazon Pay
AMA-O14855,AMA-C3435,29-Oct-2023,Apparel,5,17.66,Delivered,Amazon Pay
AMA-O11696,AMA-C9999,2023-12-28,Home & Kitchen,3,101.45,Pending,Credit Card
AMA-O8859,AMA-C2170,16-Dec-2025,Beauty,2,43.99,Returned,Amazon Pay
AMA-O13324,AMA-C3904,15-Jan-2024,Beauty,4,$22.86,Shipped,Debit Card
AMA-O11781,AMA-C10936,05/06/2024,Books,4,$27.08,Pending,UPI
AMA-O9964,AMA-C8671,2024-10-19,Sports & Outdoors,5,204.73,Returned,Amazon Pay
AMA-O13528,AMA-C1714,07-Nov-2024,Books,3,36.09,Returned,Gift Card
AMA-O14507,AMA-C1045,05/24/2023,Beauty,2,58.18,,Gift Card
AMA-O5313,AMA-C3640,23-Jul-2023,Grocery,5,58.78,Delivered,Debit Card
AMA-O8708,AMA-C10898,2024-10-03,Grocery,5,$58.51,Delivered,UPI
AMA-O14127,AMA-C10494,2023-12-29,Grocery,3,57.5,Delivered,UPI
AMA-O14070,AMA-C7659,22-Sep-2023,Grocery,5,12.95,Delivered,Credit Card
AMA-O10226,AMA-C5826,2024-08-24,Apparel,5,82.14,Shipped,Debit Card
AMA-O13930,AMA-C8206,2023-02-21,Home & Kitchen,4,156.37,Delivered,UPI
AMA-O7919,AMA-C7613,2023-09-09,Electronics,3,605.48,Delivered,Debit Card
AMA-O12003,AMA-C8588,2024-09-08,Toys,2,68.91,Delivered,Amazon Pay
AMA-O9689,AMA-C6835,27-Dec-2024,Electronics,1,100.19,Delivered,Debit Card
AMA-O6317,AMA-C6678,08/10/2024,Apparel,2,35.12,Delivered,Debit Card
AMA-O8497,AMA-C6833,03-Jul-2025,Toys,4,28.07,Cancelled,UPI
AMA-O11932,AMA-C1402,03-Oct-2023,Toys,2,59.06,Shipped,Debit Card
AMA-O5212,AMA-C3359,2023-09-17,Home & Kitchen,4,19.73,Shipped,Credit Card
AMA-O6008,AMA-C7998,10-Feb-2024,Books,2,12.89,Delivered,Amazon Pay
AMA-O10674,AMA-C4711,30-Jul-2025,Home & Kitchen,1,208.84,Pending,Gift Card
AMA-O9070,AMA-C5434,2025-02-11,Electronics,1,750.88,Shipped,Amazon Pay
AMA-O7974,AMA-C7586,2024-06-22,Sports & Outdoors,2,139.64,Delivered,Amazon Pay
AMA-O8922,AMA-C8637,08/11/2025,Home & Kitchen,5,$140.79,Cancelled,Debit Card
AMA-O5213,AMA-C4363,2024-11-20,Toys,5,$69.41,Pending,Amazon Pay
AMA-O6553,AMA-C8132,12-Apr-2023,Home & Kitchen,3,181.96,Shipped,UPI
AMA-O10559,AMA-C8900,10/30/2023,Beauty,2,$44.59,Delivered,Amazon Pay
AMA-O8168,AMA-C9990,07/24/2024,Beauty,-5,$16.71,Shipped,Debit Card
AMA-O8692,AMA-C9874,02-Feb-2024,Toys,3,56.1,Delivered,Amazon Pay
AMA-O5146,AMA-C5599,2023-01-01,Toys,3,40.47,Returned,Gift Card
AMA-O11665,AMA-C8288,10-Feb-2025,Beauty,5,67.35,Delivered,Amazon Pay
AMA-O9088,AMA-C2517,10/31/2024,Electronics,2,212.6,Pending,Amazon Pay
AMA-O5053,AMA-C7421,02/26/2023,Books,3,$34.23,Delivered,Amazon Pay
AMA-O8796,AMA-C7006,05/28/2024,Apparel,1,9.2,Shipped,Amazon Pay
AMA-O14729,AMA-C1710,12/10/2024,Home & Kitchen,1,$204.40,Returned,UPI
AMA-O13004,AMA-C10088,2024-12-29,Electronics,2,217.58,Returned,Debit Card
AMA-O6358,AMA-C5324,17-Jul-2025,Beauty,1,71.28,Delivered,Gift Card
AMA-O12860,AMA-C5495,30-Oct-2024,Electronics,1,$300.80,Shipped,Debit Card
AMA-O8482,AMA-C10597,04/09/2025,Home & Kitchen,1,$37.51,Delivered,UPI
AMA-O9569,AMA-C10684,2024-01-14,Books,3,7.3,,UPI
AMA-O10823,AMA-C1388,12/15/2024,Electronics,2,652.47,Cancelled,Gift Card
AMA-O9491,AMA-C10458,24-May-2023,Sports & Outdoors,2,230.66,Pending,Debit Card
AMA-O11506,AMA-C5013,2023-04-27,Toys,2,76.58,Returned,Credit Card
AMA-O14264,AMA-C6523,11/23/2025,Apparel,3,64.88,Pending,Gift Card
AMA-O13232,AMA-C4651,03-Jun-2023,Grocery,3,20.33,Returned,Credit Card
AMA-O8721,AMA-C4479,09/09/2024,Apparel,5,107.36,Delivered,UPI
AMA-O7838,AMA-C9218,2023-05-15,Books,2,18.27,Delivered,Gift Card
AMA-O8489,AMA-C5751,23-Sep-2023,Apparel,3,18.44,Delivered,UPI
AMA-O13314,AMA-C1004,05/03/2024,Grocery,5,30.32,Cancelled,Gift Card
AMA-O10047,AMA-C6511,05/14/2025,Books,2,15.68,Shipped,Debit Card
AMA-O11114,AMA-C6285,02/28/2025,Home & Kitchen,5,271.9,Shipped,Gift Card
AMA-O9678,AMA-C8233,10/29/2023,Toys,1,96.3,Pending,Debit Card
AMA-O10827,AMA-C3072,05/24/2025,Grocery,4,48.56,Returned,Debit Card
AMA-O14334,AMA-C4884,03/29/2024,Books,5,18.58,Cancelled,Debit Card
AMA-O12396,AMA-C3694,2025-06-20,Beauty,2,$18.68,Pending,Debit Card
AMA-O14036,AMA-C6767,09-Aug-2023,Books,3,$17.73,Returned,Gift Card
AMA-O14148,AMA-C4861,10/24/2024,Books,5,25.25,Pending,Gift Card
AMA-O11796,AMA-C7652,2024-03-16,Home & Kitchen,1,66.62,Returned,Amazon Pay
AMA-O7025,AMA-C7685,12/30/2025,Toys,4,6.9,Cancelled,Amazon Pay
AMA-O8021,AMA-C7969,03/11/2023,Home & Kitchen,2,120.07,Delivered,Amazon Pay
AMA-O10264,AMA-C9658,08/29/2024,Electronics,3,85.7,Delivered,Debit Card
AMA-O8858,AMA-C1793,2024-04-03,Toys,3,58.22,Delivered,UPI
AMA-O10317,AMA-C9711,2023-08-27,Grocery,2,42.41,Delivered,Amazon Pay
AMA-O7582,AMA-C9139,03/12/2024,Grocery,3,13.92,Returned,Amazon Pay
AMA-O7905,AMA-C7437,2023-03-22,Beauty,3,60.66,Shipped,UPI
AMA-O6765,AMA-C9142,2024-05-12,Sports & Outdoors,1,149.32,Cancelled,Amazon Pay
AMA-O9412,AMA-C5476,07-May-2025,Sports & Outdoors,3,16.19,Pending,UPI
AMA-O7429,AMA-C5424,01/06/2023,Electronics,3,695.56,Cancelled,Amazon Pay
AMA-O7749,AMA-C10377,09/03/2024,Toys,1,26.13,Delivered,Debit Card
AMA-O10603,AMA-C2957,2024-10-08,Grocery,2,39.37,Pending,Amazon Pay
AMA-O7717,AMA-C2692,2024-01-16,Home & Kitchen,5,79.47,Delivered,Gift Card
AMA-O14797,AMA-C6834,05-Apr-2025,Beauty,4,27.8,Delivered,Credit Card
AMA-O5895,AMA-C4577,06/10/2025,Books,1,26.64,Returned,Gift Card
AMA-O7009,AMA-C10432,30-Jul-2024,Books,1,6.67,Cancelled,Credit Card
AMA-O10533,AMA-C9970,03/07/2023,Books,4,12.88,,Credit Card
AMA-O5737,AMA-C9594,06/08/2023,Books,4,8.05,Cancelled,Gift Card
AMA-O8523,AMA-C9427,08-Apr-2025,Home & Kitchen,5,60.69,Returned,Credit Card
AMA-O7862,AMA-C4415,09-Dec-2024,Sports & Outdoors,4,$150.48,Delivered,Credit Card
AMA-O12603,AMA-C6107,25-Sep-2023,Electronics,3,605.69,Delivered,UPI
AMA-O11659,AMA-C5621,2023-10-17,Grocery,4,39.14,Shipped,UPI
AMA-O5216,AMA-C1532,2025-12-22,Sports & Outdoors,1,83.93,Delivered,Credit Card
AMA-O11582,AMA-C1387,05-May-2023,Sports & Outdoors,3,40.25,Shipped,Amazon Pay
AMA-O5591,AMA-C8124,2025-10-11,Electronics,4,392.02,Returned,Credit Card
AMA-O10480,AMA-C6615,2025-09-21,Electronics,-3,380.69,Shipped,UPI
AMA-O10345,AMA-C9999,2023-06-03,Beauty,4,67.21,Cancelled,Amazon Pay
AMA-O14788,AMA-C7788,2024-05-06,Electronics,3,$328.50,Delivered,Gift Card
AMA-O6421,AMA-C10040,07/29/2025,Sports & Outdoors,2,74.77,Delivered,Amazon Pay
AMA-O14162,AMA-C10082,2024-09-27,Electronics,1,$33.68,Cancelled,UPI
AMA-O6995,AMA-C1164,13-Feb-2024,Grocery,3,57.16,Delivered,Amazon Pay
AMA-O9245,AMA-C6206,30-Jul-2023,Toys,1,97.64,Delivered,Gift Card
AMA-O12621,AMA-C1559,2024-11-15,Books,5,24.49,Cancelled,Debit Card
AMA-O5446,AMA-C8093,04-Oct-2024,Books,3,$18.01,Delivered,Amazon Pay
AMA-O12617,AMA-C7286,12-Jan-2024,Books,4,30.89,Returned,Credit Card
AMA-O11189,AMA-C9795,12/05/2025,Toys,4,$73.85,Cancelled,UPI
AMA-O11394,AMA-C7653,2024-06-25,Home & Kitchen,4,90.5,Delivered,Credit Card
AMA-O8983,AMA-C3265,2024-12-19,Books,1,26.76,Pending,Gift Card
AMA-O14524,AMA-C4674,08/10/2023,Grocery,2,51.15,Cancelled,Credit Card
AMA-O13174,AMA-C10627,2023-11-19,Sports & Outdoors,5,54.44,Delivered,Gift Card
AMA-O13034,AMA-C1341,04/28/2024,Books,2,33.73,Cancelled,Credit Card
AMA-O5111,AMA-C4155,08-Mar-2024,Toys,5,39.29,Returned,Amazon Pay
AMA-O9117,AMA-C5194,08/30/2025,Home & Kitchen,1,186.91,Cancelled,UPI
AMA-O7605,AMA-C5631,03-Mar-2025,Books,1,30.58,Delivered,Credit Card
AMA-O12314,AMA-C1530,2023-10-05,Sports & Outdoors,4,30.89,Returned,Gift Card
AMA-O14808,AMA-C9630,05/16/2023,Electronics,5,628.05,Pending,Gift Card
AMA-O14841,AMA-C7451,08-Jul-2025,Toys,2,76.14,Pending,UPI
AMA-O13865,AMA-C7913,09/21/2023,Toys,3,$27.78,Returned,Credit Card
AMA-O14751,AMA-C2825,05/09/2024,Grocery,4,49.48,Delivered,Credit Card
AMA-O5118,AMA-C8193,2025-03-20,Home & Kitchen,3,181.64,Delivered,UPI
AMA-O7617,AMA-C9330,01/31/2024,Electronics,5,174.87,Delivered,Gift Card
AMA-O7460,AMA-C3694,2023-01-02,Toys,2,76.56,Returned,Credit Card
AMA-O10636,AMA-C4024,2023-04-03,Apparel,3,59.65,Delivered,Amazon Pay
AMA-O13408,AMA-C2478,08-Oct-2025,Apparel,4,21.72,Returned,Credit Card
AMA-O9914,AMA-C7804,15-Oct-2023,Electronics,5,411.83,Delivered,Debit Card
AMA-O14625,AMA-C9914,2024-02-24,Grocery,3,$53.05,Delivered,UPI
AMA-O5150,AMA-C4064,2025-05-05,Apparel,5,112.2,Cancelled,Gift Card
AMA-O6123,AMA-C9973,25-Jan-2024,Beauty,3,72.47,Pending,Amazon Pay
AMA-O13970,AMA-C5094,2023-05-10,Books,1,15.55,Cancelled,Credit Card
AMA-O5363,AMA-C4389,2024-07-31,Grocery,2,4.08,Returned,Debit Card
AMA-O6615,AMA-C4423,02/02/2025,Grocery,3,31.82,Delivered,Credit Card
AMA-O10261,AMA-C9633,04/22/2025,Electronics,3,$716.59,Shipped,Amazon Pay
AMA-O7159,AMA-C3632,13-Jan-2023,Electronics,2,$687.13,Delivered,UPI
AMA-O11190,AMA-C1453,2023-04-28,Electronics,1,250.92,Delivered,UPI
AMA-O9978,AMA-C7792,11/20/2025,Home & Kitchen,5,292.16,Returned,Amazon Pay
AMA-O5011,AMA-C8840,06/12/2023,Books,2,29.97,Delivered,Amazon Pay
AMA-O10751,AMA-C5463,10-Oct-2025,Toys,1,22.54,Shipped,Amazon Pay
AMA-O9832,AMA-C6443,12-Mar-2025,Grocery,2,26.26,Returned,UPI
AMA-O5821,AMA-C1578,2023-04-28,Books,3,31.76,Delivered,Credit Card
AMA-O5757,AMA-C7152,11-Dec-2023,Beauty,1,29.73,Delivered,Amazon Pay
AMA-O6647,AMA-C9101,05/19/2023,Books,4,$22.25,Delivered,UPI
AMA-O6885,AMA-C1177,17-Jan-2025,Electronics,5,174.59,Delivered,UPI
AMA-O10610,AMA-C9507,01/04/2025,Home & Kitchen,1,219.55,Pending,Credit Card
AMA-O14275,AMA-C7363,08-Apr-2024,Toys,3,27.24,Pending,UPI
AMA-O7001,AMA-C6234,05/18/2024,Apparel,2,59.09,Delivered,Gift Card
AMA-O9363,AMA-C2985,11/26/2023,Toys,5,24.52,Shipped,Amazon Pay
AMA-O11606,AMA-C8913,14-Feb-2023,Books,5,13.69,Cancelled,Gift Card
AMA-O10428,AMA-C5826,2025-04-18,Electronics,1,544.14,Shipped,Debit Card
AMA-O8538,AMA-C6829,12/23/2023,Books,1,19.23,Shipped,Debit Card
AMA-O14770,AMA-C2620,24-Feb-2024,Home & Kitchen,1,13.59,Delivered,Amazon Pay
AMA-O9575,AMA-C3413,12/13/2023,Sports & Outdoors,5,$36.33,Shipped,UPI
AMA-O9805,AMA-C9999,2025-12-31,Books,4,$26.60,Cancelled,Gift Card
AMA-O9961,AMA-C1790,2025-01-12,Electronics,1,37.27,Shipped,Gift Card
AMA-O8828,AMA-C9368,26-Feb-2025,Books,3,$27.07,Delivered,Debit Card
AMA-O7287,AMA-C7681,10/07/2023,Beauty,4,89.05,Delivered,Debit Card
AMA-O13231,AMA-C5217,19-Nov-2024,Electronics,2,655.65,Returned,UPI
AMA-O13756,AMA-C3050,11/14/2023,Home & Kitchen,3,$123.21,Pending,Amazon Pay
AMA-O9319,AMA-C1963,11/11/2023,Home & Kitchen,4,145.4,Returned,Amazon Pay
AMA-O7660,AMA-C10423,04/16/2025,Home & Kitchen,5,98.39,Shipped,UPI
AMA-O7555,AMA-C8910,29-Nov-2024,Toys,5,41.77,Delivered,Gift Card
AMA-O14903,AMA-C3449,10/31/2023,Books,2,39.28,Returned,Amazon Pay
AMA-O13196,AMA-C8029,01/14/2025,Sports & Outdoors,2,151.72,Delivered,Credit Card
AMA-O13093,AMA-C4478,2024-07-16,Books,5,$22.85,Delivered,Amazon Pay
AMA-O7603,AMA-C3586,19-Jan-2025,Home & Kitchen,3,149.81,Shipped,Amazon Pay
AMA-O7238,AMA-C6924,03-Sep-2025,Apparel,3,15.0,Pending,Debit Card
AMA-O10085,AMA-C6515,2023-05-01,Beauty,2,82.96,Returned,UPI
AMA-O12321,AMA-C10521,26-Jul-2025,Books,5,28.73,Cancelled,UPI
AMA-O12253,AMA-C9823,03-Dec-2024,Grocery,4,6.05,Shipped,Debit Card
AMA-O6024,AMA-C5908,06-Jul-2024,Beauty,2,49.12,Delivered,UPI
AMA-O14822,AMA-C1024,11-Jun-2025,Books,5,13.73,Pending,Amazon Pay
AMA-O7861,AMA-C6961,2023-01-30,Books,5,35.78,,Credit Card
AMA-O10486,AMA-C5388,19-May-2023,Apparel,1,107.94,Returned,Credit Card
AMA-O9280,AMA-C1311,2024-04-02,Electronics,4,35.16,Returned,Amazon Pay
AMA-O5309,AMA-C5588,2025-12-19,Sports & Outdoors,4,$146.85,Delivered,UPI
AMA-O14098,AMA-C7738,11/08/2025,Apparel,5,96.0,Delivered,UPI
AMA-O12799,AMA-C8809,2025-07-18,Beauty,5,62.84,Shipped,Debit Card
AMA-O10509,AMA-C9587,16-Oct-2024,Home & Kitchen,1,68.73,Delivered,Credit Card
AMA-O9461,AMA-C5122,11/17/2024,Toys,5,16.41,Returned,Gift Card
AMA-O13344,AMA-C1700,09-Feb-2024,Home & Kitchen,1,$211.89,Delivered,Credit Card
AMA-O9666,AMA-C6071,13-Jul-2023,Grocery,4,23.69,Cancelled,Gift Card
AMA-O13067,AMA-C9761,20-Feb-2025,Apparel,5,76.72,Pending,Credit Card
AMA-O11000,AMA-C3852,06/22/2025,Books,2,16.08,Cancelled,UPI
AMA-O6238,AMA-C8192,25-Apr-2025,Sports & Outdoors,4,148.92,Pending,Credit Card
AMA-O5233,AMA-C7114,04/04/2025,Grocery,1,40.03,Cancelled,Debit Card
AMA-O9977,AMA-C9491,08/09/2025,Apparel,1,40.94,Delivered,Credit Card
AMA-O12027,AMA-C2869,10/28/2023,Apparel,4,82.88,Pending,UPI
AMA-O5587,AMA-C8212,2025-03-04,Books,5,19.88,Delivered,Gift Card
AMA-O10673,AMA-C2730,06/22/2025,Apparel,2,$109.40,Delivered,Gift Card
AMA-O6264,AMA-C4782,12-Jun-2024,Toys,3,$81.54,Shipped,Gift Card
AMA-O12929,AMA-C4979,26-May-2023,Grocery,4,42.4,Shipped,Credit Card
AMA-O11813,AMA-C9269,2024-10-18,Sports & Outdoors,2,183.42,Delivered,UPI
AMA-O12167,AMA-C2122,08/17/2024,Home & Kitchen,5,76.47,Delivered,Debit Card
AMA-O9099,AMA-C7563,10-Mar-2024,Electronics,2,148.47,Delivered,UPI
AMA-O14935,AMA-C7935,04/26/2025,Toys,5,87.8,Cancelled,UPI
AMA-O14023,AMA-C9002,02-Nov-2025,Toys,1,55.98,Returned,Credit Card
AMA-O14702,AMA-C10945,15-Jan-2025,Apparel,4,31.68,Delivered,Amazon Pay
AMA-O11382,AMA-C5512,2024-06-20,Electronics,5,715.87,Shipped,Gift Card
AMA-O13687,AMA-C9750,02/22/2024,Beauty,3,75.9,Pending,Gift Card
AMA-O8129,AMA-C2796,03/19/2025,Home & Kitchen,4,152.37,Cancelled,Gift Card
AMA-O9387,AMA-C7049,02-Dec-2024,Toys,4,10.88,Shipped,Credit Card
AMA-O10426,AMA-C9143,05/31/2023,Books,2,36.04,Cancelled,Debit Card
AMA-O14680,AMA-C6162,11/16/2025,Beauty,5,36.8,Returned,Amazon Pay
AMA-O7531,AMA-C7631,03/03/2025,Sports & Outdoors,1,55.83,Delivered,Gift Card
AMA-O11015,AMA-C1234,24-Nov-2024,Home & Kitchen,3,295.7,Pending,UPI
AMA-O12939,AMA-C10345,12/24/2025,Beauty,1,62.27,Cancelled,Amazon Pay
AMA-O10284,AMA-C2973,2024-11-23,Toys,5,65.52,Returned,UPI
AMA-O5887,AMA-C5454,2023-02-25,Apparel,3,$98.34,Pending,UPI
AMA-O7249,AMA-C3524,05/15/2025,Electronics,4,36.41,Delivered,UPI
AMA-O11194,AMA-C2914,16-Dec-2024,Electronics,4,546.2,Shipped,Amazon Pay
AMA-O14905,AMA-C6516,2023-10-04,Toys,2,80.74,Returned,Gift Card
AMA-O6586,AMA-C10297,16-Sep-2025,Electronics,3,642.42,Pending,Credit Card
AMA-O13964,AMA-C10936,10/09/2024,Home & Kitchen,4,142.87,Delivered,Gift Card
AMA-O10795,AMA-C5108,09/01/2025,Sports & Outdoors,5,137.33,Delivered,Amazon Pay
AMA-O12795,AMA-C4917,30-Dec-2023,Apparel,1,34.55,Pending,Debit Card
AMA-O10002,AMA-C2284,2023-08-13,Sports & Outdoors,5,$120.07,Shipped,Credit Card
AMA-O13800,AMA-C5340,26-Aug-2025,Toys,5,92.21,Pending,Gift Card
AMA-O14179,AMA-C9878,25-Aug-2025,Books,3,23.21,Shipped,Amazon Pay
AMA-O14323,AMA-C2745,11/04/2024,Home & Kitchen,2,213.74,Shipped,Debit Card
AMA-O13252,AMA-C6307,17-Apr-2023,Books,1,9.32,Delivered,Amazon Pay
AMA-O13600,AMA-C8131,04-Oct-2025,Beauty,1,10.41,Pending,Debit Card
AMA-O11860,AMA-C3786,25-Sep-2025,Toys,4,$87.95,Cancelled,Debit Card
AMA-O5356,AMA-C8490,2025-03-30,Electronics,2,202.3,Shipped,Gift Card
AMA-O7421,AMA-C5282,2023-09-13,Sports & Outdoors,2,67.04,Delivered,Credit Card
AMA-O7365,AMA-C8504,10/08/2023,Apparel,1,65.79,Delivered,Debit Card
AMA-O6605,AMA-C2891,2024-02-10,Apparel,1,60.64,Delivered,Credit Card
AMA-O10335,AMA-C9942,10/28/2023,Grocery,3,19.25,Cancelled,Gift Card
AMA-O10735,AMA-C6799,05/06/2024,Electronics,3,631.49,Delivered,Amazon Pay
AMA-O5154,AMA-C2670,2023-05-10,Home & Kitchen,3,126.71,Cancelled,Debit Card
AMA-O13551,AMA-C2731,2024-02-01,Grocery,4,$52.63,Delivered,Gift Card
AMA-O10693,AMA-C9371,12/27/2023,Books,3,36.46,Pending,Debit Card
AMA-O9536,AMA-C10288,05/14/2025,Electronics,4,746.87,Delivered,Credit Card
AMA-O10854,AMA-C5166,06/22/2025,Books,3,27.06,Shipped,Gift Card
AMA-O9429,AMA-C6849,16-Jun-2024,Grocery,5,32.69,Delivered,Debit Card
AMA-O11216,AMA-C1007,31-Dec-2024,Apparel,1,50.9,Cancelled,UPI
AMA-O5816,AMA-C8573,2025-04-07,Electronics,5,654.94,Pending,UPI
AMA-O13480,AMA-C10672,29-Mar-2024,Sports & Outdoors,4,145.61,Delivered,Amazon Pay
AMA-O11011,AMA-C3453,2023-10-24,Home & Kitchen,4,281.98,Delivered,Credit Card
AMA-O5630,AMA-C8836,24-May-2023,Electronics,5,15.61,,Gift Card
AMA-O11613,AMA-C5767,19-Jan-2024,Electronics,2,595.57,Delivered,Debit Card
AMA-O8215,AMA-C7737,06/01/2024,Electronics,5,613.37,Returned,Credit Card
AMA-O6115,AMA-C10943,02/15/2023,Home & Kitchen,3,99.08,Pending,Gift Card
AMA-O10812,AMA-C7895,12-Aug-2025,Grocery,4,$36.44,Delivered,Debit Card
AMA-O11265,AMA-C9012,24-Apr-2023,Beauty,3,46.56,Pending,Gift Card
AMA-O9645,AMA-C5362,11/02/2024,Books,4,36.18,Delivered,UPI
AMA-O8856,AMA-C4211,2023-03-08,Grocery,1,57.61,Delivered,Debit Card
AMA-O6780,AMA-C7394,2024-12-17,Apparel,1,87.45,Shipped,Amazon Pay
AMA-O8068,AMA-C3310,27-Oct-2023,Apparel,4,32.8,Delivered,Amazon Pay
AMA-O6159,AMA-C9470,2025-07-29,Books,2,$24.31,Delivered,Amazon Pay
AMA-O9855,AMA-C8646,01/08/2024,Grocery,2,38.41,Delivered,Credit Card
AMA-O9755,AMA-C6654,12/16/2024,Grocery,-3,53.68,Cancelled,Amazon Pay
AMA-O9142,AMA-C7884,2025-04-06,Toys,1,81.93,Cancelled,Gift Card
AMA-O10656,AMA-C3612,2025-01-17,Beauty,4,72.89,Delivered,Credit Card
AMA-O14774,AMA-C5188,01/20/2024,Home & Kitchen,5,101.39,Shipped,Debit Card
AMA-O11078,AMA-C10717,11-May-2025,Toys,2,24.02,Pending,UPI
AMA-O11893,AMA-C5569,01/28/2023,Electronics,1,778.88,Shipped,Debit Card
AMA-O12397,AMA-C7849,01-Aug-2023,Sports & Outdoors,1,$197.98,Returned,Gift Card
AMA-O13134,AMA-C3358,06/02/2023,Home & Kitchen,1,292.35,Delivered,UPI
AMA-O11121,AMA-C8917,2023-07-01,Grocery,2,34.95,Returned,UPI
AMA-O13181,AMA-C6057,26-Aug-2023,Beauty,4,88.11,Shipped,Debit Card
AMA-O12716,AMA-C2798,01/11/2023,Electronics,3,361.13,Delivered,Credit Card
AMA-O14166,AMA-C6555,07/26/2023,Beauty,5,78.55,Cancelled,UPI
AMA-O14546,AMA-C8213,2023-01-10,Electronics,5,$333.50,Pending,Gift Card
AMA-O5901,AMA-C7942,2023-10-17,Home & Kitchen,5,276.07,Delivered,UPI
AMA-O8110,AMA-C7214,2023-12-10,Books,3,$36.51,Shipped,Gift Card
AMA-O14048,AMA-C6285,2025-06-12,Beauty,5,$82.68,Pending,Debit Card
AMA-O13520,AMA-C9830,05/27/2023,Apparel,1,76.94,Returned,UPI
AMA-O9367,AMA-C2948,13-May-2025,Beauty,1,23.91,Cancelled,Gift Card
AMA-O10998,AMA-C4686,07/19/2023,Electronics,3,264.92,Delivered,Debit Card
AMA-O7227,AMA-C10802,11-Nov-2025,Sports & Outdoors,4,$33.43,Shipped,UPI
AMA-O13203,AMA-C3141,27-Sep-2025,Sports & Outdoors,3,81.01,Delivered,Gift Card
AMA-O5756,AMA-C2790,14-Jul-2023,Sports & Outdoors,3,25.12,Returned,Gift Card
AMA-O6801,AMA-C1523,04-Oct-2024,Sports & Outdoors,5,60.46,Cancelled,Gift Card
AMA-O10590,AMA-C4663,02/13/2025,Beauty,3,83.63,Delivered,Credit Card
AMA-O7200,AMA-C1703,05/17/2023,Apparel,4,58.7,Pending,Debit Card
AMA-O14186,AMA-C8330,11-Oct-2023,Grocery,4,25.49,Delivered,UPI
AMA-O7230,AMA-C7802,2023-12-08,Grocery,-4,38.9,Delivered,Credit Card
AMA-O9189,AMA-C9999,23-Oct-2023,Books,1,$7.69,Delivered,Amazon Pay
AMA-O13566,AMA-C8931,2023-10-01,Grocery,2,10.61,Pending,UPI
AMA-O14216,AMA-C3067,2024-08-21,Beauty,1,$73.95,Shipped,UPI
AMA-O14989,AMA-C7070,03/09/2025,Apparel,1,$116.34,Delivered,Credit Card
AMA-O6742,AMA-C2741,03/30/2023,Grocery,2,$37.14,Pending,UPI
AMA-O13790,AMA-C8120,17-Jul-2023,Toys,1,94.85,Cancelled,Gift Card
AMA-O10502,AMA-C5968,09/15/2025,Beauty,1,47.25,Shipped,Debit Card
AMA-O8908,AMA-C5610,10-Apr-2023,Home & Kitchen,3,130.83,Delivered,Gift Card
AMA-O14057,AMA-C8129,08-Mar-2024,Books,4,8.39,Shipped,Gift Card
AMA-O12668,AMA-C5459,2024-07-27,Home & Kitchen,1,268.87,Pending,UPI
AMA-O7364,AMA-C9879,04-Jan-2025,Home & Kitchen,1,22.53,Delivered,Gift Card
AMA-O9631,AMA-C5545,12/14/2023,Beauty,1,53.74,Delivered,Debit Card
AMA-O14420,AMA-C2998,07/25/2023,Beauty,4,$45.07,Delivered,Amazon Pay
AMA-O13670,AMA-C6022,03-Aug-2025,Grocery,1,35.91,Returned,Amazon Pay
AMA-O9602,AMA-C1609,07/12/2024,Toys,1,66.36,,Credit Card
AMA-O13839,AMA-C1280,18-Oct-2023,Home & Kitchen,2,297.16,Shipped,Amazon Pay
AMA-O11743,AMA-C4012,25-Dec-2024,Electronics,5,666.26,Delivered,Credit Card
AMA-O8824,AMA-C1648,03/22/2025,Toys,3,$65.67,Delivered,UPI
AMA-O8240,AMA-C1547,26-Nov-2023,Apparel,5,104.92,Delivered,UPI
AMA-O12728,AMA-C10388,23-Dec-2025,Grocery,5,43.81,Delivered,Amazon Pay
AMA-O9431,AMA-C8486,2024-01-20,Sports & Outdoors,4,86.25,Delivered,UPI
AMA-O13303,AMA-C7201,04/15/2023,Electronics,3,152.82,Shipped,Credit Card
AMA-O14896,AMA-C6680,01/24/2023,Home & Kitchen,4,$295.97,Delivered,Credit Card
AMA-O13873,AMA-C10884,22-Dec-2023,Electronics,4,226.9,Delivered,Amazon Pay
AMA-O7145,AMA-C9634,2024-06-24,Beauty,5,30.52,,Gift Card
AMA-O11367,AMA-C10298,03/02/2025,Electronics,2,147.35,Returned,Gift Card
AMA-O5559,AMA-C3468,20-Mar-2025,Apparel,4,$82.02,Shipped,Credit Card
AMA-O9758,AMA-C4118,04/02/2025,Grocery,5,20.78,Returned,Gift Card
AMA-O5692,AMA-C4831,05-Jan-2023,Toys,3,67.47,Returned,Debit Card
AMA-O10832,AMA-C9456,2023-01-06,Toys,2,86.63,Returned,UPI
AMA-O6217,AMA-C3688,2023-12-24,Sports & Outdoors,1,226.39,Pending,Debit Card
AMA-O9170,AMA-C3183,2025-03-23,Books,-2,6.42,Delivered,Credit Card
AMA-O14491,AMA-C6099,21-Oct-2023,Books,3,18.95,Shipped,Debit Card
AMA-O12439,AMA-C10065,08/24/2024,Books,2,8.84,Delivered,Gift Card
AMA-O10131,AMA-C4000,06-Jul-2023,Toys,5,18.08,Delivered,Gift Card
AMA-O9010,AMA-C6599,30-Aug-2024,Toys,3,81.45,Shipped,Amazon Pay
AMA-O12813,AMA-C7301,05/03/2023,Beauty,3,69.63,Shipped,Debit Card
AMA-O10280,AMA-C9999,06/09/2025,Apparel,2,$114.70,Returned,Credit Card
AMA-O13017,AMA-C4837,15-Aug-2024,Toys,5,53.02,Delivered,Amazon Pay
AMA-O9020,AMA-C2256,11/06/2024,Grocery,5,44.11,Shipped,Amazon Pay
AMA-O8944,AMA-C9558,05-Jul-2023,Sports & Outdoors,4,195.39,Pending,Amazon Pay
AMA-O6843,AMA-C8521,19-Jan-2024,Grocery,3,9.03,Delivered,Credit Card
AMA-O8047,AMA-C2940,28-Apr-2024,Sports & Outdoors,2,61.17,Delivered,Amazon Pay
AMA-O6829,AMA-C9999,2023-06-26,Home & Kitchen,2,$194.28,Shipped,Gift Card
AMA-O5606,AMA-C8102,2023-05-18,Books,3,30.33,,UPI
AMA-O8241,AMA-C5197,2025-02-16,Sports & Outdoors,4,219.08,Cancelled,UPI
AMA-O13893,AMA-C9999,18-Apr-2023,Sports & Outdoors,2,19.42,Pending,Credit Card
AMA-O10420,AMA-C1151,20-Nov-2024,Sports & Outdoors,5,198.34,Shipped,Amazon Pay
AMA-O14628,AMA-C9078,03/30/2025,Grocery,2,2.65,Pending,Debit Card
AMA-O13585,AMA-C9915,17-May-2024,Electronics,4,777.19,Delivered,Credit Card
AMA-O9472,AMA-C7895,2024-10-22,Home & Kitchen,3,174.18,Shipped,Credit Card
AMA-O12742,AMA-C8224,2023-03-17,Home & Kitchen,2,26.6,Pending,UPI
AMA-O14846,AMA-C5822,08/12/2023,Toys,4,60.88,Shipped,UPI
AMA-O8452,AMA-C1276,2023-06-28,Books,3,9.32,Delivered,Credit Card
AMA-O9815,AMA-C3898,05-Jun-2025,Sports & Outdoors,3,123.95,Shipped,UPI
AMA-O9392,AMA-C4578,05/13/2025,Electronics,4,516.55,Returned,Debit Card
AMA-O6734,AMA-C2687,09/01/2025,Books,1,$26.56,Returned,Debit Card
AMA-O6805,AMA-C6213,04/08/2024,Home & Kitchen,4,206.11,Returned,UPI
AMA-O7231,AMA-C5626,05/05/2025,Books,4,17.2,Returned,Gift Card
AMA-O8936,AMA-C10445,2024-08-05,Books,3,32.13,Returned,UPI
AMA-O8223,AMA-C7058,2024-01-22,Home & Kitchen,2,176.52,Shipped,Credit Card
AMA-O11177,AMA-C2986,01/02/2025,Books,4,19.52,Delivered,Amazon Pay
AMA-O14001,AMA-C9141,2025-05-03,Books,4,30.98,Pending,Debit Card
AMA-O10765,AMA-C5961,04/06/2025,Toys,3,9.52,Delivered,UPI
AMA-O10099,AMA-C5854,2024-12-07,Grocery,5,23.7,Returned,UPI
AMA-O11739,AMA-C4275,2025-08-10,Grocery,4,7.02,Returned,UPI
AMA-O7125,AMA-C7652,16-Nov-2023,Apparel,5,104.3,Delivered,Gift Card
AMA-O6371,AMA-C5615,12-Jul-2025,Books,3,$36.98,Delivered,Gift Card
AMA-O7174,AMA-C7385,2024-09-23,Home & Kitchen,1,142.87,Pending,UPI
AMA-O9339,AMA-C5015,2025-06-11,Beauty,1,88.33,Shipped,UPI
AMA-O5102,AMA-C10758,02-Oct-2025,Apparel,3,$67.69,Pending,Credit Card
AMA-O7263,AMA-C2420,2023-12-05,Sports & Outdoors,-1,87.32,Delivered,Amazon Pay
AMA-O12470,AMA-C2460,07-Sep-2025,Books,3,$36.04,Cancelled,Debit Card
AMA-O10640,AMA-C2351,30-May-2023,Sports & Outdoors,1,35.66,Returned,Debit Card
AMA-O7604,AMA-C6278,09/18/2023,Beauty,2,$17.47,Delivered,Debit Card
AMA-O7812,AMA-C5981,20-Mar-2023,Beauty,5,9.47,Delivered,Gift Card
AMA-O7344,AMA-C10809,2024-03-21,Sports & Outdoors,1,102.06,Cancelled,Gift Card
AMA-O5430,AMA-C5625,2023-07-08,Home & Kitchen,1,54.45,Delivered,UPI
AMA-O14942,AMA-C1225,2025-04-03,Grocery,2,29.54,Delivered,Amazon Pay
AMA-O12713,AMA-C9999,2024-12-04,Books,3,$26.18,Shipped,Credit Card
AMA-O14061,AMA-C3519,05/28/2023,Home & Kitchen,2,92.57,Shipped,Credit Card
AMA-O10087,AMA-C10979,08/05/2025,Sports & Outdoors,3,$49.30,Delivered,Amazon Pay
AMA-O9473,AMA-C2610,09/12/2024,Electronics,5,63.35,Shipped,Amazon Pay
AMA-O5330,AMA-C8104,10-Dec-2024,Apparel,2,78.6,Pending,Debit Card
AMA-O11060,AMA-C2163,01/10/2024,Sports & Outdoors,4,206.73,Delivered,Debit Card
AMA-O7814,AMA-C3875,04-Jul-2024,Apparel,4,$39.75,Shipped,Amazon Pay
AMA-O8990,AMA-C8755,05-Oct-2025,Electronics,4,463.43,Delivered,Amazon Pay
AMA-O7638,AMA-C7036,01-Jan-2023,Electronics,5,169.17,Pending,Gift Card
AMA-O12507,AMA-C6990,18-Jul-2025,Beauty,5,41.4,Shipped,UPI
AMA-O9596,AMA-C7891,29-Jun-2024,Books,4,9.54,Pending,Gift Card
AMA-O7644,AMA-C3727,08/21/2023,Home & Kitchen,4,35.29,Returned,Debit Card
AMA-O5800,AMA-C6129,2024-02-02,Books,2,33.93,Pending,Debit Card
AMA-O13341,AMA-C7857,19-Dec-2024,Home & Kitchen,3,59.59,Delivered,Amazon Pay
AMA-O6754,AMA-C8158,09/28/2024,Home & Kitchen,4,46.35,Cancelled,UPI
AMA-O13527,AMA-C6354,01-Sep-2025,Books,5,33.97,Delivered,Gift Card
AMA-O6814,AMA-C5669,30-Mar-2024,Books,4,19.21,Delivered,Gift Card
AMA-O7048,AMA-C9153,25-Aug-2024,Beauty,1,$84.51,Cancelled,Gift Card
AMA-O10055,AMA-C10168,04/01/2023,Grocery,1,23.6,Returned,Debit Card
AMA-O11872,AMA-C9590,10-Jan-2023,Books,2,37.56,Shipped,Debit Card
AMA-O13858,AMA-C10213,18-Dec-2024,Sports & Outdoors,5,146.97,Delivered,UPI
AMA-O13567,AMA-C2733,26-Dec-2024,Books,4,39.5,Delivered,Gift Card
AMA-O12520,AMA-C8419,07/13/2025,Grocery,2,28.53,Delivered,Amazon Pay
AMA-O12163,AMA-C6988,13-Apr-2024,Home & Kitchen,4,87.84,Shipped,Gift Card
AMA-O9296,AMA-C5431,26-Oct-2023,Beauty,3,$8.30,Delivered,UPI
AMA-O9218,AMA-C4215,2023-12-25,Electronics,2,148.8,Delivered,Amazon Pay
AMA-O14756,AMA-C2071,08/20/2024,Apparel,1,30.54,,Debit Card
AMA-O12558,AMA-C8308,2025-03-12,Electronics,2,35.62,,UPI
AMA-O13099,AMA-C1082,2025-09-25,Sports & Outdoors,1,120.44,Cancelled,Gift Card
AMA-O8763,AMA-C2958,10/19/2023,Electronics,1,472.85,Shipped,Debit Card
AMA-O13758,AMA-C3472,2025-12-02,Toys,1,$77.70,Pending,Credit Card
AMA-O13900,AMA-C5580,11-Sep-2023,Apparel,4,42.21,Delivered,Amazon Pay
AMA-O13571,AMA-C5496,01-Jun-2025,Toys,5,$43.53,Pending,Amazon Pay
AMA-O11284,AMA-C8164,2023-04-12,Beauty,3,53.83,Cancelled,Debit Card
AMA-O13076,AMA-C8881,2024-01-07,Home & Kitchen,2,166.26,Delivered,Amazon Pay
AMA-O10350,AMA-C4933,07/03/2024,Apparel,5,$77.87,Delivered,UPI
AMA-O12467,AMA-C3225,2023-02-25,Books,1,22.64,Delivered,Credit Card
AMA-O11614,AMA-C4613,2023-11-20,Electronics,2,442.39,Cancelled,UPI
AMA-O8816,AMA-C7009,01/20/2024,Toys,4,11.67,Pending,Gift Card
AMA-O8729,AMA-C2005,07/03/2024,Toys,3,30.44,Delivered,Gift Card
AMA-O8929,AMA-C3898,14-Dec-2023,Beauty,4,45.44,Delivered,Amazon Pay
AMA-O8020,AMA-C2913,12-Nov-2025,Grocery,1,25.87,Delivered,UPI
AMA-O14849,AMA-C6254,06/26/2025,Grocery,4,17.87,Pending,Amazon Pay
AMA-O14210,AMA-C7504,22-Jan-2025,Electronics,2,$447.09,Shipped,UPI
AMA-O10660,AMA-C9027,06/20/2023,Beauty,4,71.74,Pending,Amazon Pay
AMA-O13496,AMA-C5435,10/17/2024,Home & Kitchen,1,80.56,Shipped,Credit Card
AMA-O8347,AMA-C9472,30-Jun-2025,Home & Kitchen,5,30.54,Delivered,Credit Card
AMA-O12956,AMA-C3713,2024-01-26,Grocery,5,12.42,Pending,UPI
AMA-O11403,AMA-C4109,29-Jul-2023,Apparel,1,91.08,Delivered,UPI
AMA-O9895,AMA-C9359,2025-07-25,Grocery,1,$24.76,Pending,Amazon Pay
AMA-O5377,AMA-C5356,04-Jul-2024,Electronics,3,514.35,Delivered,Debit Card
AMA-O5823,AMA-C5309,09/27/2024,Books,5,13.19,Delivered,Debit Card
AMA-O7695,AMA-C1860,20-Sep-2024,Toys,4,6.78,Delivered,Amazon Pay
AMA-O14200,AMA-C10552,26-Jul-2024,Beauty,1,$65.85,Returned,Gift Card
AMA-O14094,AMA-C1136,07/18/2024,Sports & Outdoors,4,$178.68,Returned,UPI
AMA-O7497,AMA-C8647,2025-12-24,Home & Kitchen,3,198.94,Shipped,Amazon Pay
AMA-O11088,AMA-C6939,2024-10-03,Electronics,3,$204.60,Cancelled,Debit Card
AMA-O9958,AMA-C2929,2023-05-14,Toys,5,$17.56,Pending,Debit Card
AMA-O12983,AMA-C1146,09/16/2025,Toys,1,$37.31,Shipped,Gift Card
AMA-O10575,AMA-C8322,01/22/2024,Books,2,15.69,Delivered,Credit Card
AMA-O10390,AMA-C4432,18-Jul-2023,Books,4,6.27,Delivered,Amazon Pay
AMA-O9784,AMA-C8820,11/20/2023,Toys,1,66.27,,Debit Card
AMA-O10742,AMA-C4977,11/25/2025,Beauty,2,42.36,Delivered,Debit Card
AMA-O6273,AMA-C9336,04-Mar-2024,Beauty,4,21.13,Delivered,Credit Card
AMA-O6280,AMA-C7137,05/18/2023,Home & Kitchen,2,$46.60,Shipped,Debit Card
AMA-O10948,AMA-C6383,26-Dec-2023,Sports & Outdoors,5,$70.32,Cancelled,Gift Card
AMA-O8186,AMA-C10107,04-Apr-2024,Beauty,1,75.12,Delivered,Amazon Pay
AMA-O13334,AMA-C10053,21-May-2023,Toys,4,47.67,Delivered,Credit Card
AMA-O7318,AMA-C8514,12/14/2025,Electronics,4,578.39,Cancelled,UPI
AMA-O6541,AMA-C7571,2025-08-07,Home & Kitchen,3,132.23,Cancelled,Credit Card
AMA-O14144,AMA-C3449,11/21/2025,Beauty,4,$43.85,Delivered,Gift Card
AMA-O13936,AMA-C4226,2023-11-08,Home & Kitchen,4,$44.45,Returned,Gift Card
AMA-O14430,AMA-C6984,15-Oct-2024,Sports & Outdoors,3,157.12,Returned,Gift Card
AMA-O5476,AMA-C4290,2023-01-14,Grocery,3,$54.58,Delivered,UPI
AMA-O13294,AMA-C10898,2023-03-29,Grocery,2,25.82,Delivered,Credit Card
AMA-O9017,AMA-C3895,01/23/2025,Toys,3,36.7,Shipped,UPI
AMA-O13793,AMA-C3782,04/29/2025,Electronics,1,200.43,Cancelled,UPI
AMA-O14418,AMA-C4077,07/02/2025,Home & Kitchen,5,87.12,Shipped,Credit Card
AMA-O5412,AMA-C2616,2024-01-30,Electronics,1,707.63,Returned,Debit Card
AMA-O10637,AMA-C3105,04-Oct-2025,Toys,2,40.14,Pending,Amazon Pay
AMA-O9799,AMA-C5927,28-Mar-2025,Grocery,1,29.69,Cancelled,Credit Card
AMA-O14736,AMA-C7850,25-Aug-2024,Grocery,5,25.35,Cancelled,Credit Card
AMA-O10206,AMA-C8408,06-May-2023,Beauty,1,18.14,Delivered,Gift Card
AMA-O5244,AMA-C1164,11/04/2023,Electronics,3,607.73,Returned,UPI
AMA-O11472,AMA-C2170,2023-11-15,Electronics,1,258.32,Returned,UPI
AMA-O8788,AMA-C8772,2024-02-17,Home & Kitchen,4,253.81,Delivered,Debit Card
AMA-O8906,AMA-C3764,2023-11-30,Toys,1,$37.54,Cancelled,Debit Card
AMA-O13375,AMA-C5312,2025-02-07,Home & Kitchen,3,$198.36,Returned,Debit Card
AMA-O6055,AMA-C9172,2023-10-01,Electronics,1,268.4,Returned,Amazon Pay
AMA-O11933,AMA-C1032,29-Sep-2024,Home & Kitchen,3,175.39,,Gift Card
AMA-O6446,AMA-C9899,10/07/2024,Books,1,29.22,Delivered,UPI
AMA-O5719,AMA-C3408,06/17/2023,Sports & Outdoors,5,$204.04,Delivered,Credit Card
AMA-O7408,AMA-C2367,24-Feb-2025,Beauty,4,70.22,Shipped,Gift Card
AMA-O9599,AMA-C8090,09/02/2024,Grocery,5,12.23,Delivered,Amazon Pay
AMA-O11205,AMA-C3069,10/10/2025,Home & Kitchen,2,175.37,Delivered,Amazon Pay
AMA-O6822,AMA-C5949,18-Nov-2025,Electronics,5,655.42,Pending,UPI
AMA-O12110,AMA-C8931,2025-02-10,Electronics,1,91.89,Cancelled,Amazon Pay
AMA-O12381,AMA-C8981,2025-01-31,Apparel,4,47.04,Delivered,Amazon Pay
AMA-O7641,AMA-C2394,2023-08-20,Sports & Outdoors,3,147.18,Pending,Debit Card
AMA-O7450,AMA-C8519,01/14/2024,Electronics,3,481.12,Returned,Debit Card
AMA-O11273,AMA-C6113,25-Feb-2024,Beauty,4,57.98,Delivered,Debit Card
AMA-O14840,AMA-C4071,04-Jun-2023,Books,3,6.3,Cancelled,Amazon Pay
AMA-O6121,AMA-C4261,14-Nov-2025,Sports & Outdoors,2,190.51,Shipped,Amazon Pay
AMA-O5399,AMA-C5926,2024-07-05,Grocery,4,$55.46,Delivered,Amazon Pay
AMA-O11884,AMA-C8845,10/08/2023,Grocery,2,42.7,Delivered,Amazon Pay
AMA-O14263,AMA-C8189,2024-01-10,Toys,2,99.88,Pending,Debit Card
AMA-O6609,AMA-C3665,2025-05-21,Grocery,5,11.09,Delivered,Debit Card
AMA-O10583,AMA-C1084,2024-04-28,Home & Kitchen,4,299.81,Shipped,Credit Card
AMA-O11133,AMA-C4864,01/06/2023,Books,5,22.42,Shipped,Credit Card
AMA-O6313,AMA-C7638,07/21/2025,Beauty,-1,64.18,Shipped,Credit Card
AMA-O8408,AMA-C6593,12/18/2025,Books,2,33.78,Returned,Gift Card
AMA-O9531,AMA-C5280,24-Oct-2025,Home & Kitchen,1,72.67,Cancelled,Debit Card
AMA-O11880,AMA-C6688,07/27/2023,Home & Kitchen,2,37.12,Delivered,Amazon Pay
AMA-O13139,AMA-C1760,18-Oct-2024,Books,5,$34.91,Shipped,Credit Card
AMA-O11379,AMA-C10541,09/03/2025,Sports & Outdoors,4,21.26,Delivered,Gift Card
AMA-O10573,AMA-C7802,04-Jan-2025,Beauty,1,26.38,Cancelled,Amazon Pay
AMA-O13164,AMA-C7606,03/21/2024,Home & Kitchen,3,35.78,Delivered,Amazon Pay
AMA-O8220,AMA-C1586,05/05/2023,Home & Kitchen,4,269.46,Cancelled,Amazon Pay
AMA-O6284,AMA-C3691,04/19/2024,Apparel,1,64.37,Delivered,Credit Card
AMA-O9722,AMA-C10069,06/22/2024,Apparel,5,$63.37,Pending,UPI
AMA-O9343,AMA-C7425,07/10/2024,Books,5,6.23,Delivered,Debit Card
AMA-O11951,AMA-C9081,17-Feb-2024,Home & Kitchen,5,$276.96,Delivered,Amazon Pay
AMA-O14093,AMA-C4342,10-Apr-2024,Beauty,3,$75.32,Pending,Credit Card
AMA-O5108,AMA-C2765,2025-01-02,Home & Kitchen,3,236.35,Delivered,Credit Card
AMA-O10349,AMA-C6498,2025-03-04,Toys,4,8.43,Returned,Gift Card
AMA-O8058,AMA-C5108,03/05/2025,Beauty,3,$9.38,Delivered,Gift Card
AMA-O11948,AMA-C6253,29-Jan-2024,Beauty,3,67.65,Delivered,UPI
AMA-O8022,AMA-C6525,2024-01-01,Apparel,2,$90.46,Delivered,Credit Card
AMA-O10305,AMA-C9939,2025-11-15,Books,1,11.5,Shipped,UPI
AMA-O13397,AMA-C8926,2023-11-03,Sports & Outdoors,5,76.3,Returned,Amazon Pay
AMA-O6379,AMA-C9999,03/16/2023,Toys,4,17.01,Pending,Gift Card
AMA-O12264,AMA-C1569,2025-01-27,Apparel,4,111.54,Pending,Credit Card
AMA-O8018,AMA-C10596,04/13/2025,Electronics,2,$293.97,Pending,Credit Card
AMA-O10522,AMA-C6924,06/05/2024,Home & Kitchen,4,160.72,Delivered,Credit Card
AMA-O7301,AMA-C2152,07/01/2023,Sports & Outdoors,3,157.67,Delivered,Debit Card
AMA-O11219,AMA-C4578,2024-05-29,Grocery,4,23.77,Shipped,UPI
AMA-O6122,AMA-C9304,03/16/2024,Apparel,3,46.7,Delivered,Credit Card
AMA-O10373,AMA-C4671,10/07/2023,Grocery,3,27.71,Delivered,Debit Card
AMA-O10661,AMA-C6857,10/25/2023,Sports & Outdoors,3,$126.96,Pending,Credit Card
AMA-O7456,AMA-C7310,2024-10-13,Beauty,1,39.3,Delivered,Debit Card
AMA-O10218,AMA-C10173,13-Jun-2025,Apparel,3,$116.33,Delivered,Gift Card
AMA-O5929,AMA-C10774,08/27/2024,Apparel,4,71.17,Delivered,Credit Card
AMA-O7955,AMA-C8744,2023-05-27,Sports & Outdoors,1,136.34,Delivered,UPI
AMA-O12692,AMA-C1007,09/03/2023,Apparel,1,86.94,Pending,Credit Card
AMA-O6766,AMA-C8078,02/14/2024,Beauty,2,$40.25,Cancelled,Debit Card
AMA-O7780,AMA-C7131,31-May-2025,Sports & Outdoors,3,175.45,Delivered,Amazon Pay
AMA-O13856,AMA-C2480,20-Aug-2023,Home & Kitchen,3,96.69,Cancelled,UPI
AMA-O5805,AMA-C10271,05/06/2025,Sports & Outdoors,3,$117.64,Shipped,Credit Card
AMA-O12062,AMA-C4490,12-Sep-2025,Sports & Outdoors,5,95.85,Pending,Gift Card
AMA-O7823,AMA-C3872,2024-09-28,Home & Kitchen,1,219.19,Returned,Debit Card
AMA-O11751,AMA-C7348,2025-03-30,Beauty,4,60.87,Shipped,Amazon Pay
AMA-O10359,AMA-C2092,2024-11-14,Beauty,3,16.64,Cancelled,UPI
AMA-O6278,AMA-C2427,15-Sep-2024,Sports & Outdoors,4,196.01,Cancelled,Debit Card
AMA-O14646,AMA-C3114,09/21/2025,Sports & Outdoors,1,104.64,Delivered,Credit Card
AMA-O9198,AMA-C10777,2024-03-27,Electronics,1,585.73,Delivered,Credit Card
AMA-O11253,AMA-C7116,10/13/2023,Home & Kitchen,4,269.51,Cancelled,Amazon Pay
AMA-O11643,AMA-C3727,05/05/2024,Electronics,3,629.5,Pending,Amazon Pay
AMA-O12342,AMA-C6390,06/27/2024,Books,4,14.9,Shipped,Credit Card
AMA-O9820,AMA-C10658,03-Oct-2024,Sports & Outdoors,3,170.08,Cancelled,Credit Card
AMA-O8713,AMA-C5229,14-Dec-2024,Apparel,1,9.18,Returned,UPI
AMA-O8137,AMA-C6916,02/28/2025,Home & Kitchen,3,107.49,Cancelled,UPI
AMA-O10427,AMA-C5928,2025-07-28,Sports & Outdoors,3,147.12,Delivered,Credit Card
AMA-O6859,AMA-C7227,20-Aug-2024,Grocery,5,28.32,Returned,Amazon Pay
AMA-O11179,AMA-C3746,12-Oct-2024,Grocery,2,39.75,Shipped,Credit Card
AMA-O11809,AMA-C7956,02/13/2025,Home & Kitchen,2,102.02,Pending,Gift Card
AMA-O9984,AMA-C1557,03/24/2025,Beauty,2,$64.88,Delivered,Debit Card
AMA-O7822,AMA-C9303,13-Oct-2024,Books,2,$37.75,Cancelled,Gift Card
AMA-O5410,AMA-C6629,03/28/2024,Electronics,5,268.55,Shipped,UPI
AMA-O12775,AMA-C6709,2024-09-06,Grocery,5,24.68,Cancelled,UPI
AMA-O6921,AMA-C8575,2023-09-15,Apparel,3,80.53,Delivered,Credit Card
AMA-O7639,AMA-C2680,2023-03-30,Electronics,5,547.15,Delivered,Credit Card
AMA-O12134,AMA-C4329,24-Apr-2025,Sports & Outdoors,5,194.98,Delivered,UPI
AMA-O6569,AMA-C1914,07-Feb-2025,Toys,3,$39.44,Delivered,Credit Card
AMA-O12234,AMA-C8591,2025-10-28,Grocery,3,59.95,Delivered,Debit Card
AMA-O6741,AMA-C3885,24-Dec-2025,Books,4,37.51,Delivered,Amazon Pay
AMA-O7406,AMA-C9231,2024-04-24,Books,1,15.78,Cancelled,Amazon Pay
AMA-O8768,AMA-C5547,05/02/2023,Home & Kitchen,4,94.34,Pending,UPI
AMA-O11380,AMA-C10739,2025-10-08,Grocery,1,54.36,Shipped,Amazon Pay
AMA-O14645,AMA-C5157,14-Jan-2025,Home & Kitchen,4,161.09,Cancelled,Gift Card
AMA-O6203,AMA-C9893,06/21/2024,Home & Kitchen,1,242.11,Returned,Credit Card
AMA-O5721,AMA-C8861,06/30/2024,Books,2,14.44,Shipped,Credit Card
AMA-O7730,AMA-C5525,2025-12-23,Sports & Outdoors,2,138.19,Delivered,Gift Card
AMA-O13021,AMA-C8588,24-Jul-2024,Books,5,$8.86,Delivered,UPI
AMA-O8673,AMA-C8806,2025-02-20,Books,3,28.89,Pending,Debit Card
AMA-O5615,AMA-C10929,2025-01-14,Electronics,3,190.77,Delivered,UPI
AMA-O6513,AMA-C7402,2024-03-14,Grocery,4,46.17,Cancelled,UPI
AMA-O9450,AMA-C10447,2025-10-15,Sports & Outdoors,1,101.82,Delivered,UPI
AMA-O6562,AMA-C4216,06/23/2024,Toys,1,38.01,Delivered,Gift Card
AMA-O6363,AMA-C3792,2024-09-14,Toys,1,25.32,Delivered,Debit Card
AMA-O7487,AMA-C10165,24-Feb-2024,Grocery,3,24.57,Delivered,Amazon Pay
AMA-O10577,AMA-C2616,07/10/2025,Apparel,2,82.31,Cancelled,UPI
AMA-O8285,AMA-C3403,2024-04-11,Toys,4,15.02,Shipped,Gift Card
AMA-O11270,AMA-C8600,2024-01-07,Sports & Outdoors,4,102.18,Shipped,Amazon Pay
AMA-O10684,AMA-C7653,09-Feb-2025,Apparel,1,119.25,,Credit Card
AMA-O5198,AMA-C5434,2025-01-27,Books,5,30.09,Delivered,Debit Card
AMA-O10285,AMA-C2555,2023-05-07,Electronics,2,595.71,Cancelled,Debit Card
AMA-O11546,AMA-C5169,27-May-2023,Apparel,5,52.48,Returned,Debit Card
AMA-O9165,AMA-C3792,09/20/2025,Beauty,4,$40.93,Delivered,Debit Card
AMA-O14918,AMA-C8297,24-Sep-2024,Toys,5,61.93,Returned,Gift Card
AMA-O6456,AMA-C1439,04/29/2024,Books,2,14.99,Pending,Debit Card
AMA-O11874,AMA-C4717,25-Sep-2024,Toys,3,48.6,Cancelled,Gift Card
AMA-O5849,AMA-C9955,07/22/2024,Beauty,5,61.69,Cancelled,Amazon Pay
AMA-O8080,AMA-C3694,02/23/2024,Home & Kitchen,1,$231.70,Cancelled,Amazon Pay
AMA-O5884,AMA-C7462,23-Dec-2025,Electronics,1,407.16,Delivered,Gift Card
AMA-O11640,AMA-C6492,03-Dec-2023,Sports & Outdoors,3,38.79,Returned,Credit Card
AMA-O12099,AMA-C7697,2025-08-12,Apparel,2,80.57,Delivered,Gift Card
AMA-O6881,AMA-C8027,01/19/2025,Sports & Outdoors,-1,234.86,Pending,Credit Card
AMA-O6691,AMA-C10315,2024-04-29,Books,1,$18.10,Returned,UPI
AMA-O8473,AMA-C7903,2023-04-09,Toys,5,42.74,Pending,Credit Card
AMA-O9266,AMA-C9999,10-Dec-2024,Books,1,38.81,Returned,Debit Card
AMA-O7307,AMA-C8251,2025-09-03,Grocery,5,15.4,Shipped,Amazon Pay
AMA-O7597,AMA-C3189,07/11/2025,Books,3,10.16,Shipped,Amazon Pay
AMA-O5055,AMA-C3560,03/07/2025,Grocery,1,27.83,Cancelled,Debit Card
AMA-O11758,AMA-C6447,12-Jan-2025,Sports & Outdoors,4,86.06,Returned,Gift Card
AMA-O5781,AMA-C9042,25-Dec-2025,Toys,5,16.94,Cancelled,Gift Card
AMA-O9933,AMA-C3808,18-Jul-2025,Electronics,4,54.97,Delivered,Gift Card
AMA-O8104,AMA-C5588,05/27/2025,Electronics,2,415.57,Shipped,Credit Card
AMA-O12570,AMA-C3388,12/28/2023,Books,5,26.54,,Amazon Pay
AMA-O6924,AMA-C4827,2025-01-03,Beauty,3,33.6,Pending,Amazon Pay
AMA-O12025,AMA-C9104,2025-04-10,Apparel,1,$105.34,Delivered,Gift Card
AMA-O11722,AMA-C5765,2023-06-25,Toys,1,56.76,Delivered,Debit Card
AMA-O12941,AMA-C9840,21-Aug-2025,Toys,2,44.25,Delivered,Credit Card
AMA-O11246,AMA-C7398,10/15/2023,Apparel,4,96.96,,Debit Card
AMA-O5221,AMA-C7162,2025-09-27,Apparel,2,54.09,Shipped,Gift Card
AMA-O7933,AMA-C4382,06-Aug-2024,Sports & Outdoors,5,121.53,Returned,UPI
AMA-O12747,AMA-C7743,16-May-2023,Home & Kitchen,4,230.14,Returned,Amazon Pay
AMA-O12307,AMA-C6452,19-Aug-2025,Grocery,3,38.75,Delivered,Gift Card
AMA-O13342,AMA-C5607,2024-01-19,Grocery,5,53.44,,Credit Card
AMA-O9988,AMA-C8321,2024-02-04,Toys,2,74.99,Delivered,UPI
AMA-O5320,AMA-C5480,02/14/2025,Apparel,1,96.18,Delivered,Amazon Pay
AMA-O10576,AMA-C2256,26-Apr-2023,Grocery,5,32.5,Shipped,Credit Card
AMA-O10804,AMA-C6153,18-Jul-2025,Sports & Outdoors,5,$45.18,Returned,UPI
AMA-O12871,AMA-C10339,2023-08-29,Beauty,4,51.32,Shipped,Amazon Pay
AMA-O11731,AMA-C5842,06-Jul-2023,Home & Kitchen,2,94.48,Pending,Gift Card
AMA-O12138,AMA-C3608,2024-06-26,Toys,4,$98.29,Delivered,Gift Card
AMA-O8648,AMA-C5340,09-Feb-2025,Home & Kitchen,2,90.43,Pending,UPI
AMA-O5087,AMA-C4125,2024-06-09,Grocery,2,7.38,Delivered,Gift Card
AMA-O14313,AMA-C5435,2025-06-28,Sports & Outdoors,3,109.0,Delivered,Credit Card
AMA-O8431,AMA-C4962,01-Mar-2025,Home & Kitchen,1,$107.82,Delivered,Amazon Pay
AMA-O9231,AMA-C7099,07/26/2025,Apparel,2,21.3,Pending,Gift Card
AMA-O11044,AMA-C6166,06/15/2023,Sports & Outdoors,4,159.13,Delivered,UPI
AMA-O10892,AMA-C1879,04/27/2024,Beauty,3,$63.76,Delivered,Amazon Pay
AMA-O14274,AMA-C7290,05/31/2023,Home & Kitchen,4,298.34,Returned,Amazon Pay
AMA-O12086,AMA-C6459,2024-11-20,Toys,5,38.58,Delivered,Amazon Pay
AMA-O9264,AMA-C4744,2024-12-23,Sports & Outdoors,4,91.97,Pending,Debit Card
AMA-O6567,AMA-C9683,2024-09-02,Apparel,4,119.88,Shipped,Amazon Pay
AMA-O7126,AMA-C2494,22-Dec-2023,Beauty,2,53.44,Returned,UPI
AMA-O13156,AMA-C2545,2023-08-06,Sports & Outdoors,5,216.07,Delivered,Gift Card
AMA-O7484,AMA-C10002,2024-05-26,Home & Kitchen,1,226.01,Shipped,Amazon Pay
AMA-O5508,AMA-C7693,04/20/2024,Toys,2,$28.63,Returned,Gift Card
AMA-O10419,AMA-C4831,07/07/2023,Apparel,3,$75.28,Delivered,Debit Card
AMA-O14795,AMA-C9642,29-Aug-2025,Sports & Outdoors,1,153.14,Delivered,Amazon Pay
AMA-O8506,AMA-C2923,2025-08-18,Apparel,2,$62.00,Delivered,Credit Card
AMA-O13691,AMA-C9999,2024-03-20,Toys,2,10.45,Pending,Debit Card
AMA-O13784,AMA-C1120,07-Jun-2023,Apparel,2,$111.91,Delivered,Debit Card
AMA-O9909,AMA-C10707,11-Feb-2025,Sports & Outdoors,5,183.61,Delivered,Credit Card
AMA-O14777,AMA-C9999,2024-04-11,Sports & Outdoors,1,218.14,Pending,UPI
AMA-O10845,AMA-C6679,24-Jul-2024,Toys,1,85.11,Delivered,Credit Card
AMA-O10601,AMA-C5343,28-Oct-2025,Sports & Outdoors,2,108.52,Delivered,UPI
AMA-O9336,AMA-C5215,2025-11-23,Books,5,19.49,Shipped,Debit Card
AMA-O7322,AMA-C10647,2024-07-18,Grocery,5,45.87,Shipped,Amazon Pay
AMA-O11255,AMA-C10838,04-Jul-2023,Toys,3,37.54,Pending,Gift Card
AMA-O10913,AMA-C9999,09-May-2024,Electronics,2,346.61,Delivered,Amazon Pay
AMA-O9130,AMA-C2924,23-Mar-2023,Sports & Outdoors,3,174.74,Pending,UPI
AMA-O8793,AMA-C8110,2025-10-30,Toys,1,$95.70,Cancelled,Gift Card
AMA-O10487,AMA-C10312,02/26/2023,Toys,4,$82.35,Delivered,Amazon Pay
AMA-O6406,AMA-C9999,12/17/2025,Sports & Outdoors,4,187.99,Delivered,UPI
AMA-O8108,AMA-C3942,2023-10-02,Electronics,1,287.28,Delivered,Debit Card
AMA-O5523,AMA-C10902,05/18/2024,Sports & Outdoors,3,64.23,Cancelled,Credit Card
AMA-O12831,AMA-C2623,05/30/2025,Grocery,4,7.15,Returned,Credit Card
AMA-O14481,AMA-C10828,11/11/2025,Toys,3,66.9,Delivered,UPI
AMA-O7051,AMA-C5211,10/04/2025,Electronics,1,$781.32,Pending,UPI
AMA-O5265,AMA-C7412,09/21/2025,Electronics,1,354.69,Delivered,Amazon Pay
AMA-O6504,AMA-C9400,09/20/2025,Home & Kitchen,1,145.88,Returned,Gift Card
AMA-O7694,AMA-C2255,31-Dec-2024,Books,1,9.07,Delivered,Amazon Pay
AMA-O7148,AMA-C9933,2023-06-14,Beauty,5,49.96,Delivered,Amazon Pay
AMA-O8420,AMA-C8137,01/13/2024,Toys,3,$9.52,Delivered,Amazon Pay
AMA-O5378,AMA-C10579,21-Mar-2024,Beauty,3,$18.26,Returned,Amazon Pay
AMA-O6564,AMA-C4898,28-May-2023,Electronics,2,43.67,Delivered,Gift Card
AMA-O11523,AMA-C7237,03/19/2023,Sports & Outdoors,5,114.56,Delivered,Debit Card
AMA-O8055,AMA-C10696,05/08/2025,Home & Kitchen,4,157.3,Delivered,Amazon Pay
AMA-O8190,AMA-C2831,04/12/2025,Electronics,1,236.19,Delivered,Gift Card
AMA-O7477,AMA-C7481,2025-07-20,Sports & Outdoors,2,161.95,Delivered,Gift Card
AMA-O11504,AMA-C4575,2024-02-19,Toys,1,8.31,Delivered,UPI
AMA-O11127,AMA-C1613,08-Jun-2023,Electronics,3,283.13,Returned,Gift Card
AMA-O12818,AMA-C1128,06/08/2024,Grocery,3,57.08,Shipped,Amazon Pay
AMA-O10200,AMA-C1300,08/12/2023,Grocery,1,5.06,Delivered,UPI
AMA-O11187,AMA-C8835,30-Oct-2025,Sports & Outdoors,5,147.7,,UPI
AMA-O12985,AMA-C5829,03/19/2025,Electronics,5,75.37,Delivered,Gift Card
AMA-O11646,AMA-C2162,01/20/2024,Apparel,3,$26.10,Pending,UPI
AMA-O7915,AMA-C5875,2024-11-12,Books,4,$39.10,Pending,UPI
AMA-O8513,AMA-C3251,2025-10-06,Toys,5,30.95,Returned,Gift Card
AMA-O13732,AMA-C4539,2024-03-30,Electronics,5,359.71,Returned,Gift Card
AMA-O7619,AMA-C6453,10-Feb-2023,Electronics,-5,352.39,Delivered,Credit Card
AMA-O10310,AMA-C4709,01/12/2025,Home & Kitchen,2,148.04,Pending,Gift Card
AMA-O8619,AMA-C6016,05/08/2023,Sports & Outdoors,1,243.46,Pending,Amazon Pay
AMA-O12376,AMA-C8331,2025-12-21,Electronics,3,$359.20,Returned,UPI
AMA-O12936,AMA-C6093,18-Jan-2023,Books,4,18.05,Pending,Debit Card
AMA-O6030,AMA-C5935,23-Jan-2023,Home & Kitchen,1,42.44,Delivered,UPI
AMA-O14178,AMA-C1147,2023-01-09,Beauty,3,68.4,Cancelled,UPI
AMA-O6551,AMA-C7194,2023-09-28,Home & Kitchen,2,201.46,Cancelled,UPI
AMA-O6573,AMA-C6083,03/01/2023,Toys,5,$59.71,Returned,UPI
AMA-O8626,AMA-C1312,10/04/2024,Grocery,4,$57.76,Shipped,Credit Card
AMA-O8262,AMA-C6189,15-Aug-2025,Books,4,19.98,Returned,Gift Card
AMA-O8995,AMA-C7112,20-Aug-2025,Toys,3,19.23,Pending,UPI
AMA-O6294,AMA-C9999,13-May-2024,Beauty,3,87.17,Cancelled,Gift Card
AMA-O12223,AMA-C3298,12/01/2023,Apparel,5,21.85,Delivered,Gift Card
AMA-O13552,AMA-C7046,29-Oct-2024,Books,4,38.29,Cancelled,Debit Card
AMA-O8527,AMA-C6024,09/12/2025,Books,5,$21.80,Returned,Debit Card
AMA-O10367,AMA-C10252,2025-05-24,Sports & Outdoors,3,174.15,Delivered,Debit Card
AMA-O5670,AMA-C2053,28-Feb-2024,Grocery,5,50.16,Shipped,Debit Card
AMA-O6700,AMA-C8421,04-Sep-2025,Apparel,4,45.32,Pending,Gift Card
AMA-O5923,AMA-C1060,2025-11-19,Home & Kitchen,1,295.14,Shipped,Credit Card
AMA-O11110,AMA-C9604,11-Jun-2024,Books,5,12.01,Cancelled,Amazon Pay
AMA-O13487,AMA-C6312,2024-04-27,Toys,5,$92.72,Delivered,Gift Card
AMA-O10394,AMA-C5390,2025-10-11,Sports & Outdoors,2,36.47,Shipped,Debit Card
AMA-O8141,AMA-C7403,08/01/2024,Apparel,4,80.0,Pending,Amazon Pay
AMA-O6001,AMA-C5674,08/12/2025,Beauty,5,88.57,Delivered,Amazon Pay
AMA-O9572,AMA-C10692,2025-11-21,Home & Kitchen,1,255.84,Returned,Credit Card
AMA-O9713,AMA-C3682,2023-04-02,Toys,2,69.25,Pending,UPI
AMA-O8727,AMA-C8576,2025-11-16,Sports & Outdoors,1,96.25,Pending,Amazon Pay
AMA-O14769,AMA-C3960,03/02/2025,Books,5,35.39,Shipped,Debit Card
AMA-O14290,AMA-C1017,2023-05-31,Toys,3,18.02,Delivered,Amazon Pay
AMA-O7030,AMA-C8851,2024-11-18,Beauty,1,46.05,Pending,Credit Card
AMA-O8314,AMA-C5466,2023-05-19,Beauty,3,83.05,Pending,UPI
AMA-O8621,AMA-C8391,10/15/2023,Electronics,3,374.4,Returned,Amazon Pay
AMA-O12329,AMA-C2603,22-Apr-2023,Home & Kitchen,2,100.12,Delivered,Debit Card
AMA-O6839,AMA-C10556,21-Jul-2024,Grocery,2,13.49,Delivered,UPI
AMA-O10648,AMA-C5201,08/26/2025,Electronics,4,432.19,Delivered,UPI
AMA-O6724,AMA-C5383,01/06/2023,Books,5,20.1,Delivered,Credit Card
AMA-O9468,AMA-C9680,19-Aug-2025,Books,3,15.84,Delivered,Amazon Pay
AMA-O14041,AMA-C1303,20-Jan-2025,Grocery,2,$41.93,Pending,Debit Card
AMA-O14477,AMA-C2510,29-Jul-2024,Beauty,1,78.48,,Gift Card
AMA-O7097,AMA-C5688,2025-06-23,Apparel,2,85.67,Delivered,Gift Card
AMA-O6342,AMA-C1800,2023-07-28,Beauty,1,$22.17,Delivered,Amazon Pay
AMA-O14582,AMA-C6392,2025-04-09,Toys,4,85.17,Cancelled,UPI
AMA-O7815,AMA-C10352,2023-05-26,Home & Kitchen,2,140.67,Returned,UPI
AMA-O14873,AMA-C10752,2023-09-24,Sports & Outdoors,3,156.63,Shipped,Amazon Pay
AMA-O10786,AMA-C4166,2025-02-27,Grocery,3,4.71,Cancelled,Gift Card
AMA-O9837,AMA-C8248,04-Jun-2023,Grocery,2,52.89,Pending,Amazon Pay
AMA-O13491,AMA-C6015,08-May-2024,Sports & Outdoors,1,56.73,Delivered,Amazon Pay
AMA-O14021,AMA-C10449,12/07/2023,Toys,3,50.82,Delivered,Gift Card
AMA-O6450,AMA-C3842,17-Jun-2025,Books,4,34.37,Delivered,Amazon Pay
AMA-O7924,AMA-C9280,10-Aug-2023,Apparel,3,86.37,Pending,Amazon Pay
AMA-O14325,AMA-C2947,30-May-2023,Books,4,13.81,Delivered,Gift Card
AMA-O13413,AMA-C2772,2023-04-29,Apparel,2,74.89,Shipped,Debit Card
AMA-O11318,AMA-C7088,2023-07-17,Apparel,2,64.21,Delivered,Credit Card
AMA-O11103,AMA-C1552,09/17/2023,Beauty,3,56.78,Cancelled,Debit Card
AMA-O8598,AMA-C4200,06/16/2025,Electronics,1,521.77,Delivered,Gift Card
AMA-O9145,AMA-C1914,02/21/2025,Grocery,1,22.39,Shipped,Gift Card
AMA-O9353,AMA-C6853,2023-05-25,Grocery,4,25.15,Delivered,Credit Card
AMA-O6014,AMA-C6193,08/15/2025,Home & Kitchen,4,258.49,Delivered,Amazon Pay
AMA-O10220,AMA-C10149,09/20/2023,Home & Kitchen,2,49.49,Delivered,UPI
AMA-O9688,AMA-C3765,12-Oct-2025,Home & Kitchen,2,66.29,Cancelled,Credit Card
AMA-O10816,AMA-C9773,2023-08-11,Beauty,2,$5.50,Returned,Amazon Pay
AMA-O11176,AMA-C10456,2023-05-20,Toys,4,$16.83,Pending,Debit Card
AMA-O12611,AMA-C2002,15-Jun-2023,Books,3,32.49,Returned,Gift Card
AMA-O13794,AMA-C9749,07/13/2024,Beauty,2,7.79,Returned,Gift Card
AMA-O10498,AMA-C2947,20-Apr-2025,Sports & Outdoors,4,92.16,Delivered,Amazon Pay
AMA-O9015,AMA-C8077,10/16/2023,Grocery,4,36.25,Cancelled,Gift Card
AMA-O14814,AMA-C4045,08/04/2023,Beauty,5,59.39,Shipped,Debit Card
AMA-O8302,AMA-C5820,2025-04-20,Beauty,3,59.89,Delivered,Debit Card
AMA-O6097,AMA-C5819,29-Jan-2024,Home & Kitchen,4,101.8,Pending,Amazon Pay
AMA-O10728,AMA-C4743,07/14/2024,Home & Kitchen,3,277.67,Delivered,Credit Card
AMA-O7894,AMA-C7487,12/29/2025,Electronics,-1,639.61,Delivered,Debit Card
AMA-O11020,AMA-C4324,03/09/2025,Beauty,5,35.37,Shipped,Credit Card
AMA-O12535,AMA-C6787,2025-11-08,Sports & Outdoors,1,174.82,Cancelled,Amazon Pay
AMA-O5168,AMA-C7874,2023-11-17,Toys,-4,8.03,Pending,Debit Card
AMA-O11952,AMA-C2987,24-Jul-2025,Beauty,3,$89.32,Returned,Credit Card
AMA-O14196,AMA-C9189,07/02/2023,Beauty,1,47.92,Delivered,Amazon Pay
AMA-O13435,AMA-C1821,2025-05-02,Sports & Outdoors,5,230.22,Cancelled,Amazon Pay
AMA-O8441,AMA-C6078,12/17/2023,Electronics,5,470.58,Delivered,Debit Card
AMA-O6157,AMA-C3458,04-Apr-2023,Books,2,14.96,Delivered,Credit Card
AMA-O13144,AMA-C9004,05/06/2023,Electronics,3,165.16,Pending,Credit Card
AMA-O6298,AMA-C1706,2024-09-19,Beauty,2,63.6,Cancelled,Debit Card
AMA-O6250,AMA-C5377,04/10/2024,Apparel,4,34.85,Pending,Debit Card
AMA-O9936,AMA-C4804,09-Apr-2024,Beauty,2,73.64,Pending,UPI
AMA-O13989,AMA-C5360,02-May-2024,Sports & Outdoors,5,$107.57,Shipped,Gift Card
AMA-O13855,AMA-C3246,23-Aug-2023,Home & Kitchen,2,13.86,Delivered,Credit Card
AMA-O7137,AMA-C9999,2025-09-06,Toys,1,23.21,Shipped,Amazon Pay
AMA-O8557,AMA-C4493,09/01/2023,Toys,2,82.89,Delivered,Amazon Pay
AMA-O5026,AMA-C9999,07/07/2025,Sports & Outdoors,1,224.98,Cancelled,Debit Card
AMA-O7316,AMA-C10101,07/21/2025,Beauty,3,38.16,Delivered,Credit Card
AMA-O8710,AMA-C2346,04/18/2023,Home & Kitchen,1,$17.70,Delivered,UPI
AMA-O10749,AMA-C10437,2024-03-10,Toys,2,69.14,Delivered,Gift Card
AMA-O6905,AMA-C1432,2024-10-10,Beauty,5,23.48,Delivered,Credit Card
AMA-O8171,AMA-C6237,01-Mar-2024,Beauty,5,63.23,Shipped,Gift Card
AMA-O7356,AMA-C8220,2024-02-17,Toys,5,22.42,Delivered,Gift Card
AMA-O6860,AMA-C2184,2023-02-01,Beauty,4,79.75,Shipped,Debit Card
AMA-O8827,AMA-C10272,03-Oct-2023,Toys,4,41.78,Delivered,UPI
AMA-O11161,AMA-C10060,11-Jan-2024,Home & Kitchen,4,$189.64,Cancelled,Amazon Pay
AMA-O8744,AMA-C6482,26-Sep-2025,Apparel,4,$110.17,Cancelled,Debit Card
AMA-O14977,AMA-C2831,07/21/2025,Grocery,1,57.32,Returned,Credit Card
AMA-O8264,AMA-C3276,03/29/2024,Toys,5,48.78,Cancelled,Debit Card
AMA-O10057,AMA-C3806,02/17/2023,Grocery,1,58.16,Pending,Debit Card
AMA-O7832,AMA-C10496,2023-08-18,Grocery,4,47.77,Pending,Gift Card
AMA-O14247,AMA-C7400,01/10/2025,Toys,5,67.79,Pending,Gift Card
AMA-O6930,AMA-C5194,01/08/2024,Toys,3,$63.82,Shipped,Gift Card
AMA-O7559,AMA-C7706,07-Apr-2024,Electronics,5,684.52,Pending,Debit Card
AMA-O13726,AMA-C5175,05/08/2024,Electronics,3,164.7,Delivered,Credit Card
AMA-O14355,AMA-C3870,14-Sep-2023,Books,2,$23.17,Returned,Amazon Pay
AMA-O5691,AMA-C5993,15-Feb-2025,Sports & Outdoors,1,230.4,Returned,Debit Card
AMA-O8712,AMA-C2572,2025-10-09,Beauty,4,28.13,Shipped,Debit Card
AMA-O8308,AMA-C3052,18-Nov-2023,Beauty,-5,34.49,Returned,Credit Card
AMA-O7995,AMA-C10719,03/10/2023,Electronics,5,310.36,Cancelled,Credit Card
AMA-O5110,AMA-C2643,19-Jan-2023,Books,2,$37.63,Cancelled,Credit Card
AMA-O9772,AMA-C10444,19-Aug-2023,Sports & Outdoors,4,209.7,Delivered,Amazon Pay
AMA-O8136,AMA-C4822,2025-04-01,Home & Kitchen,2,$119.32,Delivered,Credit Card
AMA-O9619,AMA-C2110,04-Dec-2024,Books,4,$10.06,Cancelled,UPI
AMA-O11140,AMA-C7782,04/28/2025,Grocery,5,$46.18,Returned,Amazon Pay
AMA-O10682,AMA-C1821,02-Jul-2024,Home & Kitchen,4,229.05,Delivered,UPI
AMA-O7753,AMA-C3292,2023-10-20,Home & Kitchen,4,85.41,Pending,Credit Card
AMA-O13042,AMA-C2369,2024-01-26,Home & Kitchen,4,285.54,Returned,Credit Card
AMA-O5076,AMA-C10263,07/27/2024,Toys,3,26.4,Delivered,Gift Card
AMA-O9691,AMA-C6250,04/06/2023,Sports & Outdoors,4,23.64,Delivered,Gift Card
AMA-O5565,AMA-C8377,2025-09-09,Beauty,4,67.78,Delivered,Amazon Pay
AMA-O6652,AMA-C8257,06/05/2023,Electronics,5,163.41,Returned,Debit Card
AMA-O8254,AMA-C7076,22-Feb-2024,Toys,5,62.67,Cancelled,Credit Card
AMA-O9927,AMA-C9200,10/29/2024,Toys,3,34.03,Delivered,Amazon Pay
AMA-O6804,AMA-C7624,2025-10-18,Home & Kitchen,5,292.06,Delivered,Debit Card
AMA-O10197,AMA-C10493,2024-05-17,Grocery,4,$16.30,Pending,Debit Card
AMA-O10469,AMA-C10887,16-Aug-2024,Sports & Outdoors,4,$117.04,Pending,Debit Card
AMA-O13871,AMA-C6194,2023-04-28,Electronics,5,383.62,Delivered,Credit Card
AMA-O7088,AMA-C5888,03-Aug-2023,Home & Kitchen,5,33.74,Shipped,Amazon Pay
AMA-O13512,AMA-C8440,2023-09-16,Electronics,4,69.8,,Credit Card
AMA-O13297,AMA-C7229,2025-08-06,Apparel,2,$81.51,Pending,Credit Card
AMA-O11545,AMA-C10964,03/10/2024,Beauty,3,29.23,Delivered,Credit Card
AMA-O8057,AMA-C9465,18-Dec-2025,Grocery,1,57.15,Returned,UPI
AMA-O13212,AMA-C1334,2025-08-08,Sports & Outdoors,5,213.14,Delivered,Gift Card
AMA-O9501,AMA-C1009,16-May-2024,Toys,2,95.71,Shipped,UPI
AMA-O9849,AMA-C4517,24-Oct-2024,Toys,4,13.53,Pending,Debit Card
AMA-O14914,AMA-C3410,07-Nov-2025,Home & Kitchen,3,91.45,Shipped,Amazon Pay
AMA-O8559,AMA-C5696,16-Jun-2025,Sports & Outdoors,4,240.12,Returned,UPI
AMA-O12137,AMA-C8962,30-Jan-2023,Apparel,3,$12.37,Delivered,UPI
AMA-O13350,AMA-C8024,2024-07-09,Toys,5,$57.01,Returned,UPI
AMA-O5640,AMA-C5657,12/02/2024,Apparel,1,19.34,Shipped,Debit Card
AMA-O5867,AMA-C2185,10-Oct-2025,Electronics,2,388.37,Returned,Gift Card
AMA-O12753,AMA-C3560,17-May-2024,Electronics,2,284.07,Shipped,Amazon Pay
AMA-O11294,AMA-C10538,01/13/2023,Home & Kitchen,3,45.32,,Debit Card
AMA-O9054,AMA-C6418,2024-06-29,Beauty,3,59.73,Pending,Gift Card
AMA-O12324,AMA-C10303,2024-04-09,Apparel,1,$82.39,Delivered,Credit Card
AMA-O7954,AMA-C1070,05/11/2023,Grocery,5,13.14,Shipped,Gift Card
AMA-O7072,AMA-C6068,2025-04-26,Apparel,5,89.63,Cancelled,Credit Card
AMA-O11608,AMA-C10705,09-Sep-2025,Grocery,5,27.34,Delivered,Gift Card
AMA-O7958,AMA-C6466,05/10/2023,Toys,2,$88.50,Returned,UPI
AMA-O11674,AMA-C4891,04-Jan-2023,Electronics,2,68.34,Pending,Debit Card
AMA-O14501,AMA-C8596,04/18/2023,Sports & Outdoors,5,188.73,Delivered,Credit Card
AMA-O8074,AMA-C8699,07/18/2024,Grocery,1,44.87,Shipped,Amazon Pay
AMA-O7092,AMA-C8851,2025-02-09,Beauty,5,17.51,Delivered,Debit Card
AMA-O13307,AMA-C10749,05/03/2023,Electronics,2,$184.76,Delivered,Amazon Pay
AMA-O11819,AMA-C1724,2023-08-25,Home & Kitchen,3,20.63,Delivered,Amazon Pay
AMA-O9586,AMA-C6162,18-Mar-2024,Apparel,5,11.29,Delivered,Credit Card
AMA-O5019,AMA-C3154,09-Nov-2023,Beauty,2,43.39,Cancelled,Debit Card
AMA-O13583,AMA-C1594,01/15/2023,Toys,5,51.1,Shipped,Credit Card
AMA-O9368,AMA-C6974,10/21/2024,Grocery,1,$18.25,Returned,Amazon Pay
AMA-O11356,AMA-C6520,03/08/2025,Toys,1,$28.65,Returned,Amazon Pay
AMA-O9091,AMA-C9137,08/20/2024,Home & Kitchen,-4,156.62,Delivered,Credit Card
AMA-O14419,AMA-C7761,2025-02-08,Home & Kitchen,5,155.17,Returned,Gift Card
AMA-O7654,AMA-C6467,13-Sep-2025,Apparel,2,38.33,Delivered,UPI
AMA-O6919,AMA-C7407,13-Jan-2025,Sports & Outdoors,1,57.88,Returned,Credit Card
AMA-O5982,AMA-C5600,01/31/2023,Apparel,5,21.58,Pending,UPI
AMA-O12957,AMA-C5963,2024-11-29,Electronics,3,121.34,Cancelled,Gift Card
AMA-O8846,AMA-C3275,2025-03-08,Books,2,19.08,Delivered,Credit Card
AMA-O8324,AMA-C6074,10/01/2023,Grocery,5,6.0,,Gift Card
AMA-O9551,AMA-C2345,2024-02-05,Apparel,4,23.51,Delivered,Credit Card
AMA-O9540,AMA-C5734,2024-07-20,Home & Kitchen,5,25.07,Returned,UPI
AMA-O10072,AMA-C9662,2023-08-12,Beauty,2,84.18,Delivered,Credit Card
AMA-O7282,AMA-C9133,03/30/2025,Apparel,5,18.5,Cancelled,Gift Card
AMA-O7997,AMA-C4397,2023-03-13,Grocery,3,$40.28,Delivered,Credit Card
AMA-O14919,AMA-C9999,10/04/2024,Apparel,3,77.87,Pending,Gift Card
AMA-O13060,AMA-C3731,03-Apr-2025,Beauty,5,$46.87,Shipped,UPI
AMA-O7170,AMA-C4671,05/08/2024,Books,3,36.16,Delivered,UPI
AMA-O9621,AMA-C10786,2024-04-17,Books,2,28.51,Pending,Amazon Pay
AMA-O6164,AMA-C3665,09/25/2023,Sports & Outdoors,2,89.36,Cancelled,Credit Card
AMA-O9078,AMA-C10534,2023-11-16,Electronics,5,509.41,Returned,Credit Card
AMA-O13377,AMA-C3375,12/22/2024,Books,3,$16.25,Delivered,Gift Card
AMA-O7304,AMA-C6602,04/09/2024,Electronics,1,$590.15,Shipped,UPI
AMA-O9282,AMA-C7052,2025-07-23,Beauty,4,$80.77,Pending,Gift Card
AMA-O11868,AMA-C7522,2024-01-24,Toys,2,76.62,Delivered,Debit Card
AMA-O8236,AMA-C10029,2025-11-21,Grocery,2,5.05,Shipped,UPI
AMA-O14816,AMA-C6565,11/15/2024,Home & Kitchen,4,244.56,Delivered,Amazon Pay
AMA-O11861,AMA-C1120,02/01/2025,Home & Kitchen,5,189.72,Shipped,Gift Card
AMA-O7964,AMA-C9999,04/23/2025,Beauty,1,$18.96,Returned,UPI
AMA-O12359,AMA-C10608,08/11/2023,Sports & Outdoors,1,135.85,Shipped,Amazon Pay
AMA-O7291,AMA-C2286,09/24/2023,Electronics,1,$664.02,Delivered,Gift Card
AMA-O8052,AMA-C9999,2023-06-23,Sports & Outdoors,5,241.34,Pending,Debit Card
AMA-O10551,AMA-C8354,11/27/2023,Sports & Outdoors,3,137.66,Returned,Debit Card
AMA-O6021,AMA-C8723,04/11/2024,Beauty,4,$12.06,Shipped,Gift Card
AMA-O5499,AMA-C10282,11/24/2025,Toys,5,$74.47,Delivered,Credit Card
AMA-O9006,AMA-C7454,2025-02-09,Home & Kitchen,5,168.07,Cancelled,Credit Card
AMA-O10718,AMA-C7809,2024-05-05,Home & Kitchen,5,266.92,Pending,Credit Card
AMA-O8017,AMA-C5139,05/29/2023,Grocery,5,15.97,Delivered,UPI
AMA-O11208,AMA-C2888,10/09/2023,Sports & Outdoors,2,117.04,Pending,Amazon Pay
AMA-O14954,AMA-C9999,2023-03-01,Beauty,2,$23.00,Returned,UPI
AMA-O5589,AMA-C3234,2024-12-16,Apparel,3,21.12,Delivered,Credit Card
AMA-O5404,AMA-C6382,11/02/2025,Home & Kitchen,5,$259.41,Shipped,Debit Card
AMA-O5588,AMA-C10970,2025-05-21,Books,3,33.94,Delivered,Credit Card
AMA-O5956,AMA-C10112,2023-06-26,Books,1,$15.47,Delivered,Debit Card
AMA-O7970,AMA-C6221,16-Feb-2024,Apparel,1,$29.49,Pending,Credit Card
AMA-O8187,AMA-C4137,02/02/2024,Beauty,1,17.29,Delivered,Amazon Pay
AMA-O7855,AMA-C9240,2025-10-05,Apparel,1,81.74,Delivered,Gift Card
AMA-O8795,AMA-C10188,2024-10-13,Home & Kitchen,1,189.22,Delivered,Gift Card
AMA-O10202,AMA-C6498,02/03/2024,Apparel,2,64.18,Delivered,UPI
AMA-O13242,AMA-C9256,2023-02-02,Grocery,1,37.91,,Amazon Pay
AMA-O6041,AMA-C7218,2023-04-06,Books,5,32.83,Shipped,Debit Card
AMA-O13458,AMA-C6872,17-Sep-2024,Home & Kitchen,1,145.66,Delivered,Credit Card
AMA-O7115,AMA-C8075,11/17/2024,Sports & Outdoors,3,160.21,Delivered,Debit Card
AMA-O5789,AMA-C5811,2023-01-08,Beauty,3,11.53,Pending,UPI
AMA-O7363,AMA-C4064,18-Oct-2025,Electronics,4,66.46,Cancelled,Amazon Pay
AMA-O8769,AMA-C10367,2023-10-21,Beauty,3,$53.55,Shipped,Gift Card
AMA-O5017,AMA-C8829,10/23/2023,Sports & Outdoors,-3,83.59,Delivered,Debit Card
AMA-O12184,AMA-C10395,08-Jan-2024,Electronics,4,590.91,,Debit Card
AMA-O10581,AMA-C8297,06/19/2025,Books,5,6.67,Pending,Gift Card
AMA-O12417,AMA-C4863,01/26/2024,Electronics,2,736.56,Cancelled,UPI
AMA-O10935,AMA-C8743,15-Feb-2024,Books,3,34.42,Delivered,UPI
AMA-O7856,AMA-C5541,12-Oct-2024,Toys,3,$39.42,Pending,Credit Card
AMA-O14785,AMA-C8407,13-Apr-2025,Sports & Outdoors,2,42.96,Cancelled,UPI
AMA-O12036,AMA-C4738,31-May-2024,Apparel,1,42.35,Shipped,Credit Card
AMA-O8730,AMA-C3940,2024-01-26,Beauty,5,$31.42,Returned,Amazon Pay
AMA-O5883,AMA-C2368,16-Mar-2025,Electronics,3,481.35,Delivered,Credit Card
AMA-O12122,AMA-C4574,2023-10-20,Apparel,5,105.3,Returned,Debit Card
AMA-O5125,AMA-C6114,2024-04-28,Sports & Outdoors,3,188.34,Returned,Gift Card
AMA-O14240,AMA-C7982,2024-10-04,Electronics,4,691.99,Returned,Debit Card
AMA-O6795,AMA-C9251,29-Jun-2025,Books,2,22.57,Pending,Debit Card
AMA-O6536,AMA-C5300,04/14/2025,Electronics,2,$196.09,Delivered,UPI
AMA-O5105,AMA-C7201,19-Nov-2023,Sports & Outdoors,3,217.69,Cancelled,Amazon Pay
AMA-O9212,AMA-C8195,13-Nov-2024,Beauty,3,23.41,Shipped,Amazon Pay
AMA-O9081,AMA-C9147,04/30/2024,Grocery,4,8.04,Shipped,Credit Card
AMA-O10306,AMA-C7699,12/19/2024,Beauty,3,82.81,Delivered,Debit Card
AMA-O5744,AMA-C8653,2025-07-29,Toys,5,80.34,Delivered,Debit Card
AMA-O13734,AMA-C7082,2023-06-17,Electronics,2,43.0,Delivered,Debit Card
AMA-O7726,AMA-C3352,19-Jun-2025,Toys,2,36.37,Delivered,UPI
AMA-O7529,AMA-C5412,03-Jun-2023,Beauty,5,61.46,Cancelled,Gift Card
AMA-O7517,AMA-C1411,2024-05-24,Books,2,23.17,Delivered,Debit Card
AMA-O13854,AMA-C8905,2025-08-02,Home & Kitchen,1,46.31,Returned,Amazon Pay
AMA-O6281,AMA-C10388,2024-12-05,Sports & Outdoors,3,174.39,Returned,Credit Card
AMA-O9116,AMA-C10088,2025-12-17,Home & Kitchen,5,25.34,Pending,Gift Card
AMA-O9566,AMA-C2586,2023-09-03,Sports & Outdoors,3,126.77,Delivered,Gift Card
AMA-O10483,AMA-C4670,2024-01-01,Electronics,1,33.44,Delivered,Amazon Pay
AMA-O12057,AMA-C8450,02/03/2024,Beauty,2,45.35,Returned,Credit Card
AMA-O7711,AMA-C9873,07/03/2023,Beauty,3,79.82,Returned,Debit Card
AMA-O7090,AMA-C2683,06/19/2023,Books,4,17.89,Cancelled,Amazon Pay
AMA-O8274,AMA-C4392,07/01/2023,Sports & Outdoors,1,34.24,Delivered,Gift Card
AMA-O8802,AMA-C8089,08-Jul-2024,Electronics,3,181.57,Delivered,UPI
AMA-O12365,AMA-C4174,2025-01-26,Books,4,36.91,Delivered,UPI
AMA-O11417,AMA-C10952,08/22/2025,Beauty,2,85.15,Delivered,Debit Card
AMA-O6600,AMA-C1266,14-Jul-2023,Home & Kitchen,4,55.56,Shipped,UPI
AMA-O10006,AMA-C3049,11/16/2024,Books,4,17.99,Delivered,Amazon Pay
AMA-O12502,AMA-C4925,02/02/2025,Beauty,5,86.56,Shipped,Credit Card
AMA-O9744,AMA-C2762,12/12/2025,Home & Kitchen,3,$297.41,Delivered,UPI
AMA-O7130,AMA-C5223,04/14/2024,Home & Kitchen,5,$243.11,Delivered,Debit Card
AMA-O14311,AMA-C4136,06/30/2023,Home & Kitchen,5,170.95,Delivered,Debit Card
AMA-O9957,AMA-C6231,27-Feb-2024,Grocery,4,$41.11,Delivered,Credit Card
AMA-O9305,AMA-C4416,09-Jul-2025,Electronics,3,384.74,Delivered,Gift Card
AMA-O6705,AMA-C9020,03-Feb-2023,Apparel,4,59.68,Delivered,UPI
AMA-O7610,AMA-C6346,28-Oct-2025,Toys,1,38.63,Shipped,Debit Card
AMA-O14603,AMA-C10044,09/23/2025,Apparel,5,67.12,Pending,Amazon Pay
AMA-O11017,AMA-C1411,15-Oct-2024,Toys,5,$34.22,Cancelled,UPI
AMA-O6116,AMA-C6768,23-Dec-2025,Home & Kitchen,5,62.78,Returned,Credit Card
AMA-O6235,AMA-C4456,12/23/2025,Beauty,3,60.21,Cancelled,Amazon Pay
AMA-O14965,AMA-C8048,17-Dec-2024,Grocery,5,$45.92,Pending,UPI
AMA-O14393,AMA-C5482,18-Apr-2025,Home & Kitchen,3,$184.64,Delivered,Debit Card
AMA-O6852,AMA-C9999,11/05/2025,Apparel,2,44.7,Delivered,Amazon Pay
AMA-O5985,AMA-C7299,23-Jan-2023,Grocery,4,16.5,Delivered,Amazon Pay
AMA-O14597,AMA-C7264,27-Apr-2025,Books,5,$31.57,Shipped,UPI
AMA-O11567,AMA-C7803,02/21/2024,Home & Kitchen,5,146.67,Shipped,Gift Card
AMA-O7888,AMA-C4138,2024-09-05,Toys,5,86.84,Delivered,Amazon Pay
AMA-O6420,AMA-C9932,2025-12-30,Beauty,4,71.69,Delivered,Amazon Pay
AMA-O11183,AMA-C5550,02/06/2023,Books,1,$25.61,Cancelled,Gift Card
AMA-O12792,AMA-C5984,01/28/2023,Books,5,10.5,Delivered,Gift Card
AMA-O13694,AMA-C10916,30-Nov-2023,Toys,2,51.39,Returned,Credit Card
AMA-O14901,AMA-C7065,09/24/2025,Electronics,4,417.5,Returned,UPI
AMA-O14981,AMA-C2662,2025-08-07,Apparel,3,74.28,Delivered,Gift Card
AMA-O13008,AMA-C10664,2023-04-20,Beauty,2,28.15,Pending,Debit Card
AMA-O8733,AMA-C2088,2025-12-02,Grocery,3,$51.84,Cancelled,Amazon Pay
AMA-O8622,AMA-C7409,01/23/2024,Apparel,5,57.3,Delivered,Credit Card
AMA-O11079,AMA-C2181,09/20/2025,Sports & Outdoors,3,$238.32,Delivered,UPI
AMA-O14943,AMA-C1540,13-Apr-2023,Home & Kitchen,2,$152.96,Shipped,Debit Card
AMA-O11947,AMA-C8145,2023-01-08,Electronics,3,612.83,Delivered,Amazon Pay
AMA-O11283,AMA-C7631,11-Dec-2025,Electronics,1,412.4,Delivered,Credit Card
AMA-O7625,AMA-C3569,09/12/2023,Books,5,$22.44,Returned,Credit Card
AMA-O11585,AMA-C8620,12-Feb-2025,Electronics,2,$603.49,Delivered,Gift Card
AMA-O9795,AMA-C3741,05/16/2025,Grocery,5,35.44,Pending,Debit Card
AMA-O11514,AMA-C7544,03/11/2025,Sports & Outdoors,3,181.31,Delivered,Debit Card
AMA-O14108,AMA-C3703,01/20/2023,Toys,4,69.92,Cancelled,Credit Card
AMA-O9478,AMA-C4605,25-Mar-2023,Apparel,5,110.51,Returned,UPI
AMA-O14564,AMA-C7666,09/27/2025,Books,1,18.39,Delivered,Debit Card
AMA-O5361,AMA-C7620,31-Jul-2023,Sports & Outdoors,1,41.59,Delivered,UPI
AMA-O6192,AMA-C4778,2025-09-01,Toys,1,85.46,Shipped,Amazon Pay
AMA-O14881,AMA-C1498,02/03/2023,Toys,5,29.39,Delivered,Debit Card
AMA-O6697,AMA-C6529,2025-07-11,Beauty,2,58.87,Cancelled,Gift Card
AMA-O9318,AMA-C9999,2024-01-24,Sports & Outdoors,2,80.18,Delivered,Debit Card
AMA-O11193,AMA-C1387,08-Sep-2025,Apparel,3,$76.86,Pending,Amazon Pay
AMA-O9213,AMA-C5442,02/02/2024,Beauty,2,16.49,Shipped,Gift Card
AMA-O9356,AMA-C8320,06/29/2023,Home & Kitchen,1,243.43,Delivered,Credit Card
AMA-O9721,AMA-C7499,09-Aug-2025,Books,4,$8.40,Delivered,Gift Card
AMA-O5973,AMA-C7899,15-Apr-2023,Home & Kitchen,3,27.03,Delivered,Credit Card
AMA-O10681,AMA-C5800,14-Sep-2025,Apparel,3,116.02,Delivered,Gift Card
AMA-O12560,AMA-C5223,10/11/2024,Beauty,2,14.19,Delivered,Debit Card
AMA-O11218,AMA-C5496,2025-05-17,Sports & Outdoors,5,12.87,Pending,Amazon Pay
AMA-O8667,AMA-C9686,19-Jul-2024,Books,3,$37.67,Shipped,UPI
AMA-O11269,AMA-C4790,03/04/2025,Toys,1,11.86,Delivered,UPI
AMA-O5962,AMA-C6167,2025-12-21,Sports & Outdoors,3,$235.29,Shipped,Amazon Pay
AMA-O12904,AMA-C9896,11-Sep-2025,Electronics,5,$147.34,Delivered,UPI
AMA-O10166,AMA-C10275,2025-09-27,Electronics,3,690.45,Shipped,UPI
AMA-O7494,AMA-C3186,07-Feb-2024,Grocery,2,52.41,Delivered,UPI
AMA-O14899,AMA-C4072,08/19/2025,Grocery,4,29.67,Returned,UPI
AMA-O6676,AMA-C5392,07-Oct-2025,Sports & Outdoors,5,212.27,Pending,Credit Card
AMA-O10690,AMA-C8742,10-Jun-2025,Electronics,2,$67.49,Cancelled,Debit Card
AMA-O14262,AMA-C7796,2023-07-04,Grocery,5,26.97,Cancelled,Debit Card
AMA-O6260,AMA-C6936,02/28/2025,Electronics,3,287.32,Returned,UPI
AMA-O9416,AMA-C8118,06/26/2025,Books,3,21.91,Pending,Amazon Pay
AMA-O10959,AMA-C9041,2023-02-10,Books,2,28.66,Cancelled,Gift Card
AMA-O14611,AMA-C5412,2025-02-12,Beauty,5,86.04,Cancelled,Debit Card
AMA-O13791,AMA-C9463,2024-09-13,Grocery,4,16.12,Pending,Amazon Pay
AMA-O6994,AMA-C4237,05/12/2024,Beauty,3,28.09,Pending,Amazon Pay
AMA-O9698,AMA-C4035,2024-02-03,Home & Kitchen,5,29.98,Delivered,Debit Card
AMA-O14852,AMA-C5846,05/01/2023,Grocery,2,8.47,Delivered,Credit Card
AMA-O7528,AMA-C6014,10/01/2025,Grocery,5,31.06,Delivered,UPI
AMA-O12220,AMA-C2423,04/20/2023,Books,3,31.19,Delivered,Credit Card
AMA-O10810,AMA-C5699,2024-09-24,Grocery,2,11.49,Delivered,Amazon Pay
AMA-O8298,AMA-C3342,17-Sep-2025,Apparel,1,$99.57,Pending,Debit Card
AMA-O13781,AMA-C9999,2024-01-26,Books,1,18.48,Delivered,Debit Card
AMA-O7221,AMA-C9493,01-Feb-2023,Home & Kitchen,5,186.41,Delivered,Credit Card
AMA-O6628,AMA-C10846,05-Oct-2025,Apparel,4,117.84,Delivered,Debit Card
AMA-O9779,AMA-C2937,2024-12-01,Toys,5,$76.04,Cancelled,Debit Card
AMA-O14790,AMA-C9023,2025-07-24,Sports & Outdoors,1,$101.35,Pending,Debit Card
AMA-O11476,AMA-C10153,03/04/2024,Grocery,5,13.44,Cancelled,Amazon Pay
AMA-O6320,AMA-C1704,05-Jan-2023,Beauty,1,86.17,Returned,Gift Card
AMA-O13236,AMA-C8535,13-Feb-2025,Electronics,4,$336.24,Shipped,Debit Card
AMA-O8113,AMA-C2231,05/11/2025,Home & Kitchen,1,99.17,Shipped,Credit Card
AMA-O8265,AMA-C5236,2023-01-20,Books,4,29.96,Delivered,Amazon Pay
AMA-O5996,AMA-C9612,05/14/2023,Sports & Outdoors,3,165.66,Delivered,Credit Card
AMA-O12774,AMA-C10536,07-Nov-2025,Books,5,$10.74,Returned,UPI
AMA-O8860,AMA-C1522,08-Aug-2025,Toys,4,11.34,Pending,Debit Card
AMA-O6028,AMA-C5433,12-Aug-2023,Grocery,2,56.68,Pending,Credit Card
AMA-O14058,AMA-C5744,01/11/2023,Electronics,3,$713.41,Shipped,UPI
AMA-O14567,AMA-C8373,2023-02-02,Beauty,5,42.08,Returned,UPI
AMA-O6602,AMA-C2767,02-Jul-2025,Sports & Outdoors,5,189.49,Delivered,Gift Card
AMA-O10239,AMA-C7605,2023-01-13,Toys,5,91.51,Pending,Credit Card
AMA-O9729,AMA-C8306,06/30/2024,Grocery,4,22.42,Shipped,Debit Card
AMA-O10705,AMA-C8541,04-Jul-2025,Toys,1,22.27,Delivered,Gift Card
AMA-O12675,AMA-C3576,13-Apr-2024,Grocery,5,31.3,Shipped,Gift Card
AMA-O7256,AMA-C3568,09/30/2023,Electronics,1,760.55,Delivered,Amazon Pay
AMA-O13211,AMA-C10412,09/05/2025,Sports & Outdoors,4,$149.67,Delivered,Debit Card
AMA-O12206,AMA-C2030,05-Jul-2024,Electronics,5,535.54,Returned,Amazon Pay
AMA-O6793,AMA-C7080,2024-08-13,Apparel,2,104.88,Pending,Debit Card
AMA-O7493,AMA-C3765,31-May-2025,Electronics,4,785.62,Cancelled,Debit Card
AMA-O9146,AMA-C1031,2025-09-14,Beauty,4,60.57,Returned,UPI
AMA-O5958,AMA-C2384,08/10/2023,Home & Kitchen,1,$135.93,Shipped,Amazon Pay
AMA-O7280,AMA-C1861,2023-05-07,Toys,5,55.76,Shipped,Debit Card
AMA-O14385,AMA-C7308,2025-08-16,Books,2,19.4,Cancelled,UPI
AMA-O11175,AMA-C8565,2025-08-31,Beauty,3,84.9,Shipped,Credit Card
AMA-O6894,AMA-C10170,05-Aug-2023,Electronics,1,574.85,Returned,Credit Card
AMA-O11307,AMA-C2959,2025-09-07,Toys,1,74.69,Shipped,Amazon Pay
AMA-O12325,AMA-C7169,2024-02-22,Grocery,1,34.49,Delivered,Amazon Pay
AMA-O11565,AMA-C10289,2025-12-28,Electronics,2,690.18,Cancelled,Credit Card
AMA-O9005,AMA-C6541,16-Jun-2024,Home & Kitchen,3,287.41,Returned,Debit Card
AMA-O13656,AMA-C1789,2023-08-12,Beauty,2,$49.49,Shipped,Credit Card
AMA-O5517,AMA-C10553,01/11/2024,Beauty,1,38.51,Pending,Amazon Pay
AMA-O5614,AMA-C8106,07/16/2024,Home & Kitchen,4,166.14,Returned,Amazon Pay
AMA-O7889,AMA-C8316,2023-09-24,Beauty,5,14.4,Pending,Amazon Pay
AMA-O6435,AMA-C1505,12/18/2024,Electronics,4,201.91,Pending,Amazon Pay
AMA-O13062,AMA-C4082,15-Dec-2023,Toys,4,32.3,Delivered,Gift Card
AMA-O8466,AMA-C9639,2025-12-19,Toys,5,88.65,Cancelled,Debit Card
AMA-O5676,AMA-C10731,2025-09-20,Apparel,-3,$80.01,Returned,UPI
AMA-O12330,AMA-C9313,09-Aug-2023,Sports & Outdoors,4,161.36,Shipped,Amazon Pay
AMA-O6437,AMA-C7232,09/02/2024,Books,1,$31.61,Cancelled,UPI
AMA-O5329,AMA-C10321,11-Apr-2023,Sports & Outdoors,4,164.91,Delivered,Debit Card
AMA-O14848,AMA-C5012,11/23/2023,Apparel,3,12.52,Returned,Gift Card
AMA-O12997,AMA-C9693,30-Sep-2024,Apparel,3,37.37,Shipped,Amazon Pay
AMA-O11879,AMA-C3083,2024-08-28,Home & Kitchen,3,146.7,Shipped,UPI
AMA-O6240,AMA-C8144,02-Dec-2023,Sports & Outdoors,2,132.52,Delivered,Gift Card
AMA-O14534,AMA-C9759,2024-10-09,Home & Kitchen,2,90.17,Delivered,Credit Card
AMA-O9299,AMA-C1581,10-Jul-2025,Beauty,2,16.35,Delivered,Amazon Pay
AMA-O6596,AMA-C6494,09-Feb-2024,Home & Kitchen,2,$45.26,Delivered,UPI
AMA-O5066,AMA-C1665,2024-05-25,Sports & Outdoors,3,186.13,Delivered,Credit Card
AMA-O12751,AMA-C10930,28-Feb-2023,Apparel,5,17.59,Shipped,UPI
AMA-O10376,AMA-C2607,11/10/2023,Beauty,2,16.39,Pending,Debit Card
AMA-O5454,AMA-C1086,03/02/2023,Electronics,2,249.53,Delivered,UPI
AMA-O9879,AMA-C8012,2025-03-01,Home & Kitchen,4,77.05,Shipped,Amazon Pay
AMA-O13248,AMA-C9535,05-Dec-2023,Toys,1,34.05,Delivered,Debit Card
AMA-O10699,AMA-C5926,16-May-2025,Toys,3,55.85,Delivered,Credit Card
AMA-O6096,AMA-C2336,05-Aug-2025,Home & Kitchen,3,$211.08,Pending,UPI
AMA-O5079,AMA-C4192,08-Dec-2023,Beauty,-4,$42.20,Delivered,Amazon Pay
AMA-O11617,AMA-C10944,01/11/2025,Apparel,2,57.1,Delivered,UPI
AMA-O5735,AMA-C6284,03/03/2025,Books,1,33.82,Returned,Credit Card
AMA-O5249,AMA-C1343,02-Aug-2025,Toys,5,22.75,Delivered,Amazon Pay
AMA-O10430,AMA-C9999,07/24/2024,Apparel,2,97.7,Delivered,Debit Card
AMA-O10898,AMA-C9093,05/30/2024,Beauty,5,8.95,Shipped,UPI
AMA-O14207,AMA-C8578,2024-11-26,Beauty,5,54.06,Returned,Amazon Pay
AMA-O8656,AMA-C5466,2024-05-18,Apparel,1,31.68,Cancelled,Amazon Pay
AMA-O10672,AMA-C5778,06-Feb-2023,Home & Kitchen,5,168.61,Pending,Amazon Pay
AMA-O10513,AMA-C5935,05-Jan-2025,Beauty,4,54.95,Cancelled,Gift Card
AMA-O5460,AMA-C8420,04-Oct-2024,Books,3,13.4,Delivered,Gift Card
AMA-O5917,AMA-C9999,21-Sep-2024,Grocery,2,43.55,Pending,Gift Card
AMA-O12484,AMA-C6686,01/16/2025,Grocery,5,$56.09,Delivered,Amazon Pay
AMA-O6155,AMA-C1478,11/20/2023,Grocery,3,11.35,Delivered,Amazon Pay
AMA-O11128,AMA-C7561,09-Oct-2024,Home & Kitchen,1,249.86,Returned,Credit Card
AMA-O10550,AMA-C4887,11/05/2023,Electronics,5,787.02,Delivered,Credit Card
AMA-O14850,AMA-C8201,16-Sep-2025,Beauty,4,74.53,Returned,UPI
AMA-O9553,AMA-C2192,06/07/2023,Apparel,2,66.13,Delivered,Gift Card
AMA-O8988,AMA-C2095,06/30/2024,Electronics,4,184.83,Cancelled,Credit Card
AMA-O12873,AMA-C8760,12/13/2024,Grocery,4,36.04,Delivered,Amazon Pay
AMA-O11042,AMA-C8454,04-Oct-2023,Electronics,5,666.49,Returned,Credit Card
AMA-O9041,AMA-C10199,16-Apr-2023,Sports & Outdoors,5,117.95,Pending,UPI
AMA-O12899,AMA-C4538,05-Sep-2024,Toys,4,79.98,Cancelled,Credit Card
AMA-O11364,AMA-C10659,02-Apr-2025,Beauty,3,$70.17,Shipped,Amazon Pay
AMA-O7628,AMA-C3030,2025-12-22,Electronics,1,496.65,Delivered,Credit Card
AMA-O11624,AMA-C7037,09-Nov-2024,Books,2,21.43,Delivered,Gift Card
AMA-O13626,AMA-C4552,06/14/2024,Books,3,15.93,,Amazon Pay
AMA-O11262,AMA-C1816,2025-02-04,Home & Kitchen,4,267.87,Returned,Amazon Pay
AMA-O13858,AMA-C10213,18-Dec-2024,Sports & Outdoors,5,146.97,Delivered,UPI
AMA-O8935,AMA-C5328,20-Nov-2024,Home & Kitchen,4,13.24,Cancelled,Amazon Pay
AMA-O13434,AMA-C10403,06/10/2025,Books,2,15.11,Delivered,Gift Card
AMA-O10274,AMA-C8481,10/08/2023,Apparel,1,28.45,Returned,UPI
AMA-O14809,AMA-C6616,2023-02-23,Apparel,2,37.01,Shipped,Credit Card
AMA-O7158,AMA-C5789,2025-05-16,Apparel,1,100.45,Pending,UPI
AMA-O13359,AMA-C6310,2023-08-18,Apparel,5,111.81,Shipped,Credit Card
AMA-O8979,AMA-C2512,21-Feb-2023,Books,2,11.74,Delivered,Debit Card
AMA-O7075,AMA-C5995,04-Jul-2024,Sports & Outdoors,3,33.61,Returned,UPI
AMA-O13739,AMA-C3493,2024-08-08,Home & Kitchen,4,$172.48,Cancelled,Gift Card
AMA-O9643,AMA-C3379,17-Feb-2023,Apparel,2,$82.86,Delivered,Amazon Pay
AMA-O9845,AMA-C8672,27-Oct-2025,Electronics,5,684.33,Pending,UPI
AMA-O12563,AMA-C9330,03/22/2025,Electronics,3,$757.15,Shipped,UPI
AMA-O11473,AMA-C9999,08-Apr-2025,Apparel,2,97.43,Cancelled,Gift Card
AMA-O6972,AMA-C8675,03-Jul-2025,Home & Kitchen,4,157.7,Delivered,Debit Card
AMA-O7036,AMA-C6054,11-Mar-2024,Electronics,2,719.58,Cancelled,Amazon Pay
AMA-O14221,AMA-C6377,28-Apr-2025,Home & Kitchen,2,194.43,Delivered,UPI
AMA-O8956,AMA-C2733,12/28/2025,Apparel,4,77.15,Delivered,Debit Card
AMA-O12281,AMA-C10016,03-Jun-2023,Electronics,5,209.31,Pending,Debit Card
AMA-O14320,AMA-C4828,13-Apr-2024,Electronics,1,683.17,Delivered,Gift Card
AMA-O10302,AMA-C2126,08/03/2023,Toys,3,92.86,Cancelled,UPI
AMA-O6485,AMA-C9319,2025-08-08,Books,5,34.5,Cancelled,Gift Card
AMA-O10054,AMA-C4146,04/19/2024,Home & Kitchen,3,$238.76,Returned,Amazon Pay
AMA-O12377,AMA-C1958,12-Apr-2024,Books,4,15.65,Delivered,UPI
AMA-O5663,AMA-C7292,02/17/2023,Electronics,1,505.41,Delivered,Debit Card
AMA-O13658,AMA-C4151,2023-05-11,Home & Kitchen,3,129.27,Returned,Amazon Pay
AMA-O13956,AMA-C2225,2025-07-08,Sports & Outdoors,5,$55.32,Shipped,UPI
AMA-O12806,AMA-C4941,12/14/2023,Grocery,3,6.34,Delivered,Amazon Pay
AMA-O12745,AMA-C2684,2024-07-02,Sports & Outdoors,5,219.94,Returned,Credit Card
AMA-O7643,AMA-C4518,05/07/2025,Home & Kitchen,2,130.87,Delivered,UPI
AMA-O13630,AMA-C5561,12/12/2023,Toys,5,37.73,Delivered,Amazon Pay
AMA-O11251,AMA-C10179,2025-06-20,Sports & Outdoors,3,56.8,Delivered,Gift Card
AMA-O6840,AMA-C4103,26-Apr-2025,Books,1,9.95,Cancelled,UPI
AMA-O13722,AMA-C7966,03/28/2025,Toys,5,$56.05,Pending,Gift Card
AMA-O7790,AMA-C2466,2024-01-12,Home & Kitchen,3,$197.61,Returned,Amazon Pay
AMA-O7403,AMA-C2102,2025-09-30,Apparel,2,42.21,Delivered,Debit Card
AMA-O14676,AMA-C3790,06-Dec-2024,Electronics,4,585.27,Delivered,UPI
AMA-O7056,AMA-C2925,22-Nov-2025,Books,3,$23.68,Delivered,Gift Card
AMA-O12194,AMA-C6823,09-Sep-2023,Toys,2,20.87,Shipped,Amazon Pay
AMA-O11776,AMA-C10282,2023-05-20,Grocery,5,57.51,Delivered,UPI
AMA-O6263,AMA-C4141,04/22/2024,Apparel,4,$59.41,Shipped,Amazon Pay
AMA-O14642,AMA-C4698,2023-02-10,Grocery,4,36.07,Delivered,UPI
AMA-O5401,AMA-C6634,06/16/2025,Toys,5,13.73,Delivered,Credit Card
AMA-O6729,AMA-C4485,03/13/2023,Apparel,4,29.67,Returned,Amazon Pay
AMA-O13874,AMA-C8680,07/12/2023,Grocery,4,44.67,Cancelled,Credit Card
AMA-O11833,AMA-C2305,2025-08-12,Sports & Outdoors,5,$117.98,Delivered,Amazon Pay
AMA-O14309,AMA-C3015,05-Mar-2025,Apparel,-1,63.41,Returned,Credit Card
AMA-O7662,AMA-C6295,26-Nov-2023,Toys,3,73.06,Delivered,Amazon Pay
AMA-O7968,AMA-C4671,12/25/2023,Grocery,2,17.45,Returned,Credit Card
AMA-O10097,AMA-C3889,17-Jul-2023,Sports & Outdoors,3,61.27,Cancelled,Debit Card
AMA-O5094,AMA-C1118,2023-03-10,Electronics,3,215.4,Shipped,Amazon Pay
AMA-O8005,AMA-C10541,08/23/2025,Sports & Outdoors,4,64.29,Delivered,Debit Card
AMA-O14871,AMA-C2733,03/08/2025,Toys,1,14.2,Cancelled,Gift Card
AMA-O7829,AMA-C8746,10/09/2025,Grocery,4,49.42,Delivered,UPI
AMA-O6685,AMA-C5113,2025-06-28,Sports & Outdoors,5,$249.83,Delivered,Amazon Pay
AMA-O9164,AMA-C2520,2024-04-28,Grocery,1,25.8,,Debit Card
AMA-O12691,AMA-C5851,2024-07-27,Toys,2,$62.39,Pending,Amazon Pay
AMA-O5675,AMA-C1541,13-Jul-2024,Books,1,37.1,Delivered,Gift Card
AMA-O9761,AMA-C7938,29-May-2025,Electronics,4,$741.72,Shipped,Gift Card
AMA-O6828,AMA-C6795,11/11/2024,Sports & Outdoors,3,225.27,Shipped,Amazon Pay
AMA-O7272,AMA-C3926,21-Sep-2023,Beauty,3,88.11,Delivered,UPI
AMA-O13582,AMA-C2814,11-Feb-2025,Electronics,3,226.37,Cancelled,Amazon Pay
AMA-O13720,AMA-C5216,2025-11-30,Home & Kitchen,2,$288.76,Delivered,Debit Card
AMA-O13751,AMA-C6530,06/08/2024,Electronics,2,73.43,,Amazon Pay
AMA-O10409,AMA-C7734,2025-03-27,Home & Kitchen,5,168.77,Pending,Debit Card
AMA-O10524,AMA-C4930,2023-04-16,Electronics,1,$502.27,Delivered,Credit Card
AMA-O7715,AMA-C9754,2024-07-31,Sports & Outdoors,3,247.41,Delivered,Debit Card
AMA-O13077,AMA-C3583,05/03/2023,Electronics,5,349.81,Shipped,Debit Card
AMA-O13479,AMA-C2091,11/04/2023,Electronics,2,777.35,Delivered,Amazon Pay
AMA-O10620,AMA-C9358,2023-03-03,Sports & Outdoors,4,50.21,Shipped,Credit Card
AMA-O6969,AMA-C4529,12-Jul-2023,Sports & Outdoors,1,100.1,Cancelled,Amazon Pay
AMA-O7987,AMA-C6129,11/07/2024,Books,2,8.05,Delivered,UPI
AMA-O9817,AMA-C5879,22-Dec-2025,Beauty,5,43.29,Delivered,Debit Card
AMA-O14621,AMA-C7728,04/21/2023,Toys,1,67.6,Cancelled,Gift Card
AMA-O7134,AMA-C10370,01/03/2023,Apparel,1,53.3,Delivered,Gift Card
AMA-O13299,AMA-C3575,2025-02-18,Grocery,3,34.84,Pending,Amazon Pay
AMA-O9492,AMA-C4069,19-Jan-2025,Home & Kitchen,5,132.19,Shipped,Gift Card
AMA-O5564,AMA-C10684,27-Jan-2024,Sports & Outdoors,1,83.42,Delivered,Credit Card
AMA-O11094,AMA-C10369,2023-06-30,Beauty,1,43.18,Returned,Amazon Pay
AMA-O7886,AMA-C3023,2024-05-16,Beauty,1,63.03,Cancelled,Debit Card
AMA-O8884,AMA-C7787,02/16/2024,Electronics,3,69.83,Returned,Credit Card
AMA-O5880,AMA-C3654,10-Aug-2024,Toys,4,60.07,Delivered,Gift Card
AMA-O11396,AMA-C7471,2024-12-19,Beauty,3,16.05,Delivered,Amazon Pay
AMA-O10591,AMA-C10431,07/29/2024,Sports & Outdoors,1,139.01,Cancelled,Debit Card
AMA-O9787,AMA-C5369,2023-02-23,Books,3,20.49,Cancelled,Debit Card
AMA-O10688,AMA-C1154,2024-01-19,Home & Kitchen,5,44.98,Delivered,Debit Card
AMA-O13804,AMA-C6065,2023-10-27,Sports & Outdoors,1,106.75,Returned,Credit Card
AMA-O13536,AMA-C9549,07/31/2023,Grocery,4,$26.89,Shipped,Credit Card
AMA-O6893,AMA-C10362,28-Jan-2025,Apparel,1,44.53,,Credit Card
AMA-O9552,AMA-C5504,2025-11-02,Beauty,5,$57.93,Returned,Credit Card
AMA-O10369,AMA-C7646,30-Aug-2025,Books,2,39.91,Delivered,UPI
AMA-O9888,AMA-C8078,2025-05-07,Electronics,1,$175.49,Delivered,Debit Card
AMA-O11086,AMA-C4143,2024-10-30,Home & Kitchen,5,269.9,Returned,Credit Card
AMA-O14374,AMA-C3674,05-Nov-2025,Electronics,3,701.85,Delivered,Debit Card
AMA-O14784,AMA-C5439,19-Nov-2025,Electronics,4,507.79,Shipped,Credit Card
AMA-O9269,AMA-C2347,31-Dec-2025,Electronics,3,680.88,Cancelled,Credit Card
AMA-O10531,AMA-C7884,2025-02-27,Electronics,1,243.02,Pending,Credit Card
AMA-O13624,AMA-C7206,05-Jan-2024,Apparel,4,82.2,Delivered,UPI
AMA-O11701,AMA-C6896,01/16/2025,Toys,4,80.94,Delivered,Credit Card
AMA-O13972,AMA-C7044,09/18/2024,Books,1,25.74,Delivered,Debit Card
AMA-O10980,AMA-C9144,2023-11-12,Beauty,2,$36.59,Delivered,Amazon Pay
AMA-O11167,AMA-C7053,14-Jan-2023,Beauty,2,66.76,Delivered,Debit Card
AMA-O9284,AMA-C4141,17-May-2024,Grocery,2,43.89,Pending,Debit Card
AMA-O10069,AMA-C5316,25-Aug-2023,Sports & Outdoors,1,$114.18,Cancelled,Debit Card
AMA-O9717,AMA-C3524,08/18/2025,Home & Kitchen,2,94.41,,Amazon Pay
AMA-O6631,AMA-C1773,11/25/2024,Electronics,2,161.89,Pending,Gift Card
AMA-O13645,AMA-C5616,09/23/2024,Beauty,1,48.36,Delivered,Gift Card
AMA-O9337,AMA-C10130,21-Mar-2024,Books,2,$12.61,Cancelled,Gift Card
AMA-O14450,AMA-C10600,06/04/2025,Apparel,2,$33.56,Pending,Gift Card
AMA-O13681,AMA-C2877,30-Apr-2023,Grocery,4,13.63,Returned,Amazon Pay
AMA-O14269,AMA-C7275,24-Mar-2024,Apparel,2,103.38,Delivered,Debit Card
AMA-O11209,AMA-C6544,07/24/2025,Home & Kitchen,3,89.62,Cancelled,Credit Card
AMA-O13958,AMA-C9977,2025-06-24,Toys,4,99.09,Shipped,UPI
AMA-O13665,AMA-C8722,2023-12-20,Electronics,1,675.99,Shipped,Credit Card
AMA-O6508,AMA-C8142,15-Jun-2024,Apparel,5,116.05,Delivered,Debit Card
AMA-O7649,AMA-C5365,2025-09-13,Beauty,4,38.4,Pending,Gift Card
AMA-O11250,AMA-C4509,17-Sep-2025,Books,2,20.26,Shipped,UPI
AMA-O12606,AMA-C7041,12/16/2025,Grocery,3,7.84,,Gift Card
AMA-O10989,AMA-C5945,26-Aug-2024,Grocery,1,24.73,Shipped,Debit Card
AMA-O9564,AMA-C3728,2023-11-01,Apparel,1,$72.02,Returned,Gift Card
AMA-O11493,AMA-C10979,11/12/2025,Beauty,5,86.0,Returned,UPI
AMA-O6957,AMA-C8515,12/09/2025,Apparel,2,$10.60,Shipped,Amazon Pay
AMA-O14306,AMA-C7579,01/25/2024,Grocery,3,39.81,Delivered,UPI
AMA-O8510,AMA-C3408,10/30/2023,Electronics,4,28.24,Pending,UPI
AMA-O10446,AMA-C3355,2023-10-27,Electronics,1,$176.61,Shipped,Gift Card
AMA-O5583,AMA-C7010,2024-11-28,Electronics,2,541.44,Delivered,Gift Card
AMA-O11903,AMA-C6848,04-Oct-2025,Home & Kitchen,5,15.56,Cancelled,Credit Card
AMA-O8428,AMA-C6505,2024-11-09,Sports & Outdoors,3,238.62,Pending,UPI
AMA-O11481,AMA-C9994,2024-07-19,Beauty,-4,26.76,Shipped,UPI
AMA-O10389,AMA-C5452,2025-02-26,Toys,5,71.24,Returned,Amazon Pay
AMA-O8998,AMA-C3263,02-May-2025,Beauty,4,$69.11,Delivered,Credit Card
AMA-O11690,AMA-C9726,2023-02-13,Electronics,1,738.27,Delivered,Debit Card
AMA-O13887,AMA-C8480,12/25/2023,Grocery,4,$55.11,Delivered,Amazon Pay
AMA-O9191,AMA-C6268,2023-12-16,Beauty,4,18.75,Returned,Amazon Pay
AMA-O10105,AMA-C6567,02-Feb-2024,Home & Kitchen,4,40.53,Cancelled,UPI
AMA-O10922,AMA-C6770,13-Aug-2025,Toys,5,44.93,Delivered,Amazon Pay
AMA-O11162,AMA-C8901,2025-12-11,Beauty,4,$52.44,Returned,Credit Card
AMA-O7062,AMA-C8408,07/20/2024,Home & Kitchen,5,10.02,Delivered,Credit Card
AMA-O8761,AMA-C3301,2024-08-24,Books,3,$32.56,Shipped,Debit Card
AMA-O9342,AMA-C4710,2025-02-27,Toys,4,12.68,Cancelled,Gift Card
AMA-O11764,AMA-C8980,16-Oct-2025,Beauty,4,$5.95,Delivered,Credit Card
AMA-O11800,AMA-C8644,2024-12-01,Sports & Outdoors,5,$77.82,Returned,Gift Card
AMA-O6175,AMA-C8096,03/27/2024,Sports & Outdoors,2,126.0,Delivered,Debit Card
AMA-O9806,AMA-C4637,08-Jun-2024,Grocery,3,$45.50,Delivered,Credit Card
AMA-O10252,AMA-C5490,01/20/2023,Electronics,2,430.69,Pending,Gift Card
AMA-O6584,AMA-C7569,27-Aug-2024,Books,-2,30.15,Cancelled,Debit Card
AMA-O12156,AMA-C9666,06-Jan-2025,Sports & Outdoors,3,34.23,Delivered,Amazon Pay
AMA-O6747,AMA-C6380,2025-03-13,Sports & Outdoors,1,$127.29,Cancelled,UPI
AMA-O11040,AMA-C2393,2023-03-20,Grocery,2,55.69,Delivered,Debit Card
AMA-O5830,AMA-C6732,01/04/2025,Electronics,1,122.8,Delivered,UPI
AMA-O11748,AMA-C1842,2023-08-25,Grocery,2,10.01,Pending,UPI
AMA-O11482,AMA-C3502,2023-05-22,Toys,3,36.08,Delivered,Debit Card
AMA-O12885,AMA-C1038,05/17/2023,Home & Kitchen,2,55.25,Delivered,UPI
AMA-O9173,AMA-C1093,2023-09-02,Books,5,10.49,Pending,Gift Card
AMA-O8758,AMA-C8845,2025-05-09,Sports & Outdoors,2,222.49,Returned,Credit Card
AMA-O6748,AMA-C3811,01/05/2023,Home & Kitchen,2,$149.43,Pending,Debit Card
AMA-O6318,AMA-C8884,07/09/2023,Electronics,5,572.65,Pending,Gift Card
AMA-O8157,AMA-C7731,07/17/2025,Toys,4,76.79,Delivered,Credit Card
AMA-O13451,AMA-C6508,30-May-2025,Toys,4,28.79,Delivered,UPI
AMA-O11661,AMA-C3603,05/23/2024,Apparel,4,116.18,Cancelled,Gift Card
AMA-O14104,AMA-C2331,2024-08-23,Apparel,3,42.39,Cancelled,Credit Card
AMA-O11003,AMA-C6038,09/03/2024,Grocery,1,2.69,,Credit Card
AMA-O5339,AMA-C6756,17-Mar-2025,Books,3,24.64,Returned,Debit Card
AMA-O13912,AMA-C2863,21-Jan-2025,Electronics,5,553.23,Delivered,UPI
AMA-O8372,AMA-C3965,2023-04-04,Sports & Outdoors,1,180.52,,Amazon Pay
AMA-O6853,AMA-C6328,07-Sep-2023,Books,5,18.49,Pending,UPI
AMA-O5516,AMA-C3696,2024-05-06,Books,5,14.66,Delivered,Credit Card
AMA-O5126,AMA-C6785,02/09/2025,Home & Kitchen,3,89.83,Cancelled,UPI
AMA-O10873,AMA-C9999,02/07/2025,Books,2,36.62,Delivered,UPI
AMA-O5268,AMA-C5863,25-Oct-2025,Home & Kitchen,1,$274.95,Shipped,Credit Card
AMA-O13708,AMA-C1613,01/15/2024,Books,2,12.31,Pending,Amazon Pay
AMA-O7732,AMA-C3030,22-Sep-2023,Grocery,3,17.36,Cancelled,UPI
AMA-O7162,AMA-C4389,2024-11-23,Sports & Outdoors,1,24.33,Cancelled,Gift Card
AMA-O12436,AMA-C2798,22-Mar-2024,Books,1,25.78,Delivered,Debit Card
AMA-O11699,AMA-C2041,25-Jan-2024,Apparel,2,117.64,Pending,Amazon Pay
AMA-O13409,AMA-C6113,2024-01-31,Sports & Outdoors,1,$230.81,Delivered,Amazon Pay
AMA-O5572,AMA-C2114,2025-09-22,Electronics,4,750.91,,Debit Card
AMA-O9260,AMA-C5422,03/26/2025,Books,4,15.73,Shipped,Gift Card
AMA-O5380,AMA-C4212,2023-03-05,Electronics,3,$285.71,Delivered,Debit Card
AMA-O7303,AMA-C5413,2023-06-03,Sports & Outdoors,3,$140.69,Delivered,Credit Card
AMA-O6813,AMA-C10629,2024-01-12,Books,2,38.64,Cancelled,Amazon Pay
AMA-O5289,AMA-C9055,01-Oct-2025,Home & Kitchen,1,136.03,Delivered,Credit Card
AMA-O5638,AMA-C8610,03-Sep-2025,Home & Kitchen,1,166.29,Returned,UPI
AMA-O9415,AMA-C2626,2023-10-09,Sports & Outdoors,1,$154.38,Returned,Amazon Pay
AMA-O12583,AMA-C8242,10/03/2023,Toys,3,6.19,Pending,Gift Card
AMA-O9582,AMA-C2874,08/12/2024,Electronics,3,466.56,Pending,UPI
AMA-O8397,AMA-C9237,11/12/2024,Books,4,$33.14,Delivered,UPI
AMA-O12790,AMA-C1443,2025-03-09,Toys,4,5.83,Delivered,Amazon Pay
AMA-O6952,AMA-C8630,09/13/2025,Electronics,4,783.17,Delivered,Gift Card
AMA-O14682,AMA-C1307,06-Jan-2025,Beauty,2,41.06,Returned,Credit Card
AMA-O9281,AMA-C10742,07/08/2023,Books,2,9.89,Pending,Gift Card
AMA-O6000,AMA-C7173,12/01/2025,Beauty,3,78.3,Delivered,UPI
AMA-O8843,AMA-C7423,20-Jul-2023,Beauty,5,88.47,Delivered,Credit Card
AMA-O10884,AMA-C6487,2024-03-01,Beauty,5,5.5,,Credit Card
AMA-O5001,AMA-C3306,2024-07-20,Beauty,3,$65.30,Shipped,Credit Card
AMA-O14993,AMA-C7142,10/25/2024,Beauty,5,10.67,Pending,UPI
AMA-O7177,AMA-C5145,2024-09-06,Beauty,2,14.13,Delivered,Debit Card
AMA-O10291,AMA-C7139,07/13/2024,Apparel,2,99.61,Returned,Debit Card
AMA-O9193,AMA-C1749,01-Dec-2025,Grocery,1,6.73,Delivered,Credit Card
AMA-O10734,AMA-C1749,2025-09-16,Grocery,3,$40.94,Cancelled,Gift Card
AMA-O5697,AMA-C1511,09/27/2025,Sports & Outdoors,3,$194.92,Cancelled,UPI
AMA-O11298,AMA-C3032,2025-03-25,Electronics,4,512.46,Delivered,Gift Card
AMA-O6523,AMA-C4750,17-Jan-2023,Sports & Outdoors,3,248.8,Shipped,Gift Card
AMA-O10294,AMA-C3739,20-Apr-2025,Toys,5,61.11,Shipped,Gift Card
AMA-O9785,AMA-C8794,05/19/2024,Toys,3,53.73,Pending,UPI
AMA-O5764,AMA-C7515,12/02/2023,Beauty,-1,13.42,Returned,Credit Card
AMA-O14429,AMA-C8709,18-Jul-2025,Electronics,1,726.7,Shipped,Amazon Pay
AMA-O6330,AMA-C8380,03/19/2025,Electronics,2,71.34,Delivered,Gift Card
AMA-O11492,AMA-C2979,09-Apr-2025,Sports & Outdoors,4,180.76,Delivered,UPI
AMA-O6133,AMA-C7974,2025-05-15,Books,4,35.37,Delivered,UPI
AMA-O8041,AMA-C6713,03/23/2025,Apparel,5,103.02,Delivered,UPI
AMA-O10061,AMA-C10726,16-May-2023,Apparel,3,83.73,Delivered,Amazon Pay
AMA-O8605,AMA-C7645,15-Feb-2024,Electronics,3,29.43,Delivered,Credit Card
AMA-O14655,AMA-C4043,2024-08-21,Grocery,2,57.25,Pending,Amazon Pay
AMA-O14536,AMA-C5998,2024-06-14,Electronics,5,559.94,Cancelled,UPI
AMA-O8934,AMA-C4210,2023-10-13,Books,4,24.24,Delivered,Credit Card
AMA-O9891,AMA-C3174,25-Jul-2024,Apparel,3,56.23,,UPI
AMA-O6918,AMA-C2900,04/04/2024,Beauty,1,77.43,Cancelled,Gift Card
AMA-O13859,AMA-C8306,2025-06-25,Toys,4,$57.20,Delivered,UPI
AMA-O9016,AMA-C9999,08/18/2025,Toys,1,75.87,Delivered,Gift Card
AMA-O9952,AMA-C5234,19-Feb-2024,Sports & Outdoors,3,13.89,Shipped,Credit Card
AMA-O8158,AMA-C7991,27-Sep-2024,Sports & Outdoors,4,173.57,Cancelled,Amazon Pay
AMA-O7920,AMA-C3144,03-Feb-2023,Apparel,5,105.1,Cancelled,Credit Card
AMA-O14596,AMA-C2775,23-Aug-2023,Toys,5,$47.83,Delivered,UPI
AMA-O9911,AMA-C10103,07-Dec-2024,Apparel,4,56.56,Delivered,Credit Card
AMA-O6236,AMA-C5990,2024-12-16,Grocery,5,28.28,Delivered,Gift Card
AMA-O9291,AMA-C2910,2025-04-07,Toys,3,$91.54,Shipped,Amazon Pay
AMA-O14024,AMA-C7564,2023-12-01,Grocery,3,16.33,Cancelled,Debit Card
AMA-O5101,AMA-C9735,04-Mar-2025,Apparel,5,$103.93,Cancelled,Debit Card
AMA-O7903,AMA-C4233,01/16/2025,Grocery,4,36.9,Delivered,UPI
AMA-O8982,AMA-C10825,05-Aug-2023,Apparel,2,36.71,Cancelled,Debit Card
AMA-O5639,AMA-C4737,2025-12-01,Home & Kitchen,1,70.13,Delivered,UPI
AMA-O6883,AMA-C6442,22-Jul-2023,Grocery,5,$26.65,Pending,Credit Card
AMA-O11728,AMA-C1259,2023-12-08,Electronics,1,364.82,Cancelled,UPI
AMA-O11864,AMA-C2246,05-May-2025,Beauty,4,86.3,Cancelled,Debit Card
AMA-O7139,AMA-C7882,2023-12-12,Books,3,11.5,Pending,Debit Card
AMA-O7154,AMA-C5092,22-Feb-2024,Books,1,$24.89,Returned,Amazon Pay
AMA-O5389,AMA-C3429,03/28/2024,Sports & Outdoors,1,$87.51,Pending,Debit Card
AMA-O9074,AMA-C2781,12-Dec-2023,Beauty,2,$40.44,Shipped,Amazon Pay
AMA-O9517,AMA-C4394,19-Sep-2025,Books,4,34.53,Delivered,UPI
AMA-O12907,AMA-C10008,2025-07-08,Home & Kitchen,5,212.75,Cancelled,Gift Card
AMA-O5185,AMA-C4527,2025-12-16,Beauty,4,16.0,Returned,Amazon Pay
AMA-O7370,AMA-C3982,2025-06-18,Toys,2,$15.59,Delivered,Amazon Pay
AMA-O12370,AMA-C9643,04-Dec-2023,Apparel,1,18.78,Returned,Gift Card
AMA-O13009,AMA-C9359,09/02/2024,Toys,4,74.87,,Credit Card
AMA-O7841,AMA-C5146,01/05/2023,Home & Kitchen,5,161.54,Delivered,UPI
AMA-O7312,AMA-C6268,2023-03-31,Toys,1,44.23,Returned,Credit Card
AMA-O11203,AMA-C5767,08/01/2023,Home & Kitchen,3,11.54,Returned,Gift Card
AMA-O6414,AMA-C3682,06/04/2024,Books,5,$36.77,Delivered,Credit Card
AMA-O10904,AMA-C10620,2023-12-24,Electronics,1,$459.37,Shipped,Amazon Pay
AMA-O6685,AMA-C5113,2025-06-28,Sports & Outdoors,5,$249.83,Delivered,Amazon Pay
AMA-O13331,AMA-C6881,20-Nov-2025,Books,3,34.24,Cancelled,UPI
AMA-O11898,AMA-C1246,08-Jan-2025,Sports & Outdoors,4,$213.75,Shipped,Debit Card
AMA-O9704,AMA-C1263,11/30/2023,Grocery,2,56.91,Delivered,Gift Card
AMA-O7441,AMA-C2253,12/04/2024,Toys,4,$49.44,Delivered,UPI
AMA-O11529,AMA-C10306,14-Aug-2025,Home & Kitchen,5,$234.54,Cancelled,Amazon Pay
AMA-O10224,AMA-C9999,14-Mar-2023,Grocery,5,49.44,Pending,Amazon Pay
AMA-O10298,AMA-C8419,2024-01-17,Sports & Outdoors,2,$12.24,Delivered,Debit Card
AMA-O11804,AMA-C10483,2023-04-09,Books,4,33.24,Shipped,Amazon Pay
AMA-O5853,AMA-C2661,06/22/2025,Grocery,-4,24.88,Pending,Debit Card
AMA-O6457,AMA-C9419,04/20/2025,Home & Kitchen,3,262.13,Pending,Credit Card
AMA-O12145,AMA-C10652,09/29/2023,Apparel,5,$53.26,Delivered,Credit Card
AMA-O8273,AMA-C6194,09/02/2024,Grocery,3,16.72,Delivered,UPI
AMA-O8492,AMA-C5511,2023-04-27,Beauty,2,35.83,Delivered,Credit Card
AMA-O6064,AMA-C2492,2025-10-08,Grocery,3,$52.92,Cancelled,Debit Card
AMA-O8849,AMA-C5311,2023-02-20,Home & Kitchen,2,52.02,Delivered,Debit Card
AMA-O8695,AMA-C6806,2025-06-21,Books,5,16.27,Pending,Credit Card
AMA-O8146,AMA-C8923,2023-08-18,Books,2,$7.22,Returned,Amazon Pay
AMA-O10455,AMA-C10143,20-Mar-2024,Toys,2,66.12,Delivered,Credit Card
AMA-O10567,AMA-C7859,03/09/2025,Electronics,4,155.84,Pending,UPI
AMA-O8166,AMA-C9696,15-Jun-2023,Sports & Outdoors,1,48.92,Delivered,UPI
AMA-O7635,AMA-C7518,2025-04-13,Toys,5,78.08,Delivered,Amazon Pay
AMA-O12382,AMA-C8244,29-Jan-2023,Apparel,4,$50.38,Delivered,Credit Card
AMA-O6481,AMA-C10755,01/02/2023,Beauty,3,13.12,Delivered,UPI
AMA-O12803,AMA-C3974,01-Oct-2025,Electronics,1,82.27,Delivered,UPI
AMA-O9893,AMA-C8607,2025-12-02,Beauty,-4,53.65,Returned,Gift Card
AMA-O11267,AMA-C2177,02-Mar-2025,Toys,3,24.99,Delivered,Gift Card
AMA-O11354,AMA-C1528,06/24/2025,Toys,2,28.83,Shipped,Credit Card
AMA-O12709,AMA-C7562,2024-04-12,Home & Kitchen,3,$299.45,Delivered,UPI
AMA-O9476,AMA-C6457,2023-09-03,Books,2,15.35,Shipped,Debit Card
AMA-O5182,AMA-C9668,06/03/2025,Sports & Outdoors,5,$93.59,Pending,Debit Card
AMA-O8519,AMA-C9767,09-Jun-2023,Electronics,4,234.47,Cancelled,Gift Card
AMA-O14517,AMA-C7488,13-Nov-2023,Toys,4,93.7,Returned,Credit Card
AMA-O5152,AMA-C6516,05/06/2025,Electronics,4,712.3,Shipped,Gift Card
AMA-O9858,AMA-C4626,03-Jun-2025,Home & Kitchen,4,80.53,Returned,UPI
AMA-O12092,AMA-C9731,2025-04-06,Books,1,28.18,Delivered,Debit Card
AMA-O12926,AMA-C8167,10/05/2025,Electronics,1,$687.90,Pending,Credit Card
AMA-O5449,AMA-C8488,2023-06-16,Grocery,1,13.7,Shipped,UPI
AMA-O8762,AMA-C10390,27-May-2025,Beauty,2,71.26,Pending,Credit Card
AMA-O5227,AMA-C3820,2025-02-19,Electronics,4,330.54,Returned,Amazon Pay
AMA-O12697,AMA-C4601,27-May-2023,Home & Kitchen,1,$245.73,Returned,Credit Card
AMA-O13586,AMA-C9483,16-Apr-2023,Beauty,5,37.69,Pending,Credit Card
AMA-O13620,AMA-C2016,02/24/2023,Books,5,23.77,Pending,Debit Card
AMA-O6188,AMA-C6484,2023-09-26,Grocery,2,56.55,Delivered,Gift Card
AMA-O6185,AMA-C1141,08/03/2024,Home & Kitchen,5,$93.70,,Credit Card
AMA-O6092,AMA-C4876,2025-09-26,Apparel,2,119.74,Returned,UPI
AMA-O9454,AMA-C5031,22-Apr-2025,Home & Kitchen,1,282.65,Returned,Credit Card
AMA-O5794,AMA-C4928,10-Aug-2024,Apparel,2,53.24,Returned,Gift Card
AMA-O14451,AMA-C1601,26-May-2025,Electronics,2,784.61,Cancelled,Amazon Pay
AMA-O9712,AMA-C1716,2025-03-15,Apparel,4,88.59,Returned,UPI
AMA-O7046,AMA-C5698,2025-03-15,Toys,2,38.29,Delivered,Gift Card
AMA-O6305,AMA-C1268,31-Oct-2023,Toys,2,11.45,Cancelled,UPI
AMA-O13401,AMA-C5417,09/07/2023,Grocery,3,13.73,Delivered,Amazon Pay
AMA-O9090,AMA-C9233,02/04/2023,Books,5,7.56,Delivered,Gift Card
AMA-O6139,AMA-C2092,11/30/2023,Toys,4,40.82,Returned,UPI
AMA-O11326,AMA-C7414,2024-04-12,Beauty,5,12.57,Cancelled,Gift Card
AMA-O10028,AMA-C9999,05/13/2025,Sports & Outdoors,4,163.79,Delivered,Debit Card
AMA-O10183,AMA-C3818,2025-03-14,Electronics,3,320.36,Delivered,Credit Card
AMA-O11335,AMA-C6947,09/04/2025,Grocery,4,50.98,Shipped,Debit Card
AMA-O7218,AMA-C6222,12/22/2024,Grocery,2,18.22,Delivered,Gift Card
AMA-O11672,AMA-C6733,2023-05-05,Toys,3,57.86,Returned,Gift Card
AMA-O11160,AMA-C10593,11-Jul-2025,Home & Kitchen,3,$172.83,Pending,Debit Card
AMA-O8169,AMA-C2656,03/02/2025,Books,5,$16.56,Pending,Amazon Pay
AMA-O6607,AMA-C5593,2024-11-28,Beauty,1,76.17,,UPI
AMA-O13806,AMA-C9980,20-Nov-2025,Grocery,4,14.31,Returned,Gift Card
AMA-O6331,AMA-C7732,2024-05-23,Apparel,5,45.07,Returned,UPI
AMA-O5590,AMA-C1601,12/09/2024,Grocery,4,58.77,Shipped,Debit Card
AMA-O7810,AMA-C8348,2024-09-22,Sports & Outdoors,5,$14.18,Delivered,Debit Card
AMA-O9053,AMA-C9999,2023-09-22,Electronics,3,444.78,,Debit Card
AMA-O7689,AMA-C6678,19-Apr-2023,Books,2,35.99,Shipped,Credit Card
AMA-O8532,AMA-C9123,06/08/2025,Toys,5,58.15,Returned,Gift Card
AMA-O5538,AMA-C4227,08/04/2025,Beauty,4,82.93,Delivered,Amazon Pay
AMA-O9148,AMA-C9900,2023-06-23,Sports & Outdoors,1,138.2,Cancelled,Gift Card
AMA-O14488,AMA-C5552,17-Jan-2024,Toys,1,$20.82,Returned,Credit Card
AMA-O10112,AMA-C4402,12-Jul-2023,Apparel,2,68.12,Delivered,Credit Card
AMA-O7518,AMA-C6133,2023-11-26,Sports & Outdoors,5,217.14,Delivered,Amazon Pay
AMA-O7947,AMA-C9118,05/22/2023,Electronics,3,245.14,Pending,Credit Card
AMA-O13233,AMA-C3699,03/22/2024,Books,4,27.97,Cancelled,Amazon Pay
AMA-O14118,AMA-C5591,04/03/2024,Electronics,3,102.73,Delivered,Amazon Pay
AMA-O8279,AMA-C2953,2025-11-04,Books,4,9.29,Delivered,Gift Card
AMA-O12277,AMA-C3255,11/13/2024,Beauty,1,$11.95,Pending,Amazon Pay
AMA-O9302,AMA-C8964,03/06/2024,Grocery,3,51.05,Delivered,Gift Card
AMA-O6487,AMA-C9656,09/15/2024,Beauty,2,33.58,Returned,UPI
AMA-O14349,AMA-C8236,12-Feb-2025,Home & Kitchen,3,175.83,Delivered,Gift Card
AMA-O12711,AMA-C8037,2025-04-22,Sports & Outdoors,4,45.01,Delivered,Credit Card
AMA-O12301,AMA-C7267,09/09/2024,Sports & Outdoors,3,171.53,Delivered,Debit Card
AMA-O9998,AMA-C10263,23-Dec-2024,Electronics,1,597.67,Shipped,Amazon Pay
AMA-O10361,AMA-C5764,2023-01-02,Sports & Outdoors,5,$177.78,Returned,Credit Card
AMA-O5930,AMA-C3216,2024-03-16,Beauty,2,84.51,Delivered,Gift Card
AMA-O14391,AMA-C1921,2023-06-20,Books,4,39.74,Delivered,Debit Card
AMA-O9780,AMA-C2264,2024-06-02,Apparel,3,84.46,Delivered,Debit Card
AMA-O8951,AMA-C5404,09/11/2024,Electronics,1,492.47,Cancelled,Debit Card
AMA-O11714,AMA-C10894,28-Nov-2025,Apparel,5,85.47,Delivered,Debit Card
AMA-O7990,AMA-C7626,16-Oct-2023,Books,1,16.57,Cancelled,UPI
AMA-O9576,AMA-C7745,2023-02-05,Grocery,-5,39.35,Delivered,Debit Card
AMA-O13374,AMA-C1400,10/30/2023,Books,2,19.55,Cancelled,UPI
AMA-O9338,AMA-C9388,2025-10-12,Books,2,33.13,Delivered,Amazon Pay
AMA-O5707,AMA-C6209,10/12/2023,Grocery,5,25.88,Cancelled,Amazon Pay
AMA-O12387,AMA-C3564,01/28/2024,Sports & Outdoors,5,$144.48,Shipped,UPI
AMA-O11494,AMA-C6629,19-May-2025,Apparel,-3,79.35,,Gift Card
AMA-O13265,AMA-C8070,2023-05-10,Books,4,26.6,Delivered,UPI
AMA-O5242,AMA-C9999,04/18/2023,Toys,-4,29.44,Cancelled,Debit Card
AMA-O14605,AMA-C4970,31-Mar-2023,Electronics,3,368.01,Cancelled,Amazon Pay
AMA-O5646,AMA-C6524,12/30/2024,Home & Kitchen,1,20.66,Delivered,Amazon Pay
AMA-O14341,AMA-C9282,11/06/2023,Sports & Outdoors,2,$104.71,Cancelled,Amazon Pay
AMA-O6319,AMA-C4115,05/20/2023,Home & Kitchen,2,245.01,Delivered,UPI
AMA-O5886,AMA-C6089,17-Dec-2023,Grocery,1,44.24,Cancelled,Debit Card
AMA-O14280,AMA-C7155,2023-09-09,Electronics,1,16.76,Returned,Credit Card
AMA-O10326,AMA-C8667,2024-04-11,Toys,5,59.27,Returned,Debit Card
AMA-O7011,AMA-C8326,2023-02-09,Grocery,1,32.33,Pending,Amazon Pay
AMA-O14978,AMA-C9937,2025-05-31,Books,3,28.79,Pending,UPI
AMA-O8943,AMA-C9999,05-Jan-2025,Home & Kitchen,4,151.54,Returned,Amazon Pay
AMA-O8469,AMA-C5425,13-Sep-2023,Beauty,4,82.37,Delivered,Gift Card
AMA-O9058,AMA-C5181,27-Aug-2025,Home & Kitchen,2,$251.50,Delivered,Debit Card
AMA-O10574,AMA-C2275,2023-03-04,Grocery,3,55.26,Delivered,Amazon Pay
AMA-O5820,AMA-C10028,18-Sep-2023,Apparel,4,$30.34,Delivered,Gift Card
AMA-O10961,AMA-C6983,02/27/2025,Home & Kitchen,1,273.99,Delivered,UPI
AMA-O12172,AMA-C9999,2023-02-06,Beauty,4,41.15,Delivered,UPI
AMA-O6643,AMA-C8929,03-Jun-2025,Grocery,3,24.56,Cancelled,Credit Card
AMA-O12035,AMA-C3441,2025-04-07,Apparel,1,113.01,Delivered,Debit Card
AMA-O7807,AMA-C1202,2024-09-14,Books,4,$28.56,Delivered,Amazon Pay
AMA-O14983,AMA-C3625,2025-05-31,Beauty,4,$24.39,Shipped,Amazon Pay
AMA-O7386,AMA-C2713,16-May-2025,Books,5,10.93,Delivered,Credit Card
AMA-O14165,AMA-C4230,13-Mar-2024,Books,1,12.92,Shipped,Gift Card
AMA-O14086,AMA-C4215,2024-04-15,Electronics,5,352.33,Pending,UPI
AMA-O6195,AMA-C5849,16-Sep-2025,Apparel,2,74.34,Pending,Debit Card
AMA-O11195,AMA-C8240,2023-03-12,Books,2,24.18,Cancelled,UPI
AMA-O13802,AMA-C1139,24-Dec-2024,Apparel,3,$101.54,Pending,Gift Card
AMA-O5991,AMA-C3630,11/10/2023,Electronics,2,146.15,Pending,UPI
AMA-O5792,AMA-C10672,02/07/2023,Electronics,1,$531.57,Cancelled,Debit Card
AMA-O14350,AMA-C6232,20-May-2023,Apparel,5,74.54,Delivered,UPI
AMA-O7399,AMA-C3981,10/18/2024,Books,1,34.04,Delivered,UPI
AMA-O7767,AMA-C6098,01/31/2023,Electronics,1,618.53,Delivered,Amazon Pay
AMA-O12752,AMA-C8173,2023-04-20,Beauty,4,52.07,Delivered,Gift Card
AMA-O8127,AMA-C2988,12-Apr-2023,Apparel,5,60.45,Returned,UPI
AMA-O5057,AMA-C8665,04/26/2025,Beauty,3,40.89,Delivered,UPI
AMA-O7684,AMA-C7411,2025-11-23,Apparel,-2,83.96,Returned,UPI
AMA-O12859,AMA-C7204,09/08/2023,Toys,1,81.22,Cancelled,Debit Card
AMA-O7912,AMA-C9924,05/11/2023,Beauty,4,39.21,Pending,Amazon Pay
AMA-O8043,AMA-C3047,2025-09-18,Electronics,5,157.54,Pending,UPI
AMA-O6915,AMA-C6117,2025-07-12,Toys,2,79.07,Delivered,Amazon Pay
AMA-O5763,AMA-C7799,18-Nov-2025,Books,5,6.98,Cancelled,UPI
AMA-O5506,AMA-C9660,11-Jan-2025,Home & Kitchen,5,117.98,Cancelled,Gift Card
AMA-O9716,AMA-C4966,18-Dec-2023,Apparel,1,87.45,Delivered,Debit Card
AMA-O8978,AMA-C5914,2023-12-13,Grocery,1,19.92,Shipped,Debit Card
AMA-O14812,AMA-C4899,11-Aug-2024,Books,3,19.55,Delivered,Credit Card
AMA-O14242,AMA-C8370,2023-11-12,Home & Kitchen,2,253.48,Pending,Gift Card
AMA-O7978,AMA-C8864,2024-08-25,Grocery,5,47.79,Delivered,Gift Card
AMA-O12120,AMA-C2864,2023-04-12,Sports & Outdoors,4,88.39,Delivered,Gift Card
AMA-O10712,AMA-C1583,09-Sep-2023,Grocery,2,7.01,Shipped,Gift Card
AMA-O7259,AMA-C5041,01/28/2023,Sports & Outdoors,4,$92.35,Pending,Amazon Pay
AMA-O6148,AMA-C6973,2023-10-12,Home & Kitchen,4,183.67,Delivered,Gift Card
AMA-O10808,AMA-C4494,2024-11-27,Grocery,2,58.28,Delivered,UPI
AMA-O11145,AMA-C2054,18-Sep-2024,Toys,1,70.74,Pending,Amazon Pay
AMA-O13151,AMA-C1708,02/17/2023,Grocery,1,$11.50,Delivered,Gift Card
AMA-O6295,AMA-C2760,16-Aug-2023,Toys,2,63.81,Delivered,Gift Card
AMA-O6326,AMA-C4894,08/13/2025,Apparel,4,38.71,Returned,Amazon Pay
AMA-O8391,AMA-C2486,2024-10-09,Home & Kitchen,1,223.97,Shipped,Debit Card
AMA-O14116,AMA-C8788,01/06/2023,Toys,1,15.15,,UPI
AMA-O7853,AMA-C9999,09-May-2023,Apparel,5,96.17,Delivered,UPI
AMA-O13634,AMA-C2084,08/01/2023,Apparel,1,35.42,Delivered,Gift Card
AMA-O7942,AMA-C5987,22-Sep-2023,Toys,2,$25.71,Cancelled,Gift Card
AMA-O10528,AMA-C3734,13-May-2024,Sports & Outdoors,2,147.85,Delivered,Credit Card
AMA-O14588,AMA-C2710,01-Oct-2025,Toys,4,$70.11,Returned,Credit Card
AMA-O11808,AMA-C9119,26-Mar-2024,Grocery,2,$48.78,Shipped,Gift Card
AMA-O5871,AMA-C8912,2023-09-01,Books,2,29.5,Delivered,Gift Card
AMA-O6757,AMA-C2504,07-Aug-2024,Home & Kitchen,3,74.96,Delivered,UPI
AMA-O11676,AMA-C4397,2025-04-12,Books,3,17.46,Pending,Credit Card
AMA-O14133,AMA-C9550,2024-02-23,Home & Kitchen,5,77.61,Delivered,Debit Card
AMA-O5369,AMA-C5222,2024-10-12,Sports & Outdoors,5,173.32,Returned,Credit Card
AMA-O8067,AMA-C1238,10/28/2025,Grocery,3,13.61,Delivered,Gift Card
AMA-O12275,AMA-C9368,2023-09-13,Toys,4,$47.21,Delivered,Debit Card
AMA-O6275,AMA-C7727,01/22/2024,Apparel,3,42.54,Shipped,Credit Card
AMA-O8402,AMA-C1121,01-Nov-2023,Apparel,5,$91.69,Delivered,UPI
AMA-O10766,AMA-C6761,12/10/2025,Sports & Outdoors,3,245.35,Delivered,Debit Card
AMA-O12368,AMA-C2541,30-Oct-2025,Toys,4,10.37,Delivered,Gift Card
AMA-O9615,AMA-C3073,02/24/2025,Books,4,14.16,Pending,Gift Card
AMA-O6310,AMA-C10108,2025-10-05,Sports & Outdoors,5,20.9,Returned,Amazon Pay
AMA-O10891,AMA-C2691,05/04/2024,Beauty,1,$29.37,Shipped,UPI
AMA-O12829,AMA-C4767,15-Aug-2025,Toys,1,77.64,Cancelled,Credit Card
AMA-O9360,AMA-C5053,04/11/2024,Apparel,3,94.82,Shipped,Credit Card
AMA-O11964,AMA-C3647,2024-04-15,Home & Kitchen,5,74.69,Shipped,Debit Card
AMA-O10928,AMA-C6892,06/15/2025,Books,3,$11.41,Returned,Debit Card
AMA-O11505,AMA-C3592,23-Jan-2025,Apparel,4,62.54,Shipped,Amazon Pay
AMA-O8237,AMA-C1569,14-Jun-2024,Grocery,4,$13.42,Cancelled,Credit Card
AMA-O9201,AMA-C1089,04-Sep-2025,Toys,2,58.57,Shipped,Gift Card
AMA-O14102,AMA-C7880,13-Nov-2024,Books,5,8.2,Returned,Credit Card
AMA-O8544,AMA-C4522,30-Sep-2024,Home & Kitchen,4,60.53,Returned,Credit Card
AMA-O9043,AMA-C5192,25-Jul-2024,Beauty,2,17.07,Delivered,UPI
AMA-O7440,AMA-C5456,2023-03-12,Sports & Outdoors,4,$208.10,Cancelled,Gift Card
AMA-O14796,AMA-C4136,03/15/2025,Home & Kitchen,2,21.45,Returned,Debit Card
AMA-O9087,AMA-C4738,01-Nov-2024,Electronics,-2,687.42,Delivered,Amazon Pay
AMA-O8385,AMA-C4727,07-Dec-2025,Toys,1,$31.20,Delivered,UPI
AMA-O10929,AMA-C3320,05/31/2025,Toys,3,45.6,Cancelled,Credit Card
AMA-O14929,AMA-C3265,11/11/2023,Sports & Outdoors,4,70.77,Pending,Amazon Pay
AMA-O8407,AMA-C8533,2025-09-04,Apparel,2,$74.79,Delivered,UPI
AMA-O6067,AMA-C9830,15-Feb-2023,Home & Kitchen,2,121.71,Delivered,Gift Card
AMA-O7885,AMA-C8379,04-Dec-2023,Apparel,3,46.73,Delivered,Amazon Pay
AMA-O7896,AMA-C10166,2024-10-17,Apparel,2,$68.75,Pending,Gift Card
AMA-O7269,AMA-C8433,2025-11-17,Beauty,1,36.22,Shipped,Amazon Pay
AMA-O8232,AMA-C9999,16-Jul-2025,Electronics,2,$672.18,Pending,Credit Card
AMA-O7906,AMA-C9360,08/31/2023,Beauty,5,19.99,Delivered,UPI
AMA-O10322,AMA-C6623,07/01/2024,Books,1,35.12,Delivered,Amazon Pay
AMA-O5083,AMA-C7143,2025-07-15,Electronics,4,195.04,Returned,Debit Card
AMA-O13105,AMA-C4287,07/12/2024,Books,1,14.91,Delivered,Credit Card
AMA-O5909,AMA-C2899,12/16/2025,Beauty,4,73.12,Delivered,Amazon Pay
AMA-O6807,AMA-C8578,2024-09-20,Electronics,2,592.46,Shipped,UPI
AMA-O14570,AMA-C9136,31-Mar-2023,Apparel,2,50.23,Delivered,Credit Card
AMA-O14193,AMA-C3563,10/31/2025,Home & Kitchen,4,190.53,Pending,Credit Card
AMA-O13707,AMA-C7171,04/20/2025,Sports & Outdoors,1,35.49,Shipped,Gift Card
AMA-O11857,AMA-C1134,07-Nov-2024,Apparel,1,$20.12,Cancelled,Gift Card
AMA-O8539,AMA-C7527,03/26/2025,Apparel,5,100.43,Delivered,Debit Card
AMA-O7943,AMA-C7922,2023-03-06,Beauty,5,67.5,Delivered,UPI
AMA-O6691,AMA-C10315,2024-04-29,Books,1,$18.10,Returned,UPI
AMA-O9430,AMA-C7992,2025-11-08,Grocery,3,36.48,Delivered,Gift Card
AMA-O14473,AMA-C4870,09/22/2023,Books,4,$37.78,Returned,Gift Card
AMA-O10447,AMA-C9476,07-Sep-2023,Sports & Outdoors,3,96.84,Pending,Gift Card
AMA-O14652,AMA-C3132,05/16/2023,Apparel,4,54.34,Delivered,Debit Card
AMA-O9983,AMA-C4713,31-May-2025,Books,4,9.44,Returned,UPI
AMA-O12449,AMA-C1666,13-Mar-2024,Books,4,10.52,Delivered,Gift Card
AMA-O8010,AMA-C2463,25-Aug-2023,Home & Kitchen,1,24.94,Delivered,Credit Card
AMA-O12546,AMA-C10099,05/22/2023,Toys,3,$5.78,Cancelled,Credit Card
AMA-O7438,AMA-C5411,12-Aug-2025,Apparel,3,90.96,Returned,Debit Card
AMA-O10205,AMA-C4811,01/29/2023,Apparel,1,62.51,Delivered,Gift Card
AMA-O11173,AMA-C6226,2023-01-04,Apparel,2,97.93,Delivered,Gift Card
AMA-O5507,AMA-C3743,02-Dec-2024,Grocery,5,$39.63,Delivered,Gift Card
AMA-O5172,AMA-C9753,2025-08-11,Beauty,1,$25.40,Delivered,Debit Card
AMA-O13832,AMA-C9999,2024-01-13,Apparel,1,95.31,Delivered,Debit Card
AMA-O10769,AMA-C6878,2024-03-31,Beauty,2,12.31,Cancelled,Credit Card
AMA-O14410,AMA-C3137,06-Mar-2023,Beauty,5,32.08,Delivered,Amazon Pay
AMA-O10839,AMA-C9999,07/13/2023,Toys,1,$90.40,Shipped,Gift Card
AMA-O9506,AMA-C9542,03-Dec-2023,Sports & Outdoors,2,191.47,Returned,Amazon Pay
AMA-O12433,AMA-C4274,04/20/2025,Sports & Outdoors,3,$249.00,Pending,Gift Card
AMA-O8651,AMA-C8779,21-Mar-2024,Apparel,1,58.18,Delivered,Amazon Pay
AMA-O6448,AMA-C7986,2024-07-13,Beauty,5,59.14,Pending,Debit Card
AMA-O12151,AMA-C6641,02/13/2025,Beauty,2,76.04,Delivered,UPI
AMA-O6604,AMA-C1025,11/05/2023,Apparel,3,$99.30,Delivered,Debit Card
AMA-O11043,AMA-C6281,06/08/2025,Books,3,5.72,Pending,Credit Card
AMA-O12291,AMA-C4295,05/26/2023,Sports & Outdoors,-5,227.2,Pending,Gift Card
AMA-O13723,AMA-C7742,2025-12-15,Toys,1,76.71,Cancelled,Gift Card
AMA-O6614,AMA-C9999,2023-10-16,Sports & Outdoors,2,$68.81,Delivered,Gift Card
AMA-O5089,AMA-C3938,02/03/2024,Toys,1,$17.33,Shipped,UPI
AMA-O9756,AMA-C4181,09/25/2025,Beauty,1,$73.38,Delivered,Amazon Pay
AMA-O7708,AMA-C2396,2025-10-15,Books,4,$27.40,Cancelled,Debit Card
AMA-O12613,AMA-C9038,04/21/2025,Sports & Outdoors,2,69.16,Delivered,Debit Card
AMA-O10594,AMA-C9547,09/05/2024,Grocery,3,46.86,Delivered,Credit Card
AMA-O12522,AMA-C7814,08/16/2024,Grocery,2,58.33,Delivered,Gift Card
AMA-O8925,AMA-C8224,2023-07-22,Home & Kitchen,4,92.13,Shipped,Debit Card
AMA-O14114,AMA-C7867,01/22/2023,Beauty,2,29.24,Shipped,Amazon Pay
AMA-O13003,AMA-C3998,25-Aug-2025,Books,5,$8.51,Cancelled,Debit Card
AMA-O5699,AMA-C1533,11-Aug-2023,Books,1,14.92,Delivered,Credit Card
AMA-O5400,AMA-C9610,27-Jul-2025,Home & Kitchen,4,191.83,,UPI
AMA-O5246,AMA-C8754,06-Oct-2024,Beauty,3,76.61,Delivered,Debit Card
AMA-O8155,AMA-C1912,08/20/2023,Apparel,3,108.31,Pending,Debit Card
AMA-O5550,AMA-C9521,28-Dec-2025,Electronics,2,$694.28,Cancelled,UPI
AMA-O8542,AMA-C3161,2025-01-16,Home & Kitchen,-2,163.88,Delivered,Amazon Pay
AMA-O6838,AMA-C5271,13-Jul-2024,Electronics,2,236.72,Cancelled,Amazon Pay
AMA-O14857,AMA-C6095,2025-12-20,Toys,1,$32.98,Shipped,Amazon Pay
AMA-O6639,AMA-C5608,2025-06-19,Sports & Outdoors,4,17.63,Returned,Debit Card
AMA-O10756,AMA-C7867,09/10/2023,Sports & Outdoors,5,225.31,Pending,Amazon Pay
AMA-O10781,AMA-C9784,30-Mar-2024,Toys,2,72.24,Delivered,Amazon Pay
AMA-O13842,AMA-C4925,28-Nov-2023,Sports & Outdoors,-2,18.57,Pending,Credit Card
AMA-O7082,AMA-C1006,02-Dec-2023,Books,1,29.67,Returned,UPI
AMA-O11691,AMA-C3205,2023-06-04,Books,5,29.51,Delivered,Amazon Pay
AMA-O11519,AMA-C9613,2023-04-25,Toys,4,14.23,Shipped,Amazon Pay
AMA-O6044,AMA-C4397,07-Mar-2025,Electronics,1,37.08,Delivered,Gift Card
AMA-O13836,AMA-C10831,01-Dec-2023,Toys,1,23.48,Returned,Gift Card
AMA-O6374,AMA-C1166,11/10/2023,Books,5,30.49,Cancelled,Credit Card
AMA-O12243,AMA-C1674,2023-05-16,Electronics,3,260.54,,Debit Card
AMA-O8582,AMA-C3886,03/23/2025,Sports & Outdoors,1,106.25,Delivered,Gift Card
AMA-O5957,AMA-C6860,2023-10-24,Sports & Outdoors,5,36.66,Delivered,UPI
AMA-O10859,AMA-C5990,02/07/2023,Beauty,3,71.14,Delivered,Credit Card
AMA-O9620,AMA-C8092,03/15/2024,Electronics,4,17.32,Delivered,UPI
AMA-O6683,AMA-C9345,05-Dec-2024,Apparel,3,30.08,Returned,UPI
AMA-O6902,AMA-C3340,2025-02-21,Toys,4,19.16,Shipped,Credit Card
AMA-O8603,AMA-C2447,2023-08-03,Home & Kitchen,5,98.51,Delivered,Amazon Pay
AMA-O13950,AMA-C6108,2025-05-28,Home & Kitchen,1,98.08,Pending,Debit Card
AMA-O13404,AMA-C2687,02/06/2025,Electronics,5,423.03,Pending,Amazon Pay
AMA-O5299,AMA-C10763,2023-02-26,Toys,2,13.2,Pending,Credit Card
AMA-O11711,AMA-C6652,07/28/2024,Electronics,1,291.2,Returned,UPI
AMA-O14595,AMA-C1573,2023-02-23,Toys,4,43.42,Pending,Amazon Pay
AMA-O12420,AMA-C9682,08-Oct-2023,Home & Kitchen,1,$96.11,Delivered,Credit Card
AMA-O12882,AMA-C4954,23-Nov-2024,Toys,4,14.11,Delivered,Amazon Pay
AMA-O9254,AMA-C10100,04/03/2025,Electronics,1,766.32,Returned,Amazon Pay
AMA-O5537,AMA-C2596,01-Nov-2025,Books,5,32.73,Delivered,Debit Card
AMA-O7835,AMA-C10488,09/15/2025,Books,5,32.0,Delivered,Gift Card
AMA-O9740,AMA-C8595,02/27/2025,Electronics,5,642.77,Delivered,Gift Card
AMA-O8584,AMA-C7553,2025-12-16,Electronics,-4,273.61,Delivered,Gift Card
AMA-O5860,AMA-C7056,19-May-2023,Electronics,1,318.69,Delivered,Gift Card
AMA-O14110,AMA-C9056,2025-07-27,Toys,4,$36.70,Delivered,Amazon Pay
AMA-O7398,AMA-C7889,2025-06-08,Beauty,5,43.64,Delivered,Amazon Pay
AMA-O5230,AMA-C10198,2023-08-01,Sports & Outdoors,1,206.44,Delivered,UPI
AMA-O9725,AMA-C2395,12-Jun-2024,Toys,5,99.01,Pending,Credit Card
AMA-O8238,AMA-C6131,2025-11-06,Toys,5,67.56,Delivered,UPI
AMA-O9570,AMA-C7760,27-Jul-2024,Home & Kitchen,1,204.04,Delivered,Gift Card
AMA-O11211,AMA-C10071,04/18/2023,Home & Kitchen,5,50.29,Delivered,Debit Card
AMA-O9941,AMA-C10026,09-Apr-2025,Books,3,28.12,Delivered,Amazon Pay
AMA-O8267,AMA-C1196,03/04/2024,Toys,4,81.24,,Gift Card
AMA-O11112,AMA-C10126,2024-08-11,Grocery,3,34.24,Pending,Debit Card
AMA-O14995,AMA-C2577,2024-09-22,Beauty,4,9.71,Pending,Debit Card
AMA-O6333,AMA-C2718,12/30/2025,Home & Kitchen,4,$128.46,Cancelled,UPI
AMA-O14609,AMA-C5066,2024-03-10,Toys,5,11.56,Delivered,Debit Card
AMA-O6065,AMA-C4890,09-Aug-2023,Books,4,36.56,Shipped,Gift Card
AMA-O8728,AMA-C1965,03-Mar-2024,Home & Kitchen,1,$160.69,Pending,UPI
AMA-O6468,AMA-C1791,2023-04-05,Apparel,1,28.45,,Gift Card
AMA-O13689,AMA-C8549,2023-02-20,Electronics,2,$512.43,Delivered,Credit Card
AMA-O10479,AMA-C5030,09-Jul-2025,Grocery,2,53.46,Cancelled,Gift Card
AMA-O10762,AMA-C7914,11/28/2023,Sports & Outdoors,2,154.36,Returned,Credit Card
AMA-O12773,AMA-C1397,08/21/2023,Electronics,3,777.67,Delivered,Amazon Pay
AMA-O10772,AMA-C1859,2025-03-24,Sports & Outdoors,1,$133.48,Shipped,Credit Card
AMA-O9039,AMA-C3224,01/03/2025,Electronics,3,51.56,Cancelled,Debit Card
AMA-O6632,AMA-C1088,25-Apr-2024,Beauty,5,68.53,Delivered,Amazon Pay
AMA-O12567,AMA-C7143,29-May-2023,Toys,1,28.94,Delivered,Debit Card
AMA-O11300,AMA-C10558,2024-08-16,Beauty,4,76.62,Delivered,Debit Card
AMA-O9446,AMA-C10944,15-Apr-2025,Books,2,28.45,Delivered,Credit Card
AMA-O7998,AMA-C4039,2025-01-01,Home & Kitchen,5,83.98,Pending,Debit Card
AMA-O9946,AMA-C6463,08-Mar-2025,Home & Kitchen,1,158.52,Delivered,Amazon Pay
AMA-O12820,AMA-C10035,12/16/2023,Beauty,5,62.56,Delivered,UPI
AMA-O9438,AMA-C6141,31-Jul-2025,Grocery,1,$13.97,Pending,Debit Card
AMA-O14688,AMA-C9263,05-Sep-2023,Beauty,1,$47.68,Delivered,Gift Card
AMA-O14779,AMA-C8204,08-Sep-2025,Sports & Outdoors,1,$71.49,Pending,Gift Card
AMA-O11454,AMA-C5297,2023-08-25,Home & Kitchen,5,77.26,Cancelled,Credit Card
AMA-O12129,AMA-C3156,03/13/2023,Grocery,3,$31.84,Pending,UPI
AMA-O13275,AMA-C9916,13-Jul-2023,Beauty,3,40.42,Delivered,Gift Card
AMA-O10740,AMA-C3503,19-Apr-2025,Beauty,1,62.19,Delivered,Credit Card
AMA-O14472,AMA-C7513,2023-04-07,Grocery,1,46.28,Shipped,Credit Card
AMA-O13050,AMA-C5503,05-Jun-2024,Grocery,3,25.49,Shipped,Debit Card
AMA-O5336,AMA-C7778,2025-03-03,Beauty,4,89.37,Cancelled,UPI
AMA-O12191,AMA-C1411,09-May-2025,Books,2,$38.61,Pending,UPI
AMA-O7857,AMA-C1791,20-Oct-2023,Toys,2,94.46,Delivered,UPI
AMA-O8927,AMA-C6191,08/26/2025,Toys,2,8.76,Shipped,Gift Card
AMA-O9108,AMA-C6913,2023-03-28,Grocery,1,$40.97,Delivered,Credit Card
AMA-O11735,AMA-C6186,01/11/2024,Sports & Outdoors,3,180.3,Pending,Gift Card
AMA-O6543,AMA-C2143,05/03/2023,Sports & Outdoors,5,$94.85,Delivered,Gift Card
AMA-O6491,AMA-C7189,02-Oct-2023,Home & Kitchen,5,145.9,Cancelled,Debit Card
AMA-O7914,AMA-C6306,05-May-2023,Home & Kitchen,2,77.72,Delivered,Amazon Pay
AMA-O13901,AMA-C1810,13-Jul-2025,Apparel,4,$37.52,Shipped,Credit Card
AMA-O6269,AMA-C5141,05/15/2025,Electronics,5,329.71,Shipped,Credit Card
AMA-O13092,AMA-C3330,2023-04-09,Sports & Outdoors,1,35.48,Shipped,Debit Card
AMA-O12242,AMA-C9995,2024-08-30,Apparel,2,103.91,Delivered,UPI
AMA-O7116,AMA-C7692,2024-11-26,Sports & Outdoors,3,141.09,Delivered,Credit Card
AMA-O5977,AMA-C8481,18-Apr-2024,Electronics,4,526.1,Delivered,Amazon Pay
AMA-O14336,AMA-C6931,06/25/2025,Electronics,2,694.29,Returned,Credit Card
AMA-O7144,AMA-C8443,12/17/2024,Sports & Outdoors,5,41.08,Shipped,Gift Card
AMA-O10951,AMA-C2813,23-Nov-2024,Beauty,3,28.15,Shipped,Credit Card
AMA-O7818,AMA-C1884,2025-01-09,Toys,2,28.78,Delivered,Amazon Pay
AMA-O9250,AMA-C5459,2023-10-08,Toys,3,30.63,,UPI
AMA-O14356,AMA-C4005,02-Jan-2024,Electronics,3,628.1,Delivered,Amazon Pay
AMA-O5443,AMA-C1200,2025-11-30,Toys,1,91.13,Cancelled,Amazon Pay
AMA-O6130,AMA-C9393,07/27/2025,Apparel,5,82.85,Pending,Debit Card
AMA-O5928,AMA-C3411,2024-08-23,Books,3,$14.37,Delivered,UPI
AMA-O12426,AMA-C8229,09-Feb-2023,Beauty,5,42.48,Cancelled,UPI
AMA-O11465,AMA-C3610,05/04/2023,Home & Kitchen,1,160.07,Delivered,UPI
AMA-O8091,AMA-C8457,05/03/2025,Electronics,5,591.15,Returned,Debit Card
AMA-O13049,AMA-C3629,04-Aug-2023,Apparel,3,81.14,Cancelled,Amazon Pay
AMA-O5071,AMA-C5870,14-May-2024,Toys,5,8.57,Delivered,Debit Card
AMA-O9812,AMA-C1147,08/31/2025,Sports & Outdoors,1,49.05,Delivered,Debit Card
AMA-O13545,AMA-C9999,08/14/2023,Apparel,1,14.92,Returned,Credit Card
AMA-O7821,AMA-C8577,2024-01-06,Home & Kitchen,1,276.55,Shipped,Credit Card
AMA-O6016,AMA-C4451,10/25/2024,Home & Kitchen,5,23.73,Returned,Gift Card
AMA-O12316,AMA-C10016,2023-02-19,Toys,4,98.62,Cancelled,Debit Card
AMA-O5543,AMA-C10620,2024-08-28,Sports & Outdoors,1,21.44,Shipped,Credit Card
AMA-O8181,AMA-C2609,06/28/2024,Grocery,3,$12.04,Delivered,Gift Card
AMA-O6182,AMA-C8664,10/12/2023,Home & Kitchen,2,181.04,Delivered,UPI
AMA-O11330,AMA-C6500,19-Sep-2025,Sports & Outdoors,4,32.21,,Credit Card
AMA-O11684,AMA-C6826,2023-07-12,Apparel,5,$27.51,Pending,Gift Card
AMA-O5551,AMA-C6339,01-Apr-2024,Toys,3,$64.73,Delivered,Debit Card
AMA-O13083,AMA-C8445,2023-09-27,Books,4,19.02,Cancelled,Credit Card
AMA-O8855,AMA-C4616,2024-05-31,Books,3,29.72,Delivered,UPI
AMA-O9851,AMA-C10027,2023-01-06,Home & Kitchen,4,$167.66,Shipped,Amazon Pay
AMA-O6756,AMA-C10722,2023-03-02,Books,3,35.89,Delivered,UPI
AMA-O7784,AMA-C5232,2025-10-09,Beauty,4,13.83,Delivered,Amazon Pay
AMA-O5392,AMA-C4016,09/28/2024,Books,4,38.45,Pending,Gift Card
AMA-O9075,AMA-C4554,2025-01-01,Sports & Outdoors,2,38.25,Pending,UPI
AMA-O14358,AMA-C8968,15-Jul-2023,Electronics,4,$726.71,Shipped,Gift Card
AMA-O6990,AMA-C3957,15-Sep-2025,Apparel,2,79.54,Pending,Amazon Pay
AMA-O11147,AMA-C5857,2023-09-13,Grocery,3,2.02,Pending,Gift Card
AMA-O12737,AMA-C3501,2023-05-25,Home & Kitchen,1,30.63,Cancelled,UPI
AMA-O12016,AMA-C6809,2025-01-01,Home & Kitchen,3,148.58,Delivered,Amazon Pay
AMA-O14955,AMA-C5644,14-Aug-2024,Beauty,2,69.08,Cancelled,Gift Card
AMA-O9214,AMA-C9997,02/18/2023,Toys,4,53.61,Pending,Gift Card
AMA-O14302,AMA-C4980,01-Dec-2025,Sports & Outdoors,4,$43.83,Delivered,UPI
AMA-O12545,AMA-C3798,2023-03-05,Books,3,11.52,Returned,UPI
AMA-O11569,AMA-C10201,03-Mar-2023,Beauty,3,25.46,Cancelled,Credit Card
AMA-O5388,AMA-C3800,12/30/2024,Electronics,5,25.27,Delivered,Credit Card
AMA-O10555,AMA-C6257,2023-05-27,Home & Kitchen,1,45.49,Delivered,Credit Card
AMA-O10619,AMA-C5363,08/01/2025,Grocery,5,54.43,Delivered,Amazon Pay
AMA-O10244,AMA-C5542,2024-02-28,Electronics,4,37.71,Shipped,UPI
AMA-O9752,AMA-C1467,09/21/2024,Beauty,4,$27.44,Delivered,Credit Card
AMA-O11889,AMA-C1967,27-May-2025,Beauty,3,69.03,Delivered,Gift Card
AMA-O8715,AMA-C10927,29-May-2023,Sports & Outdoors,1,112.48,Delivered,Credit Card
AMA-O7400,AMA-C1441,31-Aug-2024,Home & Kitchen,4,136.48,Delivered,Debit Card
AMA-O8933,AMA-C5133,2024-05-14,Apparel,3,27.47,Returned,Credit Card
AMA-O8263,AMA-C6002,09/18/2025,Books,1,23.27,Pending,UPI
AMA-O14963,AMA-C7822,12/01/2023,Electronics,5,621.86,Cancelled,UPI
AMA-O7601,AMA-C2529,04/21/2023,Sports & Outdoors,4,181.68,Delivered,Debit Card
AMA-O5325,AMA-C2485,06/06/2024,Apparel,4,48.91,Cancelled,Credit Card
AMA-O11305,AMA-C7788,01-Dec-2023,Grocery,3,8.25,Returned,UPI
AMA-O13215,AMA-C6695,08/03/2023,Apparel,2,52.15,Delivered,UPI
AMA-O11638,AMA-C2035,05/07/2025,Electronics,5,302.53,Returned,UPI
AMA-O9557,AMA-C6604,12/17/2025,Beauty,2,$39.31,Shipped,UPI
AMA-O5878,AMA-C4179,2025-06-26,Home & Kitchen,4,164.43,Returned,UPI
AMA-O5513,AMA-C10026,21-Aug-2023,Sports & Outdoors,3,221.65,Shipped,Credit Card
AMA-O14847,AMA-C6686,2023-08-19,Grocery,5,$22.35,Delivered,Amazon Pay
AMA-O13899,AMA-C5395,12/05/2024,Home & Kitchen,2,299.46,Delivered,Debit Card
AMA-O13022,AMA-C2464,04/27/2025,Grocery,3,32.96,Returned,UPI
AMA-O5447,AMA-C4211,10/25/2024,Apparel,5,83.12,Delivered,UPI
AMA-O8483,AMA-C9655,29-Jan-2024,Toys,5,94.39,Pending,Amazon Pay
AMA-O11164,AMA-C4153,20-May-2023,Beauty,-1,7.81,Delivered,Amazon Pay
AMA-O5010,AMA-C9999,20-Jan-2023,Toys,3,23.11,Pending,Gift Card
AMA-O12810,AMA-C2147,30-Jan-2025,Home & Kitchen,5,97.67,Delivered,Debit Card
AMA-O9872,AMA-C9839,15-Jul-2023,Books,4,14.53,Shipped,Credit Card
AMA-O12461,AMA-C8987,2025-03-30,Books,1,31.94,Shipped,UPI
AMA-O7588,AMA-C2491,03-May-2024,Beauty,3,49.3,Cancelled,Amazon Pay
AMA-O13747,AMA-C7152,2024-11-15,Electronics,5,446.15,Returned,Credit Card
AMA-O12601,AMA-C5628,12/22/2024,Grocery,2,$30.88,Returned,Amazon Pay
AMA-O5802,AMA-C9911,2023-06-25,Books,1,26.05,Delivered,Credit Card
AMA-O8203,AMA-C2966,16-Dec-2023,Grocery,5,55.3,Shipped,Amazon Pay
AMA-O11538,AMA-C4421,2024-03-10,Books,5,31.47,Pending,UPI
AMA-O10923,AMA-C2455,07-Aug-2025,Books,3,7.06,Delivered,Debit Card
AMA-O8784,AMA-C2966,11/05/2023,Toys,2,84.2,Returned,Amazon Pay
AMA-O5276,AMA-C9197,2024-02-22,Grocery,5,32.53,Cancelled,Credit Card
AMA-O5779,AMA-C7950,23-Mar-2024,Home & Kitchen,1,175.67,Pending,Gift Card
AMA-O7142,AMA-C1720,01/26/2025,Sports & Outdoors,4,127.26,Returned,Gift Card
AMA-O7454,AMA-C8701,2025-09-17,Beauty,2,87.66,Shipped,Debit Card
AMA-O9140,AMA-C1684,2025-03-21,Home & Kitchen,3,243.73,Delivered,Gift Card
AMA-O14415,AMA-C3524,09/05/2024,Sports & Outdoors,4,$75.99,Delivered,Credit Card
AMA-O8040,AMA-C6823,28-Jun-2023,Toys,5,14.6,,Credit Card
AMA-O14287,AMA-C4521,2023-04-25,Apparel,5,99.55,Pending,Debit Card
AMA-O14732,AMA-C4179,10-Sep-2023,Toys,2,41.06,Shipped,UPI
AMA-O7329,AMA-C2081,2024-08-24,Grocery,5,12.67,Pending,UPI
AMA-O8411,AMA-C6940,07/08/2023,Home & Kitchen,3,110.51,Shipped,Debit Card
AMA-O9380,AMA-C3943,22-Oct-2024,Grocery,4,16.48,Pending,Gift Card
AMA-O7382,AMA-C7172,2025-02-11,Books,2,27.81,Delivered,Amazon Pay
AMA-O14388,AMA-C9279,2025-04-25,Grocery,4,59.38,Cancelled,Gift Card
AMA-O11339,AMA-C5577,20-Apr-2024,Sports & Outdoors,4,28.37,Delivered,Amazon Pay
AMA-O12918,AMA-C1608,2024-08-21,Electronics,1,337.74,Delivered,Gift Card
AMA-O9132,AMA-C7366,04-May-2024,Apparel,1,110.05,Pending,UPI
AMA-O11865,AMA-C7760,2025-08-27,Home & Kitchen,5,255.46,Pending,UPI
AMA-O6695,AMA-C9022,06/24/2025,Home & Kitchen,4,44.34,Delivered,Debit Card
AMA-O5273,AMA-C8290,09/25/2025,Grocery,5,45.08,Delivered,Debit Card
AMA-O8217,AMA-C6461,2023-12-25,Sports & Outdoors,3,$177.40,Returned,Debit Card
AMA-O13098,AMA-C8719,25-Nov-2024,Electronics,5,658.92,Shipped,UPI
AMA-O10391,AMA-C2120,14-Sep-2023,Grocery,2,8.18,Delivered,UPI
AMA-O9864,AMA-C1938,01/30/2025,Toys,5,9.39,Pending,Debit Card
AMA-O7729,AMA-C9742,23-Jan-2023,Toys,3,19.7,Cancelled,Amazon Pay
AMA-O10003,AMA-C9173,2025-09-18,Beauty,1,62.42,Shipped,Credit Card
AMA-O6803,AMA-C3640,2023-12-02,Electronics,4,$701.93,Delivered,UPI
AMA-O7274,AMA-C4559,03-Nov-2024,Toys,3,17.17,Delivered,UPI
AMA-O5303,AMA-C4901,09/28/2025,Apparel,4,87.44,Delivered,Credit Card
AMA-O5024,AMA-C7400,2025-05-28,Grocery,1,48.35,Cancelled,Gift Card
AMA-O8535,AMA-C3717,06/30/2024,Beauty,4,11.32,Pending,Amazon Pay
AMA-O6500,AMA-C6237,03/30/2024,Beauty,1,53.38,Pending,Credit Card
AMA-O8486,AMA-C6793,12/16/2025,Electronics,2,$695.99,Delivered,Amazon Pay
AMA-O12327,AMA-C6433,01/07/2025,Electronics,1,354.63,Cancelled,Credit Card
AMA-O8620,AMA-C4782,2024-12-15,Sports & Outdoors,2,$103.68,Cancelled,Credit Card
AMA-O8331,AMA-C7335,2024-02-14,Home & Kitchen,4,150.21,Delivered,Amazon Pay
AMA-O12312,AMA-C1472,03-Feb-2025,Toys,1,$5.43,Delivered,Credit Card
AMA-O10177,AMA-C4460,10/30/2024,Books,1,20.98,Delivered,Gift Card
AMA-O6058,AMA-C8423,05/15/2023,Electronics,1,329.56,Shipped,Amazon Pay
AMA-O9425,AMA-C6069,2025-10-19,Apparel,2,$40.13,Delivered,Amazon Pay
AMA-O14403,AMA-C9277,01-Jul-2024,Electronics,4,709.02,Shipped,Credit Card
AMA-O8899,AMA-C3041,05/12/2024,Toys,1,35.08,Pending,Gift Card
AMA-O10201,AMA-C3388,2024-10-17,Electronics,1,355.36,Cancelled,Gift Card
AMA-O11979,AMA-C6352,08/29/2023,Books,5,19.74,Returned,Gift Card
AMA-O5220,AMA-C5199,12/08/2025,Home & Kitchen,3,225.23,Returned,UPI
AMA-O10270,AMA-C3102,2023-06-28,Grocery,2,53.63,Pending,Amazon Pay
AMA-O5451,AMA-C4718,17-Feb-2023,Beauty,2,58.73,Pending,Gift Card
AMA-O10978,AMA-C10769,2024-11-19,Home & Kitchen,2,105.4,Delivered,Amazon Pay
AMA-O8810,AMA-C4308,2024-06-11,Home & Kitchen,1,$244.17,Delivered,Debit Card
AMA-O6759,AMA-C1383,01/26/2025,Apparel,4,$113.24,Delivered,Credit Card
AMA-O10411,AMA-C7037,2025-10-15,Sports & Outdoors,3,108.6,Returned,Amazon Pay
AMA-O7567,AMA-C10790,2025-11-01,Apparel,3,114.09,Cancelled,Debit Card
AMA-O9637,AMA-C7375,05/24/2024,Beauty,2,50.14,Shipped,Amazon Pay
AMA-O14248,AMA-C10191,20-Jul-2023,Home & Kitchen,3,86.8,Delivered,Debit Card
AMA-O10165,AMA-C3978,11/18/2023,Sports & Outdoors,1,71.9,,UPI
AMA-O5616,AMA-C4296,2024-12-28,Toys,2,97.98,Delivered,UPI
AMA-O13847,AMA-C8970,10/08/2025,Grocery,4,$36.30,Pending,Gift Card
AMA-O12777,AMA-C6933,2024-11-07,Grocery,2,8.0,Returned,Gift Card
AMA-O14768,AMA-C10015,29-Dec-2023,Electronics,1,279.69,Delivered,UPI
AMA-O5143,AMA-C4312,11/05/2023,Apparel,1,113.27,Delivered,Credit Card
AMA-O10023,AMA-C7120,2025-02-20,Toys,5,$31.20,Returned,UPI
AMA-O7510,AMA-C9999,01/15/2024,Apparel,5,36.58,Shipped,Credit Card
AMA-O11786,AMA-C1388,2025-07-28,Apparel,5,$114.44,Delivered,Gift Card
AMA-O14829,AMA-C10399,14-Aug-2024,Electronics,4,111.11,Pending,UPI
AMA-O13905,AMA-C10335,11/05/2025,Grocery,3,43.92,Delivered,Gift Card
AMA-O13229,AMA-C5883,17-Aug-2023,Electronics,3,275.24,Delivered,Debit Card
AMA-O13165,AMA-C7527,26-Mar-2024,Grocery,3,14.97,Delivered,Debit Card
AMA-O8257,AMA-C7884,06/09/2025,Home & Kitchen,3,146.98,Shipped,Amazon Pay
AMA-O10887,AMA-C4368,26-Jul-2023,Sports & Outdoors,5,198.41,Shipped,Debit Card
AMA-O13304,AMA-C5669,10-Aug-2024,Apparel,4,102.51,,UPI
AMA-O12651,AMA-C4874,2023-09-08,Electronics,3,$421.62,Delivered,Debit Card
AMA-O12808,AMA-C10329,04-Oct-2025,Grocery,2,57.59,Cancelled,UPI
AMA-O10082,AMA-C5463,11/02/2023,Books,5,30.89,Delivered,Gift Card
AMA-O11540,AMA-C3648,06/10/2025,Toys,3,53.45,Delivered,Amazon Pay
AMA-O11302,AMA-C9439,22-Aug-2023,Beauty,1,$75.74,Delivered,Gift Card
AMA-O11008,AMA-C6755,17-Aug-2023,Toys,3,62.17,Cancelled,Amazon Pay
AMA-O7560,AMA-C3486,30-Jul-2025,Electronics,2,735.99,Delivered,Debit Card
AMA-O9665,AMA-C7329,08/10/2024,Home & Kitchen,3,$115.04,Pending,Amazon Pay
AMA-O7095,AMA-C2511,2025-06-15,Sports & Outdoors,3,34.87,Delivered,Gift Card
AMA-O10091,AMA-C9508,2024-12-05,Beauty,3,7.99,Delivered,Amazon Pay
AMA-O8886,AMA-C2052,01/25/2025,Toys,5,38.45,Returned,Credit Card
AMA-O5869,AMA-C3175,27-Jul-2025,Sports & Outdoors,4,30.93,Shipped,Debit Card
AMA-O5144,AMA-C2975,2025-09-20,Sports & Outdoors,1,241.79,Returned,UPI
AMA-O7422,AMA-C8829,08-Sep-2025,Sports & Outdoors,3,21.48,Pending,Amazon Pay
AMA-O5359,AMA-C7013,09-Aug-2024,Toys,2,$45.50,Delivered,Gift Card
AMA-O9449,AMA-C1983,06-Jan-2025,Home & Kitchen,5,221.68,Returned,Gift Card
AMA-O7167,AMA-C9193,06/22/2025,Beauty,4,$70.17,Returned,Credit Card
AMA-O5058,AMA-C2584,27-Dec-2025,Grocery,3,$58.82,Shipped,Credit Card
AMA-O12540,AMA-C9802,06-Jul-2025,Beauty,1,87.65,Shipped,Amazon Pay
AMA-O13430,AMA-C9999,2025-02-08,Beauty,2,66.71,Cancelled,Credit Card
AMA-O14236,AMA-C5546,2024-05-25,Toys,4,48.13,Delivered,Debit Card
AMA-O5533,AMA-C3024,2024-01-10,Beauty,1,75.36,Cancelled,Debit Card
AMA-O13355,AMA-C1292,2023-07-16,Home & Kitchen,5,126.41,Delivered,Credit Card
AMA-O14651,AMA-C1011,2024-12-26,Home & Kitchen,5,17.35,Cancelled,Debit Card
AMA-O8644,AMA-C10627,06/30/2024,Toys,4,13.06,Delivered,Credit Card
AMA-O5062,AMA-C7585,2023-09-27,Grocery,1,27.96,Delivered,UPI
AMA-O8297,AMA-C8001,2024-04-08,Sports & Outdoors,4,95.34,Delivered,Credit Card
AMA-O14146,AMA-C2612,10/14/2025,Grocery,3,37.96,Pending,UPI
AMA-O14722,AMA-C3877,08-Sep-2025,Grocery,5,31.81,Pending,UPI
AMA-O12114,AMA-C5555,05/19/2023,Toys,2,80.93,Returned,Gift Card
AMA-O7724,AMA-C10889,2024-10-24,Grocery,1,29.02,Delivered,Amazon Pay
AMA-O5833,AMA-C6393,10/31/2024,Home & Kitchen,3,39.98,Cancelled,Gift Card
AMA-O12988,AMA-C2314,13-Oct-2024,Grocery,1,51.77,Delivered,Gift Card
AMA-O14335,AMA-C5937,2023-01-28,Apparel,5,96.17,Cancelled,UPI
AMA-O6325,AMA-C5277,2023-12-15,Sports & Outdoors,2,70.53,Cancelled,Amazon Pay
AMA-O8199,AMA-C6106,05/28/2023,Toys,4,26.98,Shipped,Amazon Pay
AMA-O5787,AMA-C7255,03/21/2025,Apparel,4,$26.95,Delivered,UPI
AMA-O11651,AMA-C10555,2025-10-19,Home & Kitchen,4,169.71,Cancelled,Amazon Pay
AMA-O11797,AMA-C9651,01/16/2024,Home & Kitchen,1,258.51,Pending,UPI
AMA-O9256,AMA-C1421,08/05/2023,Books,2,$26.31,Pending,Credit Card
AMA-O13570,AMA-C6726,2023-08-11,Beauty,5,$53.26,Returned,Amazon Pay
AMA-O8904,AMA-C7498,02/10/2023,Sports & Outdoors,1,231.52,Delivered,Debit Card
AMA-O7350,AMA-C6808,02/03/2025,Electronics,1,138.04,Delivered,Debit Card
AMA-O5196,AMA-C2873,2025-05-26,Home & Kitchen,3,$276.33,Delivered,Gift Card
AMA-O13680,AMA-C2769,2025-02-03,Sports & Outdoors,1,$170.65,Delivered,Debit Card
AMA-O5966,AMA-C1685,12/18/2025,Apparel,3,$118.58,Pending,Amazon Pay
AMA-O11827,AMA-C8463,12/23/2023,Grocery,1,53.34,Delivered,Debit Card
AMA-O14731,AMA-C9268,2025-12-19,Grocery,4,18.0,Returned,Gift Card
AMA-O7865,AMA-C6235,27-Sep-2025,Apparel,3,35.73,Delivered,Gift Card
AMA-O14658,AMA-C8678,06-Oct-2024,Toys,1,13.43,Delivered,UPI
AMA-O13542,AMA-C5840,2024-10-31,Books,4,$11.98,Delivered,Amazon Pay
AMA-O14054,AMA-C6836,2024-06-30,Toys,4,92.97,Delivered,Credit Card
AMA-O11995,AMA-C10174,23-Apr-2024,Beauty,1,$87.52,Returned,Debit Card
AMA-O9101,AMA-C10515,26-Mar-2025,Toys,3,11.37,Delivered,Amazon Pay
AMA-O6527,AMA-C7685,02/25/2024,Sports & Outdoors,1,217.59,Delivered,Amazon Pay
AMA-O11807,AMA-C6953,10/30/2024,Books,5,$14.56,Delivered,Gift Card
AMA-O6904,AMA-C8300,2024-12-28,Books,3,15.79,Delivered,Gift Card
AMA-O5163,AMA-C7899,28-Jan-2024,Toys,3,29.88,Shipped,Gift Card
AMA-O9352,AMA-C8335,2025-11-30,Beauty,5,$70.47,Cancelled,Amazon Pay
AMA-O6717,AMA-C4032,18-Feb-2025,Beauty,3,26.31,Cancelled,Gift Card
AMA-O10521,AMA-C6935,05/23/2025,Beauty,1,29.96,Pending,Debit Card
AMA-O10377,AMA-C6569,09/01/2025,Home & Kitchen,3,137.43,Pending,Amazon Pay
AMA-O12701,AMA-C7864,11-Feb-2023,Electronics,1,764.36,Delivered,Credit Card
AMA-O9335,AMA-C9536,2025-12-14,Home & Kitchen,2,17.31,Delivered,Credit Card
AMA-O10914,AMA-C6665,01-Feb-2025,Home & Kitchen,3,287.28,Delivered,Gift Card
AMA-O13607,AMA-C2362,2023-07-04,Home & Kitchen,3,265.9,Delivered,Debit Card
AMA-O11093,AMA-C3181,09/19/2024,Toys,5,69.7,Delivered,Credit Card
AMA-O11886,AMA-C7075,03/30/2025,Grocery,3,17.91,Pending,Debit Card
AMA-O14251,AMA-C3810,05/07/2024,Grocery,3,34.86,Pending,Debit Card
AMA-O10649,AMA-C3179,09/21/2024,Beauty,3,13.94,Delivered,Debit Card
AMA-O6593,AMA-C7576,2023-11-02,Sports & Outdoors,3,$225.01,Pending,Gift Card
AMA-O12515,AMA-C10181,12/27/2023,Apparel,1,64.22,Delivered,UPI
AMA-O7615,AMA-C9445,28-Mar-2024,Beauty,5,45.12,Delivered,Amazon Pay
AMA-O5666,AMA-C5179,05/01/2023,Apparel,1,$83.38,Delivered,UPI
AMA-O5202,AMA-C1064,27-May-2024,Sports & Outdoors,5,91.07,Returned,Credit Card
AMA-O12214,AMA-C6532,04-Mar-2023,Books,2,$32.82,Delivered,Credit Card
AMA-O8593,AMA-C3062,03/01/2023,Apparel,1,73.49,Pending,Credit Card
AMA-O8670,AMA-C6766,31-May-2024,Home & Kitchen,4,156.83,Pending,Credit Card
AMA-O8135,AMA-C1183,14-Aug-2025,Apparel,4,97.57,,Gift Card
AMA-O5518,AMA-C1731,10-Apr-2025,Home & Kitchen,4,66.35,Shipped,Gift Card
AMA-O11798,AMA-C9200,12/22/2024,Sports & Outdoors,1,92.33,Shipped,Amazon Pay
AMA-O6603,AMA-C9564,2023-02-09,Sports & Outdoors,1,209.72,Pending,Credit Card
AMA-O6127,AMA-C5052,02/02/2025,Sports & Outdoors,2,139.29,Cancelled,UPI
AMA-O14946,AMA-C7681,10/23/2024,Electronics,5,$711.93,Returned,Debit Card
AMA-O13926,AMA-C8390,2025-08-17,Beauty,5,55.17,Delivered,Debit Card
AMA-O6415,AMA-C10944,13-Jun-2025,Home & Kitchen,4,81.35,Delivered,Debit Card
AMA-O11824,AMA-C6878,01-Feb-2024,Grocery,5,14.1,Pending,Amazon Pay
AMA-O5594,AMA-C7311,2025-01-06,Electronics,3,380.3,Pending,Amazon Pay
AMA-O7881,AMA-C3813,09/13/2023,Apparel,3,10.06,Returned,UPI
AMA-O14368,AMA-C1017,04/13/2023,Books,2,37.07,Delivered,Amazon Pay
AMA-O11282,AMA-C3123,05/26/2023,Toys,5,15.82,Cancelled,Debit Card
AMA-O7236,AMA-C6988,12-Mar-2024,Electronics,5,319.4,Delivered,UPI
AMA-O6689,AMA-C10462,2023-11-12,Sports & Outdoors,2,60.24,Returned,Gift Card
AMA-O8873,AMA-C10107,12/19/2024,Home & Kitchen,3,$283.14,Cancelled,Credit Card
AMA-O6799,AMA-C8644,2025-09-14,Beauty,1,$51.60,Returned,Gift Card
AMA-O13743,AMA-C9210,2025-03-29,Home & Kitchen,4,150.15,Cancelled,Amazon Pay
AMA-O6128,AMA-C1744,10/04/2025,Electronics,3,679.95,Shipped,Credit Card
AMA-O9710,AMA-C6726,22-Jul-2023,Books,1,29.45,Shipped,Debit Card
AMA-O14106,AMA-C6490,2023-12-06,Beauty,5,20.78,Shipped,UPI
AMA-O5628,AMA-C4113,01/02/2023,Books,2,25.55,,Credit Card
AMA-O11450,AMA-C2707,2025-11-17,Home & Kitchen,1,149.32,Delivered,Amazon Pay
AMA-O8059,AMA-C1937,04-Jun-2024,Apparel,2,88.87,Shipped,Credit Card
AMA-O10703,AMA-C6116,2024-08-02,Books,1,$27.09,Delivered,Debit Card
AMA-O6052,AMA-C9151,2024-11-07,Apparel,2,20.04,,Debit Card
AMA-O12785,AMA-C8466,24-Mar-2023,Sports & Outdoors,5,149.45,Cancelled,Credit Card
AMA-O11461,AMA-C7215,04/28/2025,Sports & Outdoors,1,133.88,Delivered,Amazon Pay
AMA-O6015,AMA-C6900,28-Feb-2024,Grocery,1,58.37,Pending,Amazon Pay
AMA-O11835,AMA-C5930,06/02/2023,Toys,1,64.36,Delivered,Gift Card
AMA-O7084,AMA-C10838,05/31/2023,Electronics,2,547.59,Cancelled,UPI
AMA-O12231,AMA-C5762,2024-08-22,Apparel,1,92.91,Delivered,Debit Card
AMA-O9847,AMA-C7557,21-Oct-2023,Home & Kitchen,4,15.2,Cancelled,Amazon Pay
AMA-O8340,AMA-C4650,2025-07-01,Sports & Outdoors,5,203.13,Pending,UPI
AMA-O6953,AMA-C1466,09-Apr-2025,Toys,5,$58.58,Delivered,Debit Card
AMA-O6113,AMA-C6364,2024-10-27,Apparel,2,109.85,Delivered,Debit Card
AMA-O8920,AMA-C4560,2023-12-07,Electronics,5,349.19,Delivered,Amazon Pay
AMA-O6636,AMA-C1453,2025-03-19,Books,5,21.98,Delivered,Credit Card
AMA-O12136,AMA-C10803,04-Nov-2024,Toys,4,75.69,Returned,Credit Card
AMA-O12185,AMA-C4311,2025-05-13,Beauty,2,$89.28,Delivered,Credit Card
AMA-O13137,AMA-C2780,2024-02-06,Beauty,4,32.44,Shipped,Gift Card
AMA-O10313,AMA-C8182,07/20/2025,Beauty,5,76.81,Pending,Amazon Pay
AMA-O7384,AMA-C1026,12/31/2024,Toys,1,$45.74,Returned,UPI
AMA-O5852,AMA-C10821,2024-07-01,Electronics,3,293.72,Delivered,Amazon Pay
AMA-O12577,AMA-C9575,2025-09-18,Books,4,27.98,Cancelled,Amazon Pay
AMA-O11317,AMA-C10441,13-Nov-2023,Books,4,37.44,Returned,Amazon Pay
AMA-O7770,AMA-C9474,07-Jan-2024,Electronics,1,438.88,Pending,Amazon Pay
AMA-O5160,AMA-C7840,16-Feb-2025,Books,3,17.53,Returned,UPI
AMA-O8419,AMA-C8092,10/03/2025,Apparel,4,14.29,Delivered,Amazon Pay
AMA-O8442,AMA-C5072,10/24/2023,Apparel,3,99.82,Delivered,Debit Card
AMA-O7525,AMA-C5961,2023-10-08,Home & Kitchen,3,33.51,Cancelled,Credit Card
AMA-O9272,AMA-C4144,2025-06-06,Toys,1,24.98,Shipped,UPI
AMA-O9195,AMA-C7022,2025-02-05,Toys,4,89.63,Pending,Credit Card
AMA-O9661,AMA-C5742,18-Nov-2024,Sports & Outdoors,4,$116.62,Delivered,Debit Card
AMA-O11496,AMA-C2794,2025-03-12,Toys,2,10.84,Pending,Amazon Pay
AMA-O11726,AMA-C4823,2025-02-09,Beauty,1,28.15,Shipped,UPI
AMA-O8814,AMA-C10189,08-Jan-2024,Beauty,2,34.12,Shipped,UPI
AMA-O6660,AMA-C10907,22-Nov-2025,Electronics,1,633.72,Delivered,Amazon Pay
AMA-O6222,AMA-C2507,21-Jan-2024,Electronics,3,114.57,Returned,Debit Card
AMA-O5497,AMA-C7314,24-Nov-2025,Electronics,3,507.98,Returned,Credit Card
AMA-O10429,AMA-C2502,05/02/2024,Books,2,18.22,Delivered,Amazon Pay
AMA-O5358,AMA-C4625,2025-10-18,Home & Kitchen,5,156.97,Shipped,Debit Card
AMA-O10525,AMA-C3987,28-Nov-2025,Apparel,5,38.02,Delivered,UPI
AMA-O8804,AMA-C5314,04/30/2024,Apparel,-3,116.87,Delivered,Amazon Pay
AMA-O8521,AMA-C9999,08/02/2025,Home & Kitchen,4,$280.77,Delivered,UPI
AMA-O8832,AMA-C2301,2023-02-11,Books,4,$28.98,Delivered,UPI
AMA-O10056,AMA-C2530,19-May-2024,Electronics,5,578.51,Delivered,UPI
AMA-O12897,AMA-C3910,01-Oct-2023,Beauty,2,40.13,Cancelled,Amazon Pay
AMA-O10115,AMA-C7468,2023-09-19,Apparel,4,55.95,Pending,Amazon Pay
AMA-O5174,AMA-C3129,15-Mar-2023,Books,5,29.15,Delivered,Debit Card
AMA-O8301,AMA-C1457,16-Apr-2025,Home & Kitchen,2,26.79,Cancelled,UPI
AMA-O7196,AMA-C10575,2025-07-27,Toys,4,77.69,Cancelled,Debit Card
AMA-O11198,AMA-C2818,10/28/2024,Beauty,2,75.13,Delivered,Amazon Pay
AMA-O12389,AMA-C7730,11/26/2024,Grocery,3,25.97,Cancelled,Gift Card
AMA-O11544,AMA-C5555,09-May-2024,Apparel,1,118.97,,Debit Card
AMA-O11681,AMA-C1645,2025-02-03,Beauty,4,$87.40,Delivered,UPI
AMA-O10987,AMA-C7817,03/30/2025,Toys,5,72.52,Cancelled,Amazon Pay
AMA-O7124,AMA-C8434,14-Aug-2025,Grocery,2,18.69,Pending,Debit Card
AMA-O14817,AMA-C2380,2025-02-17,Sports & Outdoors,1,73.55,Returned,Credit Card
AMA-O12585,AMA-C2428,01/31/2025,Grocery,5,6.17,Delivered,Debit Card
AMA-O14241,AMA-C9132,18-Oct-2025,Electronics,1,713.57,Delivered,Amazon Pay
AMA-O8491,AMA-C9206,2025-05-13,Sports & Outdoors,2,$124.47,Returned,Gift Card
AMA-O6882,AMA-C9382,2024-01-09,Toys,4,$7.86,Delivered,Amazon Pay
AMA-O10537,AMA-C5451,02/18/2023,Sports & Outdoors,2,85.64,Shipped,Amazon Pay
AMA-O11574,AMA-C6769,03-Sep-2023,Beauty,5,52.33,Delivered,Amazon Pay
AMA-O10825,AMA-C6806,21-Jan-2025,Books,2,15.61,Pending,Gift Card
AMA-O6428,AMA-C8497,2025-07-17,Books,1,$33.65,Delivered,Credit Card
AMA-O14172,AMA-C4764,22-Jan-2025,Electronics,4,$543.88,Delivered,Credit Card
AMA-O14442,AMA-C7525,2023-08-12,Electronics,2,$188.09,Returned,Amazon Pay
AMA-O14708,AMA-C8779,2025-09-24,Toys,5,56.15,Shipped,Debit Card
AMA-O5424,AMA-C8296,08/30/2025,Home & Kitchen,5,192.46,Cancelled,Amazon Pay
AMA-O6242,AMA-C6875,2024-06-26,Grocery,4,$33.35,Delivered,Gift Card
AMA-O10572,AMA-C7071,09/04/2024,Home & Kitchen,5,211.83,Returned,Gift Card
AMA-O14228,AMA-C8915,2023-04-05,Grocery,2,32.36,Delivered,Amazon Pay
AMA-O10462,AMA-C4677,15-Oct-2023,Beauty,3,68.18,Shipped,Debit Card
AMA-O12683,AMA-C5159,11-Oct-2025,Toys,-3,56.42,Returned,Gift Card
AMA-O9262,AMA-C9435,2024-12-07,Toys,5,15.44,Delivered,Credit Card
AMA-O11489,AMA-C10709,08/07/2024,Toys,3,$23.99,Returned,Debit Card
AMA-O12085,AMA-C9942,03/13/2025,Sports & Outdoors,5,207.25,Shipped,Amazon Pay
AMA-O11678,AMA-C1790,26-Nov-2025,Home & Kitchen,3,157.32,Shipped,UPI
AMA-O12100,AMA-C7986,2025-04-28,Grocery,4,26.11,Shipped,UPI
AMA-O8980,AMA-C5049,2025-12-28,Beauty,3,$55.03,Delivered,Amazon Pay
AMA-O9924,AMA-C4634,2025-09-25,Grocery,1,$29.48,Delivered,Credit Card
AMA-O12508,AMA-C3851,05/03/2023,Sports & Outdoors,2,195.46,Pending,Debit Card
AMA-O12494,AMA-C6384,2025-10-13,Sports & Outdoors,3,$183.63,Pending,UPI
AMA-O8704,AMA-C1619,05/02/2023,Toys,1,71.62,Shipped,Gift Card
AMA-O7867,AMA-C9391,2025-06-04,Grocery,4,16.37,Delivered,UPI
AMA-O9726,AMA-C1336,09/03/2025,Apparel,4,95.99,Delivered,Debit Card
AMA-O7360,AMA-C7690,2024-10-26,Toys,4,15.05,Delivered,Credit Card
AMA-O9468,AMA-C9680,19-Aug-2025,Books,3,15.84,Delivered,Amazon Pay
AMA-O13769,AMA-C8708,2024-10-29,Home & Kitchen,5,152.7,Returned,Credit Card
AMA-O5793,AMA-C8686,2024-02-23,Beauty,2,78.72,Returned,UPI
AMA-O7986,AMA-C7725,09/05/2023,Apparel,2,87.41,Delivered,Amazon Pay
AMA-O9613,AMA-C9574,2023-07-26,Toys,2,26.24,Delivered,Amazon Pay
AMA-O14614,AMA-C10994,2024-10-12,Sports & Outdoors,4,42.22,Cancelled,Amazon Pay
AMA-O10732,AMA-C9170,2023-05-14,Toys,5,76.28,Pending,UPI
AMA-O9347,AMA-C3000,01/29/2023,Home & Kitchen,4,58.98,Shipped,Gift Card
AMA-O9295,AMA-C3958,24-Jan-2024,Books,5,31.0,Pending,Gift Card
AMA-O5644,AMA-C5276,09-Mar-2025,Apparel,3,54.9,Cancelled,Credit Card
AMA-O13745,AMA-C7279,05/07/2023,Apparel,1,$27.53,Shipped,Amazon Pay
AMA-O6473,AMA-C9607,05-Jul-2023,Books,2,9.99,Pending,Credit Card
AMA-O10164,AMA-C3396,01/02/2025,Sports & Outdoors,3,106.55,Shipped,Debit Card
AMA-O6872,AMA-C8271,17-Jan-2023,Sports & Outdoors,2,106.21,Delivered,Amazon Pay
AMA-O9810,AMA-C4014,06/29/2023,Electronics,4,788.9,Pending,Debit Card
AMA-O13075,AMA-C10785,2024-08-14,Apparel,5,35.8,Returned,Debit Card
AMA-O10071,AMA-C3328,22-Jun-2024,Electronics,4,264.21,Shipped,UPI
AMA-O6834,AMA-C4414,12/20/2025,Electronics,5,761.49,Delivered,UPI
AMA-O12180,AMA-C8536,05-Jan-2024,Toys,2,91.91,Delivered,Debit Card
AMA-O5381,AMA-C5061,2023-12-04,Apparel,2,85.36,Delivered,Debit Card
AMA-O10538,AMA-C5490,12/07/2025,Toys,3,9.53,Delivered,Amazon Pay
AMA-O14312,AMA-C1280,2025-01-10,Toys,5,23.0,Delivered,Gift Card
AMA-O12763,AMA-C5091,13-Apr-2024,Home & Kitchen,5,25.13,Pending,Gift Card
AMA-O5070,AMA-C6131,06-Aug-2025,Books,2,28.84,Pending,Credit Card
AMA-O6057,AMA-C3926,2025-05-17,Home & Kitchen,3,140.34,Returned,Amazon Pay
AMA-O5387,AMA-C6305,2025-06-13,Books,1,35.22,Delivered,Debit Card
AMA-O5306,AMA-C3152,20-Oct-2023,Grocery,2,16.23,Pending,Credit Card
AMA-O8993,AMA-C2620,13-Jun-2025,Sports & Outdoors,3,78.63,Cancelled,UPI
AMA-O13064,AMA-C4329,08/04/2025,Electronics,4,$555.63,Pending,Amazon Pay
AMA-O10013,AMA-C10284,2023-04-20,Electronics,5,283.73,Shipped,Credit Card
AMA-O10558,AMA-C8680,03/03/2024,Beauty,1,64.86,Cancelled,Amazon Pay
AMA-O6181,AMA-C8976,16-Apr-2025,Home & Kitchen,1,285.75,Returned,UPI
AMA-O5109,AMA-C4913,03/20/2024,Electronics,1,18.44,Pending,Gift Card
AMA-O12257,AMA-C9026,22-Aug-2024,Apparel,4,99.87,Delivered,Credit Card
AMA-O14677,AMA-C1484,2025-01-01,Grocery,5,3.25,Delivered,Gift Card
AMA-O5891,AMA-C6707,30-Sep-2024,Books,3,25.55,Cancelled,Debit Card
AMA-O6868,AMA-C10736,2025-12-14,Apparel,5,26.61,Delivered,Debit Card
AMA-O13459,AMA-C6980,2024-11-13,Beauty,1,8.78,Pending,UPI
AMA-O6140,AMA-C1216,2024-05-18,Grocery,1,18.47,Delivered,UPI
AMA-O7233,AMA-C10641,2023-02-27,Beauty,3,34.33,Delivered,Amazon Pay
AMA-O10308,AMA-C6520,06/12/2025,Toys,4,64.27,Shipped,Debit Card
AMA-O7178,AMA-C5518,2024-03-11,Toys,5,64.11,Pending,Amazon Pay
AMA-O11669,AMA-C1663,2023-08-22,Grocery,4,24.31,Returned,Credit Card
AMA-O8691,AMA-C10950,2023-09-02,Beauty,3,22.08,Shipped,Debit Card
AMA-O14298,AMA-C9491,02-Feb-2023,Home & Kitchen,2,91.97,Cancelled,Credit Card
AMA-O7464,AMA-C1044,2024-02-27,Beauty,2,$41.35,Returned,Credit Card
AMA-O13948,AMA-C2713,03/12/2023,Beauty,3,$88.21,Cancelled,Gift Card
AMA-O9331,AMA-C10571,2024-11-04,Toys,1,63.72,Delivered,Credit Card
AMA-O13623,AMA-C8661,2025-09-01,Books,1,30.1,Returned,Gift Card
AMA-O5704,AMA-C3961,04/07/2025,Books,1,18.06,Returned,Debit Card
AMA-O5948,AMA-C6150,10-Jan-2025,Grocery,1,21.03,Returned,Debit Card
AMA-O9652,AMA-C5794,06/04/2025,Books,3,33.88,Returned,Gift Card
AMA-O6412,AMA-C10474,30-Dec-2023,Toys,3,11.99,Pending,Credit Card
AMA-O6753,AMA-C3661,06-Feb-2025,Electronics,4,102.11,Delivered,Amazon Pay
AMA-O10497,AMA-C4877,03/11/2025,Books,5,11.66,Delivered,Gift Card
AMA-O9205,AMA-C5911,2024-07-29,Apparel,2,$114.80,Shipped,Gift Card
AMA-O8784,AMA-C2966,11/05/2023,Toys,2,84.2,Returned,Amazon Pay
AMA-O13672,AMA-C7197,2023-08-27,Beauty,-5,$66.42,Delivered,Credit Card
AMA-O12198,AMA-C8728,2024-02-17,Grocery,3,16.39,Pending,Gift Card
AMA-O10883,AMA-C4427,01/15/2023,Toys,5,49.48,Delivered,UPI
AMA-O14369,AMA-C4239,10/14/2023,Home & Kitchen,1,241.77,Shipped,UPI
AMA-O11998,AMA-C7876,07-Apr-2025,Grocery,1,30.04,,UPI
AMA-O10547,AMA-C9066,04/24/2023,Grocery,1,19.64,Delivered,Debit Card
AMA-O8321,AMA-C3057,23-Dec-2023,Sports & Outdoors,5,83.86,Shipped,UPI
AMA-O10263,AMA-C9688,06-Mar-2024,Electronics,5,237.68,Delivered,Amazon Pay
AMA-O12346,AMA-C10049,08-Apr-2025,Sports & Outdoors,-3,211.29,Delivered,Debit Card
AMA-O9328,AMA-C1323,12/11/2023,Apparel,4,$81.84,Shipped,UPI
AMA-O5831,AMA-C6929,2025-07-13,Grocery,4,$17.98,Delivered,Amazon Pay
AMA-O5049,AMA-C5741,2025-05-10,Toys,5,86.24,Delivered,UPI
AMA-O12012,AMA-C1547,05/19/2024,Books,4,13.8,Delivered,Amazon Pay
AMA-O9340,AMA-C5752,03/28/2023,Apparel,5,91.73,Cancelled,UPI
AMA-O10316,AMA-C9882,05/24/2024,Sports & Outdoors,5,30.91,Delivered,Credit Card
AMA-O6680,AMA-C4008,03-Jun-2024,Grocery,5,21.13,Cancelled,Credit Card
AMA-O12593,AMA-C9999,30-Aug-2025,Beauty,5,$42.01,Pending,Amazon Pay
AMA-O5952,AMA-C10567,25-Jun-2024,Grocery,2,2.78,Returned,Credit Card
AMA-O13417,AMA-C3207,02/13/2024,Apparel,5,53.6,Returned,Amazon Pay
AMA-O7963,AMA-C8056,02-Dec-2023,Home & Kitchen,2,120.15,Pending,Debit Card
AMA-O12840,AMA-C8103,18-Mar-2025,Apparel,2,$92.83,Cancelled,Amazon Pay
AMA-O6590,AMA-C7735,12-Aug-2025,Books,5,13.25,Delivered,Gift Card
AMA-O9378,AMA-C7538,11/24/2025,Books,5,24.93,Delivered,UPI
AMA-O14639,AMA-C10790,08/12/2024,Sports & Outdoors,2,71.39,Delivered,Amazon Pay
AMA-O14117,AMA-C6063,2023-01-17,Books,1,18.81,Returned,Amazon Pay
AMA-O9587,AMA-C10206,2023-07-23,Sports & Outdoors,2,$157.79,Cancelled,Debit Card
AMA-O13534,AMA-C3353,2023-10-21,Apparel,4,24.53,Shipped,Gift Card
AMA-O13210,AMA-C6068,06-Jan-2024,Grocery,2,49.96,Delivered,Gift Card
AMA-O8916,AMA-C1878,2024-09-05,Toys,5,85.61,Shipped,Credit Card
AMA-O10466,AMA-C4657,06/20/2025,Toys,3,$73.49,Returned,Amazon Pay
AMA-O9076,AMA-C9648,2024-08-08,Electronics,2,123.56,Delivered,UPI
AMA-O7916,AMA-C8745,10-Nov-2023,Books,3,23.48,Pending,Gift Card
AMA-O9777,AMA-C7329,27-Jun-2024,Apparel,3,$81.11,Delivered,Amazon Pay
AMA-O6568,AMA-C4685,08/30/2025,Home & Kitchen,3,$172.23,Delivered,Amazon Pay
AMA-O13696,AMA-C4922,20-Sep-2024,Beauty,1,46.94,Shipped,Credit Card
AMA-O10811,AMA-C5432,2024-09-07,Grocery,3,32.24,Shipped,Credit Card
AMA-O10080,AMA-C3237,2025-06-29,Toys,3,92.46,Pending,Gift Card
AMA-O6613,AMA-C7757,2025-11-26,Home & Kitchen,5,200.37,Cancelled,Gift Card
AMA-O12246,AMA-C6788,2023-06-02,Books,2,15.37,Cancelled,Credit Card
AMA-O8939,AMA-C1722,07/11/2024,Electronics,2,682.46,Cancelled,Gift Card
AMA-O13529,AMA-C3523,07-Jun-2023,Home & Kitchen,2,183.05,Returned,Debit Card
AMA-O13713,AMA-C9050,2025-06-20,Electronics,2,$383.37,Delivered,Credit Card
AMA-O12705,AMA-C8914,09-Apr-2024,Apparel,2,22.51,Delivered,Debit Card
AMA-O7122,AMA-C7549,03/10/2025,Toys,4,56.34,Cancelled,Gift Card
AMA-O13384,AMA-C2166,11/11/2024,Toys,4,$30.72,Shipped,UPI
AMA-O8252,AMA-C9240,04/04/2023,Beauty,1,68.67,Cancelled,Amazon Pay
AMA-O5934,AMA-C4654,2024-10-28,Books,4,12.05,Delivered,UPI
AMA-O14439,AMA-C6658,2023-05-06,Toys,2,41.69,Delivered,UPI
AMA-O14811,AMA-C3844,30-May-2025,Sports & Outdoors,3,219.1,Returned,Debit Card
AMA-O13826,AMA-C1728,09/03/2024,Grocery,4,22.81,Cancelled,Amazon Pay
AMA-O12258,AMA-C6302,18-Jul-2024,Grocery,1,10.87,Delivered,Gift Card
AMA-O10045,AMA-C3064,2025-05-31,Books,3,37.44,Delivered,UPI
AMA-O5390,AMA-C10437,2023-02-19,Books,5,$28.87,Cancelled,Gift Card
AMA-O6223,AMA-C8265,01/04/2023,Sports & Outdoors,1,95.12,Cancelled,Credit Card
AMA-O13555,AMA-C6939,2025-10-13,Home & Kitchen,1,99.36,,UPI
AMA-O13897,AMA-C5399,2025-12-24,Toys,-1,10.01,Cancelled,Amazon Pay
AMA-O7065,AMA-C3227,2024-03-31,Beauty,2,13.97,Delivered,Gift Card
AMA-O13810,AMA-C9234,01/02/2023,Grocery,3,26.17,Delivered,Credit Card
AMA-O9919,AMA-C4534,2023-03-26,Toys,4,44.04,Delivered,Amazon Pay
AMA-O13813,AMA-C10288,2024-02-10,Beauty,2,72.83,Shipped,Gift Card
AMA-O9883,AMA-C1346,2024-08-06,Electronics,2,367.3,Delivered,UPI
AMA-O5999,AMA-C1262,20-Oct-2025,Home & Kitchen,2,71.16,Pending,Amazon Pay
AMA-O9325,AMA-C8730,15-May-2024,Home & Kitchen,1,261.64,Returned,UPI
AMA-O14198,AMA-C8035,2025-01-04,Grocery,5,39.51,Delivered,Debit Card
AMA-O14147,AMA-C6077,2024-09-24,Toys,5,39.89,Delivered,UPI
AMA-O8392,AMA-C9578,05/14/2024,Toys,2,88.81,Delivered,Gift Card
AMA-O7379,AMA-C10052,02/26/2023,Apparel,3,58.77,Returned,Credit Card
AMA-O12562,AMA-C6773,20-Jan-2023,Apparel,4,$109.45,Delivered,Credit Card
AMA-O9247,AMA-C7776,2025-10-04,Grocery,4,47.02,Delivered,Credit Card
AMA-O10836,AMA-C3751,03/22/2023,Electronics,5,326.55,Pending,Credit Card
AMA-O14548,AMA-C1985,04/20/2023,Books,1,$26.93,Delivered,Gift Card
AMA-O11134,AMA-C9999,01/14/2024,Books,1,$28.71,Shipped,Credit Card
AMA-O8024,AMA-C5792,07-Mar-2025,Apparel,2,$26.97,Shipped,Gift Card
AMA-O9463,AMA-C8348,21-Oct-2023,Home & Kitchen,5,157.92,Delivered,Credit Card
AMA-O8740,AMA-C5753,08/13/2023,Apparel,2,36.36,Cancelled,Debit Card
AMA-O10561,AMA-C6061,2024-01-06,Grocery,5,$36.30,Delivered,Gift Card
AMA-O8833,AMA-C3125,21-Feb-2025,Beauty,4,40.23,Pending,UPI
AMA-O8637,AMA-C7751,2024-11-11,Sports & Outdoors,2,188.27,Cancelled,Amazon Pay
AMA-O7317,AMA-C9121,2023-08-09,Beauty,3,26.92,Shipped,Credit Card
AMA-O7714,AMA-C4839,2023-02-14,Apparel,3,20.27,Shipped,Amazon Pay
AMA-O7338,AMA-C10240,03/16/2024,Home & Kitchen,4,285.38,Shipped,Gift Card
AMA-O7031,AMA-C9999,03/09/2025,Electronics,2,427.1,Delivered,Amazon Pay
AMA-O7265,AMA-C9785,03/20/2023,Beauty,3,32.9,Shipped,Amazon Pay
AMA-O5092,AMA-C6474,25-Oct-2024,Books,3,13.51,Shipped,Amazon Pay
AMA-O12014,AMA-C7279,25-Dec-2023,Books,4,29.59,Returned,UPI
AMA-O5296,AMA-C1442,18-Mar-2024,Sports & Outdoors,4,149.29,Delivered,Amazon Pay
AMA-O10448,AMA-C4842,19-May-2025,Beauty,4,70.6,Pending,Debit Card
AMA-O11854,AMA-C1097,2023-08-31,Home & Kitchen,1,238.21,Returned,UPI
AMA-O12825,AMA-C1429,2025-12-18,Sports & Outdoors,2,22.13,Cancelled,Credit Card
AMA-O14698,AMA-C3072,25-Jan-2024,Books,2,32.53,Delivered,UPI
AMA-O9985,AMA-C8488,03/12/2024,Books,1,39.22,Delivered,Gift Card
AMA-O7600,AMA-C6423,24-Oct-2025,Grocery,1,55.01,Shipped,UPI
AMA-O7897,AMA-C2470,20-May-2024,Home & Kitchen,1,259.97,Pending,Amazon Pay
AMA-O13514,AMA-C1724,02-Dec-2024,Electronics,4,451.55,Shipped,UPI
AMA-O6836,AMA-C5839,2023-06-05,Electronics,1,524.57,Pending,UPI
AMA-O6527,AMA-C7685,02/25/2024,Sports & Outdoors,1,217.59,Delivered,Amazon Pay
AMA-O14376,AMA-C2741,2024-10-28,Apparel,5,17.84,Returned,Amazon Pay
AMA-O7050,AMA-C3760,2025-01-27,Sports & Outdoors,2,99.72,Delivered,Gift Card
AMA-O9708,AMA-C9806,25-Apr-2024,Home & Kitchen,4,160.99,Pending,Gift Card
AMA-O14160,AMA-C7134,2025-06-03,Grocery,1,26.54,Pending,UPI
AMA-O11561,AMA-C10401,11-Aug-2025,Beauty,3,63.01,Shipped,Credit Card
AMA-O6033,AMA-C6760,08/22/2024,Books,3,$17.55,Delivered,UPI
AMA-O12588,AMA-C10631,02/10/2024,Sports & Outdoors,2,$146.96,Shipped,UPI
AMA-O14807,AMA-C5921,01/16/2024,Home & Kitchen,1,143.56,Delivered,Debit Card
AMA-O13955,AMA-C2645,2024-10-02,Apparel,4,112.6,Delivered,Gift Card
AMA-O13129,AMA-C2734,03/19/2025,Books,2,$33.99,Pending,Amazon Pay
AMA-O13679,AMA-C3823,2023-10-04,Apparel,3,$60.53,Cancelled,Credit Card
AMA-O7247,AMA-C10869,19-Dec-2025,Books,5,30.43,Delivered,Debit Card
AMA-O9437,AMA-C4926,23-Sep-2025,Grocery,3,51.24,Delivered,Credit Card
AMA-O8635,AMA-C8595,24-Apr-2023,Grocery,1,43.75,Returned,Debit Card
AMA-O10630,AMA-C2450,15-Oct-2025,Electronics,4,514.45,Returned,Gift Card
AMA-O14640,AMA-C3342,06/12/2024,Grocery,1,58.21,Pending,UPI
AMA-O11431,AMA-C6719,10/24/2025,Beauty,5,30.02,Delivered,Credit Card
AMA-O6025,AMA-C3364,15-Sep-2023,Grocery,2,21.89,Cancelled,Gift Card
AMA-O13106,AMA-C3356,07/17/2024,Books,5,20.39,Delivered,Debit Card
AMA-O5122,AMA-C7470,10/05/2024,Toys,4,27.19,Returned,Debit Card
AMA-O7927,AMA-C10141,01/21/2024,Beauty,4,14.13,,Credit Card
AMA-O10214,AMA-C10898,2025-08-27,Apparel,2,$51.42,Delivered,Debit Card
AMA-O9994,AMA-C10491,12/13/2025,Beauty,1,32.97,Delivered,Gift Card
AMA-O13783,AMA-C4995,29-Dec-2024,Home & Kitchen,2,235.17,Delivered,Debit Card
AMA-O14361,AMA-C4692,17-Sep-2025,Apparel,4,84.39,Cancelled,UPI
AMA-O10937,AMA-C6072,05/21/2023,Home & Kitchen,3,122.49,Delivered,Gift Card
AMA-O10128,AMA-C9266,2025-09-23,Toys,5,13.83,Returned,Amazon Pay
AMA-O5340,AMA-C4292,01/05/2023,Books,5,11.96,Delivered,Amazon Pay
AMA-O12375,AMA-C9999,06/10/2023,Apparel,3,62.44,Delivered,Credit Card
AMA-O12663,AMA-C2837,31-May-2025,Home & Kitchen,4,59.06,,UPI
AMA-O6484,AMA-C7729,2025-07-12,Apparel,3,46.42,Delivered,Gift Card
AMA-O5205,AMA-C4578,02-Jan-2025,Sports & Outdoors,2,112.83,Pending,Debit Card
AMA-O5836,AMA-C6383,12/17/2024,Grocery,5,45.0,Pending,Debit Card
AMA-O6386,AMA-C4248,08/22/2025,Grocery,4,2.9,Delivered,UPI
AMA-O9061,AMA-C8961,21-Jun-2024,Apparel,1,35.27,,Amazon Pay
AMA-O12950,AMA-C9202,01/10/2023,Toys,2,62.88,Delivered,Credit Card
AMA-O13967,AMA-C9596,2025-05-15,Books,3,27.24,Delivered,Debit Card
AMA-O14466,AMA-C1554,03/15/2023,Beauty,1,$82.55,Cancelled,Amazon Pay
AMA-O14675,AMA-C3878,2025-10-11,Books,5,18.32,Shipped,UPI
AMA-O14459,AMA-C2704,17-Feb-2024,Grocery,2,29.62,Cancelled,UPI
AMA-O12393,AMA-C8961,10/29/2025,Home & Kitchen,1,235.3,Delivered,Amazon Pay
AMA-O14928,AMA-C3681,2023-10-11,Sports & Outdoors,1,242.13,Cancelled,Credit Card
AMA-O5978,AMA-C2193,2024-04-13,Beauty,4,7.36,Shipped,Amazon Pay
AMA-O11100,AMA-C2198,2023-09-28,Toys,2,87.29,Delivered,Amazon Pay
AMA-O11866,AMA-C6923,09-Oct-2024,Grocery,5,$35.94,Delivered,Credit Card
AMA-O5134,AMA-C1511,2023-07-24,Beauty,1,$80.81,Cancelled,Amazon Pay
AMA-O5861,AMA-C10077,11/29/2023,Home & Kitchen,3,227.76,Returned,Gift Card
AMA-O10541,AMA-C5013,12/01/2025,Beauty,4,69.48,Delivered,Credit Card
AMA-O13572,AMA-C4172,07/15/2023,Sports & Outdoors,4,$28.65,Pending,Debit Card
AMA-O5727,AMA-C6452,2025-04-10,Home & Kitchen,4,232.18,Returned,Credit Card
AMA-O10027,AMA-C2181,12/27/2024,Beauty,3,36.0,Delivered,Credit Card
AMA-O11311,AMA-C4889,2024-05-17,Apparel,1,102.89,Delivered,Gift Card
AMA-O14135,AMA-C4179,12-Aug-2025,Beauty,5,24.97,Cancelled,Gift Card
AMA-O5592,AMA-C9498,11/22/2023,Electronics,1,479.34,Returned,Amazon Pay
AMA-O6846,AMA-C8748,21-Apr-2025,Sports & Outdoors,3,57.26,Delivered,Credit Card
AMA-O11148,AMA-C9999,25-Apr-2025,Sports & Outdoors,5,$67.36,Cancelled,Amazon Pay
AMA-O14020,AMA-C4994,25-Apr-2024,Electronics,5,764.6,Delivered,UPI
AMA-O7041,AMA-C7832,10-Nov-2023,Toys,1,11.18,Returned,Gift Card
AMA-O8400,AMA-C4892,22-Mar-2023,Grocery,3,28.63,Delivered,Credit Card
AMA-O14184,AMA-C5767,06-May-2024,Home & Kitchen,2,69.36,Delivered,Amazon Pay
AMA-O12127,AMA-C10808,2025-06-02,Books,2,39.82,Cancelled,Debit Card
AMA-O8735,AMA-C9730,07/24/2024,Sports & Outdoors,2,74.33,Shipped,Amazon Pay
AMA-O12315,AMA-C1783,18-May-2024,Books,4,10.38,Returned,Debit Card
AMA-O14945,AMA-C6931,2023-07-25,Electronics,1,364.53,,Gift Card
AMA-O13056,AMA-C6815,2025-04-20,Sports & Outdoors,2,222.16,Returned,UPI
AMA-O11406,AMA-C10979,01-Dec-2023,Electronics,5,72.4,Returned,Gift Card
AMA-O8999,AMA-C3836,24-Apr-2025,Electronics,3,754.34,Delivered,UPI
AMA-O8537,AMA-C1589,06/11/2025,Grocery,4,$22.70,Delivered,Credit Card
AMA-O12735,AMA-C2808,2024-02-28,Electronics,5,691.55,Pending,Amazon Pay
AMA-O12578,AMA-C6349,06/26/2024,Beauty,3,78.2,Shipped,Credit Card
AMA-O8782,AMA-C10170,04/13/2024,Beauty,3,88.07,Returned,Debit Card
AMA-O13789,AMA-C1967,2024-09-11,Books,4,12.28,,Gift Card
AMA-O12282,AMA-C2180,04-Mar-2024,Toys,2,63.65,Delivered,Credit Card
AMA-O14657,AMA-C1714,2025-07-12,Books,-1,$15.52,Shipped,Credit Card
AMA-O8868,AMA-C2454,2024-06-30,Books,5,9.58,Delivered,Amazon Pay
AMA-O10381,AMA-C5710,02/26/2023,Beauty,5,$17.65,Pending,Gift Card
AMA-O5961,AMA-C6311,08/21/2024,Sports & Outdoors,1,124.16,Delivered,Gift Card
AMA-O11986,AMA-C9361,2023-11-08,Grocery,5,20.16,Returned,Debit Card
AMA-O10950,AMA-C10751,12/06/2024,Sports & Outdoors,3,147.76,Pending,Amazon Pay
AMA-O7345,AMA-C7978,2025-01-23,Apparel,1,84.49,Cancelled,Gift Card
AMA-O12259,AMA-C5915,2023-03-03,Home & Kitchen,4,75.1,Pending,UPI
AMA-O13433,AMA-C10253,2024-06-16,Beauty,2,84.27,Delivered,Debit Card
AMA-O9271,AMA-C1478,2025-08-01,Books,3,16.7,Delivered,Credit Card
AMA-O6085,AMA-C8745,08-Dec-2024,Sports & Outdoors,4,103.39,Pending,UPI
AMA-O7768,AMA-C1141,10/08/2024,Electronics,2,243.67,Shipped,Credit Card
AMA-O12921,AMA-C4785,2024-11-28,Electronics,2,$101.06,,Amazon Pay
AMA-O12865,AMA-C5160,03/24/2023,Books,4,39.92,Pending,UPI
AMA-O11470,AMA-C4028,08/03/2025,Electronics,3,$319.32,Delivered,UPI
AMA-O12414,AMA-C4480,2024-06-05,Home & Kitchen,1,226.23,Returned,Gift Card
AMA-O13398,AMA-C8336,08-Sep-2023,Apparel,4,43.89,Delivered,UPI
AMA-O6740,AMA-C8255,08/21/2024,Electronics,2,316.82,Delivered,UPI
AMA-O9204,AMA-C8826,25-Mar-2024,Books,2,$7.79,Delivered,Gift Card
AMA-O11825,AMA-C1290,01/27/2025,Home & Kitchen,2,$248.57,Returned,UPI
AMA-O13767,AMA-C3355,10/05/2024,Apparel,4,38.52,Delivered,Credit Card
AMA-O7637,AMA-C9678,2023-10-06,Electronics,3,139.98,Pending,UPI
AMA-O7210,AMA-C7842,07/18/2023,Home & Kitchen,2,235.58,Pending,Debit Card
AMA-O11702,AMA-C5154,2025-01-08,Apparel,5,$29.13,Delivered,Amazon Pay
AMA-O10259,AMA-C7502,31-May-2024,Sports & Outdoors,3,$127.82,Shipped,Gift Card
AMA-O8566,AMA-C9959,11/06/2025,Beauty,4,$56.59,Shipped,Debit Card
AMA-O12517,AMA-C4641,02/22/2023,Home & Kitchen,1,113.32,Delivered,Amazon Pay
AMA-O10641,AMA-C2343,2024-08-09,Grocery,2,27.59,Delivered,Amazon Pay
AMA-O10869,AMA-C4907,02/16/2023,Home & Kitchen,1,238.52,Delivered,Credit Card
AMA-O5491,AMA-C7179,06-Mar-2023,Sports & Outdoors,3,$223.89,Returned,Credit Card
AMA-O5917,AMA-C9999,21-Sep-2024,Grocery,2,43.55,Pending,Gift Card
AMA-O14887,AMA-C10430,2024-07-30,Electronics,3,490.42,Pending,Gift Card
AMA-O7613,AMA-C9109,10/27/2023,Home & Kitchen,4,33.89,Cancelled,Gift Card
AMA-O6194,AMA-C9844,2023-07-14,Grocery,5,23.08,Cancelled,Gift Card
AMA-O11124,AMA-C10226,07-Sep-2023,Beauty,4,$56.97,Cancelled,UPI
AMA-O12203,AMA-C7402,2024-04-01,Books,3,19.37,Delivered,Gift Card
AMA-O9371,AMA-C4744,10/11/2023,Toys,1,81.15,Delivered,UPI
AMA-O7648,AMA-C8852,2024-03-07,Beauty,3,$48.76,Shipped,UPI
AMA-O11756,AMA-C5591,04-Sep-2023,Books,4,33.68,Delivered,Debit Card
AMA-O6701,AMA-C7327,03/29/2024,Apparel,4,68.23,Delivered,Amazon Pay
AMA-O12413,AMA-C5780,05-Jul-2024,Books,3,6.88,Delivered,Amazon Pay
AMA-O9120,AMA-C7977,06/01/2024,Apparel,4,93.5,Cancelled,Gift Card
AMA-O11004,AMA-C2056,06/22/2024,Grocery,2,50.32,Delivered,Debit Card
AMA-O10010,AMA-C4311,09/23/2025,Apparel,2,78.52,Delivered,Credit Card
AMA-O10893,AMA-C7824,26-Dec-2023,Apparel,1,94.36,Cancelled,Gift Card
AMA-O8686,AMA-C7427,07/04/2023,Electronics,3,704.73,Cancelled,Debit Card
AMA-O6383,AMA-C1418,20-Jan-2025,Beauty,5,50.61,Pending,Amazon Pay
AMA-O12974,AMA-C5546,2024-03-29,Electronics,4,733.11,Returned,Credit Card
AMA-O14654,AMA-C4793,09/18/2025,Books,3,39.85,Pending,UPI
AMA-O5890,AMA-C7456,08/07/2023,Sports & Outdoors,4,53.77,Delivered,UPI
AMA-O13664,AMA-C6812,11/15/2023,Grocery,5,32.97,Delivered,Gift Card
AMA-O6478,AMA-C3426,2025-07-27,Sports & Outdoors,1,84.23,Delivered,Credit Card
AMA-O12852,AMA-C10690,01/06/2025,Grocery,5,$31.91,Returned,Credit Card
AMA-O5562,AMA-C3089,08/08/2025,Sports & Outdoors,4,$219.46,Shipped,Amazon Pay
AMA-O7017,AMA-C4609,03/30/2025,Grocery,3,44.84,Delivered,Credit Card
AMA-O13618,AMA-C4667,22-Nov-2023,Books,4,11.86,Shipped,Debit Card
AMA-O11009,AMA-C5246,06/28/2024,Toys,1,$51.41,Pending,Debit Card
AMA-O14051,AMA-C8765,11/29/2024,Beauty,5,57.82,Cancelled,UPI
AMA-O11752,AMA-C1242,14-Apr-2023,Toys,5,46.72,Delivered,Gift Card
AMA-O8967,AMA-C2201,04/09/2023,Beauty,4,10.48,Shipped,Gift Card
AMA-O13684,AMA-C1112,2023-03-12,Books,1,5.22,Returned,Amazon Pay
AMA-O5307,AMA-C1431,2023-05-28,Toys,2,80.86,Pending,UPI
AMA-O5433,AMA-C10126,2024-06-25,Sports & Outdoors,1,243.12,Delivered,Debit Card
AMA-O12531,AMA-C3512,12/04/2024,Grocery,5,43.77,Returned,Amazon Pay
AMA-O13631,AMA-C10317,06/10/2025,Sports & Outdoors,2,248.03,Delivered,UPI
AMA-O9778,AMA-C4448,28-Dec-2023,Apparel,4,36.29,,Amazon Pay
AMA-O7887,AMA-C5462,13-May-2024,Electronics,2,389.4,Returned,Gift Card
AMA-O8571,AMA-C6726,2024-03-17,Books,1,12.05,Returned,Amazon Pay
AMA-O10777,AMA-C10836,06/11/2023,Toys,3,91.28,Cancelled,Amazon Pay
AMA-O13330,AMA-C4860,04-Jun-2023,Electronics,3,$402.79,Pending,Gift Card
AMA-O12824,AMA-C7291,06/12/2023,Sports & Outdoors,2,92.33,Cancelled,Debit Card
AMA-O11524,AMA-C7253,22-Jul-2025,Toys,4,$9.11,Cancelled,Amazon Pay
AMA-O6453,AMA-C3344,05/14/2023,Apparel,5,109.26,Delivered,UPI
AMA-O13353,AMA-C8214,13-Dec-2025,Grocery,4,32.75,Shipped,Amazon Pay
AMA-O8119,AMA-C9082,2023-01-22,Grocery,2,45.61,Returned,Debit Card
AMA-O9828,AMA-C2598,2023-10-17,Electronics,4,718.11,Delivered,Gift Card
AMA-O11074,AMA-C3975,29-Dec-2023,Books,2,31.78,Delivered,Gift Card
AMA-O8433,AMA-C6263,05/12/2024,Books,4,37.82,Delivered,UPI
AMA-O10342,AMA-C9142,2025-05-24,Toys,3,73.6,Pending,UPI
AMA-O10304,AMA-C8321,2025-07-29,Grocery,-2,12.94,Pending,UPI
AMA-O5068,AMA-C8022,26-Feb-2025,Sports & Outdoors,5,149.14,Delivered,Amazon Pay
AMA-O6034,AMA-C7681,2025-12-08,Books,2,36.55,Delivered,Credit Card
AMA-O9960,AMA-C5632,2024-11-08,Electronics,5,492.35,Returned,Debit Card
AMA-O10052,AMA-C8140,2024-12-25,Home & Kitchen,3,86.25,Pending,Gift Card
AMA-O8086,AMA-C2325,26-May-2025,Electronics,4,386.63,Returned,UPI
AMA-O12977,AMA-C1183,2025-03-06,Grocery,5,12.94,Delivered,UPI
AMA-O10879,AMA-C10291,15-Oct-2023,Apparel,3,12.79,Delivered,UPI
AMA-O11573,AMA-C9285,04/02/2023,Books,1,26.92,Delivered,Gift Card
AMA-O9048,AMA-C9999,2025-10-27,Grocery,1,19.91,Shipped,Debit Card
AMA-O14087,AMA-C4807,07-Dec-2024,Beauty,3,20.96,Returned,Amazon Pay
AMA-O9605,AMA-C6922,05/29/2024,Electronics,4,114.49,Returned,Gift Card
AMA-O14425,AMA-C4258,22-Mar-2025,Home & Kitchen,2,65.67,Pending,Amazon Pay
AMA-O10207,AMA-C2027,2023-09-02,Electronics,4,432.95,Delivered,Amazon Pay
AMA-O13462,AMA-C7133,03/21/2023,Home & Kitchen,5,$62.81,Delivered,Amazon Pay
AMA-O5758,AMA-C9999,25-Oct-2024,Beauty,2,87.72,Cancelled,Debit Card
AMA-O9179,AMA-C2700,02/11/2023,Apparel,1,29.41,Pending,Amazon Pay
AMA-O14623,AMA-C10687,07-Aug-2024,Apparel,1,52.39,Delivered,Credit Card
AMA-O8089,AMA-C5681,2025-09-09,Beauty,2,$55.87,Delivered,Amazon Pay
AMA-O5632,AMA-C10327,02/12/2024,Grocery,1,45.93,Delivered,Debit Card
AMA-O6797,AMA-C9999,2025-01-10,Grocery,4,$43.40,Delivered,Amazon Pay
AMA-O7948,AMA-C6866,2023-10-13,Apparel,2,$38.50,Pending,Gift Card
AMA-O12589,AMA-C6585,12/19/2023,Electronics,4,$120.72,Cancelled,Debit Card
AMA-O8892,AMA-C8810,2023-12-25,Electronics,4,471.07,Delivered,Gift Card
AMA-O6393,AMA-C8665,29-Apr-2024,Beauty,2,8.07,Delivered,Credit Card
AMA-O9694,AMA-C7836,12/18/2025,Beauty,-3,42.12,Delivered,UPI
AMA-O10378,AMA-C7281,2023-04-27,Grocery,3,52.12,Delivered,Debit Card
AMA-O6662,AMA-C3362,24-May-2024,Apparel,4,$95.05,Pending,Credit Card
AMA-O10380,AMA-C6550,06/18/2024,Sports & Outdoors,4,84.47,Shipped,UPI
AMA-O10017,AMA-C2769,06/05/2023,Books,3,23.13,Delivered,Debit Card
AMA-O5112,AMA-C10841,2023-07-12,Books,4,32.64,Pending,Gift Card
AMA-O14092,AMA-C10078,05/19/2024,Electronics,4,640.02,Cancelled,Credit Card
AMA-O11243,AMA-C1200,2023-11-25,Books,1,9.55,Delivered,Debit Card
AMA-O13406,AMA-C4886,2024-07-03,Grocery,1,17.41,Shipped,UPI
AMA-O11845,AMA-C7419,26-Jan-2025,Books,5,38.02,Cancelled,Amazon Pay
AMA-O6947,AMA-C9999,2024-05-07,Apparel,3,89.46,Delivered,Gift Card
AMA-O13725,AMA-C3094,09-Jul-2025,Books,4,37.54,Pending,UPI
AMA-O8438,AMA-C7807,2024-03-21,Grocery,2,4.74,Pending,UPI
AMA-O13599,AMA-C10333,09-Sep-2025,Beauty,2,66.13,Returned,Credit Card
AMA-O14663,AMA-C5708,01/21/2023,Beauty,2,72.18,Shipped,UPI
AMA-O11338,AMA-C10236,07/06/2024,Sports & Outdoors,2,$21.24,Shipped,Debit Card
AMA-O10516,AMA-C5547,12-Jun-2023,Toys,4,96.35,Delivered,Gift Card
AMA-O5987,AMA-C3114,2025-06-05,Grocery,1,$47.95,Cancelled,Gift Card
AMA-O12471,AMA-C8941,01/09/2023,Electronics,2,202.61,Returned,UPI
AMA-O7165,AMA-C5949,03/04/2023,Books,3,39.07,Pending,Gift Card
AMA-O14516,AMA-C10904,2023-08-13,Toys,4,$22.85,Cancelled,UPI
AMA-O13507,AMA-C3480,07-Sep-2023,Home & Kitchen,2,229.93,Shipped,Debit Card
AMA-O9238,AMA-C6206,26-Jun-2025,Toys,5,32.29,Pending,UPI
AMA-O10339,AMA-C10295,15-Aug-2023,Electronics,3,142.42,Shipped,Gift Card
AMA-O5580,AMA-C10769,12/17/2024,Sports & Outdoors,1,$92.46,Delivered,Debit Card
AMA-O11430,AMA-C4561,15-Mar-2024,Grocery,-5,14.29,Pending,Debit Card
AMA-O12834,AMA-C3888,05/10/2025,Sports & Outdoors,1,153.05,Delivered,UPI
AMA-O13830,AMA-C2740,2023-01-27,Sports & Outdoors,5,39.2,Delivered,Gift Card
AMA-O7787,AMA-C8332,22-Oct-2023,Sports & Outdoors,3,224.94,Returned,Debit Card
AMA-O6257,AMA-C3228,11/13/2025,Electronics,2,516.53,Cancelled,Gift Card
AMA-O13889,AMA-C8426,29-Jul-2025,Grocery,5,12.04,Returned,Debit Card
AMA-O6895,AMA-C3204,2024-02-24,Books,1,9.84,Cancelled,Credit Card
AMA-O8965,AMA-C7170,20-Nov-2024,Electronics,4,327.74,Delivered,Debit Card
AMA-O5468,AMA-C5058,03-Oct-2024,Grocery,4,43.75,Shipped,Credit Card
AMA-O12708,AMA-C8663,05/31/2023,Books,1,$12.23,Delivered,Amazon Pay
AMA-O5041,AMA-C7590,2024-07-13,Beauty,1,88.54,,Gift Card
AMA-O11498,AMA-C6788,22-Mar-2025,Books,2,8.56,Returned,Credit Card
AMA-O8779,AMA-C4271,2024-06-17,Beauty,5,51.62,Delivered,Debit Card
AMA-O9489,AMA-C7052,2024-07-29,Grocery,5,54.51,Returned,Amazon Pay
AMA-O13471,AMA-C7528,07-Oct-2023,Grocery,4,29.8,Returned,Gift Card
AMA-O5133,AMA-C2033,06/15/2025,Electronics,3,582.55,Delivered,Gift Card
AMA-O5450,AMA-C2127,2025-03-24,Books,2,13.81,Cancelled,Debit Card
AMA-O13372,AMA-C7911,07/16/2024,Apparel,4,$104.90,Delivered,Debit Card
AMA-O10029,AMA-C4214,01/24/2025,Beauty,4,$61.31,Delivered,Credit Card
AMA-O12344,AMA-C7676,12/09/2024,Home & Kitchen,1,97.05,Returned,Debit Card
AMA-O12117,AMA-C5711,09-Jul-2023,Books,2,$14.16,Shipped,Gift Card
AMA-O10910,AMA-C10845,02/22/2025,Sports & Outdoors,2,50.35,Delivered,Credit Card
AMA-O12586,AMA-C4471,2025-06-30,Sports & Outdoors,4,33.57,Shipped,Credit Card
AMA-O10949,AMA-C1345,01/18/2025,Toys,1,35.57,Pending,UPI
AMA-O11165,AMA-C8982,24-Jul-2023,Home & Kitchen,3,86.24,Shipped,Gift Card
AMA-O5716,AMA-C7463,09/19/2023,Grocery,3,$18.22,Cancelled,Amazon Pay
AMA-O10905,AMA-C6001,10/22/2023,Books,5,35.24,Shipped,UPI
AMA-O6360,AMA-C1024,19-Jan-2025,Books,4,31.91,Returned,Amazon Pay
AMA-O14704,AMA-C1269,25-Nov-2025,Home & Kitchen,5,$163.36,Delivered,Amazon Pay
AMA-O7683,AMA-C2828,07/22/2024,Toys,5,24.49,Delivered,Credit Card
AMA-O7335,AMA-C8272,05/04/2023,Apparel,1,82.19,Delivered,Debit Card
AMA-O9351,AMA-C9742,2025-04-12,Books,4,$18.80,,Gift Card
AMA-O12662,AMA-C10055,14-May-2023,Apparel,5,81.0,Pending,Debit Card
AMA-O14985,AMA-C6647,03/15/2025,Electronics,1,$600.05,Cancelled,Credit Card
AMA-O6410,AMA-C3410,2025-02-17,Sports & Outdoors,-3,$35.36,Delivered,UPI
AMA-O8607,AMA-C8496,2024-05-19,Books,5,$11.13,,Debit Card
AMA-O12596,AMA-C8841,02/16/2023,Beauty,4,56.43,Returned,Amazon Pay
AMA-O12532,AMA-C4068,04-Dec-2023,Sports & Outdoors,1,$17.58,Returned,UPI
AMA-O11604,AMA-C2565,2024-08-12,Beauty,2,44.96,Delivered,UPI
AMA-O10242,AMA-C4712,2025-11-07,Sports & Outdoors,1,$134.35,Cancelled,Debit Card
AMA-O11851,AMA-C4040,11-Sep-2023,Books,-5,$16.33,,Credit Card
AMA-O11455,AMA-C1850,2023-02-14,Books,2,$31.45,Delivered,Amazon Pay
AMA-O5525,AMA-C4669,05/02/2023,Apparel,1,104.15,Returned,Credit Card
AMA-O9236,AMA-C4258,07/04/2024,Home & Kitchen,3,230.48,Delivered,Credit Card
AMA-O9796,AMA-C1432,06/16/2024,Electronics,2,231.73,Delivered,Debit Card
AMA-O11019,AMA-C10260,04/14/2025,Beauty,2,54.65,Delivered,UPI
AMA-O8502,AMA-C7468,10-Nov-2025,Sports & Outdoors,2,$84.94,Cancelled,Credit Card
AMA-O6535,AMA-C8332,2025-02-11,Grocery,3,8.21,Cancelled,Debit Card
AMA-O14389,AMA-C10537,2024-03-08,Apparel,5,71.89,Returned,Amazon Pay
AMA-O11934,AMA-C7100,04/27/2024,Home & Kitchen,2,214.0,Returned,Credit Card
AMA-O9482,AMA-C8046,03/17/2024,Apparel,4,31.55,Delivered,Debit Card
AMA-O11527,AMA-C6335,17-Dec-2023,Grocery,1,3.6,Pending,Gift Card
AMA-O11512,AMA-C2517,11/29/2024,Home & Kitchen,5,220.2,Delivered,Amazon Pay
AMA-O10819,AMA-C2371,27-Feb-2025,Grocery,2,37.62,Delivered,Debit Card
AMA-O12556,AMA-C5668,2024-03-15,Sports & Outdoors,5,214.07,Delivered,Debit Card
AMA-O8844,AMA-C7148,18-Jan-2025,Electronics,5,$220.06,Delivered,UPI
AMA-O14167,AMA-C1811,04/10/2024,Beauty,4,88.3,Cancelled,Debit Card
AMA-O9746,AMA-C7139,07/24/2025,Toys,2,11.41,Shipped,Debit Card
AMA-O5195,AMA-C7680,01-Jul-2023,Books,4,7.48,Delivered,Gift Card
AMA-O5013,AMA-C9941,16-May-2023,Home & Kitchen,1,101.83,Delivered,Gift Card
AMA-O9419,AMA-C5860,04/28/2024,Grocery,4,23.01,Returned,Credit Card
AMA-O6970,AMA-C5795,01-Dec-2023,Apparel,3,105.42,Shipped,UPI
AMA-O6365,AMA-C10202,09/11/2025,Apparel,4,76.88,Delivered,Credit Card
AMA-O11268,AMA-C5973,10/23/2024,Books,3,$16.72,Delivered,Gift Card
AMA-O12384,AMA-C2095,24-Feb-2024,Electronics,4,$113.54,Delivered,UPI
AMA-O12551,AMA-C1544,07-Nov-2023,Grocery,5,37.59,Shipped,Credit Card
AMA-O11665,AMA-C8288,10-Feb-2025,Beauty,5,67.35,Delivered,Amazon Pay
AMA-O5695,AMA-C6910,2024-01-31,Toys,2,$35.95,Delivered,UPI
AMA-O10410,AMA-C2663,2023-05-15,Grocery,4,48.11,Delivered,Debit Card
AMA-O5954,AMA-C9999,02/23/2023,Books,1,7.26,,Credit Card
AMA-O9811,AMA-C6210,2023-08-24,Home & Kitchen,4,206.41,Delivered,Debit Card
AMA-O5686,AMA-C5867,2023-04-13,Electronics,3,383.85,Delivered,Gift Card
AMA-O12602,AMA-C8581,07/07/2023,Beauty,-2,22.51,Delivered,Amazon Pay
AMA-O11795,AMA-C5643,2024-08-30,Grocery,2,53.49,Delivered,Gift Card
AMA-O14324,AMA-C9999,10-Apr-2025,Home & Kitchen,3,46.21,Delivered,Debit Card
AMA-O7801,AMA-C1903,10/15/2023,Home & Kitchen,1,15.66,Shipped,Amazon Pay
AMA-O5395,AMA-C9799,2025-06-12,Sports & Outdoors,4,$74.23,Cancelled,Gift Card
AMA-O13072,AMA-C5256,07/11/2025,Sports & Outdoors,5,101.49,Shipped,Debit Card
AMA-O8363,AMA-C2370,19-Apr-2025,Grocery,2,8.39,Shipped,Gift Card
AMA-O13497,AMA-C9616,01/20/2023,Apparel,4,86.97,Pending,Debit Card
AMA-O14593,AMA-C10374,16-Jun-2024,Home & Kitchen,5,$114.02,Delivered,UPI
AMA-O10943,AMA-C1556,2023-10-05,Electronics,1,716.63,Shipped,Gift Card
AMA-O11706,AMA-C4634,10/22/2024,Home & Kitchen,1,62.3,Delivered,Credit Card
AMA-O12142,AMA-C3382,06-May-2024,Books,2,35.89,Delivered,Debit Card
AMA-O11056,AMA-C3676,06-Jul-2025,Home & Kitchen,4,$44.89,Delivered,Gift Card
AMA-O5975,AMA-C6946,03/10/2023,Beauty,2,9.08,Returned,Amazon Pay
AMA-O8233,AMA-C8057,08/29/2024,Toys,4,96.53,Delivered,Gift Card
AMA-O6664,AMA-C6506,02-Jan-2023,Home & Kitchen,2,29.72,Cancelled,Credit Card
AMA-O10170,AMA-C3846,2023-02-14,Toys,4,78.93,Shipped,UPI
AMA-O9770,AMA-C4440,02/07/2023,Toys,4,73.61,Shipped,Credit Card
AMA-O5419,AMA-C10294,2024-01-24,Home & Kitchen,1,137.69,Shipped,Gift Card
AMA-O12746,AMA-C7843,12/10/2023,Electronics,5,324.04,Shipped,UPI
AMA-O10289,AMA-C10913,2023-05-26,Beauty,5,66.35,Delivered,Gift Card
AMA-O11856,AMA-C4283,11/16/2025,Home & Kitchen,5,96.66,Delivered,UPI
AMA-O10691,AMA-C2244,09-Mar-2024,Sports & Outdoors,1,26.58,Cancelled,Gift Card
AMA-O5414,AMA-C4135,01/07/2023,Sports & Outdoors,5,42.62,Delivered,UPI
AMA-O11453,AMA-C4373,2024-07-01,Home & Kitchen,2,$92.16,Shipped,Gift Card
AMA-O9834,AMA-C9005,24-Sep-2025,Beauty,-5,38.24,Delivered,Gift Card
AMA-O5635,AMA-C7421,2025-05-08,Grocery,3,$50.88,Shipped,Debit Card
AMA-O10323,AMA-C7119,27-May-2024,Electronics,2,$559.82,Cancelled,UPI
AMA-O12459,AMA-C5582,27-Nov-2023,Beauty,3,14.1,Delivered,Debit Card
AMA-O10049,AMA-C5745,19-Nov-2023,Electronics,4,464.53,Delivered,Gift Card
AMA-O10721,AMA-C3296,08/11/2023,Electronics,-3,779.35,Pending,UPI
AMA-O5745,AMA-C10347,14-Sep-2023,Toys,3,7.12,Cancelled,Amazon Pay
AMA-O13079,AMA-C10959,24-Jul-2023,Sports & Outdoors,2,$173.95,Delivered,Debit Card
AMA-O10941,AMA-C10083,10-Apr-2025,Grocery,5,27.46,Delivered,Gift Card
AMA-O11375,AMA-C10859,12/18/2024,Beauty,3,$77.14,Pending,Gift Card
AMA-O14011,AMA-C10001,15-May-2025,Electronics,4,630.09,Cancelled,Debit Card
AMA-O14930,AMA-C9999,2023-12-12,Grocery,3,22.85,Delivered,Credit Card
AMA-O10580,AMA-C2771,02/24/2023,Home & Kitchen,4,54.16,Returned,Debit Card
AMA-O14921,AMA-C6665,2025-08-13,Grocery,5,10.47,Delivered,UPI
AMA-O5641,AMA-C6605,09/19/2025,Beauty,4,26.35,Delivered,UPI
AMA-O10720,AMA-C2719,21-Nov-2025,Home & Kitchen,3,$210.68,Delivered,Debit Card
AMA-O10136,AMA-C4411,2023-03-16,Toys,2,64.39,Shipped,Gift Card
AMA-O14991,AMA-C3678,01/10/2023,Beauty,3,16.97,Returned,UPI
AMA-O13576,AMA-C9900,07/11/2023,Toys,4,31.03,Delivered,Gift Card
AMA-O7330,AMA-C7302,07/01/2025,Home & Kitchen,3,191.07,Delivered,Credit Card
AMA-O8942,AMA-C2113,03-Dec-2024,Home & Kitchen,2,101.31,Cancelled,UPI
AMA-O10835,AMA-C1089,2025-07-09,Sports & Outdoors,1,$177.75,Returned,UPI
AMA-O5799,AMA-C8825,05-Oct-2024,Electronics,2,$439.93,Returned,Debit Card
AMA-O9309,AMA-C5048,2025-07-06,Grocery,1,$11.93,Delivered,Debit Card
AMA-O14915,AMA-C5329,09/01/2023,Books,4,6.54,Delivered,Amazon Pay
AMA-O14674,AMA-C9387,18-Feb-2024,Electronics,4,285.62,Delivered,Amazon Pay
AMA-O9447,AMA-C4879,23-Sep-2024,Toys,2,88.2,Returned,Credit Card
AMA-O9734,AMA-C10304,17-Oct-2025,Toys,1,98.1,Pending,Amazon Pay
AMA-O10021,AMA-C7374,01/16/2024,Home & Kitchen,2,111.6,Delivered,UPI
AMA-O7319,AMA-C1848,05/13/2023,Home & Kitchen,5,126.0,Pending,Gift Card
AMA-O11387,AMA-C10643,2023-02-08,Books,5,5.84,Returned,UPI
AMA-O13437,AMA-C4611,2023-01-27,Electronics,1,58.67,Delivered,Debit Card
AMA-O7951,AMA-C3942,2023-01-15,Sports & Outdoors,2,$112.10,Delivered,Debit Card
AMA-O14103,AMA-C8721,07/28/2024,Apparel,3,$27.02,,Amazon Pay
AMA-O12547,AMA-C3804,09/13/2024,Toys,3,79.78,Shipped,Credit Card
AMA-O7483,AMA-C1487,2024-05-16,Toys,1,57.64,Delivered,Amazon Pay
AMA-O8053,AMA-C7835,2023-03-19,Toys,3,83.01,Returned,Debit Card
AMA-O5993,AMA-C7651,03/26/2023,Toys,2,25.44,Returned,UPI
AMA-O13772,AMA-C3834,23-Nov-2025,Home & Kitchen,1,76.28,Delivered,UPI
AMA-O12093,AMA-C3294,05/22/2023,Sports & Outdoors,3,242.84,Returned,Gift Card
AMA-O11066,AMA-C6376,2023-02-14,Toys,2,78.81,Delivered,Amazon Pay
AMA-O14723,AMA-C7051,18-Nov-2023,Toys,1,58.67,Delivered,Gift Card
AMA-O10130,AMA-C3650,09/16/2025,Beauty,5,24.06,Pending,Amazon Pay
AMA-O5255,AMA-C10390,11/13/2023,Beauty,3,8.04,Delivered,Gift Card
AMA-O10955,AMA-C2833,2025-08-11,Books,5,$32.50,Returned,UPI
AMA-O8773,AMA-C10749,2024-12-17,Beauty,5,46.93,Delivered,Credit Card
AMA-O6306,AMA-C3506,22-Feb-2024,Sports & Outdoors,4,162.08,Returned,Debit Card
AMA-O12720,AMA-C6390,2023-06-15,Toys,3,$93.21,Delivered,Amazon Pay
AMA-O9372,AMA-C2370,20-Dec-2024,Apparel,1,102.64,Cancelled,Gift Card
AMA-O14911,AMA-C5067,2023-05-25,Electronics,2,$449.39,Pending,UPI
AMA-O9757,AMA-C2109,22-Jan-2024,Toys,2,48.16,Delivered,Debit Card
AMA-O11067,AMA-C7531,2024-06-01,Home & Kitchen,1,$233.82,Delivered,Debit Card
AMA-O10140,AMA-C9584,24-Aug-2024,Apparel,2,57.07,Returned,Credit Card
AMA-O6644,AMA-C9464,27-Sep-2025,Beauty,-1,66.77,Pending,Gift Card
AMA-O6821,AMA-C3413,2023-02-25,Home & Kitchen,3,282.38,Delivered,UPI
AMA-O14691,AMA-C9770,2024-02-13,Grocery,4,11.14,Shipped,Credit Card
AMA-O12592,AMA-C8088,02-Oct-2024,Books,-3,25.5,Delivered,Credit Card
AMA-O5086,AMA-C2035,23-Jul-2023,Books,4,$15.21,Returned,Gift Card
AMA-O7738,AMA-C2872,06-May-2023,Beauty,2,$12.01,Delivered,Credit Card
AMA-O12290,AMA-C1224,2025-08-23,Home & Kitchen,3,$246.26,Delivered,Amazon Pay
AMA-O11299,AMA-C10807,2024-07-19,Sports & Outdoors,3,$86.67,Pending,Amazon Pay
AMA-O6357,AMA-C5415,20-Feb-2024,Toys,3,71.53,Delivered,UPI
AMA-O7688,AMA-C8936,2023-01-25,Home & Kitchen,4,67.07,Delivered,Gift Card
AMA-O9042,AMA-C1912,20-Jun-2024,Electronics,1,309.3,,Gift Card
AMA-O10293,AMA-C6972,2023-07-31,Books,5,29.73,Delivered,Credit Card
AMA-O8440,AMA-C5835,03/19/2025,Sports & Outdoors,4,160.33,Delivered,Amazon Pay
AMA-O9751,AMA-C6866,2025-01-26,Grocery,2,$13.50,Cancelled,Credit Card
AMA-O10992,AMA-C8118,12-Sep-2024,Electronics,-2,535.97,Pending,Amazon Pay
AMA-O12946,AMA-C2394,24-Dec-2023,Electronics,5,$564.74,Delivered,Gift Card
AMA-O11350,AMA-C9089,05-May-2025,Beauty,4,$42.82,Delivered,Credit Card
AMA-O10417,AMA-C2589,2023-05-21,Electronics,-4,236.78,Returned,Amazon Pay
AMA-O5027,AMA-C3962,2023-05-31,Toys,2,$35.66,Cancelled,UPI
AMA-O10631,AMA-C5231,31-Mar-2024,Sports & Outdoors,3,229.34,Shipped,UPI
AMA-O12999,AMA-C3540,2025-08-09,Books,2,36.78,Returned,Gift Card
AMA-O12717,AMA-C5207,03/08/2024,Sports & Outdoors,2,27.18,Cancelled,UPI
AMA-O5286,AMA-C8286,2024-02-17,Home & Kitchen,3,148.7,Delivered,UPI
AMA-O12827,AMA-C4001,05/31/2023,Apparel,4,$78.48,Cancelled,Debit Card
AMA-O13363,AMA-C2846,01/10/2024,Electronics,2,628.4,Cancelled,Debit Card
AMA-O14113,AMA-C7761,15-Jan-2024,Electronics,1,347.2,Pending,Amazon Pay
AMA-O13170,AMA-C3649,01/12/2025,Sports & Outdoors,5,247.38,Shipped,Debit Card
AMA-O9038,AMA-C9262,07-Oct-2023,Toys,5,74.03,Delivered,Credit Card
AMA-O10297,AMA-C8267,26-Aug-2025,Home & Kitchen,5,246.12,Returned,Gift Card
AMA-O7980,AMA-C1763,11/29/2023,Beauty,-1,$48.96,Returned,Debit Card
AMA-O13731,AMA-C9999,10-Aug-2024,Beauty,4,53.5,Cancelled,Gift Card
AMA-O6582,AMA-C9695,2025-03-23,Beauty,4,$48.98,Delivered,Amazon Pay
AMA-O9769,AMA-C5790,11/30/2025,Grocery,2,12.7,Delivered,Debit Card
AMA-O13391,AMA-C8360,15-Dec-2024,Sports & Outdoors,4,99.6,Delivered,UPI
AMA-O5729,AMA-C9067,30-Aug-2025,Home & Kitchen,2,$172.83,Shipped,Credit Card
AMA-O9069,AMA-C2580,13-Jul-2025,Beauty,3,$71.95,Delivered,Gift Card
AMA-O8974,AMA-C8295,06/26/2023,Apparel,3,42.47,Delivered,Gift Card
AMA-O11697,AMA-C3092,2025-04-29,Electronics,1,$490.39,Delivered,Gift Card
AMA-O7843,AMA-C10718,06-May-2025,Toys,4,64.56,Shipped,Credit Card
AMA-O13452,AMA-C3160,08-Sep-2024,Beauty,5,20.56,Cancelled,UPI
AMA-O14834,AMA-C7978,2023-03-07,Home & Kitchen,4,281.26,Shipped,Debit Card
AMA-O6212,AMA-C5492,2024-01-04,Grocery,3,9.7,Delivered,Amazon Pay
AMA-O14692,AMA-C1604,2025-02-21,Home & Kitchen,5,154.15,Delivered,UPI
AMA-O5225,AMA-C1236,10-Jul-2024,Apparel,3,91.18,Returned,Credit Card
AMA-O10137,AMA-C8325,02/14/2023,Electronics,5,209.45,Delivered,Gift Card
AMA-O12730,AMA-C2114,2024-01-05,Books,2,16.99,Delivered,Debit Card
AMA-O8125,AMA-C8212,10/27/2025,Beauty,5,46.6,Delivered,Debit Card
AMA-O8662,AMA-C3673,07-May-2023,Beauty,1,79.49,Pending,Credit Card
AMA-O8524,AMA-C6949,07/29/2023,Beauty,5,85.14,Delivered,Amazon Pay
AMA-O14689,AMA-C4208,02/27/2024,Books,2,27.51,Delivered,Debit Card
AMA-O10512,AMA-C7785,01-Mar-2025,Beauty,5,$63.62,Cancelled,Gift Card
AMA-O6109,AMA-C3870,01/24/2023,Beauty,3,15.42,Shipped,Amazon Pay
AMA-O14733,AMA-C4353,03-Jun-2024,Sports & Outdoors,3,15.99,Delivered,Debit Card
AMA-O8201,AMA-C8932,2025-06-13,Sports & Outdoors,2,$146.32,Delivered,Gift Card
AMA-O14600,AMA-C2220,06/05/2024,Electronics,5,773.41,Shipped,Gift Card
AMA-O14590,AMA-C5901,04/21/2023,Electronics,4,62.3,Returned,Debit Card
AMA-O13111,AMA-C9862,15-Jul-2023,Beauty,3,17.34,Delivered,UPI
AMA-O13472,AMA-C6163,11/26/2024,Apparel,1,52.75,Returned,Credit Card
AMA-O14717,AMA-C5494,2023-05-05,Grocery,5,$22.74,Pending,UPI
AMA-O14202,AMA-C1666,19-Dec-2024,Books,1,22.11,Pending,Debit Card
AMA-O10760,AMA-C1538,04/05/2025,Apparel,1,58.26,Returned,Gift Card
AMA-O13977,AMA-C8434,25-May-2023,Grocery,3,22.4,Cancelled,Gift Card
AMA-O9279,AMA-C2379,2024-06-01,Grocery,2,52.62,Cancelled,Gift Card
AMA-O13530,AMA-C6287,05-May-2023,Beauty,2,31.39,Returned,Credit Card
AMA-O5841,AMA-C8710,2025-04-22,Sports & Outdoors,4,216.88,Delivered,Debit Card
AMA-O14307,AMA-C9258,28-Jan-2024,Toys,5,12.58,Returned,Debit Card
AMA-O5690,AMA-C9717,11-Oct-2024,Home & Kitchen,5,279.0,Returned,Credit Card
AMA-O13538,AMA-C2512,12/30/2024,Toys,-4,78.6,Pending,Debit Card
AMA-O5655,AMA-C9962,01/23/2024,Beauty,2,87.98,Delivered,Gift Card
AMA-O7101,AMA-C9137,2024-01-06,Home & Kitchen,2,86.46,Cancelled,UPI
AMA-O13807,AMA-C10305,10-Jun-2024,Apparel,1,11.58,Cancelled,UPI
AMA-O14521,AMA-C6680,11-Jul-2025,Beauty,5,42.15,Delivered,Gift Card
AMA-O7246,AMA-C9395,04-Oct-2023,Home & Kitchen,2,81.27,Delivered,Credit Card
AMA-O14044,AMA-C10649,08/21/2023,Books,1,$33.69,Pending,Credit Card
AMA-O13700,AMA-C4749,2025-06-19,Grocery,5,36.68,Delivered,Debit Card
AMA-O7069,AMA-C3109,07-Sep-2023,Apparel,1,67.92,Delivered,Gift Card
AMA-O13996,AMA-C1221,05/21/2023,Toys,2,62.25,Returned,Amazon Pay
AMA-O7042,AMA-C1684,09-Jul-2025,Grocery,1,32.94,Shipped,UPI
AMA-O10397,AMA-C10091,03-Aug-2024,Books,3,15.41,Delivered,Credit Card
AMA-O12298,AMA-C4613,2025-06-26,Apparel,3,88.31,Delivered,Credit Card
AMA-O6150,AMA-C9207,12/21/2023,Books,3,29.33,Delivered,UPI
AMA-O13569,AMA-C9917,2023-06-09,Toys,2,68.5,Returned,Credit Card
AMA-O9459,AMA-C6955,29-Jan-2024,Apparel,4,$98.34,Returned,Credit Card
AMA-O12638,AMA-C5277,09/27/2025,Toys,5,74.29,Delivered,UPI
AMA-O11784,AMA-C8980,05/11/2023,Electronics,5,265.01,Delivered,Debit Card
AMA-O14158,AMA-C10846,24-Jan-2025,Home & Kitchen,5,239.73,Returned,Amazon Pay
AMA-O14969,AMA-C5993,12/08/2023,Grocery,4,56.3,Delivered,Amazon Pay
AMA-O5420,AMA-C9947,09-May-2025,Apparel,1,70.67,Pending,Debit Card
AMA-O14672,AMA-C1169,2024-11-13,Sports & Outdoors,5,246.29,Delivered,Credit Card
AMA-O14999,AMA-C10273,2025-08-08,Sports & Outdoors,1,22.5,Delivered,Debit Card
AMA-O7509,AMA-C9999,2023-11-23,Home & Kitchen,4,$262.87,Cancelled,Credit Card
AMA-O9841,AMA-C8963,01-Mar-2025,Sports & Outdoors,1,243.44,Delivered,Credit Card
AMA-O5110,AMA-C2643,19-Jan-2023,Books,2,$37.63,Cancelled,Credit Card
AMA-O14333,AMA-C6896,04/16/2024,Toys,5,86.99,Delivered,UPI
AMA-O11259,AMA-C4328,12/01/2025,Apparel,5,72.93,Pending,Amazon Pay
AMA-O12780,AMA-C7891,29-May-2023,Books,2,17.01,Pending,Amazon Pay
AMA-O6850,AMA-C2952,2025-11-07,Home & Kitchen,4,$136.15,Returned,UPI
AMA-O7871,AMA-C5791,2024-10-05,Electronics,2,687.43,Returned,Amazon Pay
AMA-O10077,AMA-C1790,04/08/2024,Sports & Outdoors,2,215.72,Delivered,Debit Card
AMA-O13674,AMA-C3738,01-May-2024,Sports & Outdoors,2,57.83,Pending,Gift Card
AMA-O11422,AMA-C3198,2023-10-25,Apparel,5,24.2,Shipped,Gift Card
AMA-O8522,AMA-C5115,01/12/2025,Beauty,2,$79.33,Cancelled,UPI
AMA-O7669,AMA-C4714,27-Feb-2023,Home & Kitchen,2,109.03,Shipped,Gift Card
AMA-O10701,AMA-C2085,2024-11-22,Grocery,5,3.79,Pending,Debit Card
AMA-O8032,AMA-C6355,19-Jun-2025,Apparel,2,21.86,Pending,Amazon Pay
AMA-O10319,AMA-C2033,16-Dec-2023,Home & Kitchen,1,231.01,Cancelled,UPI
AMA-O11631,AMA-C1532,18-Nov-2025,Apparel,1,67.94,Returned,UPI
AMA-O11648,AMA-C3880,2024-08-10,Grocery,1,$5.43,Delivered,Amazon Pay
AMA-O5159,AMA-C2420,06/20/2025,Home & Kitchen,4,87.17,Cancelled,Credit Card
AMA-O12103,AMA-C10772,04/08/2023,Apparel,1,108.19,Delivered,UPI
AMA-O5189,AMA-C3204,04/01/2025,Apparel,1,34.46,Pending,UPI
AMA-O6392,AMA-C10088,2024-12-10,Grocery,-4,32.9,Shipped,Amazon Pay
AMA-O10182,AMA-C5938,2024-08-08,Beauty,2,70.67,Shipped,Credit Card
AMA-O12761,AMA-C1434,2024-04-23,Books,5,17.75,Cancelled,Credit Card
AMA-O11131,AMA-C1571,26-Jan-2023,Toys,2,38.66,Returned,Credit Card
AMA-O8851,AMA-C10400,28-Nov-2024,Toys,5,$33.12,Shipped,Credit Card
AMA-O6045,AMA-C1891,29-Oct-2025,Books,3,32.28,Pending,Debit Card
AMA-O6993,AMA-C10805,07/26/2023,Toys,2,72.88,Delivered,Debit Card
AMA-O11457,AMA-C9143,2025-06-21,Sports & Outdoors,2,12.97,,Amazon Pay
AMA-O12430,AMA-C3535,09/13/2023,Sports & Outdoors,3,$217.05,Delivered,Amazon Pay
AMA-O10255,AMA-C10616,28-Mar-2025,Books,3,28.93,Returned,UPI
AMA-O5402,AMA-C7624,2024-04-04,Sports & Outdoors,2,197.51,Delivered,Amazon Pay
AMA-O13719,AMA-C5430,16-May-2025,Grocery,5,$40.46,Cancelled,Debit Card
AMA-O10103,AMA-C7266,20-Oct-2025,Sports & Outdoors,1,238.73,Delivered,Credit Card
AMA-O5131,AMA-C10594,01-Nov-2024,Apparel,4,30.37,Delivered,Amazon Pay
AMA-O5776,AMA-C10746,2024-03-08,Toys,4,69.51,Delivered,Gift Card
AMA-O9320,AMA-C2903,01-Jun-2023,Electronics,5,294.76,Delivered,Gift Card
AMA-O5259,AMA-C3152,2024-10-23,Toys,5,55.94,Delivered,Credit Card
AMA-O10655,AMA-C6753,20-Jul-2024,Beauty,1,60.72,Cancelled,Debit Card
AMA-O10545,AMA-C7791,09/18/2025,Toys,2,88.74,Shipped,Amazon Pay
AMA-O9059,AMA-C4521,2025-01-15,Beauty,3,87.32,Delivered,Credit Card
AMA-O7169,AMA-C2570,18-Aug-2025,Home & Kitchen,4,272.5,Delivered,Amazon Pay
AMA-O6992,AMA-C1135,2023-09-09,Electronics,1,27.65,Pending,Debit Card
AMA-O11799,AMA-C5815,2023-11-03,Sports & Outdoors,3,85.44,Returned,Debit Card
AMA-O5333,AMA-C7093,04-Jan-2023,Grocery,3,45.44,Delivered,Amazon Pay
AMA-O12095,AMA-C9909,09/25/2024,Beauty,3,88.87,Shipped,Amazon Pay
AMA-O5435,AMA-C10540,2023-11-01,Sports & Outdoors,4,$27.80,Delivered,Gift Card
AMA-O14800,AMA-C6424,18-Apr-2023,Home & Kitchen,1,81.81,Cancelled,UPI
AMA-O5607,AMA-C10363,12/21/2024,Apparel,1,97.14,Shipped,Debit Card
AMA-O14384,AMA-C9867,30-Mar-2024,Grocery,4,$32.19,Cancelled,Gift Card
AMA-O10876,AMA-C5623,01/20/2023,Beauty,2,8.92,Shipped,Credit Card
AMA-O7004,AMA-C4123,2025-03-22,Electronics,5,$180.21,Delivered,Gift Card
AMA-O8123,AMA-C7507,04/03/2023,Apparel,1,87.6,Delivered,Credit Card
AMA-O10271,AMA-C9620,2024-09-17,Toys,5,67.67,Delivered,Amazon Pay
AMA-O9366,AMA-C6949,08-Jun-2024,Beauty,5,77.04,Shipped,Credit Card
AMA-O10412,AMA-C10237,2023-05-21,Electronics,3,522.79,Pending,Gift Card
AMA-O12211,AMA-C4463,06/19/2023,Sports & Outdoors,1,177.82,Shipped,UPI
AMA-O13994,AMA-C7870,2024-07-20,Books,3,$22.98,Shipped,Amazon Pay
AMA-O8316,AMA-C8881,12-May-2023,Electronics,2,205.01,Shipped,Credit Card
AMA-O9850,AMA-C10741,2023-04-05,Apparel,3,$28.05,Delivered,Amazon Pay
AMA-O6945,AMA-C3083,2023-02-01,Beauty,1,42.79,Delivered,UPI
AMA-O11578,AMA-C9252,05/23/2023,Sports & Outdoors,5,175.62,Delivered,UPI
AMA-O5546,AMA-C9251,07-May-2024,Books,2,25.12,Returned,Amazon Pay
AMA-O14528,AMA-C4959,08/08/2024,Books,4,30.57,Delivered,Credit Card
AMA-O7908,AMA-C7527,2025-05-11,Apparel,3,29.3,Returned,UPI
AMA-O11413,AMA-C1168,19-Apr-2023,Beauty,3,55.18,Delivered,Gift Card
AMA-O12348,AMA-C3503,04-Dec-2023,Beauty,5,7.24,Pending,Gift Card
AMA-O5204,AMA-C4266,30-Jul-2023,Toys,4,39.45,Delivered,Gift Card
AMA-O8006,AMA-C1693,2025-12-28,Books,2,15.59,Delivered,UPI
AMA-O14734,AMA-C9743,02-Mar-2024,Sports & Outdoors,2,116.16,Delivered,Gift Card
AMA-O14195,AMA-C10194,29-Apr-2025,Electronics,5,224.23,Delivered,Credit Card
AMA-O13323,AMA-C4573,02/20/2024,Apparel,1,53.53,Cancelled,Amazon Pay
AMA-O11186,AMA-C10528,05-May-2024,Grocery,4,$53.42,Pending,Gift Card
AMA-O5812,AMA-C5818,08/05/2024,Books,2,35.5,Returned,UPI
AMA-O14297,AMA-C7228,09/18/2025,Toys,3,19.64,Pending,UPI
AMA-O12261,AMA-C7406,05/15/2025,Apparel,1,115.58,Delivered,Amazon Pay
AMA-O13084,AMA-C6727,11/24/2023,Toys,3,54.28,Delivered,Credit Card
AMA-O5427,AMA-C3924,2023-12-25,Toys,3,86.28,Delivered,Credit Card
AMA-O5501,AMA-C10662,05-Jan-2024,Grocery,1,5.96,Cancelled,Amazon Pay
AMA-O12055,AMA-C2494,11/11/2025,Home & Kitchen,5,174.74,Pending,UPI
AMA-O7971,AMA-C9528,2024-10-05,Electronics,5,379.72,Delivered,UPI
AMA-O8169,AMA-C2656,03/02/2025,Books,5,$16.56,Pending,Amazon Pay
AMA-O8013,AMA-C7679,05-Dec-2024,Sports & Outdoors,4,226.79,Delivered,Gift Card
AMA-O14637,AMA-C4488,24-Aug-2023,Sports & Outdoors,4,85.24,Returned,Amazon Pay
AMA-O11487,AMA-C8677,12-Oct-2023,Toys,1,95.82,Pending,UPI
AMA-O12066,AMA-C6661,09/06/2024,Apparel,3,103.79,Delivered,Debit Card
AMA-O13650,AMA-C6427,2025-01-24,Beauty,4,72.58,Delivered,Amazon Pay
AMA-O10875,AMA-C1228,2025-10-31,Home & Kitchen,1,71.47,Returned,Credit Card
AMA-O11090,AMA-C2843,09/30/2024,Electronics,4,577.52,Delivered,Credit Card
AMA-O14715,AMA-C8576,04/04/2023,Grocery,2,59.72,Cancelled,Debit Card
AMA-O14322,AMA-C1988,27-Nov-2025,Beauty,5,32.89,Returned,Gift Card
AMA-O11596,AMA-C8957,01/14/2023,Books,3,$36.35,Returned,UPI
AMA-O10938,AMA-C4316,31-May-2023,Beauty,5,52.8,Pending,UPI
AMA-O9034,AMA-C8564,08/31/2025,Apparel,5,14.51,Delivered,Amazon Pay
AMA-O12702,AMA-C2288,11/04/2024,Books,5,29.49,Shipped,Gift Card
AMA-O5310,AMA-C10637,2025-08-30,Home & Kitchen,1,21.18,Shipped,Credit Card
AMA-O7355,AMA-C4336,2025-04-29,Toys,4,7.33,Pending,UPI
AMA-O7540,AMA-C1563,2025-08-05,Electronics,5,288.91,Delivered,UPI
AMA-O7451,AMA-C8901,2024-12-23,Electronics,4,449.03,Shipped,Credit Card
AMA-O8663,AMA-C7000,2024-01-17,Apparel,3,82.83,Delivered,Credit Card
AMA-O10496,AMA-C9953,15-May-2025,Books,5,39.15,Delivered,UPI
AMA-O13677,AMA-C4976,2025-01-15,Electronics,4,640.87,Returned,Credit Card
AMA-O7941,AMA-C3386,2024-07-30,Toys,1,$15.47,,Amazon Pay
AMA-O8140,AMA-C7755,11-Jun-2025,Home & Kitchen,5,$137.13,Returned,Gift Card
AMA-O10651,AMA-C4038,02/24/2023,Beauty,5,$16.57,Cancelled,Amazon Pay
AMA-O7911,AMA-C5892,12/27/2025,Books,5,20.64,Delivered,UPI
AMA-O6755,AMA-C6856,04/20/2023,Books,2,15.56,Delivered,UPI
AMA-O10382,AMA-C9999,2025-07-30,Sports & Outdoors,3,91.04,Pending,Gift Card
AMA-O5941,AMA-C9736,03/12/2025,Beauty,4,77.56,Pending,Credit Card
AMA-O6219,AMA-C7968,2025-01-30,Apparel,5,$45.77,Shipped,Debit Card
AMA-O13633,AMA-C8433,2023-11-04,Electronics,1,232.25,Returned,Gift Card
AMA-O8443,AMA-C7900,03/09/2025,Home & Kitchen,3,61.56,Cancelled,Amazon Pay
AMA-O12222,AMA-C8124,01/27/2023,Sports & Outdoors,2,$51.10,Delivered,Amazon Pay
AMA-O7372,AMA-C7992,2024-04-23,Toys,4,35.45,Delivered,Credit Card
AMA-O5245,AMA-C7845,08/06/2023,Apparel,4,65.65,Shipped,Amazon Pay
AMA-O9550,AMA-C4486,2025-11-22,Grocery,2,4.18,Delivered,UPI
AMA-O6022,AMA-C4956,24-Nov-2024,Sports & Outdoors,1,204.5,Delivered,Credit Card
AMA-O12530,AMA-C8152,05/23/2023,Apparel,4,42.71,Delivered,Amazon Pay
AMA-O8444,AMA-C3928,01/21/2025,Home & Kitchen,4,$148.49,Pending,Credit Card
AMA-O9369,AMA-C5440,11/20/2025,Electronics,2,95.77,Cancelled,Gift Card
AMA-O9068,AMA-C7565,05/30/2025,Beauty,3,71.0,Delivered,Amazon Pay
AMA-O5989,AMA-C4307,2024-10-19,Sports & Outdoors,3,219.53,Cancelled,UPI
AMA-O8011,AMA-C2498,02/22/2023,Apparel,5,45.82,Delivered,UPI
AMA-O7172,AMA-C7174,02/18/2023,Books,2,26.89,Delivered,Debit Card
AMA-O12851,AMA-C1264,02/16/2023,Sports & Outdoors,4,54.36,Delivered,Credit Card
AMA-O11906,AMA-C7059,2024-01-16,Sports & Outdoors,3,216.49,Delivered,Gift Card
AMA-O13525,AMA-C10088,02/14/2024,Home & Kitchen,4,239.94,Returned,UPI
AMA-O14882,AMA-C6707,2024-06-17,Apparel,2,11.1,Pending,Amazon Pay
AMA-O14737,AMA-C2292,12/01/2025,Electronics,4,89.68,Shipped,UPI
AMA-O12454,AMA-C6076,2025-12-17,Beauty,3,87.75,Returned,Debit Card
AMA-O13152,AMA-C9199,07/05/2023,Beauty,2,51.11,Pending,UPI
AMA-O6335,AMA-C9698,14-Dec-2023,Beauty,4,77.74,Delivered,UPI
AMA-O12714,AMA-C6398,2025-10-20,Electronics,-5,194.14,Delivered,Credit Card
AMA-O11456,AMA-C6578,23-Jun-2025,Sports & Outdoors,5,53.17,Delivered,Credit Card
AMA-O6208,AMA-C10822,10-Dec-2025,Sports & Outdoors,1,239.8,Returned,Amazon Pay
AMA-O5121,AMA-C8764,2023-09-01,Toys,4,61.25,Delivered,Gift Card
AMA-O5678,AMA-C2443,12/17/2025,Beauty,2,9.46,Delivered,Credit Card
AMA-O7435,AMA-C7493,24-Mar-2025,Electronics,1,562.85,Delivered,Gift Card
AMA-O13216,AMA-C8614,31-Oct-2023,Books,4,$33.06,Pending,Amazon Pay
AMA-O12303,AMA-C6155,15-Sep-2025,Books,1,5.12,Delivered,Gift Card
AMA-O14321,AMA-C1466,07-Feb-2024,Home & Kitchen,3,74.42,Shipped,UPI
AMA-O7585,AMA-C4079,13-Jun-2025,Beauty,4,34.05,Delivered,Gift Card
AMA-O10400,AMA-C4418,2025-11-15,Books,1,36.96,Delivered,Credit Card
AMA-O7764,AMA-C1276,06-Nov-2023,Electronics,5,468.09,Delivered,Gift Card
AMA-O9094,AMA-C1239,06/30/2025,Toys,5,23.72,Shipped,Debit Card
AMA-O11118,AMA-C8675,08/18/2025,Beauty,3,30.67,Delivered,UPI
AMA-O7868,AMA-C9034,19-Sep-2025,Grocery,2,38.22,Returned,Amazon Pay
AMA-O13820,AMA-C10287,2024-04-06,Books,1,16.97,Returned,Debit Card
AMA-O8826,AMA-C4423,10/08/2023,Books,4,30.85,Delivered,UPI
AMA-O9991,AMA-C2074,08/06/2024,Sports & Outdoors,3,25.84,Delivered,Debit Card
AMA-O8305,AMA-C3213,2025-02-26,Electronics,1,584.47,Returned,Gift Card
AMA-O5602,AMA-C3296,25-Feb-2023,Electronics,4,$123.08,Delivered,Debit Card
AMA-O12694,AMA-C4187,09/20/2025,Sports & Outdoors,1,138.97,Cancelled,Debit Card
AMA-O13028,AMA-C2121,11-Apr-2024,Books,2,24.46,Cancelled,UPI
AMA-O5318,AMA-C8630,28-Oct-2024,Books,3,32.78,Cancelled,Debit Card
AMA-O9407,AMA-C7867,21-Jan-2025,Home & Kitchen,5,298.84,Cancelled,Debit Card
AMA-O9047,AMA-C3050,07/24/2025,Home & Kitchen,3,$108.62,Delivered,Amazon Pay
AMA-O14924,AMA-C9293,05-Jul-2023,Grocery,3,6.46,Shipped,UPI
AMA-O12549,AMA-C8192,07/12/2023,Apparel,4,112.44,Delivered,Debit Card
AMA-O13990,AMA-C6016,2024-10-08,Home & Kitchen,2,221.45,Delivered,Credit Card
AMA-O12147,AMA-C7451,2024-04-24,Electronics,1,62.85,Pending,Gift Card
AMA-O14638,AMA-C7721,2023-07-01,Grocery,5,$30.14,Shipped,Credit Card
AMA-O6778,AMA-C1557,11/03/2024,Sports & Outdoors,4,134.45,Delivered,Debit Card
AMA-O7743,AMA-C10828,2025-12-30,Beauty,3,16.95,Delivered,UPI
AMA-O10616,AMA-C10319,15-Nov-2024,Apparel,1,73.83,Cancelled,Credit Card
AMA-O7620,AMA-C5053,22-Sep-2025,Beauty,5,76.27,Returned,Debit Card
AMA-O12815,AMA-C4585,01-Nov-2025,Electronics,1,664.57,Returned,Gift Card
AMA-O6040,AMA-C1674,13-Jul-2024,Sports & Outdoors,2,219.83,Delivered,Credit Card
AMA-O8336,AMA-C8751,2025-09-28,Beauty,4,54.98,Pending,Debit Card
AMA-O13385,AMA-C2644,14-May-2024,Books,2,35.62,Delivered,UPI
AMA-O9306,AMA-C4504,21-Jul-2023,Sports & Outdoors,5,123.04,Shipped,UPI
AMA-O7089,AMA-C5452,05/21/2024,Electronics,1,$154.40,Pending,UPI
AMA-O5624,AMA-C5683,2025-12-16,Grocery,3,2.3,Returned,UPI
AMA-O13364,AMA-C4427,21-Jan-2024,Books,1,33.19,Returned,Gift Card
AMA-O9044,AMA-C1670,2025-06-18,Home & Kitchen,1,$268.35,Delivered,Credit Card
AMA-O13811,AMA-C5831,2023-02-20,Books,-4,31.75,Shipped,Credit Card
AMA-O7044,AMA-C10699,07-Mar-2023,Sports & Outdoors,4,218.38,Pending,Gift Card
AMA-O10945,AMA-C1580,10-Dec-2025,Electronics,3,755.0,Pending,Gift Card
AMA-O14259,AMA-C8258,17-Mar-2024,Apparel,1,108.3,Cancelled,Credit Card
AMA-O11591,AMA-C8578,2025-09-04,Electronics,5,572.88,Delivered,Debit Card
AMA-O7873,AMA-C6703,2025-01-14,Beauty,2,28.57,Cancelled,Amazon Pay
AMA-O6162,AMA-C7536,2024-06-07,Apparel,-4,109.56,Returned,Credit Card
AMA-O11984,AMA-C1266,2025-06-02,Grocery,3,40.8,Returned,Gift Card
AMA-O11737,AMA-C9999,11/23/2024,Home & Kitchen,3,189.49,Cancelled,Credit Card
AMA-O13399,AMA-C8384,09/25/2024,Electronics,5,15.02,Delivered,Credit Card
AMA-O12483,AMA-C7654,27-May-2025,Home & Kitchen,4,$263.06,Delivered,Amazon Pay
AMA-O5077,AMA-C2623,2024-12-07,Grocery,1,3.67,Shipped,Credit Card
AMA-O13421,AMA-C2005,04-Mar-2025,Toys,1,31.27,Delivered,Debit Card
AMA-O10145,AMA-C4429,10-Jan-2023,Apparel,5,115.8,Shipped,Gift Card
AMA-O6841,AMA-C4478,2024-03-20,Apparel,4,$51.69,Pending,UPI
AMA-O7298,AMA-C4130,2025-04-13,Electronics,2,123.66,Shipped,Debit Card
AMA-O9025,AMA-C3070,2025-07-11,Beauty,5,16.24,Shipped,Gift Card
AMA-O7703,AMA-C10723,02-Jan-2025,Books,-3,17.47,Shipped,Debit Card
AMA-O9390,AMA-C7808,04/01/2025,Electronics,4,161.38,Delivered,Amazon Pay
AMA-O9713,AMA-C3682,2023-04-02,Toys,2,69.25,Pending,UPI
AMA-O11982,AMA-C4910,2024-06-20,Books,4,$12.86,Shipped,UPI
AMA-O11378,AMA-C3645,2025-04-21,Books,2,7.47,,UPI
AMA-O5234,AMA-C7611,03/20/2025,Electronics,4,39.13,Delivered,Credit Card
AMA-O9808,AMA-C4733,11/13/2023,Home & Kitchen,5,91.32,Delivered,UPI
AMA-O6218,AMA-C8983,08/07/2025,Apparel,5,29.57,Shipped,Amazon Pay
AMA-O10554,AMA-C3157,06/10/2023,Apparel,1,$119.13,Returned,UPI
AMA-O11985,AMA-C4660,2025-12-30,Toys,2,24.8,Pending,UPI
AMA-O8038,AMA-C9099,12/04/2025,Books,1,16.99,Pending,Credit Card
AMA-O10314,AMA-C5944,06-Jan-2023,Electronics,5,282.85,Delivered,Credit Card
AMA-O8337,AMA-C2518,13-Aug-2024,Electronics,5,609.7,Cancelled,Debit Card
AMA-O10307,AMA-C4742,20-Oct-2023,Home & Kitchen,2,188.42,Pending,Debit Card
AMA-O6071,AMA-C5077,11-Sep-2024,Toys,3,$40.09,Pending,UPI
AMA-O9689,AMA-C6835,27-Dec-2024,Electronics,1,100.19,Delivered,Debit Card
AMA-O10162,AMA-C7434,27-Jul-2025,Beauty,3,53.29,Delivered,Amazon Pay
AMA-O8034,AMA-C8331,12/13/2023,Beauty,1,46.05,Shipped,Debit Card
AMA-O7222,AMA-C4157,08/02/2025,Home & Kitchen,1,261.36,Delivered,Debit Card
AMA-O9762,AMA-C4314,10-Jun-2025,Electronics,1,412.94,Returned,Amazon Pay
AMA-O7279,AMA-C10395,2023-09-09,Sports & Outdoors,4,101.23,Delivered,Amazon Pay
AMA-O8948,AMA-C9682,2025-06-11,Home & Kitchen,4,$20.31,Delivered,Gift Card
AMA-O8653,AMA-C8740,12/29/2025,Books,1,27.71,Delivered,Gift Card
AMA-O11836,AMA-C10707,01-Nov-2025,Sports & Outdoors,1,106.03,Returned,Credit Card
AMA-O14428,AMA-C8380,2025-09-04,Apparel,1,$105.22,Cancelled,UPI
AMA-O7773,AMA-C9830,2025-08-03,Electronics,2,295.19,Delivered,Debit Card
AMA-O7874,AMA-C2918,2025-08-04,Electronics,5,$90.28,Returned,Amazon Pay
AMA-O6176,AMA-C8472,10/12/2023,Books,4,20.92,Returned,UPI
AMA-O13619,AMA-C8435,2025-12-31,Beauty,5,28.23,Pending,Debit Card
AMA-O9585,AMA-C10459,17-Feb-2024,Grocery,3,22.38,Cancelled,Credit Card
AMA-O10392,AMA-C3055,2025-06-12,Beauty,1,$10.86,,Gift Card
AMA-O14633,AMA-C1026,24-Nov-2023,Apparel,1,105.6,Shipped,UPI
AMA-O12428,AMA-C8138,05/18/2023,Toys,3,71.62,Returned,UPI
AMA-O14755,AMA-C1347,30-May-2024,Beauty,1,$80.23,Delivered,Amazon Pay
AMA-O10862,AMA-C6904,07-Sep-2025,Toys,2,27.66,Delivered,Gift Card
AMA-O6544,AMA-C4563,26-Jan-2025,Apparel,5,76.85,Cancelled,Gift Card
AMA-O7480,AMA-C3673,03/17/2023,Beauty,1,24.7,Cancelled,Credit Card
AMA-O13562,AMA-C6224,08/21/2024,Beauty,3,41.99,Cancelled,Gift Card
AMA-O9875,AMA-C2082,05/11/2024,Toys,4,34.9,,Amazon Pay
AMA-O13074,AMA-C3502,18-Sep-2023,Home & Kitchen,4,203.02,Delivered,Gift Card
AMA-O12796,AMA-C3522,07/20/2025,Home & Kitchen,4,124.66,Returned,Credit Card
AMA-O11595,AMA-C6841,2025-11-29,Home & Kitchen,1,228.72,Cancelled,Debit Card
AMA-O11559,AMA-C10151,12/14/2025,Grocery,-1,18.92,Shipped,Debit Card
AMA-O7471,AMA-C5324,18-Apr-2025,Books,1,17.48,Delivered,Amazon Pay
AMA-O6302,AMA-C4616,11-Apr-2025,Beauty,5,89.72,Delivered,Amazon Pay
AMA-O14607,AMA-C1634,28-Apr-2024,Books,5,12.52,Delivered,Debit Card
AMA-O9153,AMA-C9029,12/31/2023,Home & Kitchen,3,129.11,Pending,Debit Card
AMA-O13360,AMA-C4686,07/11/2023,Grocery,1,7.75,Delivered,Credit Card
AMA-O7424,AMA-C3071,12/04/2024,Books,2,11.94,Delivered,Debit Card
AMA-O7489,AMA-C9358,07-Sep-2023,Books,5,17.26,Shipped,Amazon Pay
AMA-O7826,AMA-C9581,02/21/2023,Apparel,1,$39.21,Shipped,Gift Card
AMA-O12380,AMA-C3650,2025-02-20,Home & Kitchen,3,$139.26,Delivered,Credit Card
AMA-O10059,AMA-C10138,2025-02-07,Sports & Outdoors,4,241.42,Pending,UPI
AMA-O6640,AMA-C1025,10/08/2024,Sports & Outdoors,4,177.06,Delivered,Amazon Pay
AMA-O8432,AMA-C7307,05/05/2023,Grocery,1,21.68,Returned,UPI
AMA-O8268,AMA-C6461,08/14/2024,Books,1,26.58,Cancelled,Amazon Pay
AMA-O10838,AMA-C6726,2023-10-02,Grocery,1,2.83,Cancelled,UPI
AMA-O5560,AMA-C5094,22-Oct-2024,Beauty,1,12.46,Delivered,Debit Card
AMA-O14329,AMA-C8936,28-Jan-2023,Toys,3,79.26,Cancelled,Credit Card
AMA-O14738,AMA-C4988,2024-02-23,Grocery,2,6.54,,Credit Card
AMA-O8319,AMA-C7647,29-Mar-2025,Grocery,5,53.74,Delivered,Amazon Pay
AMA-O5857,AMA-C9282,01/21/2023,Grocery,4,29.92,Returned,UPI
AMA-O10632,AMA-C7522,2023-10-10,Electronics,1,$429.43,,Amazon Pay
AMA-O10866,AMA-C2579,28-Jan-2024,Books,2,33.81,Cancelled,Debit Card
AMA-O13965,AMA-C2290,05/22/2025,Sports & Outdoors,5,239.16,Cancelled,Credit Card
AMA-O9230,AMA-C9814,11/19/2023,Sports & Outdoors,1,95.07,Delivered,Credit Card
AMA-O12286,AMA-C5144,01/04/2025,Apparel,4,104.28,Delivered,Credit Card
AMA-O13121,AMA-C1265,2024-09-19,Beauty,5,20.7,Delivered,UPI
AMA-O8234,AMA-C6221,2024-10-03,Apparel,2,77.79,Cancelled,Gift Card
AMA-O9433,AMA-C2377,01/22/2024,Toys,4,38.01,Cancelled,Debit Card
AMA-O6823,AMA-C2217,2023-05-09,Toys,2,52.32,Delivered,Debit Card
AMA-O10597,AMA-C3885,14-May-2025,Home & Kitchen,4,70.55,Shipped,Credit Card
AMA-O9403,AMA-C4482,03/18/2025,Sports & Outdoors,1,208.84,Pending,Debit Card
AMA-O10909,AMA-C10435,2025-04-06,Books,1,16.33,Delivered,Amazon Pay
AMA-O8176,AMA-C7069,2023-08-19,Sports & Outdoors,2,$181.49,,Gift Card
AMA-O14898,AMA-C5214,12/02/2024,Apparel,4,78.26,,Amazon Pay
AMA-O7448,AMA-C1658,20-Dec-2024,Toys,1,12.27,Delivered,Amazon Pay
AMA-O10667,AMA-C6788,2024-04-07,Electronics,4,309.0,Returned,Gift Card
AMA-O14824,AMA-C3937,2023-08-27,Books,3,$25.51,Returned,UPI
AMA-O6659,AMA-C1984,16-Dec-2023,Books,1,$37.10,Pending,UPI
AMA-O5042,AMA-C10455,26-Mar-2025,Grocery,2,40.12,Returned,Credit Card
AMA-O12557,AMA-C8066,07/25/2025,Books,1,$37.26,Delivered,Gift Card
AMA-O13933,AMA-C8364,2023-06-25,Books,3,27.86,Delivered,Credit Card
AMA-O7557,AMA-C8958,27-Sep-2025,Books,1,26.96,Returned,Credit Card
AMA-O12077,AMA-C3001,2024-05-21,Sports & Outdoors,1,45.13,Pending,Amazon Pay
AMA-O9907,AMA-C2788,09/17/2024,Home & Kitchen,4,$46.89,Delivered,Credit Card
AMA-O13524,AMA-C8366,2023-04-07,Electronics,2,$369.57,Cancelled,Debit Card
AMA-O7837,AMA-C10764,09/29/2025,Home & Kitchen,3,278.31,Delivered,Gift Card
AMA-O5043,AMA-C6414,11-Jul-2025,Grocery,1,49.46,Shipped,Amazon Pay
AMA-O7869,AMA-C9294,06/04/2025,Books,2,8.48,Delivered,Debit Card
AMA-O12569,AMA-C4232,03/16/2024,Electronics,5,297.13,Cancelled,Amazon Pay
AMA-O9211,AMA-C1506,2025-09-16,Apparel,2,109.83,Delivered,UPI
AMA-O6594,AMA-C8689,09/17/2024,Electronics,1,798.6,Delivered,UPI
AMA-O7513,AMA-C3527,30-Mar-2024,Apparel,1,19.97,Cancelled,Credit Card
AMA-O8596,AMA-C9999,01-Jan-2023,Books,3,12.91,Pending,Debit Card
AMA-O13975,AMA-C7322,04-Jan-2024,Beauty,1,$78.94,Delivered,UPI
AMA-O9953,AMA-C10281,07/26/2025,Sports & Outdoors,3,40.85,Returned,Gift Card
AMA-O9748,AMA-C1138,21-Mar-2025,Sports & Outdoors,3,156.36,Pending,Amazon Pay
AMA-O11695,AMA-C3888,21-May-2024,Beauty,1,88.19,Shipped,Debit Card
AMA-O9011,AMA-C7380,24-Nov-2023,Apparel,4,73.25,Shipped,Amazon Pay
AMA-O9647,AMA-C8026,12-Jul-2025,Apparel,2,$114.01,Delivered,Gift Card
AMA-O9901,AMA-C9999,2024-05-15,Sports & Outdoors,4,94.27,Cancelled,Credit Card
AMA-O7794,AMA-C8825,2023-12-01,Books,2,29.09,Returned,Debit Card
AMA-O5187,AMA-C1329,05/18/2024,Grocery,4,50.8,Returned,UPI
AMA-O14573,AMA-C7151,22-May-2025,Electronics,1,282.28,Pending,UPI
AMA-O14818,AMA-C7356,11-Jul-2025,Apparel,5,41.17,Delivered,Credit Card
AMA-O9736,AMA-C9048,19-Nov-2024,Electronics,3,794.44,Shipped,Gift Card
AMA-O14080,AMA-C9145,22-Sep-2023,Apparel,4,52.06,Returned,Gift Card
AMA-O10687,AMA-C5402,13-Apr-2025,Beauty,5,8.29,Returned,Debit Card
AMA-O8701,AMA-C9099,02/05/2025,Apparel,1,17.14,Pending,UPI
AMA-O9818,AMA-C7016,2025-09-21,Books,3,36.75,Delivered,Credit Card
AMA-O11973,AMA-C2583,04/04/2023,Books,4,16.39,,Gift Card
AMA-O14539,AMA-C9962,06-Sep-2024,Sports & Outdoors,1,$243.96,Shipped,Amazon Pay
AMA-O9396,AMA-C9999,11/05/2024,Apparel,2,$80.24,Delivered,Debit Card
AMA-O10920,AMA-C9130,2023-07-13,Beauty,3,70.69,Delivered,Gift Card
AMA-O5440,AMA-C4696,02/03/2024,Apparel,3,55.45,Shipped,Debit Card
AMA-O10536,AMA-C9589,2023-04-21,Grocery,3,46.32,Returned,Debit Card
AMA-O12756,AMA-C9157,2025-11-21,Home & Kitchen,5,137.21,Delivered,Credit Card
AMA-O12073,AMA-C10653,11-Dec-2025,Sports & Outdoors,1,42.27,Delivered,Debit Card
AMA-O13132,AMA-C2926,2024-04-06,Books,2,6.38,Cancelled,Credit Card
AMA-O8084,AMA-C8720,2024-11-03,Sports & Outdoors,-4,$94.75,Delivered,Debit Card
AMA-O11671,AMA-C4721,01-Jan-2023,Grocery,1,33.54,Cancelled,Amazon Pay
AMA-O10633,AMA-C2484,05-Jan-2024,Books,2,11.61,Delivered,Credit Card
AMA-O13637,AMA-C4844,07/05/2023,Electronics,5,563.1,Delivered,Gift Card
AMA-O9797,AMA-C8489,2024-06-08,Apparel,4,50.62,Cancelled,Debit Card
AMA-O9329,AMA-C9985,2025-10-09,Apparel,1,118.28,Delivered,UPI
AMA-O12794,AMA-C2219,27-Jun-2024,Books,4,17.88,Delivered,UPI
AMA-O13222,AMA-C7556,03-Jul-2023,Apparel,4,29.58,Returned,UPI
AMA-O6417,AMA-C7262,07/30/2023,Sports & Outdoors,3,143.67,Returned,Amazon Pay
AMA-O8389,AMA-C8275,01/06/2025,Sports & Outdoors,5,227.02,Delivered,Amazon Pay
AMA-O7842,AMA-C2252,12/12/2023,Grocery,2,54.51,Shipped,Credit Card
AMA-O13187,AMA-C1283,2025-07-29,Apparel,3,$66.25,Returned,Credit Card
AMA-O13985,AMA-C9999,24-Aug-2025,Beauty,3,5.71,Cancelled,Debit Card
AMA-O14225,AMA-C7047,28-Sep-2025,Grocery,2,24.68,Delivered,UPI
AMA-O7374,AMA-C3529,2023-04-07,Sports & Outdoors,5,118.99,Pending,Gift Card
AMA-O9456,AMA-C5577,2023-08-30,Beauty,5,$34.24,Shipped,Gift Card
AMA-O14243,AMA-C5990,2023-10-15,Sports & Outdoors,1,$100.89,Shipped,Gift Card
AMA-O7985,AMA-C7603,04-Sep-2025,Home & Kitchen,3,282.64,Returned,Amazon Pay
AMA-O13327,AMA-C8765,13-Feb-2023,Home & Kitchen,5,214.92,Shipped,Amazon Pay
AMA-O7496,AMA-C8917,2025-08-19,Beauty,1,61.66,Cancelled,Amazon Pay
AMA-O6712,AMA-C3320,2023-06-08,Home & Kitchen,1,77.81,Shipped,UPI
AMA-O5002,AMA-C6992,2025-09-01,Electronics,2,758.04,Delivered,Debit Card
AMA-O8455,AMA-C2724,02/14/2023,Sports & Outdoors,5,123.29,Delivered,Credit Card
AMA-O9674,AMA-C4643,2025-05-08,Sports & Outdoors,4,189.79,Delivered,Gift Card
AMA-O10831,AMA-C2676,03-Feb-2025,Beauty,3,64.47,Cancelled,Gift Card
AMA-O7234,AMA-C3121,20-Sep-2023,Grocery,1,11.42,Cancelled,UPI
AMA-O6366,AMA-C1233,11-Mar-2025,Beauty,4,42.9,Delivered,Amazon Pay
AMA-O8991,AMA-C6871,2025-08-15,Books,4,10.61,Delivered,Amazon Pay
AMA-O6910,AMA-C5347,2025-06-18,Sports & Outdoors,2,39.71,Shipped,UPI
AMA-O11655,AMA-C7616,08/25/2023,Apparel,3,$42.24,Cancelled,Debit Card
AMA-O10181,AMA-C1644,08/12/2024,Sports & Outdoors,2,56.39,Delivered,Amazon Pay
AMA-O7961,AMA-C1913,2025-07-29,Sports & Outdoors,4,127.24,Delivered,UPI
AMA-O5494,AMA-C3037,04/29/2024,Beauty,2,24.15,Returned,Debit Card
AMA-O12933,AMA-C1298,2024-06-28,Toys,5,11.46,Delivered,Gift Card
AMA-O13535,AMA-C5614,08/31/2023,Sports & Outdoors,5,$244.87,Delivered,Amazon Pay
AMA-O10265,AMA-C5488,30-Nov-2024,Beauty,1,33.01,Returned,Credit Card
AMA-O12953,AMA-C8968,16-Feb-2025,Home & Kitchen,5,243.04,Delivered,Gift Card
AMA-O14839,AMA-C9273,01/09/2025,Electronics,4,$498.20,Pending,Debit Card
AMA-O8930,AMA-C4383,19-Dec-2023,Books,1,34.17,Delivered,Gift Card
AMA-O10241,AMA-C7832,16-Apr-2024,Toys,5,$59.30,Delivered,UPI
AMA-O10406,AMA-C1904,16-Jul-2024,Beauty,4,46.76,Pending,UPI
AMA-O7367,AMA-C4492,05-Sep-2023,Beauty,2,60.66,Returned,Debit Card
AMA-O10710,AMA-C5690,2023-05-23,Home & Kitchen,-4,226.96,Pending,UPI
AMA-O11877,AMA-C6715,2023-02-13,Toys,5,64.05,Delivered,Debit Card
AMA-O9655,AMA-C8815,2025-03-27,Sports & Outdoors,4,80.4,Cancelled,Debit Card
AMA-O6939,AMA-C8877,21-Jan-2025,Beauty,4,10.29,Returned,UPI
AMA-O6156,AMA-C2720,2023-09-01,Toys,1,28.17,Delivered,UPI
AMA-O5116,AMA-C1634,02/02/2023,Apparel,5,$8.77,Shipped,Credit Card
AMA-O6311,AMA-C1687,12-Apr-2023,Home & Kitchen,5,199.23,Delivered,Debit Card
AMA-O7490,AMA-C5984,2023-10-23,Electronics,4,81.7,Delivered,Gift Card
AMA-O14627,AMA-C10482,11/27/2025,Electronics,1,395.32,,Amazon Pay
AMA-O13776,AMA-C6502,09/12/2024,Beauty,5,20.31,Delivered,Gift Card
AMA-O9462,AMA-C1096,07-Mar-2023,Books,1,31.28,Cancelled,Amazon Pay
AMA-O11597,AMA-C3820,12-Apr-2024,Apparel,5,83.88,Delivered,Credit Card
AMA-O9925,AMA-C7673,2025-07-11,Beauty,4,82.12,Pending,Amazon Pay
AMA-O12927,AMA-C9333,2025-01-25,Apparel,1,65.31,Delivered,Gift Card
AMA-O12302,AMA-C10597,03/25/2024,Beauty,2,69.29,Pending,Gift Card
AMA-O5889,AMA-C5069,31-Mar-2025,Electronics,5,370.1,Delivered,UPI
AMA-O10268,AMA-C2845,05/08/2023,Toys,3,$56.00,Pending,Debit Card
AMA-O14968,AMA-C4024,03-Nov-2023,Beauty,2,10.66,Delivered,Amazon Pay
AMA-O10821,AMA-C3275,2023-04-01,Home & Kitchen,1,190.22,Delivered,Debit Card
AMA-O14877,AMA-C8997,2024-08-07,Sports & Outdoors,1,247.98,,UPI
AMA-O13481,AMA-C2722,13-Jul-2024,Books,4,$24.30,Delivered,Amazon Pay
AMA-O5613,AMA-C1778,12/29/2025,Sports & Outdoors,4,197.92,,Debit Card
AMA-O9137,AMA-C6440,2023-07-29,Home & Kitchen,4,287.04,Cancelled,Debit Card
AMA-O9097,AMA-C6892,04/20/2025,Books,2,18.43,Delivered,UPI
AMA-O12109,AMA-C5176,05/26/2025,Sports & Outdoors,2,225.84,Shipped,UPI
AMA-O13354,AMA-C1679,2025-11-26,Grocery,3,39.01,Delivered,UPI
AMA-O11760,AMA-C2796,08-Jul-2023,Toys,2,59.35,Pending,Gift Card
AMA-O12072,AMA-C3375,2024-04-24,Sports & Outdoors,5,$232.22,Delivered,Credit Card
AMA-O14032,AMA-C8028,16-Jan-2023,Beauty,1,25.13,Cancelled,Credit Card
AMA-O9114,AMA-C8871,2025-02-05,Toys,5,66.36,Returned,Credit Card
AMA-O7957,AMA-C1170,21-Sep-2025,Apparel,4,8.78,Returned,UPI
AMA-O9467,AMA-C2440,2024-01-25,Toys,2,$53.18,Delivered,UPI
AMA-O7789,AMA-C8267,2024-04-14,Home & Kitchen,2,114.84,Returned,Credit Card
AMA-O14338,AMA-C2478,2023-08-30,Electronics,4,161.85,Cancelled,Amazon Pay
AMA-O8825,AMA-C1550,09/02/2024,Home & Kitchen,1,85.82,Pending,Debit Card
AMA-O12004,AMA-C6281,2024-07-23,Apparel,4,9.99,Delivered,UPI
AMA-O7026,AMA-C8172,06/12/2024,Toys,3,55.87,Returned,Debit Card
AMA-O12687,AMA-C6371,04/02/2023,Toys,3,$90.86,Delivered,UPI
AMA-O13376,AMA-C3402,02/10/2025,Books,4,27.89,Delivered,UPI
AMA-O11333,AMA-C1569,2025-11-01,Beauty,1,39.24,Pending,Debit Card
AMA-O8200,AMA-C3831,10-Sep-2024,Toys,2,89.94,Delivered,UPI
AMA-O14073,AMA-C6677,06-Aug-2023,Books,1,28.31,Pending,Amazon Pay
AMA-O6667,AMA-C10253,2023-10-18,Home & Kitchen,3,$233.37,Cancelled,Debit Card
AMA-O13864,AMA-C10244,2025-11-24,Beauty,1,65.02,Pending,Debit Card
AMA-O13386,AMA-C6026,27-Jul-2024,Sports & Outdoors,2,163.79,Returned,Credit Card
AMA-O7811,AMA-C3209,2025-07-22,Apparel,3,$111.73,Cancelled,Debit Card
AMA-O11041,AMA-C3057,2023-01-16,Grocery,2,29.42,Delivered,UPI
AMA-O9625,AMA-C5171,2023-07-07,Grocery,2,16.41,Delivered,Debit Card
AMA-O8406,AMA-C7248,2023-06-17,Home & Kitchen,3,111.85,Delivered,Credit Card
AMA-O9549,AMA-C5739,2024-03-12,Electronics,3,292.93,Cancelled,Gift Card
AMA-O6347,AMA-C6389,11/16/2025,Sports & Outdoors,5,86.29,Delivered,Debit Card
AMA-O13763,AMA-C3753,09/25/2024,Grocery,5,46.59,Delivered,Gift Card
AMA-O11503,AMA-C4249,2024-01-17,Apparel,3,61.17,Shipped,Debit Card
AMA-O8819,AMA-C6449,12/07/2025,Toys,2,$95.78,Delivered,UPI
AMA-O9677,AMA-C6205,23-Nov-2024,Apparel,1,$111.87,Returned,Debit Card
AMA-O8671,AMA-C9851,2024-10-26,Beauty,2,42.6,Delivered,Amazon Pay
AMA-O9771,AMA-C9999,2023-06-19,Sports & Outdoors,4,108.66,Delivered,Debit Card
AMA-O13405,AMA-C1761,13-Aug-2023,Beauty,5,27.6,Delivered,Credit Card
AMA-O14893,AMA-C8099,2024-01-31,Electronics,5,534.77,Delivered,UPI
AMA-O11978,AMA-C6925,2024-07-12,Books,3,30.27,Delivered,UPI
AMA-O10171,AMA-C9903,22-Jun-2023,Apparel,1,46.06,Shipped,Amazon Pay
AMA-O8661,AMA-C3920,04-Apr-2023,Sports & Outdoors,2,103.17,Delivered,Credit Card
AMA-O9239,AMA-C5059,2023-05-31,Apparel,1,23.36,Cancelled,Credit Card
AMA-O6346,AMA-C3175,2023-11-29,Beauty,2,78.03,Delivered,Debit Card
AMA-O8841,AMA-C2065,2025-12-11,Toys,4,$67.09,Returned,Debit Card
AMA-O8898,AMA-C8923,2025-07-03,Toys,5,48.71,Shipped,UPI
AMA-O12580,AMA-C10903,04/21/2023,Grocery,1,6.3,Shipped,Gift Card
AMA-O5240,AMA-C6461,07/21/2025,Home & Kitchen,4,209.92,Delivered,Debit Card
AMA-O6687,AMA-C3742,22-Sep-2023,Books,4,17.8,Delivered,Amazon Pay
AMA-O9488,AMA-C6270,21-Oct-2025,Books,2,$28.50,Pending,UPI
AMA-O7505,AMA-C9151,07/16/2024,Books,4,14.79,Delivered,Amazon Pay
AMA-O10662,AMA-C2370,20-Jul-2025,Beauty,5,$52.13,Shipped,Gift Card
AMA-O5640,AMA-C5657,12/02/2024,Apparel,1,19.34,Shipped,Debit Card
AMA-O8864,AMA-C4248,15-Jun-2024,Apparel,5,104.26,Delivered,Gift Card
AMA-O7243,AMA-C3791,2025-01-19,Grocery,3,19.76,Returned,UPI
AMA-O12892,AMA-C7365,05/19/2024,Apparel,2,22.76,,Debit Card
AMA-O12473,AMA-C8935,2023-01-21,Grocery,3,28.87,Pending,UPI
AMA-O9606,AMA-C3740,08-Feb-2023,Apparel,5,48.18,Delivered,Debit Card
AMA-O13518,AMA-C5785,30-Aug-2024,Books,3,$34.81,Delivered,Credit Card
AMA-O11517,AMA-C4263,2023-07-09,Home & Kitchen,4,$52.59,Delivered,Debit Card
AMA-O14257,AMA-C2759,08-Jan-2024,Electronics,2,$352.01,Returned,Gift Card
AMA-O12332,AMA-C7978,26-May-2023,Beauty,2,39.88,Delivered,Gift Card
AMA-O13467,AMA-C10608,05/14/2024,Home & Kitchen,2,296.93,Delivered,Debit Card
AMA-O12071,AMA-C4328,13-Mar-2024,Apparel,2,78.8,Returned,Amazon Pay
AMA-O11605,AMA-C9999,2025-07-14,Toys,4,59.35,Shipped,Debit Card
AMA-O12251,AMA-C3357,2025-04-22,Apparel,1,23.66,Delivered,Debit Card
AMA-O14390,AMA-C8962,04-Mar-2025,Toys,1,20.65,Pending,Credit Card
AMA-O13290,AMA-C6594,12/02/2025,Electronics,2,537.43,Delivered,UPI
AMA-O7736,AMA-C3716,09-Jan-2025,Electronics,3,$119.70,,UPI
AMA-O12917,AMA-C4108,2024-02-20,Apparel,4,91.35,Shipped,Gift Card
AMA-O9949,AMA-C5625,2024-11-28,Home & Kitchen,1,81.44,,Credit Card
AMA-O12842,AMA-C9296,28-Mar-2024,Electronics,5,100.97,Delivered,Gift Card
AMA-O5177,AMA-C7510,26-Feb-2023,Sports & Outdoors,2,$123.24,Delivered,UPI
AMA-O13466,AMA-C8941,03/11/2024,Apparel,4,99.76,Shipped,UPI
AMA-O9469,AMA-C4237,2024-07-12,Toys,2,48.55,Cancelled,Amazon Pay
AMA-O12131,AMA-C10181,26-Sep-2023,Apparel,4,12.12,Cancelled,Credit Card
AMA-O13942,AMA-C8942,31-Mar-2023,Grocery,4,10.76,Delivered,Amazon Pay
AMA-O9947,AMA-C4499,11/12/2025,Grocery,5,49.29,Pending,Credit Card
AMA-O8625,AMA-C7330,07/06/2024,Apparel,4,10.6,Delivered,Gift Card
AMA-O11619,AMA-C3390,07/06/2023,Toys,3,82.46,Cancelled,UPI
AMA-O13302,AMA-C6620,18-Apr-2023,Grocery,1,$59.14,Shipped,Debit Card
AMA-O7478,AMA-C6893,05/30/2023,Grocery,2,39.42,Delivered,UPI
AMA-O10621,AMA-C2629,07-Jan-2023,Home & Kitchen,1,213.07,Shipped,Credit Card
AMA-O9175,AMA-C8594,09-Dec-2025,Home & Kitchen,4,194.05,Cancelled,Gift Card
AMA-O10005,AMA-C3476,08/27/2025,Sports & Outdoors,4,230.44,Shipped,UPI
AMA-O5648,AMA-C4060,05/10/2024,Apparel,3,41.87,Cancelled,Gift Card
AMA-O10121,AMA-C8446,2024-01-19,Home & Kitchen,2,186.54,Pending,Credit Card
AMA-O5214,AMA-C2124,14-Oct-2024,Grocery,5,3.57,Shipped,Credit Card
AMA-O14900,AMA-C7744,2025-06-09,Books,2,22.78,Shipped,Gift Card
AMA-O11101,AMA-C8301,04/23/2025,Books,3,26.71,Pending,Credit Card
AMA-O14522,AMA-C6051,2023-01-26,Grocery,1,$41.64,Cancelled,UPI
AMA-O14653,AMA-C5877,20-Aug-2023,Books,1,$12.25,Delivered,Debit Card
AMA-O14130,AMA-C4373,2024-05-24,Beauty,2,15.6,Delivered,Gift Card
AMA-O7607,AMA-C9551,2024-08-05,Apparel,1,42.22,Returned,Credit Card
AMA-O11076,AMA-C7625,30-Apr-2024,Toys,4,$93.63,Cancelled,UPI
AMA-O14519,AMA-C1572,2024-04-06,Books,1,20.74,Delivered,Credit Card
AMA-O14763,AMA-C10212,2025-12-11,Electronics,5,264.78,Shipped,Amazon Pay
AMA-O10745,AMA-C10663,14-Dec-2024,Home & Kitchen,4,275.42,Cancelled,Gift Card
AMA-O9781,AMA-C8399,08-Oct-2023,Electronics,2,498.03,Shipped,Debit Card
AMA-O7297,AMA-C8398,05-Oct-2023,Grocery,3,34.97,Cancelled,Amazon Pay
AMA-O9121,AMA-C7470,12/03/2025,Toys,2,$67.56,Pending,Gift Card
AMA-O11744,AMA-C3033,12-Aug-2024,Beauty,3,$67.75,Delivered,UPI
AMA-O13117,AMA-C6114,01/25/2023,Grocery,4,49.92,Pending,UPI
AMA-O6276,AMA-C7435,2024-07-06,Sports & Outdoors,3,88.39,Cancelled,Amazon Pay
AMA-O13738,AMA-C3167,19-Apr-2025,Apparel,2,78.62,Cancelled,Amazon Pay
AMA-O7640,AMA-C10324,10-May-2025,Grocery,4,51.63,Delivered,Credit Card
AMA-O10395,AMA-C6593,30-Jan-2024,Grocery,5,20.18,Delivered,UPI
AMA-O9135,AMA-C1412,01/16/2024,Home & Kitchen,5,$196.25,Delivered,Gift Card
AMA-O9929,AMA-C4169,2023-11-09,Apparel,3,$45.39,Delivered,Debit Card
AMA-O7255,AMA-C5850,17-Sep-2024,Beauty,3,23.65,Cancelled,Credit Card
AMA-O14152,AMA-C8444,04/02/2023,Sports & Outdoors,4,200.36,Delivered,Debit Card
AMA-O8070,AMA-C9872,2025-06-02,Apparel,1,108.38,Returned,Debit Card
AMA-O13442,AMA-C6902,31-Dec-2024,Apparel,1,85.59,Returned,Credit Card
AMA-O7239,AMA-C8310,2024-08-28,Books,3,36.89,Delivered,UPI
AMA-O12101,AMA-C3644,04/06/2023,Home & Kitchen,3,75.71,Pending,Amazon Pay
AMA-O5328,AMA-C10692,14-Aug-2023,Home & Kitchen,2,115.79,Delivered,UPI
AMA-O7343,AMA-C3666,05/22/2023,Apparel,3,23.38,Shipped,Amazon Pay
AMA-O12652,AMA-C9238,08-Sep-2025,Home & Kitchen,2,194.66,Pending,Amazon Pay
AMA-O13787,AMA-C5343,2024-11-04,Apparel,5,38.02,Pending,Credit Card
AMA-O14504,AMA-C4341,05/23/2024,Electronics,1,573.99,Delivered,Gift Card
AMA-O9221,AMA-C1433,2023-03-01,Books,5,29.55,Delivered,Gift Card
AMA-O9270,AMA-C7558,20-Aug-2024,Sports & Outdoors,5,$248.35,Delivered,Amazon Pay
AMA-O9358,AMA-C8426,2024-05-24,Beauty,1,80.88,Returned,Amazon Pay
AMA-O13114,AMA-C7097,2025-01-25,Apparel,1,51.67,Delivered,Gift Card
AMA-O11197,AMA-C7415,05/16/2023,Beauty,3,29.86,Delivered,Credit Card
AMA-O14156,AMA-C2239,01/31/2025,Sports & Outdoors,3,96.57,Delivered,Amazon Pay
AMA-O11708,AMA-C9783,11/05/2023,Home & Kitchen,5,12.15,Delivered,Credit Card
AMA-O10266,AMA-C2729,2023-01-27,Beauty,2,84.38,Shipped,Credit Card
AMA-O13043,AMA-C4658,2025-11-01,Apparel,5,$86.84,Cancelled,Gift Card
AMA-O10387,AMA-C7196,14-Mar-2025,Sports & Outdoors,5,200.57,Returned,Amazon Pay
AMA-O14123,AMA-C1125,01/29/2024,Books,2,8.96,Pending,UPI
AMA-O13749,AMA-C6955,2024-12-02,Grocery,2,$22.18,Delivered,Credit Card
AMA-O12063,AMA-C5898,2024-11-05,Electronics,5,208.35,Delivered,Credit Card
AMA-O12369,AMA-C5773,07/25/2025,Apparel,2,$25.97,Shipped,Gift Card
AMA-O5931,AMA-C9198,09-Dec-2023,Electronics,4,$98.00,Delivered,Debit Card
AMA-O12508,AMA-C3851,05/03/2023,Sports & Outdoors,2,195.46,Pending,Debit Card
AMA-O12693,AMA-C10319,01/21/2023,Books,3,33.0,Delivered,Gift Card
AMA-O5052,AMA-C2243,07/20/2024,Beauty,2,47.7,Cancelled,Amazon Pay
AMA-O8205,AMA-C1583,2024-03-30,Home & Kitchen,3,137.83,Shipped,Amazon Pay
AMA-O14632,AMA-C9758,03/07/2025,Grocery,2,34.28,Cancelled,UPI
AMA-O8517,AMA-C3921,02/29/2024,Grocery,4,$34.05,Delivered,Amazon Pay
AMA-O12378,AMA-C4757,2023-05-15,Grocery,1,53.23,Delivered,Amazon Pay
AMA-O10238,AMA-C3346,11/30/2025,Home & Kitchen,2,276.85,Delivered,Credit Card
AMA-O14431,AMA-C8828,04/22/2023,Sports & Outdoors,1,39.06,Cancelled,Amazon Pay
AMA-O13754,AMA-C7899,2023-06-03,Beauty,2,63.64,Delivered,Credit Card
AMA-O11287,AMA-C9627,12/22/2024,Home & Kitchen,4,$27.00,Cancelled,Debit Card
AMA-O14371,AMA-C9094,03/26/2025,Beauty,1,$53.25,Delivered,Amazon Pay
AMA-O7470,AMA-C3745,10-Apr-2023,Electronics,2,$713.35,Shipped,Amazon Pay
AMA-O10562,AMA-C5879,06-Oct-2023,Sports & Outdoors,3,$120.79,Cancelled,Amazon Pay
AMA-O13602,AMA-C1467,01/18/2024,Apparel,2,108.6,Cancelled,UPI
AMA-O8258,AMA-C6052,01-May-2023,Beauty,3,46.24,Cancelled,Gift Card
AMA-O6309,AMA-C5290,04-Jan-2024,Beauty,1,24.45,Delivered,Credit Card
AMA-O10275,AMA-C2798,02/17/2024,Apparel,1,28.69,Delivered,Debit Card
AMA-O5778,AMA-C1429,08/24/2025,Grocery,3,35.39,Delivered,UPI
AMA-O13205,AMA-C5333,07/27/2025,Toys,3,85.27,Returned,Credit Card
AMA-O11976,AMA-C7779,02/09/2023,Grocery,4,2.72,Returned,Credit Card
AMA-O14049,AMA-C2177,2024-12-22,Home & Kitchen,1,240.8,Cancelled,UPI
AMA-O12822,AMA-C5917,2024-01-20,Home & Kitchen,4,174.74,Pending,Debit Card
AMA-O7723,AMA-C6264,2024-12-05,Apparel,4,25.16,Cancelled,UPI
AMA-O12644,AMA-C10736,2023-12-24,Sports & Outdoors,2,165.79,Cancelled,UPI
AMA-O12260,AMA-C10744,03/28/2024,Home & Kitchen,2,68.04,Delivered,UPI
AMA-O13918,AMA-C2132,12/09/2025,Home & Kitchen,4,44.07,Pending,UPI
AMA-O7670,AMA-C1431,26-Oct-2023,Books,2,$22.37,Delivered,Gift Card
AMA-O7067,AMA-C10207,02/01/2025,Grocery,5,$4.32,Cancelled,Amazon Pay
AMA-O5524,AMA-C4550,2024-05-26,Toys,3,59.62,Returned,Debit Card
AMA-O8008,AMA-C7574,02/12/2024,Electronics,5,456.91,Delivered,UPI
AMA-O11923,AMA-C7012,15-Aug-2025,Toys,4,$6.89,Delivered,Amazon Pay
AMA-O13371,AMA-C4275,09-May-2024,Sports & Outdoors,3,63.05,Delivered,Gift Card
AMA-O5416,AMA-C3191,22-Jul-2025,Apparel,5,87.23,Pending,Debit Card
AMA-O7199,AMA-C2882,2025-06-05,Books,1,9.93,Pending,Gift Card
AMA-O5665,AMA-C1910,2024-05-09,Sports & Outdoors,2,121.22,Delivered,Debit Card
AMA-O5581,AMA-C2137,12/05/2023,Books,4,20.36,Delivered,Gift Card
AMA-O8033,AMA-C8309,12/31/2024,Books,-4,26.92,Delivered,Credit Card
AMA-O11237,AMA-C2211,15-Dec-2025,Grocery,3,23.94,Pending,UPI
AMA-O13575,AMA-C8829,2024-04-29,Apparel,5,19.55,Cancelled,UPI
AMA-O12782,AMA-C5226,29-Jun-2023,Grocery,2,$26.37,Pending,Amazon Pay
AMA-O11444,AMA-C4592,2024-09-14,Apparel,2,71.03,Cancelled,Credit Card
AMA-O6857,AMA-C2213,03/07/2025,Toys,3,85.2,,Debit Card
AMA-O7984,AMA-C3987,11-Apr-2025,Apparel,3,16.56,Returned,Credit Card
AMA-O11790,AMA-C10727,04-Sep-2024,Beauty,3,8.47,Delivered,Gift Card
AMA-O7665,AMA-C3240,2023-08-02,Home & Kitchen,3,218.64,Returned,Gift Card
AMA-O10629,AMA-C7869,11/26/2023,Apparel,1,115.3,Delivered,Debit Card
AMA-O10001,AMA-C8035,22-Dec-2023,Sports & Outdoors,1,$68.14,Delivered,Debit Card
AMA-O8790,AMA-C7225,2023-08-02,Home & Kitchen,5,100.83,Delivered,Credit Card
AMA-O9208,AMA-C7034,10/13/2024,Home & Kitchen,2,115.67,Delivered,Amazon Pay
AMA-O14786,AMA-C6987,07-Feb-2024,Sports & Outdoors,3,54.81,Returned,Debit Card
AMA-O10783,AMA-C9973,24-Nov-2024,Beauty,3,63.84,Delivered,Debit Card
AMA-O12451,AMA-C10267,2024-07-10,Apparel,4,112.09,,Gift Card
AMA-O11677,AMA-C3674,2025-02-19,Toys,5,$21.01,Returned,Credit Card
AMA-O5098,AMA-C2747,22-Feb-2023,Toys,1,74.36,Returned,Gift Card
AMA-O5032,AMA-C4196,03/11/2024,Home & Kitchen,1,130.29,Delivered,Debit Card
AMA-O13172,AMA-C1358,02/28/2023,Books,2,$12.37,Cancelled,Amazon Pay
AMA-O12352,AMA-C3516,2024-04-23,Books,1,11.14,Returned,UPI
AMA-O7734,AMA-C10072,11/05/2023,Electronics,3,321.35,Delivered,UPI
AMA-O7953,AMA-C4678,11-Nov-2024,Toys,4,54.33,Shipped,Amazon Pay
AMA-O10348,AMA-C1313,07-Jan-2023,Apparel,3,29.23,Delivered,Amazon Pay
AMA-O11212,AMA-C7652,01-Oct-2024,Toys,4,53.96,Delivered,Debit Card
AMA-O9138,AMA-C7984,2025-09-09,Apparel,5,38.55,Cancelled,Amazon Pay
AMA-O5832,AMA-C7095,22-May-2024,Electronics,2,52.24,Pending,Debit Card
AMA-O6168,AMA-C2118,09/16/2023,Electronics,5,502.66,Pending,Amazon Pay
AMA-O14494,AMA-C10720,2023-12-23,Grocery,4,$3.16,Delivered,UPI
AMA-O5061,AMA-C5026,12-Nov-2024,Books,5,21.21,Returned,UPI
AMA-O12017,AMA-C10953,11-Feb-2025,Home & Kitchen,1,19.01,Delivered,Debit Card
AMA-O7921,AMA-C3631,10-Feb-2023,Toys,5,53.19,Delivered,Debit Card
AMA-O12726,AMA-C10687,06/29/2023,Sports & Outdoors,5,26.27,Pending,Credit Card
AMA-O14145,AMA-C2209,04/05/2023,Toys,5,71.04,Delivered,Amazon Pay
AMA-O5696,AMA-C7691,2025-02-18,Toys,5,92.63,Delivered,Gift Card
AMA-O11071,AMA-C10625,25-Feb-2025,Beauty,1,85.29,Delivered,Amazon Pay
AMA-O6449,AMA-C4629,2023-07-26,Books,5,32.41,Pending,Debit Card
AMA-O6345,AMA-C10928,07-Jan-2024,Apparel,1,109.92,Returned,UPI
AMA-O6432,AMA-C3326,2023-03-29,Home & Kitchen,5,290.64,Delivered,Amazon Pay
AMA-O14039,AMA-C8014,06/14/2025,Apparel,2,72.19,Delivered,Gift Card
AMA-O13838,AMA-C5963,30-Apr-2024,Books,2,$30.45,Pending,UPI
AMA-O9714,AMA-C9443,12/04/2024,Electronics,1,$359.08,Shipped,Debit Card
AMA-O11184,AMA-C8519,23-Mar-2024,Beauty,2,50.0,Delivered,Debit Card
AMA-O7996,AMA-C5095,2023-02-18,Beauty,-2,76.34,Returned,Gift Card
AMA-O6166,AMA-C6034,24-Sep-2023,Books,1,8.78,Pending,UPI
AMA-O11263,AMA-C9160,02-Sep-2024,Electronics,5,677.89,Shipped,Debit Card
AMA-O10459,AMA-C5292,2025-01-25,Electronics,2,$704.89,Delivered,Gift Card
AMA-O8109,AMA-C3395,03/29/2024,Beauty,3,26.95,Returned,Amazon Pay
AMA-O10225,AMA-C2315,21-Nov-2024,Electronics,2,735.24,Returned,Amazon Pay
AMA-O13460,AMA-C8267,2024-12-21,Books,-2,34.48,Delivered,Credit Card
AMA-O12755,AMA-C4200,2025-10-06,Beauty,2,12.26,Delivered,Debit Card
AMA-O12930,AMA-C4661,27-Sep-2023,Beauty,1,80.75,Cancelled,Amazon Pay
AMA-O9062,AMA-C6012,01/30/2023,Home & Kitchen,5,188.77,Cancelled,Debit Card
AMA-O10942,AMA-C9036,07/17/2024,Toys,5,$70.53,Returned,Debit Card
AMA-O7340,AMA-C2963,2023-04-16,Grocery,2,55.07,Pending,Gift Card
AMA-O8355,AMA-C1013,2023-12-04,Grocery,1,14.85,Returned,Credit Card
AMA-O12878,AMA-C9999,2025-11-09,Apparel,2,71.45,Delivered,Gift Card
AMA-O8776,AMA-C5171,17-Nov-2023,Toys,1,83.33,Pending,UPI
AMA-O11532,AMA-C8031,30-Apr-2025,Sports & Outdoors,2,51.6,Delivered,Amazon Pay
AMA-O8894,AMA-C2603,2024-03-27,Electronics,2,659.39,Delivered,Gift Card
AMA-O7515,AMA-C9862,01/20/2025,Toys,5,39.97,Shipped,Gift Card
AMA-O7352,AMA-C9453,2024-02-05,Home & Kitchen,1,249.02,Delivered,Amazon Pay
AMA-O7110,AMA-C6130,29-Oct-2025,Electronics,1,$734.37,Delivered,Gift Card
AMA-O9916,AMA-C4610,29-Oct-2025,Home & Kitchen,5,$252.10,Cancelled,Credit Card
AMA-O9127,AMA-C1940,18-Apr-2023,Electronics,2,682.52,Cancelled,Credit Card
AMA-O6029,AMA-C1182,11/20/2025,Books,4,9.32,Returned,Amazon Pay
AMA-O10706,AMA-C1598,23-Dec-2023,Sports & Outdoors,2,178.37,Cancelled,Gift Card
AMA-O5136,AMA-C6077,07/13/2024,Sports & Outdoors,3,211.63,Delivered,Amazon Pay
AMA-O6520,AMA-C9356,05/13/2025,Grocery,3,6.79,Delivered,Amazon Pay
AMA-O13862,AMA-C4433,03/24/2025,Sports & Outdoors,5,113.3,Returned,UPI
AMA-O13095,AMA-C2833,26-Nov-2023,Apparel,5,14.72,Delivered,Gift Card
AMA-O5004,AMA-C9172,05/03/2023,Beauty,3,82.64,Delivered,Debit Card
AMA-O5811,AMA-C2603,12-Apr-2024,Grocery,5,16.06,Returned,Amazon Pay
AMA-O13439,AMA-C1831,03-May-2024,Toys,2,32.41,,UPI
AMA-O6896,AMA-C6937,23-May-2024,Home & Kitchen,1,$167.02,Delivered,Debit Card
AMA-O9498,AMA-C10257,25-Aug-2023,Apparel,3,99.97,Shipped,Debit Card
AMA-O11755,AMA-C7946,15-Apr-2025,Grocery,1,$38.11,Delivered,Debit Card
AMA-O11913,AMA-C8258,02/25/2025,Grocery,2,$24.47,Pending,UPI
AMA-O12778,AMA-C4563,24-Mar-2023,Toys,3,46.71,Delivered,UPI
AMA-O11135,AMA-C2300,27-Oct-2023,Electronics,5,398.2,Returned,Gift Card
AMA-O6480,AMA-C9156,11/27/2025,Sports & Outdoors,2,194.3,Delivered,Gift Card
AMA-O8960,AMA-C4122,01-Mar-2025,Grocery,3,$43.58,Pending,UPI
AMA-O6548,AMA-C2386,06/07/2023,Beauty,3,$85.96,Delivered,Gift Card
AMA-O12776,AMA-C10967,2023-08-25,Apparel,1,27.15,Delivered,Gift Card
AMA-O6066,AMA-C10904,28-Oct-2024,Grocery,2,39.09,Delivered,Debit Card
AMA-O7143,AMA-C9706,2024-12-14,Electronics,1,337.66,Shipped,UPI
AMA-O11727,AMA-C2495,2025-06-27,Toys,1,46.78,Shipped,Credit Card
AMA-O6395,AMA-C7787,12/19/2025,Apparel,4,62.69,Cancelled,Debit Card
AMA-O11815,AMA-C5250,03/16/2025,Home & Kitchen,5,69.24,Delivered,Credit Card
AMA-O12283,AMA-C10470,08-Mar-2025,Home & Kitchen,2,$25.83,Delivered,Amazon Pay
AMA-O6679,AMA-C4075,08/17/2025,Home & Kitchen,3,106.54,Returned,Amazon Pay
AMA-O9532,AMA-C1627,2024-02-19,Apparel,1,$93.34,Pending,Amazon Pay
AMA-O12575,AMA-C6281,2024-08-21,Toys,3,83.96,Pending,Debit Card
AMA-O10807,AMA-C9998,14-Jul-2025,Sports & Outdoors,2,104.46,Shipped,Gift Card
AMA-O9171,AMA-C3634,2023-05-29,Toys,5,62.15,Shipped,Credit Card
AMA-O13063,AMA-C3257,15-Jul-2025,Electronics,3,410.14,Shipped,Credit Card
AMA-O7014,AMA-C9495,2023-05-20,Sports & Outdoors,2,214.13,Cancelled,Amazon Pay
AMA-O5974,AMA-C7944,30-Sep-2024,Electronics,4,659.26,Delivered,Debit Card
AMA-O10974,AMA-C4979,13-Dec-2024,Books,3,30.19,Delivered,Amazon Pay
AMA-O8753,AMA-C10193,06-Jun-2025,Toys,4,$51.63,Delivered,Gift Card
AMA-O13979,AMA-C3054,02/14/2025,Toys,2,66.9,Shipped,Gift Card
AMA-O14971,AMA-C8430,2025-07-04,Grocery,1,51.74,Shipped,UPI
AMA-O12843,AMA-C6502,03/31/2024,Toys,2,98.59,Cancelled,Debit Card
AMA-O7433,AMA-C9999,03/19/2024,Home & Kitchen,3,245.71,Delivered,Gift Card
AMA-O9384,AMA-C7127,2023-08-25,Sports & Outdoors,5,119.07,Delivered,Amazon Pay
AMA-O12143,AMA-C7698,2024-01-13,Grocery,2,9.34,Cancelled,Debit Card
AMA-O12213,AMA-C7252,28-Sep-2024,Beauty,5,33.55,Cancelled,Gift Card
AMA-O10849,AMA-C7593,30-Mar-2023,Home & Kitchen,1,58.89,Delivered,Debit Card
AMA-O5478,AMA-C5922,2024-09-10,Grocery,2,13.94,Delivered,Credit Card
AMA-O6726,AMA-C5720,2024-11-05,Books,4,5.07,Delivered,Credit Card
AMA-O9513,AMA-C1589,10/03/2025,Sports & Outdoors,3,197.57,Pending,UPI
AMA-O9490,AMA-C1948,2024-08-09,Grocery,2,8.13,Delivered,UPI
AMA-O7733,AMA-C7171,08-Jun-2023,Home & Kitchen,1,287.25,Pending,UPI
AMA-O10624,AMA-C6405,11/06/2025,Books,4,19.09,Delivered,Credit Card
AMA-O6946,AMA-C5979,2025-05-19,Grocery,1,$2.33,Cancelled,Debit Card
AMA-O14194,AMA-C10733,10-Feb-2024,Sports & Outdoors,3,221.37,Delivered,UPI
AMA-O6129,AMA-C9875,19-Jan-2023,Electronics,5,465.15,Shipped,Amazon Pay
AMA-O11244,AMA-C5021,24-May-2025,Beauty,3,54.72,Returned,Gift Card
AMA-O14615,AMA-C4163,2023-01-01,Home & Kitchen,1,$40.02,Delivered,Amazon Pay
AMA-O13125,AMA-C4347,12/22/2025,Sports & Outdoors,4,177.08,Pending,UPI
AMA-O5827,AMA-C5736,12/19/2025,Electronics,4,437.64,Delivered,Amazon Pay
AMA-O5194,AMA-C8343,17-Feb-2023,Apparel,2,55.88,Shipped,Credit Card
AMA-O10114,AMA-C8110,2025-02-03,Toys,4,14.33,Pending,Gift Card
AMA-O9184,AMA-C6815,2024-07-09,Home & Kitchen,2,30.77,Delivered,Amazon Pay
AMA-O13407,AMA-C10020,2023-08-22,Sports & Outdoors,1,232.26,Pending,Debit Card
AMA-O13288,AMA-C8349,2024-04-07,Toys,2,46.25,Pending,Credit Card
AMA-O7007,AMA-C10306,27-Sep-2024,Apparel,4,37.32,Delivered,Credit Card
AMA-O13361,AMA-C2878,08/08/2023,Electronics,5,$191.20,Pending,Debit Card
AMA-O5056,AMA-C1075,29-Jan-2023,Apparel,5,$113.78,Shipped,UPI
AMA-O10686,AMA-C1439,2025-08-17,Sports & Outdoors,5,44.18,Delivered,Credit Card
AMA-O8092,AMA-C7736,2025-09-21,Grocery,2,$48.69,Cancelled,Amazon Pay
AMA-O9791,AMA-C1639,2023-01-04,Electronics,2,432.29,Delivered,Debit Card
AMA-O10078,AMA-C6717,2023-11-23,Toys,4,68.42,Delivered,Debit Card
AMA-O10677,AMA-C7425,04-May-2023,Toys,4,64.61,Shipped,Amazon Pay
AMA-O7831,AMA-C9949,12/12/2024,Electronics,1,$243.99,Delivered,Gift Card
AMA-O5138,AMA-C8658,10/10/2025,Electronics,4,137.64,Delivered,Credit Card
AMA-O8550,AMA-C6989,13-Dec-2023,Books,3,32.91,Delivered,Credit Card
AMA-O12529,AMA-C4307,03/23/2024,Home & Kitchen,4,183.83,Delivered,Debit Card
AMA-O14851,AMA-C1239,2025-04-09,Books,4,$5.93,Cancelled,UPI
AMA-O11028,AMA-C1936,2024-08-30,Toys,2,8.16,Pending,Amazon Pay
AMA-O6427,AMA-C3541,23-Dec-2023,Home & Kitchen,5,235.83,Shipped,Credit Card
AMA-O8536,AMA-C2209,2025-11-16,Books,-1,34.97,Delivered,UPI
AMA-O9906,AMA-C8962,14-May-2025,Books,4,34.04,Delivered,Gift Card
AMA-O9345,AMA-C6179,15-Jan-2024,Beauty,5,30.58,Shipped,Debit Card
AMA-O12764,AMA-C5318,2023-03-01,Home & Kitchen,1,$253.56,Pending,Credit Card
AMA-O12411,AMA-C7838,03-Dec-2023,Books,2,33.13,Shipped,Credit Card
AMA-O10477,AMA-C9568,07-Nov-2024,Electronics,5,606.24,Pending,UPI
AMA-O5998,AMA-C10486,12/25/2024,Electronics,4,200.14,Delivered,Gift Card
AMA-O14510,AMA-C7031,2024-11-30,Toys,3,69.15,Delivered,UPI
AMA-O12626,AMA-C1683,2023-10-18,Books,3,10.52,,Gift Card
AMA-O6199,AMA-C6671,2023-03-19,Electronics,1,44.9,Cancelled,Gift Card
AMA-O6266,AMA-C3126,05-Apr-2023,Apparel,3,111.71,Delivered,Gift Card
AMA-O5029,AMA-C8475,2025-06-04,Electronics,1,$759.96,Cancelled,UPI
AMA-O7049,AMA-C1140,12/31/2024,Books,1,9.07,Delivered,Credit Card
AMA-O13190,AMA-C8434,27-Oct-2024,Beauty,4,11.89,Pending,UPI
AMA-O10801,AMA-C4295,2024-06-10,Home & Kitchen,4,94.46,Delivered,Credit Card
AMA-O13998,AMA-C3805,07/17/2025,Sports & Outdoors,1,214.29,Pending,Gift Card
AMA-O10174,AMA-C5198,2023-03-10,Grocery,-3,26.82,Delivered,Amazon Pay
AMA-O11238,AMA-C9999,06/21/2023,Sports & Outdoors,1,69.37,Cancelled,UPI
AMA-O14803,AMA-C8629,14-May-2023,Electronics,1,279.43,Cancelled,Gift Card
AMA-O9597,AMA-C8703,01-Jun-2023,Books,4,39.2,Returned,Credit Card
AMA-O9797,AMA-C8489,2024-06-08,Apparel,4,50.62,Cancelled,Debit Card
AMA-O6971,AMA-C8980,03/25/2025,Books,3,37.92,Shipped,UPI
AMA-O7642,AMA-C7679,01/17/2025,Apparel,3,78.71,,Debit Card
AMA-O11587,AMA-C10000,2025-12-31,Toys,5,$5.58,Delivered,Amazon Pay
AMA-O6658,AMA-C5399,2024-08-07,Grocery,4,15.94,Pending,Debit Card
AMA-O14366,AMA-C9099,10/04/2023,Home & Kitchen,5,233.18,Shipped,Amazon Pay
AMA-O11242,AMA-C2514,2024-11-14,Electronics,4,$429.74,Delivered,UPI
AMA-O5453,AMA-C1817,12/02/2025,Toys,2,96.99,Cancelled,Gift Card
AMA-O10784,AMA-C6940,2024-04-16,Apparel,4,84.02,Returned,Amazon Pay
AMA-O6999,AMA-C6740,2024-05-07,Electronics,4,654.1,,Credit Card
AMA-O11847,AMA-C4136,05/19/2025,Toys,5,$74.01,Shipped,Amazon Pay
AMA-O5095,AMA-C7106,05-Oct-2023,Home & Kitchen,1,192.7,Shipped,Debit Card
AMA-O8684,AMA-C4291,2024-04-14,Beauty,4,25.98,Delivered,Credit Card
AMA-O14990,AMA-C2633,2025-06-26,Sports & Outdoors,4,$19.17,Delivered,Gift Card
AMA-O14379,AMA-C6023,22-Dec-2023,Home & Kitchen,5,21.63,Returned,Credit Card
AMA-O6053,AMA-C10404,27-May-2025,Apparel,5,$87.50,Pending,Debit Card
AMA-O10125,AMA-C2606,17-Jun-2023,Grocery,1,57.16,Delivered,UPI
AMA-O7621,AMA-C3851,20-Sep-2023,Toys,3,15.33,Delivered,UPI
AMA-O6723,AMA-C10099,26-Jul-2024,Toys,4,76.44,Cancelled,Debit Card
AMA-O8495,AMA-C1655,11/17/2025,Toys,5,66.76,Returned,Debit Card
AMA-O8304,AMA-C1739,07-Sep-2025,Electronics,2,333.84,Delivered,Credit Card
AMA-O10542,AMA-C10230,03/31/2025,Books,3,39.66,Delivered,Amazon Pay
AMA-O9567,AMA-C4913,12/17/2024,Electronics,1,303.12,Delivered,Debit Card
AMA-O10106,AMA-C6186,20-Nov-2024,Toys,1,42.38,Pending,Debit Card
AMA-O11575,AMA-C1064,20-Dec-2024,Electronics,4,278.22,Shipped,Debit Card
AMA-O10147,AMA-C5260,2025-06-21,Grocery,2,12.85,Cancelled,Credit Card
AMA-O14686,AMA-C10864,10-Apr-2023,Toys,4,7.53,Delivered,UPI
AMA-O9249,AMA-C6602,11/03/2025,Home & Kitchen,1,$151.55,Returned,Debit Card
AMA-O8112,AMA-C10678,2025-09-23,Grocery,4,58.13,Delivered,Gift Card
AMA-O5748,AMA-C1524,12/22/2023,Electronics,4,132.35,Cancelled,Gift Card
AMA-O5579,AMA-C8841,13-Aug-2024,Beauty,2,$38.98,Cancelled,Debit Card
AMA-O10286,AMA-C8787,29-Jan-2024,Beauty,3,37.8,Returned,Debit Card
AMA-O8740,AMA-C5753,08/13/2023,Apparel,2,36.36,Cancelled,Debit Card
AMA-O6005,AMA-C8764,17-Jan-2023,Grocery,5,42.06,,Debit Card
AMA-O13815,AMA-C10842,30-May-2023,Grocery,1,46.24,Delivered,UPI
AMA-O12168,AMA-C6544,12-Mar-2025,Apparel,5,82.97,Pending,Amazon Pay
AMA-O7191,AMA-C5636,2023-09-27,Toys,1,40.69,Shipped,Debit Card
AMA-O14500,AMA-C7412,2023-06-24,Apparel,1,$9.11,Returned,Credit Card
AMA-O12091,AMA-C5327,08-Apr-2023,Beauty,2,6.52,,Amazon Pay
AMA-O13097,AMA-C6024,2025-03-12,Toys,1,49.31,Delivered,Credit Card
AMA-O13606,AMA-C10022,2025-05-19,Home & Kitchen,3,96.74,Shipped,UPI
AMA-O11230,AMA-C10815,07/03/2023,Apparel,2,92.13,Cancelled,Debit Card
AMA-O11024,AMA-C3741,04/15/2024,Electronics,5,732.67,Delivered,Gift Card
AMA-O6599,AMA-C3305,07-May-2025,Electronics,-4,154.23,Delivered,UPI
AMA-O12204,AMA-C1701,23-Oct-2025,Sports & Outdoors,4,83.18,Shipped,Debit Card
AMA-O13425,AMA-C5453,02/05/2025,Books,5,34.82,Delivered,Amazon Pay
AMA-O10383,AMA-C1102,09/10/2025,Beauty,5,45.39,Pending,Debit Card
AMA-O14038,AMA-C7434,20-Sep-2024,Sports & Outdoors,1,74.36,Delivered,Debit Card
AMA-O12224,AMA-C6286,09-Jan-2025,Electronics,4,765.27,Delivered,Amazon Pay
AMA-O9624,AMA-C7227,18-Aug-2023,Home & Kitchen,5,$168.24,Returned,Debit Card
AMA-O11408,AMA-C7897,2023-01-01,Beauty,4,85.54,Delivered,UPI
AMA-O5575,AMA-C3326,01-Dec-2023,Apparel,2,$41.79,Shipped,Gift Card
AMA-O12769,AMA-C9999,2024-03-30,Electronics,5,242.82,Shipped,Debit Card
AMA-O5384,AMA-C9999,06/23/2024,Grocery,1,42.53,Shipped,Amazon Pay
AMA-O9917,AMA-C5912,2023-01-27,Apparel,5,93.11,Delivered,Debit Card
AMA-O14348,AMA-C7858,09/19/2023,Toys,3,$24.25,Cancelled,Credit Card
AMA-O14505,AMA-C5279,09/13/2023,Sports & Outdoors,4,198.62,Returned,Debit Card
AMA-O5649,AMA-C9977,09/02/2024,Apparel,1,30.39,Delivered,UPI
AMA-O8256,AMA-C9987,2023-03-18,Grocery,1,26.09,Delivered,Credit Card
AMA-O11391,AMA-C2463,06/26/2024,Beauty,1,9.84,Delivered,Credit Card
AMA-O5671,AMA-C3555,13-Nov-2025,Books,4,39.72,Delivered,Gift Card
AMA-O5407,AMA-C2330,08/15/2023,Toys,5,48.0,Pending,Debit Card
AMA-O7716,AMA-C2628,2025-08-12,Electronics,3,$218.56,Delivered,Debit Card
AMA-O7482,AMA-C8852,10-Jul-2023,Home & Kitchen,1,$287.21,Returned,Credit Card
AMA-O6074,AMA-C6541,10/28/2023,Electronics,4,338.75,Delivered,Debit Card
AMA-O10694,AMA-C6472,20-Aug-2025,Electronics,3,623.21,Returned,UPI
AMA-O7792,AMA-C6740,12-Nov-2025,Grocery,3,34.89,Delivered,Gift Card
AMA-O11436,AMA-C8836,11-Jan-2024,Beauty,4,53.89,Returned,UPI
AMA-O8731,AMA-C5138,10/17/2025,Books,3,$32.89,Cancelled,Credit Card
AMA-O9679,AMA-C10716,12-Apr-2025,Sports & Outdoors,3,141.38,Delivered,Debit Card
AMA-O5566,AMA-C1784,03/27/2024,Grocery,1,58.76,Pending,Credit Card
AMA-O9217,AMA-C8255,31-Dec-2025,Beauty,-4,16.82,Delivered,Gift Card
AMA-O11620,AMA-C10660,06/19/2024,Beauty,2,30.16,Pending,UPI
AMA-O14616,AMA-C6687,2024-08-23,Beauty,1,18.01,Returned,Amazon Pay
AMA-O14868,AMA-C4234,04/02/2025,Electronics,2,$503.35,Pending,UPI
AMA-O9312,AMA-C4118,2023-12-30,Grocery,4,38.56,Delivered,Credit Card
AMA-O5047,AMA-C7812,01/12/2023,Books,5,20.55,Delivered,UPI
AMA-O12154,AMA-C4639,09/11/2023,Electronics,5,626.48,Delivered,Gift Card
AMA-O10569,AMA-C2038,2025-11-05,Home & Kitchen,4,269.19,Delivered,Credit Card
AMA-O13864,AMA-C10244,2025-11-24,Beauty,1,65.02,Pending,Debit Card
AMA-O9945,AMA-C8064,03/20/2025,Home & Kitchen,4,$114.12,Delivered,Debit Card
AMA-O7499,AMA-C10727,05/26/2024,Books,3,18.52,Returned,Credit Card
AMA-O11908,AMA-C10606,09/07/2023,Beauty,5,$14.45,Pending,Debit Card
AMA-O9139,AMA-C10116,2025-07-12,Apparel,1,$42.22,Delivered,Debit Card
AMA-O6267,AMA-C5226,2024-10-18,Books,4,10.87,Delivered,Debit Card
AMA-O13219,AMA-C6229,2025-09-15,Electronics,3,$691.24,Pending,Gift Card
AMA-O11955,AMA-C8914,03/10/2025,Apparel,3,29.3,Pending,Credit Card
AMA-O5179,AMA-C8281,2025-02-22,Home & Kitchen,1,285.32,Pending,Debit Card
AMA-O7188,AMA-C9499,12/01/2023,Apparel,3,$65.67,Delivered,Credit Card
AMA-O12689,AMA-C6890,10-Nov-2023,Books,5,24.62,Cancelled,UPI
AMA-O13860,AMA-C1584,2023-10-14,Apparel,3,40.49,Cancelled,Gift Card
AMA-O14647,AMA-C1420,16-Apr-2025,Toys,2,16.19,Cancelled,UPI
AMA-O12219,AMA-C8568,01/23/2023,Beauty,1,52.45,Cancelled,Gift Card
AMA-O8224,AMA-C3436,2024-08-28,Sports & Outdoors,5,54.31,Cancelled,Gift Card
AMA-O11355,AMA-C2500,08/31/2024,Beauty,4,88.75,Pending,UPI
AMA-O13390,AMA-C1103,10-Feb-2025,Beauty,2,7.41,Delivered,Debit Card
AMA-O5277,AMA-C7352,01/11/2024,Books,1,28.49,Delivered,Amazon Pay
AMA-O5740,AMA-C5669,2025-04-24,Home & Kitchen,5,136.78,Delivered,Gift Card
AMA-O7311,AMA-C2340,05-Sep-2024,Home & Kitchen,2,252.24,Delivered,Amazon Pay
AMA-O5302,AMA-C4905,07/25/2025,Books,5,19.99,Returned,UPI
AMA-O12504,AMA-C5148,02/02/2025,Books,2,33.6,Delivered,Gift Card
AMA-O11111,AMA-C2550,2024-01-11,Electronics,2,797.88,Delivered,Credit Card
AMA-O5180,AMA-C9600,2023-10-11,Home & Kitchen,2,$60.34,Returned,UPI
AMA-O7918,AMA-C3257,2023-12-11,Apparel,5,45.01,Pending,UPI
AMA-O8628,AMA-C4499,2025-08-22,Home & Kitchen,1,$292.31,Delivered,Debit Card
AMA-O5540,AMA-C4352,2024-07-20,Electronics,1,$276.24,Cancelled,Debit Card
AMA-O5033,AMA-C6081,06/16/2023,Toys,3,88.32,Delivered,Credit Card
AMA-O6626,AMA-C6939,05-Apr-2023,Electronics,5,311.67,Returned,Gift Card
AMA-O13310,AMA-C7762,05/25/2025,Home & Kitchen,5,80.01,Delivered,Amazon Pay
AMA-O6046,AMA-C4236,01/01/2024,Sports & Outdoors,2,199.7,Delivered,Gift Card
AMA-O7747,AMA-C10555,2023-06-08,Apparel,1,117.87,Delivered,Gift Card
AMA-O9849,AMA-C4517,24-Oct-2024,Toys,4,13.53,Pending,Debit Card
AMA-O11843,AMA-C8788,2024-01-17,Grocery,3,50.27,Delivered,Debit Card
AMA-O6340,AMA-C9699,2025-06-24,Beauty,5,27.44,Delivered,Debit Card
AMA-O7039,AMA-C4105,2025-07-06,Sports & Outdoors,4,116.18,Returned,Amazon Pay
AMA-O13262,AMA-C3923,06-Oct-2025,Grocery,4,52.08,Delivered,Amazon Pay
AMA-O12786,AMA-C7915,12-Jun-2025,Electronics,5,419.38,Cancelled,Gift Card
AMA-O12610,AMA-C5411,30-Dec-2025,Apparel,4,27.94,Delivered,Gift Card
AMA-O9594,AMA-C4739,11/28/2023,Grocery,4,12.7,Delivered,Gift Card
AMA-O6874,AMA-C2201,07/31/2025,Toys,1,35.1,Pending,Debit Card
AMA-O7436,AMA-C8074,2023-08-10,Sports & Outdoors,5,229.98,Delivered,UPI
AMA-O8272,AMA-C3466,10-Oct-2023,Toys,1,57.79,Delivered,Debit Card
AMA-O11500,AMA-C6939,10/19/2024,Sports & Outdoors,3,233.39,Delivered,Gift Card
AMA-O8847,AMA-C5251,10/17/2025,Apparel,3,$39.80,Delivered,Amazon Pay
AMA-O9206,AMA-C5007,2025-12-13,Books,2,25.3,Cancelled,Credit Card
AMA-O9028,AMA-C9458,01-Nov-2025,Electronics,4,356.17,Shipped,UPI
AMA-O8309,AMA-C2527,2024-11-16,Grocery,5,$7.09,Returned,Credit Card
AMA-O10193,AMA-C5726,02/23/2025,Apparel,3,93.81,Delivered,Credit Card
AMA-O9642,AMA-C4646,06-Aug-2024,Home & Kitchen,4,$222.32,,Debit Card
AMA-O9511,AMA-C6832,06/18/2025,Sports & Outdoors,1,14.24,Delivered,Credit Card
AMA-O12401,AMA-C5203,09/11/2024,Apparel,4,$82.49,Pending,Credit Card
AMA-O12497,AMA-C3943,06/09/2023,Apparel,1,$38.24,Shipped,UPI
AMA-O10871,AMA-C10593,2023-03-12,Beauty,1,17.77,Delivered,Credit Card
AMA-O11286,AMA-C10639,25-Jan-2024,Electronics,4,141.01,Pending,Amazon Pay
AMA-O13625,AMA-C5704,2025-04-04,Sports & Outdoors,3,185.33,Delivered,Credit Card
AMA-O5843,AMA-C1285,07-Mar-2024,Electronics,3,681.96,Cancelled,Amazon Pay
AMA-O10695,AMA-C9823,03/29/2025,Sports & Outdoors,1,153.01,Delivered,UPI
AMA-O9816,AMA-C10126,05/18/2023,Apparel,2,70.5,Delivered,Gift Card
AMA-O14671,AMA-C7411,25-Mar-2023,Toys,5,90.0,Delivered,Gift Card
AMA-O8124,AMA-C8767,12/21/2024,Home & Kitchen,1,113.72,Shipped,Gift Card
AMA-O8099,AMA-C3526,2023-10-06,Electronics,2,$792.74,Delivered,Gift Card
AMA-O10741,AMA-C2794,07/29/2023,Apparel,2,85.87,Delivered,Credit Card
AMA-O11034,AMA-C8028,12-Feb-2025,Electronics,2,393.09,Delivered,UPI
AMA-O7185,AMA-C7844,06/27/2024,Beauty,4,$42.35,Returned,Debit Card
AMA-O7033,AMA-C1921,08/20/2025,Grocery,3,26.0,Returned,Amazon Pay
AMA-O14728,AMA-C8751,11-Jun-2023,Apparel,4,10.84,Returned,Amazon Pay
AMA-O10683,AMA-C10644,2023-08-15,Apparel,2,68.74,Delivered,UPI
AMA-O5115,AMA-C6990,2024-06-24,Beauty,5,77.2,Cancelled,Debit Card
AMA-O8875,AMA-C4761,2024-08-17,Grocery,4,16.74,Shipped,Credit Card
AMA-O8981,AMA-C4013,14-Nov-2025,Sports & Outdoors,5,35.11,Shipped,Credit Card
AMA-O9588,AMA-C8896,2024-01-13,Home & Kitchen,1,93.34,Cancelled,Amazon Pay
AMA-O10840,AMA-C6091,06/01/2025,Beauty,4,58.12,Returned,Gift Card
AMA-O9659,AMA-C8910,02/08/2025,Books,3,17.64,Shipped,Gift Card
AMA-O12118,AMA-C3265,09/01/2025,Home & Kitchen,2,143.41,Shipped,Credit Card
AMA-O8287,AMA-C7844,02-May-2024,Books,4,21.31,Cancelled,Amazon Pay
AMA-O7488,AMA-C4710,04/18/2025,Grocery,2,$49.42,Pending,UPI
AMA-O7281,AMA-C6496,2024-09-07,Apparel,5,31.98,Returned,Gift Card
AMA-O11579,AMA-C1026,04/11/2025,Toys,1,6.47,Delivered,Amazon Pay
AMA-O14762,AMA-C1389,11-Apr-2025,Toys,5,$95.36,Returned,Amazon Pay
AMA-O14669,AMA-C4741,2023-01-09,Books,3,22.56,Delivered,Amazon Pay
AMA-O10160,AMA-C1986,24-Jun-2025,Apparel,2,$61.59,Cancelled,Gift Card
AMA-O7692,AMA-C10024,2025-01-13,Toys,1,12.77,Delivered,Gift Card
AMA-O14163,AMA-C4077,2025-10-21,Books,4,39.93,Delivered,Amazon Pay
AMA-O13526,AMA-C5459,03/27/2023,Sports & Outdoors,3,63.6,Returned,Amazon Pay
AMA-O10994,AMA-C9716,20-Nov-2023,Apparel,4,54.44,Delivered,Credit Card
AMA-O13692,AMA-C4163,08/27/2023,Home & Kitchen,2,$174.44,Pending,UPI
AMA-O6469,AMA-C1823,12/13/2023,Electronics,4,155.05,Delivered,UPI
AMA-O7402,AMA-C10032,08/20/2025,Electronics,2,525.24,Delivered,Credit Card
AMA-O9457,AMA-C3740,01/11/2025,Electronics,5,384.79,Returned,Amazon Pay
AMA-O9073,AMA-C10529,09/11/2025,Beauty,5,68.16,Pending,Debit Card
AMA-O5914,AMA-C9280,02/07/2023,Electronics,5,435.05,Pending,UPI
AMA-O14665,AMA-C1742,12/18/2024,Books,1,12.66,Cancelled,Credit Card
AMA-O12230,AMA-C3574,06/11/2025,Electronics,2,415.74,Delivered,Credit Card
AMA-O5738,AMA-C7171,2023-05-22,Apparel,2,$42.26,Delivered,UPI
AMA-O12048,AMA-C1148,14-Apr-2025,Apparel,1,95.27,Cancelled,UPI
AMA-O11392,AMA-C10180,2023-02-18,Sports & Outdoors,1,133.94,Delivered,Gift Card
AMA-O5750,AMA-C4045,02/11/2024,Electronics,4,$370.54,Delivered,Credit Card
AMA-O8360,AMA-C6771,09-Nov-2024,Toys,2,54.82,Pending,UPI
AMA-O10975,AMA-C10192,2023-05-14,Grocery,2,42.87,Delivered,UPI
AMA-O8292,AMA-C2510,08-Dec-2024,Books,5,35.83,Shipped,Gift Card
AMA-O13508,AMA-C2397,28-Jan-2024,Beauty,2,87.22,Delivered,Debit Card
AMA-O11645,AMA-C1514,2025-09-25,Books,5,6.62,Delivered,Credit Card
AMA-O13389,AMA-C6253,2023-01-23,Sports & Outdoors,3,108.48,Delivered,Gift Card
AMA-O13668,AMA-C10813,18-Jul-2023,Beauty,1,49.44,Cancelled,Gift Card
AMA-O8025,AMA-C5500,09/14/2024,Electronics,5,136.02,Shipped,UPI
AMA-O6589,AMA-C3553,27-Feb-2025,Toys,3,83.11,Delivered,UPI
AMA-O8869,AMA-C7240,02/07/2023,Apparel,4,41.14,Delivered,Credit Card
AMA-O6413,AMA-C6681,07/22/2023,Grocery,4,28.77,Delivered,Debit Card
AMA-O7797,AMA-C4813,02/18/2023,Books,4,$14.44,Cancelled,Debit Card
AMA-O13169,AMA-C1134,01/24/2023,Grocery,4,39.74,Delivered,Debit Card
AMA-O6211,AMA-C6246,2023-12-21,Electronics,2,30.14,Delivered,UPI
AMA-O13939,AMA-C5667,2024-04-06,Sports & Outdoors,4,$57.28,Returned,Debit Card
AMA-O10791,AMA-C1190,09-Nov-2023,Apparel,2,36.61,Pending,Credit Card
AMA-O11844,AMA-C2427,11/23/2025,Apparel,5,16.57,Pending,Debit Card
AMA-O5197,AMA-C3974,11/27/2023,Apparel,3,83.28,,Debit Card
AMA-O14778,AMA-C2195,01/01/2023,Apparel,3,53.05,Returned,Gift Card
AMA-O12091,AMA-C5327,08-Apr-2023,Beauty,2,6.52,,Amazon Pay
AMA-O9894,AMA-C8328,2024-05-25,Electronics,5,752.21,Returned,Gift Card
AMA-O6233,AMA-C1624,2023-05-05,Electronics,4,247.72,Pending,Gift Card
AMA-O8341,AMA-C7273,2023-09-19,Apparel,1,23.96,Pending,UPI
AMA-O13493,AMA-C10507,2025-05-18,Toys,4,64.08,Shipped,UPI
AMA-O14205,AMA-C9255,10/31/2023,Toys,4,35.59,Delivered,Debit Card
AMA-O7003,AMA-C10110,06/02/2023,Grocery,1,38.49,Pending,Amazon Pay
AMA-O14957,AMA-C7156,07-Jul-2023,Sports & Outdoors,2,$123.45,Delivered,Credit Card
AMA-O11771,AMA-C4293,2024-02-22,Electronics,5,142.72,,Amazon Pay
AMA-O5215,AMA-C5113,2024-02-11,Apparel,5,109.55,Delivered,Gift Card
AMA-O14126,AMA-C7367,16-Jun-2023,Home & Kitchen,3,171.77,Delivered,Gift Card
AMA-O5807,AMA-C6793,05-Feb-2025,Toys,3,70.94,Delivered,Debit Card
AMA-O12280,AMA-C7423,09/29/2023,Sports & Outdoors,2,$145.13,Delivered,UPI
AMA-O11104,AMA-C5211,2023-06-14,Toys,4,37.96,Cancelled,Amazon Pay
AMA-O12788,AMA-C3397,16-Oct-2025,Home & Kitchen,1,101.73,Delivered,Gift Card
AMA-O11716,AMA-C10284,07/01/2023,Apparel,5,89.29,Shipped,Debit Card
AMA-O11734,AMA-C6153,19-Nov-2024,Electronics,1,678.85,Pending,Gift Card
AMA-O10485,AMA-C7123,20-Feb-2025,Sports & Outdoors,4,122.8,Delivered,Gift Card
AMA-O11548,AMA-C8075,05-Oct-2025,Beauty,5,85.73,Delivered,UPI
AMA-O6368,AMA-C10264,2024-01-19,Toys,1,91.09,Cancelled,UPI
AMA-O11785,AMA-C9941,2024-02-11,Toys,1,6.05,Delivered,Amazon Pay
AMA-O5271,AMA-C3678,08/15/2025,Sports & Outdoors,5,182.78,Pending,Credit Card
AMA-O10341,AMA-C1681,10/22/2025,Beauty,1,26.18,Delivered,UPI
AMA-O9589,AMA-C7520,17-Dec-2024,Apparel,1,103.4,Delivered,UPI
AMA-O6422,AMA-C7263,2024-07-18,Apparel,1,91.24,Delivered,Amazon Pay
AMA-O6307,AMA-C4493,11/09/2023,Electronics,2,237.64,Delivered,Debit Card
AMA-O14019,AMA-C4057,2025-11-08,Books,3,$36.68,Shipped,Credit Card
AMA-O9508,AMA-C8012,08/26/2023,Grocery,5,$23.20,Pending,Gift Card
AMA-O6774,AMA-C6441,2025-07-01,Electronics,2,$342.61,Returned,Gift Card
AMA-O10566,AMA-C7355,06/11/2023,Grocery,3,37.37,Shipped,UPI
AMA-O5055,AMA-C3560,03/07/2025,Grocery,1,27.83,Cancelled,Debit Card
AMA-O8781,AMA-C9013,24-Oct-2024,Home & Kitchen,2,118.36,Delivered,Credit Card
AMA-O11182,AMA-C4792,08/15/2024,Electronics,5,$516.85,Pending,UPI
AMA-O13890,AMA-C6754,05-Apr-2024,Apparel,2,86.99,Returned,Debit Card
AMA-O11801,AMA-C2798,19-Dec-2024,Beauty,3,72.94,Delivered,Debit Card
AMA-O5199,AMA-C7457,04/13/2025,Sports & Outdoors,2,209.07,Returned,UPI
AMA-O8382,AMA-C7323,24-Apr-2025,Apparel,5,65.45,Delivered,Amazon Pay
AMA-O5123,AMA-C6747,25-Dec-2024,Grocery,2,53.29,Delivered,UPI
AMA-O10846,AMA-C3830,09/27/2024,Beauty,4,22.22,Delivered,Debit Card
AMA-O6928,AMA-C6398,2024-07-11,Beauty,4,30.13,Pending,Amazon Pay
AMA-O6020,AMA-C5795,13-Dec-2024,Electronics,3,727.28,Delivered,Amazon Pay
AMA-O9079,AMA-C4095,12-Dec-2025,Home & Kitchen,5,92.62,Shipped,Gift Card
AMA-O9822,AMA-C3127,2025-12-08,Sports & Outdoors,4,$105.37,Delivered,Debit Card
AMA-O14787,AMA-C6056,05/21/2023,Sports & Outdoors,2,208.83,Shipped,Credit Card
AMA-O12265,AMA-C5813,30-Aug-2025,Grocery,1,57.99,Cancelled,Amazon Pay
AMA-O12619,AMA-C7449,12/13/2023,Home & Kitchen,5,$231.48,Delivered,Amazon Pay
AMA-O8616,AMA-C1031,07/05/2025,Sports & Outdoors,3,168.36,Shipped,Amazon Pay
AMA-O11245,AMA-C3607,2023-09-24,Grocery,3,2.15,Pending,UPI
AMA-O7910,AMA-C7122,2025-10-12,Books,4,14.46,Delivered,UPI
AMA-O14120,AMA-C9947,2023-08-21,Toys,3,$63.98,Delivered,Amazon Pay
AMA-O6648,AMA-C10432,12/16/2023,Grocery,2,8.92,Cancelled,Amazon Pay
AMA-O9663,AMA-C6419,2023-06-30,Sports & Outdoors,5,157.31,Shipped,Debit Card
AMA-O8891,AMA-C2820,04-Dec-2023,Electronics,2,282.8,Delivered,Gift Card
AMA-O11975,AMA-C3178,2025-12-21,Sports & Outdoors,2,178.6,Cancelled,Credit Card
AMA-O13966,AMA-C6094,07/26/2025,Apparel,5,108.0,Delivered,UPI
AMA-O9830,AMA-C1607,20-Jul-2024,Apparel,1,76.33,Shipped,Credit Card
AMA-O5379,AMA-C3392,2023-10-19,Home & Kitchen,5,120.95,Cancelled,Amazon Pay
AMA-O10560,AMA-C10401,05/12/2025,Apparel,3,100.74,Shipped,Gift Card
AMA-O8880,AMA-C7547,01/08/2024,Books,1,30.56,Delivered,Credit Card
AMA-O14440,AMA-C4080,2023-08-18,Books,3,23.41,Returned,Gift Card
AMA-O9866,AMA-C4018,16-Feb-2024,Beauty,3,17.76,Cancelled,Gift Card
AMA-O12614,AMA-C4156,2025-03-24,Grocery,4,58.11,Returned,UPI
AMA-O5838,AMA-C1652,10-Aug-2024,Sports & Outdoors,5,68.76,Pending,UPI
AMA-O6158,AMA-C9999,2024-12-05,Books,2,39.68,Delivered,Debit Card
AMA-O5431,AMA-C1639,12/05/2025,Grocery,1,6.99,Shipped,Credit Card
AMA-O11965,AMA-C9999,01/01/2025,Home & Kitchen,3,197.52,Pending,Amazon Pay
AMA-O8705,AMA-C4232,2024-04-15,Grocery,1,6.29,Pending,Debit Card
AMA-O8116,AMA-C10431,25-Jul-2024,Sports & Outdoors,1,$54.37,Delivered,UPI
AMA-O5272,AMA-C7260,13-Mar-2024,Home & Kitchen,3,$23.01,Pending,Debit Card
AMA-O5051,AMA-C8978,2023-06-02,Electronics,1,274.38,Delivered,Gift Card
AMA-O8358,AMA-C6401,2024-02-24,Home & Kitchen,4,156.28,Returned,Gift Card
AMA-O13150,AMA-C4267,2023-06-09,Books,1,$28.04,Delivered,Gift Card
AMA-O6492,AMA-C8528,12-Feb-2025,Grocery,3,50.97,Delivered,UPI
AMA-O9623,AMA-C4123,03-Dec-2025,Electronics,5,$409.26,Delivered,Gift Card
AMA-O8578,AMA-C6489,05/21/2023,Electronics,4,489.73,Pending,UPI
AMA-O11686,AMA-C2303,10-Apr-2025,Grocery,4,$55.01,Delivered,Amazon Pay
AMA-O12181,AMA-C3865,01/03/2024,Beauty,1,39.28,Delivered,Gift Card
AMA-O13741,AMA-C4429,2024-05-19,Beauty,5,$88.15,Delivered,UPI
AMA-O6927,AMA-C7015,2023-09-13,Beauty,2,45.15,Delivered,UPI
AMA-O13207,AMA-C8411,01/26/2025,Beauty,1,20.39,Pending,Debit Card
AMA-O13298,AMA-C10281,2025-01-29,Grocery,3,23.24,Shipped,Credit Card
AMA-O5406,AMA-C10148,07/27/2025,Books,4,9.53,Delivered,Debit Card
AMA-O7430,AMA-C9112,08/03/2024,Beauty,5,57.93,Delivered,Credit Card
AMA-O13580,AMA-C9987,2023-01-24,Beauty,1,43.72,Delivered,Gift Card
AMA-O5555,AMA-C3396,20-Oct-2024,Books,1,5.18,Delivered,Debit Card
AMA-O14286,AMA-C7176,2025-08-18,Apparel,3,64.57,Pending,Amazon Pay
AMA-O11150,AMA-C1053,2025-09-29,Grocery,5,9.04,Delivered,Gift Card
AMA-O14804,AMA-C2067,2023-11-28,Electronics,5,$324.80,Shipped,Gift Card
AMA-O6349,AMA-C4157,11/08/2024,Apparel,4,47.89,Delivered,Credit Card
AMA-O8787,AMA-C5334,12/26/2024,Grocery,3,28.26,Delivered,Debit Card
AMA-O12403,AMA-C9349,2024-06-25,Home & Kitchen,4,197.18,,Credit Card
AMA-O10507,AMA-C7209,02/25/2024,Apparel,3,$17.85,Shipped,Credit Card
AMA-O13255,AMA-C4549,09/17/2023,Home & Kitchen,3,137.82,Pending,Credit Card
AMA-O7754,AMA-C8504,27-Jul-2023,Books,2,9.16,Pending,Credit Card
AMA-O10548,AMA-C6379,05/10/2023,Toys,2,$88.29,Delivered,UPI
AMA-O5873,AMA-C8951,28-Mar-2023,Beauty,3,$17.97,Returned,Debit Card
AMA-O8283,AMA-C8382,2023-12-11,Books,3,16.43,,Credit Card
AMA-O12334,AMA-C10727,21-Jun-2023,Apparel,5,91.92,Delivered,UPI
AMA-O13286,AMA-C10858,10-Nov-2024,Sports & Outdoors,1,$158.56,Delivered,Credit Card
AMA-O6154,AMA-C1733,27-Jan-2025,Books,1,$6.25,Pending,Amazon Pay
AMA-O6078,AMA-C9770,07-Dec-2025,Home & Kitchen,1,$31.75,Delivered,Debit Card
AMA-O9561,AMA-C9999,2025-07-08,Toys,4,42.44,Pending,Debit Card
AMA-O5804,AMA-C10084,08/19/2025,Home & Kitchen,4,98.96,Pending,Debit Card
AMA-O11155,AMA-C4205,01-May-2025,Home & Kitchen,2,$140.28,Returned,UPI
AMA-O10020,AMA-C3070,2023-06-10,Sports & Outdoors,4,155.49,Cancelled,Amazon Pay
AMA-O11834,AMA-C3451,2025-06-27,Books,4,$28.73,Delivered,UPI
AMA-O13394,AMA-C4674,04/19/2023,Home & Kitchen,1,65.88,Delivered,Amazon Pay
AMA-O14085,AMA-C7308,29-May-2025,Apparel,2,16.31,Returned,UPI
AMA-O14766,AMA-C6018,2023-07-22,Grocery,5,19.56,Cancelled,Gift Card
AMA-O7592,AMA-C6632,10/07/2025,Beauty,4,65.94,Cancelled,UPI
AMA-O7552,AMA-C5246,2024-03-05,Toys,2,56.23,Cancelled,Debit Card
AMA-O10582,AMA-C4820,05/03/2025,Sports & Outdoors,1,101.56,Delivered,Debit Card
AMA-O12383,AMA-C8657,18-Apr-2023,Toys,2,11.09,Returned,Amazon Pay
AMA-O12241,AMA-C8251,16-Sep-2024,Electronics,4,601.56,Returned,Credit Card
AMA-O11705,AMA-C9907,03-Apr-2024,Home & Kitchen,3,57.99,Returned,Credit Card
AMA-O8026,AMA-C10124,02/19/2025,Beauty,3,84.99,Delivered,Credit Card
AMA-O5851,AMA-C1989,2024-03-07,Home & Kitchen,2,224.32,,Credit Card
AMA-O6497,AMA-C8350,2023-02-13,Books,2,14.31,Cancelled,Credit Card
AMA-O6540,AMA-C8146,09/22/2025,Electronics,1,$383.06,,Debit Card
AMA-O14112,AMA-C3180,04/19/2024,Electronics,3,114.26,Delivered,Gift Card
AMA-O8668,AMA-C9453,11/28/2023,Electronics,3,339.74,Delivered,Debit Card
AMA-O13054,AMA-C5213,2023-09-23,Sports & Outdoors,1,225.35,Returned,Gift Card
AMA-O9365,AMA-C5265,06/11/2024,Books,1,12.23,Delivered,Credit Card
AMA-O11811,AMA-C9901,01/13/2023,Electronics,2,218.2,Pending,Amazon Pay
AMA-O8941,AMA-C4879,01/25/2024,Beauty,3,33.01,Delivered,Credit Card
AMA-O10617,AMA-C6917,2025-01-12,Toys,5,$91.31,Pending,Debit Card
AMA-O12276,AMA-C7920,04/11/2025,Sports & Outdoors,3,104.03,Cancelled,Debit Card
AMA-O6163,AMA-C2352,10-Aug-2023,Apparel,1,79.2,Delivered,Credit Card
AMA-O5997,AMA-C3599,04/26/2025,Home & Kitchen,-3,119.59,,Amazon Pay
AMA-O12162,AMA-C6002,16-Dec-2025,Beauty,1,13.68,Cancelled,Credit Card
AMA-O5532,AMA-C9999,29-Apr-2023,Toys,2,$25.44,Returned,Credit Card
AMA-O10503,AMA-C6095,08/06/2025,Apparel,4,41.34,Returned,Credit Card
AMA-O5710,AMA-C1606,2024-12-18,Grocery,1,$16.27,Delivered,Amazon Pay
AMA-O10243,AMA-C6325,02/23/2025,Beauty,4,$79.72,Delivered,UPI
AMA-O11377,AMA-C7059,2025-06-25,Toys,2,27.36,Delivered,UPI
AMA-O11907,AMA-C3210,11/23/2025,Apparel,1,$13.04,Pending,Debit Card
AMA-O9258,AMA-C10687,10/02/2025,Beauty,2,71.91,Delivered,Amazon Pay
AMA-O14826,AMA-C3168,2025-04-04,Books,2,38.67,Delivered,Amazon Pay
AMA-O8525,AMA-C10689,02/18/2024,Beauty,1,55.75,Pending,Debit Card
AMA-O9154,AMA-C3783,2025-05-10,Beauty,5,55.86,Returned,Amazon Pay
AMA-O11679,AMA-C3432,08/07/2025,Books,4,34.58,Shipped,Debit Card
AMA-O14155,AMA-C9999,2025-11-02,Electronics,4,75.29,Delivered,Amazon Pay
AMA-O8722,AMA-C3197,2025-04-21,Electronics,2,$47.06,Pending,Credit Card
AMA-O10155,AMA-C9173,2025-08-17,Books,5,5.54,Returned,Gift Card
AMA-O14508,AMA-C5031,06/27/2025,Beauty,1,59.11,Delivered,Amazon Pay
AMA-O6555,AMA-C3924,10/27/2023,Apparel,2,48.9,Delivered,Debit Card
AMA-O8467,AMA-C1944,01/01/2023,Grocery,5,14.39,Delivered,Debit Card
AMA-O10754,AMA-C6030,01/27/2024,Electronics,2,$628.43,,UPI
AMA-O10529,AMA-C1592,06-Dec-2024,Apparel,5,47.48,Pending,Debit Card
AMA-O13519,AMA-C5192,2024-07-31,Sports & Outdoors,3,242.48,Delivered,Gift Card
AMA-O5327,AMA-C4870,05/13/2025,Sports & Outdoors,4,208.33,Delivered,Credit Card
AMA-O6775,AMA-C5313,11/07/2023,Grocery,4,14.84,Delivered,Amazon Pay
AMA-O6490,AMA-C7689,09/12/2023,Sports & Outdoors,2,132.41,Delivered,Credit Card
AMA-O10385,AMA-C7362,26-Sep-2025,Books,4,7.46,Shipped,Credit Card
AMA-O12158,AMA-C7827,08/24/2024,Toys,2,$73.80,Delivered,Credit Card
AMA-O6932,AMA-C10760,18-Aug-2024,Grocery,2,46.52,Delivered,UPI
AMA-O7131,AMA-C8018,23-Oct-2025,Toys,1,12.56,Pending,UPI
AMA-O14004,AMA-C9675,12/03/2025,Home & Kitchen,3,108.3,Delivered,Credit Card
AMA-O12272,AMA-C8804,2024-06-29,Apparel,3,113.59,Delivered,Debit Card
AMA-O11937,AMA-C9782,09-Sep-2023,Apparel,4,58.7,Delivered,Debit Card
AMA-O11692,AMA-C9534,23-Jul-2025,Books,1,$29.33,Delivered,UPI
AMA-O9644,AMA-C5387,06-Nov-2025,Electronics,5,726.75,Pending,Gift Card
AMA-O12310,AMA-C7012,10/17/2025,Electronics,2,733.54,Returned,UPI
AMA-O12159,AMA-C3276,2023-07-19,Toys,4,$48.38,Delivered,Amazon Pay
AMA-O7702,AMA-C4393,2025-03-28,Grocery,5,19.34,Delivered,Gift Card
AMA-O6517,AMA-C5808,12/24/2023,Sports & Outdoors,4,$176.67,Delivered,Amazon Pay
AMA-O5920,AMA-C4375,2025-10-02,Sports & Outdoors,4,$210.05,Returned,Debit Card
AMA-O10865,AMA-C2475,16-May-2024,Grocery,1,9.76,Returned,Debit Card
AMA-O5542,AMA-C6670,03/04/2023,Home & Kitchen,5,11.74,Shipped,UPI
AMA-O13638,AMA-C8148,20-Jul-2024,Sports & Outdoors,4,$189.69,Delivered,UPI
AMA-O5288,AMA-C6325,10/12/2025,Toys,5,73.34,Cancelled,UPI
AMA-O13182,AMA-C2362,21-Sep-2023,Grocery,2,10.2,Shipped,UPI
AMA-O14941,AMA-C6632,23-Nov-2023,Toys,-5,80.44,Cancelled,Credit Card
AMA-O13126,AMA-C10000,07/01/2025,Grocery,2,8.14,Returned,UPI
AMA-O5140,AMA-C8037,2025-12-11,Electronics,3,558.63,Delivered,Credit Card
AMA-O14015,AMA-C5389,01/17/2025,Grocery,4,7.84,Delivered,Credit Card
AMA-O9151,AMA-C8495,10-Apr-2024,Beauty,4,80.04,Cancelled,Gift Card
AMA-O9105,AMA-C6576,2024-05-13,Beauty,1,21.49,Delivered,Gift Card
AMA-O12498,AMA-C6337,09-Jan-2024,Grocery,2,12.72,Cancelled,Gift Card
AMA-O9672,AMA-C1446,05/12/2025,Beauty,2,71.86,Delivered,Credit Card
AMA-O13418,AMA-C8810,07/28/2024,Sports & Outdoors,1,13.39,Delivered,Gift Card
AMA-O13795,AMA-C1176,2025-10-16,Books,3,7.12,,Amazon Pay
AMA-O6068,AMA-C3423,05/24/2023,Home & Kitchen,3,67.1,Delivered,UPI
AMA-O13010,AMA-C7433,2024-12-10,Sports & Outdoors,3,84.24,Cancelled,Amazon Pay
AMA-O9084,AMA-C3024,04/29/2023,Toys,5,38.36,Shipped,Gift Card
AMA-O7502,AMA-C7160,06-Dec-2023,Grocery,5,53.22,Delivered,UPI
AMA-O12450,AMA-C8621,2023-10-25,Home & Kitchen,4,29.48,Delivered,Amazon Pay
AMA-O11289,AMA-C2630,2023-01-07,Grocery,4,5.93,Pending,Gift Card
AMA-O14938,AMA-C3377,04/23/2024,Sports & Outdoors,3,177.51,Shipped,UPI
AMA-O10689,AMA-C1108,08/16/2025,Electronics,4,522.26,Shipped,Gift Card
AMA-O10697,AMA-C9022,02/20/2025,Toys,3,65.4,Pending,Debit Card
AMA-O10358,AMA-C5907,12/15/2025,Books,2,$37.26,Returned,UPI
AMA-O12800,AMA-C7278,01-May-2024,Toys,1,$97.17,Returned,Debit Card
AMA-O5647,AMA-C2894,2025-09-01,Apparel,1,70.49,Cancelled,Credit Card
AMA-O5101,AMA-C9735,04-Mar-2025,Apparel,5,$103.93,Cancelled,Debit Card
AMA-O7211,AMA-C3965,2024-07-11,Beauty,4,46.41,Delivered,Debit Card
AMA-O14081,AMA-C6023,05-Sep-2025,Sports & Outdoors,1,100.73,Delivered,Amazon Pay
AMA-O10144,AMA-C1349,03/02/2025,Books,2,$14.21,Returned,Credit Card
AMA-O9036,AMA-C9267,16-Jul-2024,Home & Kitchen,2,63.32,Pending,Credit Card
AMA-O8966,AMA-C6767,12/22/2023,Sports & Outdoors,5,139.17,Delivered,Gift Card
AMA-O6247,AMA-C7318,03/18/2024,Grocery,4,$28.58,Shipped,Amazon Pay
AMA-O11598,AMA-C9089,25-Aug-2025,Apparel,4,80.9,Pending,Amazon Pay
AMA-O6507,AMA-C9342,2025-01-28,Beauty,3,$49.86,Pending,Debit Card
AMA-O12648,AMA-C1171,2023-04-14,Apparel,4,$72.10,Delivered,Gift Card
AMA-O8636,AMA-C4101,2024-03-17,Toys,4,72.62,Cancelled,Gift Card
AMA-O14214,AMA-C2548,2023-01-21,Electronics,1,367.04,Pending,Debit Card
AMA-O8115,AMA-C8533,24-Oct-2024,Electronics,2,134.53,Cancelled,UPI
AMA-O10550,AMA-C4887,11/05/2023,Electronics,5,787.02,Delivered,Credit Card
AMA-O9243,AMA-C8502,2023-05-10,Beauty,4,$61.23,Cancelled,Gift Card
AMA-O13130,AMA-C7496,06/16/2025,Sports & Outdoors,2,107.8,Delivered,Gift Card
AMA-O12248,AMA-C1924,2023-07-27,Apparel,4,$14.37,Returned,Credit Card
AMA-O10236,AMA-C7910,22-Dec-2025,Beauty,5,51.43,Returned,UPI
AMA-O12733,AMA-C10216,2025-05-25,Books,1,$16.13,Shipped,Debit Card
AMA-O9743,AMA-C1993,2025-04-05,Electronics,3,185.86,Delivered,Debit Card
AMA-O10552,AMA-C7638,2024-07-19,Apparel,1,73.55,Delivered,Debit Card
AMA-O14886,AMA-C4732,2024-06-17,Apparel,2,40.74,Cancelled,Debit Card
AMA-O13710,AMA-C2937,2024-06-16,Home & Kitchen,4,162.37,Returned,Debit Card
AMA-O9344,AMA-C6898,16-Jun-2024,Sports & Outdoors,4,$20.47,Delivered,Amazon Pay
AMA-O6499,AMA-C1411,07/04/2025,Books,3,6.95,Cancelled,Debit Card
AMA-O7796,AMA-C4555,11/14/2025,Beauty,4,81.82,Delivered,Debit Card
AMA-O10443,AMA-C1417,20-Feb-2023,Beauty,-2,$87.58,Delivered,Credit Card
AMA-O13596,AMA-C1793,04-Jun-2023,Electronics,4,625.56,Delivered,Gift Card
AMA-O7661,AMA-C8729,09/13/2025,Toys,2,6.0,Delivered,UPI
AMA-O12895,AMA-C4730,2025-10-23,Books,5,$30.99,Delivered,Credit Card
AMA-O12706,AMA-C8362,02/06/2024,Apparel,3,110.15,Delivered,UPI
AMA-O13357,AMA-C4107,02-Oct-2024,Sports & Outdoors,5,$116.69,Delivered,Amazon Pay
AMA-O12465,AMA-C8514,2024-01-09,Home & Kitchen,4,245.12,Shipped,Gift Card
AMA-O5806,AMA-C8663,2023-09-22,Apparel,3,46.55,Shipped,Amazon Pay
AMA-O13358,AMA-C10769,2024-03-23,Apparel,3,$66.33,Shipped,Debit Card
AMA-O14296,AMA-C6952,18-Aug-2024,Books,2,36.14,Shipped,Gift Card
AMA-O5921,AMA-C3103,01/16/2024,Beauty,3,81.85,Returned,Gift Card
AMA-O13716,AMA-C6405,2024-01-31,Toys,2,88.91,Pending,Amazon Pay
AMA-O10696,AMA-C2865,08/10/2025,Apparel,5,110.65,Pending,Amazon Pay
AMA-O12177,AMA-C9789,25-May-2024,Home & Kitchen,3,$264.89,Pending,UPI
AMA-O14189,AMA-C2359,2023-03-26,Electronics,2,795.04,Shipped,UPI
AMA-O11821,AMA-C2888,03/10/2024,Books,1,14.02,,Credit Card
AMA-O7423,AMA-C7721,2024-12-01,Toys,2,82.13,Delivered,Credit Card
AMA-O11637,AMA-C3622,21-May-2024,Toys,4,96.04,Delivered,Gift Card
AMA-O10848,AMA-C7508,2023-08-06,Apparel,5,24.3,Cancelled,UPI
AMA-O5045,AMA-C7920,05-Nov-2024,Electronics,5,78.86,Returned,Debit Card
AMA-O13446,AMA-C10667,2024-06-29,Electronics,3,570.97,Delivered,UPI
AMA-O5953,AMA-C10249,13-Nov-2024,Electronics,4,$314.02,Returned,Credit Card
AMA-O13733,AMA-C9805,09-Jun-2025,Apparel,3,46.53,Delivered,Credit Card
AMA-O8477,AMA-C5834,20-Sep-2025,Home & Kitchen,2,109.01,Pending,UPI
AMA-O5298,AMA-C7819,2025-08-09,Books,2,25.2,Cancelled,Gift Card
AMA-O7401,AMA-C7711,01/30/2025,Toys,4,64.62,Delivered,Debit Card
AMA-O14862,AMA-C9632,2023-07-30,Toys,1,$54.43,Delivered,UPI
AMA-O10927,AMA-C4602,08/19/2024,Electronics,5,$152.92,Returned,UPI
AMA-O10247,AMA-C1789,11/12/2023,Apparel,3,57.76,Delivered,Debit Card
AMA-O5556,AMA-C9814,06/06/2025,Home & Kitchen,3,$52.39,Cancelled,Amazon Pay
AMA-O13284,AMA-C9475,2025-12-31,Home & Kitchen,1,$177.49,Pending,UPI
AMA-O6221,AMA-C3669,2025-02-06,Apparel,5,$96.69,Delivered,Debit Card
AMA-O5048,AMA-C4015,2025-03-06,Beauty,3,$45.31,Delivered,Credit Card
AMA-O12435,AMA-C5633,07-Feb-2024,Electronics,4,763.31,Delivered,UPI
AMA-O13882,AMA-C4655,2024-08-26,Books,1,28.79,Cancelled,UPI
AMA-O10966,AMA-C4408,11/02/2025,Grocery,2,34.3,Delivered,UPI
AMA-O7434,AMA-C10079,05/19/2024,Beauty,3,61.99,Pending,Amazon Pay
AMA-O8545,AMA-C4213,03/04/2024,Beauty,2,$47.50,Delivered,UPI
AMA-O6470,AMA-C5003,2024-02-17,Grocery,4,$40.17,Delivered,Amazon Pay
AMA-O13879,AMA-C1415,2024-12-17,Electronics,3,49.13,Shipped,Amazon Pay
AMA-O12392,AMA-C8897,05-Jul-2023,Electronics,2,$368.99,Pending,Credit Card
AMA-O8937,AMA-C6037,06-Sep-2025,Home & Kitchen,3,$120.31,Delivered,UPI
AMA-O13505,AMA-C6915,19-Apr-2025,Grocery,3,9.74,Delivered,Credit Card
AMA-O14525,AMA-C3765,31-Dec-2023,Books,4,$28.77,Cancelled,UPI
AMA-O14889,AMA-C5817,01/14/2024,Sports & Outdoors,1,135.48,Delivered,Amazon Pay
AMA-O9954,AMA-C2568,17-Oct-2023,Home & Kitchen,5,245.68,Delivered,Gift Card
AMA-O11687,AMA-C2912,06-Mar-2023,Apparel,1,119.38,Pending,Credit Card
AMA-O9259,AMA-C5085,09/11/2023,Books,3,15.25,Cancelled,Credit Card
AMA-O14821,AMA-C10475,2023-10-16,Apparel,3,$112.40,Pending,Amazon Pay
AMA-O9333,AMA-C6789,2024-05-08,Toys,4,50.63,Returned,UPI
AMA-O11890,AMA-C3295,07/31/2024,Electronics,3,576.61,Delivered,Amazon Pay
AMA-O11432,AMA-C5863,2025-12-06,Home & Kitchen,5,159.89,Cancelled,Gift Card
AMA-O13346,AMA-C7739,16-Aug-2024,Apparel,5,$17.95,Cancelled,Amazon Pay
AMA-O8266,AMA-C4903,05/26/2025,Electronics,4,493.25,Returned,UPI
AMA-O14848,AMA-C5012,11/23/2023,Apparel,3,12.52,Returned,Gift Card
AMA-O5046,AMA-C10592,05/28/2024,Books,3,35.71,Delivered,Gift Card
AMA-O7254,AMA-C3351,26-Apr-2025,Beauty,2,26.77,Delivered,Debit Card
AMA-O8151,AMA-C3019,10/06/2023,Grocery,4,56.79,Delivered,Gift Card
AMA-O13762,AMA-C3856,2025-11-03,Toys,3,39.69,Returned,Amazon Pay
AMA-O11911,AMA-C8800,26-Jun-2024,Grocery,2,$35.49,Cancelled,Amazon Pay
AMA-O13701,AMA-C1341,2023-06-28,Electronics,1,207.23,Delivered,Gift Card
AMA-O8590,AMA-C6305,04/15/2025,Sports & Outdoors,1,18.62,Delivered,Gift Card
AMA-O8748,AMA-C5873,2025-08-24,Books,4,$26.53,Returned,UPI
AMA-O12400,AMA-C8086,23-Dec-2025,Grocery,4,5.71,Delivered,Credit Card
AMA-O14140,AMA-C1428,03/14/2023,Toys,4,93.06,Shipped,Gift Card
AMA-O8679,AMA-C10518,2025-10-14,Sports & Outdoors,1,32.29,Shipped,Gift Card
AMA-O6864,AMA-C6796,2025-02-22,Electronics,1,$16.48,Cancelled,Amazon Pay
AMA-O6782,AMA-C8792,03/26/2023,Grocery,3,40.88,Delivered,Gift Card
AMA-O10743,AMA-C10530,2024-03-05,Electronics,2,792.26,Delivered,Debit Card
AMA-O8807,AMA-C8361,2024-01-01,Beauty,1,$81.55,Delivered,Amazon Pay
AMA-O5290,AMA-C10416,2023-02-24,Electronics,4,658.34,Delivered,Gift Card
AMA-O11707,AMA-C9308,03/25/2025,Apparel,2,62.88,Delivered,UPI
AMA-O6806,AMA-C1168,2025-01-27,Home & Kitchen,2,272.92,Returned,UPI
AMA-O6179,AMA-C7890,30-Nov-2023,Beauty,4,34.83,Delivered,Credit Card
AMA-O6153,AMA-C6990,21-Apr-2025,Toys,1,63.55,Delivered,UPI
AMA-O9225,AMA-C7437,10/15/2025,Home & Kitchen,5,212.13,Delivered,Credit Card
AMA-O8541,AMA-C8189,2025-09-03,Toys,2,95.84,Pending,UPI
AMA-O7228,AMA-C9915,12/24/2023,Electronics,5,429.39,Delivered,Amazon Pay
AMA-O8917,AMA-C7809,08/03/2023,Books,1,16.18,Shipped,Credit Card
AMA-O9630,AMA-C9637,26-Oct-2025,Grocery,1,$2.12,Returned,Debit Card
AMA-O9522,AMA-C5020,14-Mar-2023,Grocery,3,55.42,Cancelled,Credit Card
AMA-O5936,AMA-C9488,03/13/2025,Beauty,2,84.98,Returned,Credit Card
AMA-O11217,AMA-C5700,07/10/2024,Grocery,1,49.11,Delivered,Amazon Pay
AMA-O5859,AMA-C4153,2025-07-03,Sports & Outdoors,3,170.62,Pending,Debit Card
AMA-O8831,AMA-C7531,04-Nov-2025,Sports & Outdoors,4,178.79,Delivered,Credit Card
AMA-O12574,AMA-C5223,09/07/2024,Grocery,5,52.87,Delivered,UPI
AMA-O11837,AMA-C4788,03/29/2023,Books,3,39.22,Returned,UPI
AMA-O13152,AMA-C9199,07/05/2023,Beauty,2,51.11,Pending,UPI
AMA-O6089,AMA-C9853,06/24/2023,Beauty,1,70.97,Pending,Amazon Pay
AMA-O5129,AMA-C6888,02/05/2024,Sports & Outdoors,3,$207.05,Returned,Gift Card
AMA-O8244,AMA-C1192,2025-02-09,Sports & Outdoors,4,12.77,Delivered,UPI
AMA-O5091,AMA-C9138,08/18/2023,Sports & Outdoors,4,46.75,Delivered,Debit Card
AMA-O6944,AMA-C10615,2025-02-23,Apparel,2,85.35,Pending,UPI
AMA-O7520,AMA-C5324,03/14/2025,Sports & Outdoors,5,103.65,Shipped,Amazon Pay
AMA-O14025,AMA-C5420,03-Jul-2023,Books,-2,34.29,Shipped,Gift Card
AMA-O12864,AMA-C8574,12/11/2025,Home & Kitchen,4,$261.64,Returned,Debit Card
AMA-O13023,AMA-C2148,2024-07-04,Home & Kitchen,5,208.43,Cancelled,Debit Card
AMA-O12666,AMA-C4105,2024-09-04,Apparel,3,42.12,Shipped,Debit Card
AMA-O8248,AMA-C8943,10-Jan-2024,Beauty,4,31.46,Pending,Gift Card
AMA-O8665,AMA-C9103,04-Apr-2023,Electronics,4,176.79,Shipped,Amazon Pay
AMA-O10877,AMA-C5421,06-Aug-2023,Apparel,3,81.4,Pending,Amazon Pay
AMA-O13220,AMA-C1118,19-Sep-2024,Books,5,8.41,Delivered,UPI
AMA-O5980,AMA-C8825,05/18/2024,Toys,5,62.48,Delivered,Credit Card
AMA-O8356,AMA-C9754,2025-04-03,Toys,2,28.94,Delivered,Gift Card
AMA-O14169,AMA-C1039,08-Feb-2024,Sports & Outdoors,3,89.62,Delivered,Credit Card
AMA-O8976,AMA-C9999,2025-08-17,Books,2,35.9,,Amazon Pay
AMA-O12581,AMA-C8340,2024-05-21,Home & Kitchen,3,$40.51,Delivered,Credit Card
AMA-O6539,AMA-C5141,29-Mar-2024,Apparel,4,$84.93,Shipped,Debit Card
AMA-O6931,AMA-C2612,04/13/2023,Sports & Outdoors,1,86.78,Delivered,UPI
AMA-O11634,AMA-C1263,09/08/2024,Home & Kitchen,2,$240.77,Pending,Gift Card
AMA-O8118,AMA-C3437,2024-07-15,Books,2,16.42,Returned,UPI
AMA-O7253,AMA-C9006,01-Nov-2025,Books,1,20.11,Shipped,Credit Card
AMA-O9267,AMA-C8949,06/29/2024,Books,5,19.93,Returned,Debit Card
AMA-O13906,AMA-C5342,09-Sep-2024,Sports & Outdoors,2,37.04,Delivered,Debit Card
AMA-O10738,AMA-C10745,27-May-2025,Electronics,1,461.64,Delivered,Debit Card
AMA-O8594,AMA-C2264,2023-03-08,Apparel,4,93.05,Cancelled,UPI
AMA-O8193,AMA-C3243,29-Jul-2023,Books,1,33.74,Shipped,Debit Card
AMA-O7566,AMA-C4735,2024-02-25,Home & Kitchen,5,150.54,Delivered,UPI
AMA-O14556,AMA-C7765,30-Oct-2024,Grocery,1,24.45,Cancelled,Gift Card
AMA-O12078,AMA-C1443,03-Jun-2024,Home & Kitchen,4,$91.80,Shipped,Credit Card
AMA-O7524,AMA-C1640,04/05/2023,Grocery,3,54.41,Shipped,Credit Card
AMA-O14703,AMA-C10709,2024-08-10,Electronics,5,771.37,Shipped,Amazon Pay
AMA-O10287,AMA-C5179,19-Mar-2025,Grocery,3,52.08,Pending,UPI
AMA-O12802,AMA-C5567,2024-08-12,Electronics,2,$170.59,Pending,Debit Card
AMA-O10890,AMA-C2446,15-Dec-2024,Books,1,39.3,Delivered,Credit Card
AMA-O10993,AMA-C5542,2024-05-03,Electronics,1,$428.87,Pending,Debit Card
AMA-O13888,AMA-C6932,2025-12-09,Beauty,2,38.3,Delivered,Gift Card
AMA-O7005,AMA-C1760,12/01/2023,Home & Kitchen,2,68.57,Delivered,Debit Card
AMA-O13005,AMA-C3274,29-May-2024,Grocery,1,10.38,Delivered,Amazon Pay
AMA-O8367,AMA-C1039,22-Jul-2024,Toys,4,25.15,Delivered,UPI
AMA-O9401,AMA-C4291,03/24/2025,Beauty,3,12.61,Delivered,Amazon Pay
AMA-O9122,AMA-C7161,2024-01-31,Home & Kitchen,3,259.67,Returned,Amazon Pay
AMA-O7872,AMA-C4052,2025-09-16,Books,1,7.61,Pending,Gift Card
AMA-O13877,AMA-C6389,06/19/2024,Apparel,4,38.03,Delivered,Debit Card
AMA-O11936,AMA-C6355,21-Mar-2024,Beauty,2,48.48,Cancelled,Credit Card
AMA-O6384,AMA-C8900,02/20/2025,Sports & Outdoors,2,97.84,Cancelled,UPI
AMA-O9825,AMA-C6564,21-Feb-2024,Electronics,3,31.43,Returned,UPI
AMA-O8191,AMA-C5304,10/19/2024,Books,1,29.5,Delivered,Debit Card
AMA-O9869,AMA-C8203,10/20/2024,Home & Kitchen,1,272.62,Pending,Gift Card
AMA-O12704,AMA-C7166,27-Oct-2024,Grocery,1,26.38,Shipped,Gift Card
AMA-O14972,AMA-C2375,2023-08-06,Electronics,1,646.92,Delivered,Credit Card
AMA-O14372,AMA-C10962,2023-02-11,Apparel,-2,109.15,Cancelled,Gift Card
AMA-O12116,AMA-C6867,05/05/2023,Books,1,8.23,Pending,Amazon Pay
AMA-O12208,AMA-C1988,2025-05-02,Electronics,2,309.75,Returned,Debit Card
AMA-O11618,AMA-C6110,02/25/2023,Books,3,23.67,Cancelled,UPI
AMA-O5072,AMA-C4279,05/07/2023,Home & Kitchen,4,$163.75,Delivered,Debit Card
AMA-O7735,AMA-C1920,14-Aug-2025,Beauty,5,40.1,Shipped,Credit Card
AMA-O9229,AMA-C8856,2024-12-08,Apparel,4,41.48,Shipped,Amazon Pay
AMA-O8759,AMA-C10871,01/04/2024,Books,3,33.52,Delivered,Gift Card
AMA-O10240,AMA-C9785,30-Oct-2024,Grocery,4,$26.21,Pending,Debit Card
AMA-O9241,AMA-C8648,06/29/2024,Apparel,5,53.12,Delivered,Debit Card
AMA-O13654,AMA-C6119,2023-10-06,Electronics,4,78.46,Returned,Credit Card
AMA-O14493,AMA-C1820,2024-02-25,Beauty,3,78.25,Cancelled,Credit Card
AMA-O5657,AMA-C10359,2023-03-05,Home & Kitchen,3,$186.15,Delivered,Debit Card
AMA-O6737,AMA-C9371,24-Mar-2023,Beauty,3,18.66,Pending,Debit Card
AMA-O8600,AMA-C4622,2023-01-14,Sports & Outdoors,5,$125.37,Shipped,Amazon Pay
AMA-O12221,AMA-C1279,08-Nov-2024,Grocery,1,26.93,Returned,Gift Card
AMA-O5229,AMA-C1260,30-Sep-2024,Home & Kitchen,3,73.85,Shipped,UPI
AMA-O14045,AMA-C1599,11-Mar-2025,Grocery,1,59.78,Delivered,Gift Card
AMA-O5372,AMA-C4542,2023-01-02,Sports & Outdoors,5,226.92,Shipped,Credit Card
AMA-O7152,AMA-C1889,12/03/2023,Toys,2,33.79,Cancelled,UPI
AMA-O12932,AMA-C7263,12-May-2023,Electronics,3,342.54,Cancelled,Gift Card
AMA-O6224,AMA-C8990,2025-08-19,Grocery,2,53.55,Shipped,Debit Card
AMA-O6966,AMA-C8915,01/28/2023,Sports & Outdoors,1,227.57,Shipped,Credit Card
AMA-O5526,AMA-C7688,17-Nov-2023,Toys,5,24.74,Returned,UPI
AMA-O6764,AMA-C6238,14-Sep-2024,Beauty,2,57.77,Delivered,Gift Card
AMA-O5357,AMA-C4454,07/09/2025,Toys,2,27.38,Returned,Credit Card
AMA-O6715,AMA-C1475,07/26/2025,Sports & Outdoors,2,174.14,Delivered,Gift Card
AMA-O11126,AMA-C3256,19-Jun-2024,Grocery,2,58.8,Delivered,Amazon Pay
AMA-O12033,AMA-C5387,09/07/2023,Grocery,4,53.44,Delivered,Gift Card
AMA-O8725,AMA-C4256,12/20/2023,Books,-4,7.88,Delivered,Amazon Pay
AMA-O11502,AMA-C8614,02-Dec-2024,Electronics,5,520.26,Returned,Debit Card
AMA-O5166,AMA-C8057,27-Jun-2023,Toys,2,37.1,Pending,Gift Card
AMA-O14679,AMA-C7503,02/16/2025,Beauty,5,25.52,Shipped,Debit Card
AMA-O9186,AMA-C5419,04/25/2024,Electronics,5,341.67,Pending,UPI
AMA-O14753,AMA-C1250,2023-05-04,Home & Kitchen,5,183.75,Delivered,Gift Card
AMA-O14072,AMA-C8550,03/22/2024,Grocery,4,$13.44,Pending,Gift Card
AMA-O12739,AMA-C1993,24-Dec-2023,Home & Kitchen,3,291.07,Returned,Amazon Pay
AMA-O10086,AMA-C7368,12/29/2025,Home & Kitchen,-2,93.99,Pending,Credit Card
AMA-O6984,AMA-C7336,06/10/2024,Toys,3,46.32,Delivered,Gift Card
AMA-O7795,AMA-C2949,2023-07-07,Home & Kitchen,4,$77.25,Returned,Credit Card
AMA-O14761,AMA-C8081,14-Apr-2025,Books,5,12.06,Returned,Credit Card
AMA-O14746,AMA-C10204,09/29/2023,Beauty,5,55.61,Returned,Debit Card
AMA-O8226,AMA-C7421,24-Jul-2024,Home & Kitchen,3,175.29,Delivered,Debit Card
AMA-O11115,AMA-C4594,2023-02-12,Toys,1,13.91,Shipped,Debit Card
AMA-O14617,AMA-C9863,16-Jul-2023,Books,3,34.97,,Debit Card
AMA-O6985,AMA-C4741,11/21/2024,Toys,5,13.02,Cancelled,UPI
AMA-O8611,AMA-C10057,07/23/2023,Sports & Outdoors,5,19.07,Delivered,Credit Card
AMA-O12641,AMA-C7856,07/24/2025,Electronics,5,$103.54,Delivered,UPI
AMA-O6630,AMA-C10315,18-Nov-2023,Electronics,4,$580.64,Delivered,Gift Card
AMA-O11791,AMA-C6570,01/10/2024,Sports & Outdoors,2,41.7,Pending,Credit Card
AMA-O10687,AMA-C5402,13-Apr-2025,Beauty,5,8.29,Returned,Debit Card
AMA-O9398,AMA-C4818,2025-07-25,Electronics,1,231.39,Delivered,Gift Card
AMA-O14782,AMA-C6940,06/11/2025,Home & Kitchen,1,17.11,Delivered,Credit Card
AMA-O5482,AMA-C3024,16-Dec-2024,Books,2,33.07,Delivered,Debit Card
AMA-O14150,AMA-C6141,06/20/2025,Toys,3,23.23,Cancelled,UPI
AMA-O10396,AMA-C1525,08-Sep-2024,Apparel,1,54.67,Shipped,Credit Card
AMA-O7705,AMA-C8898,2023-03-26,Beauty,1,43.58,Delivered,UPI
AMA-O12990,AMA-C3002,08/19/2023,Electronics,1,641.14,Shipped,Gift Card
AMA-O7965,AMA-C1031,05-Jun-2023,Electronics,2,253.95,Delivered,Amazon Pay
AMA-O9607,AMA-C7683,03/09/2023,Home & Kitchen,4,$236.78,Pending,UPI
AMA-O9451,AMA-C4596,05/24/2025,Books,1,33.59,Cancelled,UPI
AMA-O9541,AMA-C10589,05/15/2025,Apparel,2,$26.89,Cancelled,Credit Card
AMA-O5444,AMA-C4970,03-Apr-2023,Toys,-1,$32.56,Cancelled,Credit Card
AMA-O5629,AMA-C2402,01/13/2025,Books,5,19.8,Delivered,Gift Card
AMA-O5755,AMA-C7292,13-May-2024,Home & Kitchen,1,191.25,Pending,Amazon Pay
AMA-O6865,AMA-C1806,06/12/2024,Sports & Outdoors,1,55.63,Delivered,UPI
AMA-O9804,AMA-C9284,07-Sep-2023,Books,5,$25.89,Cancelled,UPI
AMA-O13704,AMA-C2824,2024-09-26,Home & Kitchen,1,92.69,Delivered,UPI
AMA-O10761,AMA-C9248,2024-09-17,Toys,1,68.54,Delivered,Debit Card
AMA-O8842,AMA-C8893,01-Jan-2023,Home & Kitchen,2,187.7,Delivered,Gift Card
AMA-O12559,AMA-C1244,02/10/2024,Apparel,5,22.64,Delivered,Debit Card
AMA-O14426,AMA-C4777,29-Dec-2024,Grocery,2,17.74,Pending,Debit Card
AMA-O12690,AMA-C5324,2024-02-18,Sports & Outdoors,1,$212.06,,Gift Card
AMA-O7721,AMA-C1334,03/23/2023,Toys,4,$87.45,Returned,Debit Card
AMA-O7900,AMA-C7387,12/17/2025,Grocery,5,11.78,,Debit Card
AMA-O11768,AMA-C5010,2023-11-04,Electronics,5,222.83,Cancelled,Amazon Pay
AMA-O13646,AMA-C10190,06/05/2025,Beauty,1,42.59,Shipped,Debit Card
AMA-O11229,AMA-C5653,2025-09-27,Electronics,2,68.24,Shipped,Credit Card
AMA-O8239,AMA-C4819,29-Oct-2025,Books,2,7.94,Pending,UPI
AMA-O8050,AMA-C9885,15-Oct-2025,Beauty,5,61.23,Cancelled,UPI
AMA-O9747,AMA-C2386,04-Nov-2023,Home & Kitchen,1,89.21,Shipped,Amazon Pay
AMA-O10857,AMA-C9618,22-Jun-2025,Electronics,2,654.65,Returned,UPI
AMA-O13382,AMA-C8975,2023-12-13,Grocery,5,56.68,Returned,UPI
AMA-O6563,AMA-C4481,2023-12-28,Toys,2,$46.89,Delivered,Debit Card
AMA-O8499,AMA-C10317,12/20/2024,Toys,4,40.95,Pending,Amazon Pay
AMA-O11989,AMA-C10067,01-Nov-2023,Beauty,2,38.31,Cancelled,Debit Card
AMA-O9287,AMA-C5481,24-May-2024,Apparel,4,57.31,Delivered,UPI
AMA-O9141,AMA-C6581,2025-11-04,Grocery,1,47.03,Cancelled,Gift Card
AMA-O11885,AMA-C5299,2023-04-17,Electronics,4,$673.65,Delivered,Gift Card
AMA-O13764,AMA-C5476,19-Nov-2025,Toys,1,28.61,Shipped,UPI
AMA-O6249,AMA-C1992,2024-03-12,Beauty,1,52.25,Delivered,UPI
AMA-O6144,AMA-C5442,24-May-2025,Sports & Outdoors,4,135.99,Cancelled,UPI
AMA-O6810,AMA-C6514,2025-09-01,Electronics,3,756.04,Delivered,Debit Card
AMA-O8872,AMA-C6555,04-Jul-2024,Toys,4,57.5,Delivered,Debit Card
AMA-O7793,AMA-C2436,2025-08-04,Books,5,14.68,Delivered,Debit Card
AMA-O10623,AMA-C8973,2023-03-13,Home & Kitchen,4,$38.71,Returned,Gift Card
AMA-O13436,AMA-C2049,2024-07-07,Toys,2,82.6,Shipped,Credit Card
AMA-O7623,AMA-C7370,04/25/2025,Toys,4,14.8,Cancelled,Amazon Pay
AMA-O7915,AMA-C5875,2024-11-12,Books,4,$39.10,Pending,UPI
AMA-O14137,AMA-C9384,04-Oct-2023,Grocery,2,8.15,Delivered,Credit Card
AMA-O12555,AMA-C2327,22-Aug-2025,Home & Kitchen,1,$10.46,Delivered,Debit Card
AMA-O7614,AMA-C7714,02/13/2024,Electronics,4,$245.65,Returned,UPI
AMA-O9565,AMA-C9562,09-Mar-2024,Apparel,4,91.9,Delivered,UPI
AMA-O12952,AMA-C5895,2023-12-13,Beauty,5,30.61,Cancelled,Credit Card
AMA-O5054,AMA-C2870,2025-12-24,Toys,4,99.71,Delivered,Amazon Pay
AMA-O9273,AMA-C8570,10/02/2024,Toys,2,$27.90,Returned,Gift Card
AMA-O12152,AMA-C3334,14-Aug-2025,Electronics,3,399.23,Returned,Credit Card
AMA-O12784,AMA-C9893,2025-04-19,Electronics,2,595.98,Delivered,Debit Card
AMA-O13410,AMA-C8279,05/18/2023,Apparel,5,$11.83,Delivered,Amazon Pay
AMA-O9768,AMA-C2951,2023-03-30,Grocery,5,3.57,Shipped,Debit Card
AMA-O11466,AMA-C8411,03/07/2024,Apparel,4,45.42,Cancelled,UPI
AMA-O12239,AMA-C7337,2024-06-26,Electronics,5,623.5,Delivered,Credit Card
AMA-O13568,AMA-C4069,05-Nov-2025,Grocery,5,26.19,Delivered,Amazon Pay
AMA-O13845,AMA-C6966,2024-02-15,Toys,3,75.55,Returned,UPI
AMA-O6515,AMA-C3320,11/10/2024,Grocery,2,44.4,Shipped,UPI
AMA-O5618,AMA-C5999,11-Feb-2025,Beauty,4,44.24,Delivered,UPI
AMA-O14068,AMA-C3355,20-Feb-2025,Books,4,28.32,Delivered,UPI
AMA-O5990,AMA-C10354,02/25/2025,Apparel,1,63.18,Cancelled,Debit Card
AMA-O12970,AMA-C8159,05/27/2023,Toys,3,47.94,Returned,UPI
AMA-O10340,AMA-C4384,2024-03-06,Toys,3,$39.48,,Debit Card
AMA-O5003,AMA-C6889,2024-02-14,Sports & Outdoors,5,51.89,Shipped,Amazon Pay
AMA-O12247,AMA-C9245,04/21/2023,Grocery,1,$11.83,Shipped,Debit Card
AMA-O8742,AMA-C4293,2023-01-31,Grocery,5,55.16,Cancelled,Gift Card
AMA-O11745,AMA-C2228,2023-04-02,Books,4,$31.02,Delivered,Debit Card
AMA-O10168,AMA-C7720,09/08/2024,Books,2,17.18,Delivered,Gift Card
AMA-O13177,AMA-C5867,11-Jul-2025,Grocery,3,26.49,Shipped,UPI
AMA-O12573,AMA-C9360,02/15/2024,Beauty,1,26.36,Cancelled,Gift Card
AMA-O6938,AMA-C5092,2024-06-27,Electronics,3,252.7,Shipped,Gift Card
AMA-O14499,AMA-C2236,10/20/2025,Books,1,14.57,Pending,Credit Card
AMA-O6244,AMA-C9770,06/28/2024,Electronics,4,780.81,Delivered,Debit Card
AMA-O11285,AMA-C10977,2025-03-16,Electronics,3,278.25,Delivered,Amazon Pay
AMA-O11943,AMA-C10608,08/23/2024,Electronics,5,266.32,Pending,UPI
AMA-O11405,AMA-C9528,15-May-2023,Books,-2,28.57,Delivered,Credit Card
AMA-O6677,AMA-C1287,18-Apr-2023,Beauty,5,46.12,Delivered,Amazon Pay
AMA-O12913,AMA-C1405,2024-12-31,Beauty,3,70.38,Delivered,UPI
AMA-O12199,AMA-C3679,15-Mar-2025,Sports & Outdoors,2,$129.26,Shipped,UPI
AMA-O11881,AMA-C7852,15-Mar-2023,Books,4,22.03,Delivered,Credit Card
AMA-O6571,AMA-C5399,03/08/2024,Books,1,13.99,Delivered,Amazon Pay
AMA-O9590,AMA-C5196,09/15/2023,Sports & Outdoors,5,$124.07,Pending,UPI
AMA-O13703,AMA-C4975,11/07/2024,Grocery,2,16.1,Pending,Amazon Pay
AMA-O10874,AMA-C10877,02/12/2024,Books,2,7.29,Cancelled,Credit Card
AMA-O13214,AMA-C1353,06/02/2023,Beauty,2,47.79,Pending,Debit Card
AMA-O10253,AMA-C10555,03/19/2023,Beauty,1,33.85,Delivered,Amazon Pay
AMA-O11810,AMA-C3448,10/05/2025,Electronics,2,511.16,Cancelled,Amazon Pay
AMA-O12189,AMA-C4526,2024-07-14,Beauty,3,40.79,Shipped,Debit Card
AMA-O5654,AMA-C10113,2025-08-18,Books,5,15.02,Cancelled,Debit Card
AMA-O14438,AMA-C6380,05-Sep-2023,Books,3,32.65,Cancelled,Credit Card
AMA-O14644,AMA-C6331,11/22/2023,Grocery,1,3.75,Delivered,Amazon Pay
AMA-O12879,AMA-C4430,06/11/2024,Grocery,3,37.33,Delivered,Amazon Pay
AMA-O7667,AMA-C1690,15-Oct-2025,Apparel,5,14.56,Cancelled,Gift Card
AMA-O14067,AMA-C7912,29-Jun-2023,Toys,5,66.74,Delivered,Debit Card
AMA-O9861,AMA-C6905,2024-03-10,Beauty,3,68.47,Pending,Credit Card
AMA-O6574,AMA-C3513,2023-04-18,Grocery,5,23.14,Delivered,Debit Card
AMA-O10223,AMA-C7658,10-Feb-2025,Toys,1,63.18,Cancelled,Debit Card
AMA-O13059,AMA-C3547,08/17/2023,Beauty,5,5.01,,Gift Card
AMA-O5734,AMA-C7847,02-Feb-2024,Books,3,25.26,Returned,Debit Card
AMA-O11402,AMA-C4481,2025-07-30,Grocery,1,$25.70,Shipped,Debit Card
AMA-O5509,AMA-C8421,17-Jun-2025,Grocery,1,43.62,Delivered,UPI
AMA-O10096,AMA-C5116,2024-07-08,Sports & Outdoors,3,78.61,Shipped,Gift Card
AMA-O12680,AMA-C7576,2023-04-01,Sports & Outdoors,-1,64.84,Pending,Amazon Pay
AMA-O9969,AMA-C9524,25-Aug-2023,Books,2,13.61,Shipped,Gift Card
AMA-O6431,AMA-C1607,15-May-2025,Grocery,1,32.52,Shipped,Credit Card
AMA-O8890,AMA-C1111,05/15/2023,Beauty,3,$62.26,Delivered,Debit Card
AMA-O7445,AMA-C5816,08/12/2024,Beauty,1,85.73,Delivered,Credit Card
AMA-O11049,AMA-C4108,02/27/2024,Electronics,5,674.18,Delivered,Amazon Pay
AMA-O6400,AMA-C2346,29-Mar-2024,Sports & Outdoors,1,66.35,Shipped,Amazon Pay
AMA-O14662,AMA-C4610,22-Nov-2024,Toys,2,73.07,Pending,Gift Card
AMA-O13792,AMA-C9306,24-May-2025,Sports & Outdoors,2,32.23,Delivered,UPI
AMA-O8801,AMA-C3966,2025-11-23,Grocery,2,$8.51,Shipped,UPI
AMA-O11264,AMA-C5923,2025-12-27,Apparel,5,62.09,Cancelled,Credit Card
AMA-O5919,AMA-C9376,2023-09-09,Beauty,5,72.74,Shipped,Credit Card
AMA-O12881,AMA-C1380,02/09/2024,Grocery,4,13.98,Delivered,Debit Card
AMA-O6072,AMA-C3448,24-Sep-2025,Home & Kitchen,3,57.99,Delivered,Amazon Pay
AMA-O7622,AMA-C10535,2025-06-14,Apparel,3,111.44,Delivered,UPI
AMA-O7284,AMA-C6251,19-Dec-2024,Beauty,4,85.87,Pending,Debit Card
AMA-O11062,AMA-C2198,10/08/2024,Sports & Outdoors,2,238.67,Shipped,UPI
AMA-O6889,AMA-C7754,2024-01-07,Toys,3,$10.54,Pending,UPI
AMA-O11050,AMA-C5340,2023-10-06,Books,3,22.97,Pending,Credit Card
AMA-O14470,AMA-C9999,04/15/2024,Sports & Outdoors,2,213.89,Delivered,UPI
AMA-O8503,AMA-C1220,05/09/2024,Sports & Outdoors,-4,247.59,Pending,UPI
AMA-O8161,AMA-C7353,02-Dec-2024,Books,2,25.5,Pending,Credit Card
AMA-O6252,AMA-C10525,2023-07-27,Beauty,3,49.7,Shipped,Debit Card
AMA-O14217,AMA-C8919,17-Mar-2023,Sports & Outdoors,-1,57.83,Returned,Debit Card
AMA-O7310,AMA-C1232,02/08/2023,Electronics,2,184.56,Delivered,Gift Card
AMA-O9307,AMA-C8693,2024-08-15,Books,2,18.75,Delivered,Gift Card
AMA-O8576,AMA-C8901,2024-06-27,Electronics,3,408.69,Shipped,Credit Card
AMA-O13592,AMA-C2925,2024-01-02,Beauty,5,38.72,Delivered,Credit Card
AMA-O11942,AMA-C5065,2024-04-04,Apparel,3,20.35,Cancelled,UPI
AMA-O6665,AMA-C9867,05-Jun-2024,Books,1,$5.71,Shipped,Amazon Pay
AMA-O10837,AMA-C1063,2023-10-21,Beauty,1,87.98,Delivered,Credit Card
AMA-O9475,AMA-C7258,2023-01-16,Beauty,5,39.94,Cancelled,Debit Card
AMA-O11181,AMA-C9781,2024-02-21,Electronics,-1,565.91,Cancelled,Gift Card
AMA-O8646,AMA-C8460,2024-11-22,Sports & Outdoors,4,193.6,Returned,Amazon Pay
AMA-O8218,AMA-C2935,04/07/2023,Electronics,4,529.11,Cancelled,Amazon Pay
AMA-O8861,AMA-C7312,2024-03-18,Grocery,5,45.94,Delivered,Debit Card
AMA-O5040,AMA-C1034,02-Jun-2025,Books,1,27.38,Delivered,Amazon Pay
AMA-O9735,AMA-C10800,2023-05-29,Toys,2,41.12,Delivered,Debit Card
AMA-O10664,AMA-C5136,2025-10-28,Beauty,2,85.84,Delivered,UPI
AMA-O7746,AMA-C7665,06/29/2024,Beauty,1,18.34,Shipped,UPI
AMA-O11082,AMA-C3468,05/07/2025,Beauty,2,75.08,Pending,Credit Card
AMA-O8139,AMA-C9772,02/11/2023,Toys,4,68.04,Pending,Gift Card
AMA-O14572,AMA-C3212,01/30/2025,Apparel,3,$18.39,Delivered,Debit Card
AMA-O14308,AMA-C8615,10/18/2025,Apparel,4,$21.84,Pending,UPI
AMA-O8650,AMA-C9053,07/20/2023,Home & Kitchen,4,$109.66,Pending,Gift Card
AMA-O8054,AMA-C9747,2025-08-31,Home & Kitchen,3,$297.74,Returned,Credit Card
AMA-O13449,AMA-C1757,05-Oct-2023,Grocery,2,$14.33,Delivered,Credit Card
AMA-O13709,AMA-C3823,2024-06-27,Apparel,4,104.07,Delivered,Gift Card
AMA-O8332,AMA-C8648,2025-01-16,Books,4,23.15,,UPI
AMA-O12757,AMA-C3728,03/13/2024,Sports & Outdoors,2,75.51,Delivered,Gift Card
AMA-O8028,AMA-C1816,07-Feb-2024,Grocery,1,48.97,Delivered,UPI
AMA-O7353,AMA-C7249,03-Jul-2025,Home & Kitchen,5,$227.71,Cancelled,Credit Card
AMA-O13872,AMA-C7953,07/04/2025,Sports & Outdoors,2,$98.06,Returned,Gift Card
AMA-O9904,AMA-C4585,01-Nov-2025,Toys,4,57.19,Cancelled,Credit Card
AMA-O7575,AMA-C10117,2025-10-17,Sports & Outdoors,4,54.06,Returned,UPI
AMA-O11719,AMA-C1942,29-Aug-2023,Electronics,2,146.66,Delivered,UPI
AMA-O13603,AMA-C8969,2024-10-16,Beauty,3,73.99,Pending,UPI
AMA-O12523,AMA-C5798,01-Sep-2024,Electronics,5,441.03,Cancelled,Amazon Pay
AMA-O14867,AMA-C4212,11-Nov-2023,Toys,3,67.47,Cancelled,UPI
AMA-O12338,AMA-C10589,07-Jun-2025,Beauty,5,28.46,Shipped,Amazon Pay
AMA-O7672,AMA-C5085,25-Apr-2024,Beauty,-1,34.18,Delivered,Amazon Pay
AMA-O14318,AMA-C10187,04/13/2025,Apparel,5,$107.86,Pending,Credit Card
AMA-O12021,AMA-C5267,10-Aug-2025,Beauty,4,22.1,Delivered,Credit Card
AMA-O13118,AMA-C1848,2024-08-14,Home & Kitchen,2,106.01,Delivered,Debit Card
AMA-O6334,AMA-C10455,09/17/2025,Home & Kitchen,3,89.26,,Credit Card
AMA-O8083,AMA-C6704,2024-04-02,Sports & Outdoors,3,$155.59,Cancelled,Debit Card
AMA-O7656,AMA-C5614,12-Jul-2024,Toys,5,70.5,Delivered,Amazon Pay
AMA-O13821,AMA-C9758,05/01/2023,Electronics,1,591.18,Delivered,Debit Card
AMA-O13974,AMA-C10391,04/03/2025,Electronics,3,298.59,Delivered,Debit Card
AMA-O11961,AMA-C10360,01/15/2024,Home & Kitchen,3,119.11,Delivered,Credit Card
AMA-O7981,AMA-C8052,03/29/2023,Apparel,5,116.02,Delivered,Amazon Pay
AMA-O10886,AMA-C10159,06/27/2025,Books,1,8.44,Delivered,UPI
AMA-O7691,AMA-C1688,02-May-2025,Apparel,5,68.19,Cancelled,Debit Card
AMA-O14444,AMA-C9150,2025-11-28,Home & Kitchen,2,$125.93,Shipped,Credit Card
AMA-O5912,AMA-C6179,2023-03-11,Beauty,4,69.43,Pending,Debit Card
AMA-O6398,AMA-C6525,04/01/2025,Books,3,$19.99,Delivered,Credit Card
AMA-O10051,AMA-C1090,07/12/2025,Electronics,1,639.42,Pending,Debit Card
AMA-O5315,AMA-C5109,2024-06-27,Sports & Outdoors,5,155.39,Cancelled,Gift Card
AMA-O14386,AMA-C8377,09/18/2023,Beauty,2,$9.05,Shipped,Amazon Pay
AMA-O7027,AMA-C3494,12/24/2024,Home & Kitchen,5,172.75,Cancelled,UPI
AMA-O10983,AMA-C1628,07/27/2024,Home & Kitchen,3,108.11,Delivered,Debit Card
AMA-O13785,AMA-C1591,2023-07-18,Home & Kitchen,2,296.49,Cancelled,Gift Card
AMA-O5651,AMA-C3035,06-Oct-2024,Home & Kitchen,1,$172.77,Shipped,Amazon Pay
AMA-O14492,AMA-C3874,2023-02-01,Apparel,2,$91.41,Delivered,Credit Card
AMA-O13945,AMA-C7152,22-May-2024,Toys,4,96.54,Shipped,UPI
AMA-O10613,AMA-C8251,2024-10-07,Books,5,12.8,Returned,Amazon Pay
AMA-O6870,AMA-C10591,07/17/2025,Sports & Outdoors,3,$246.05,Cancelled,Gift Card
AMA-O5175,AMA-C7617,08/29/2023,Books,2,21.84,Delivered,UPI
AMA-O12647,AMA-C8674,10-Feb-2024,Electronics,1,131.67,Returned,Gift Card
AMA-O5519,AMA-C5985,09/07/2023,Apparel,4,43.6,Delivered,Debit Card
AMA-O10432,AMA-C6822,12-Jun-2025,Apparel,1,97.62,Pending,Credit Card
AMA-O7320,AMA-C3785,2025-05-05,Toys,5,19.25,Delivered,Amazon Pay
AMA-O5495,AMA-C5692,2024-03-26,Sports & Outdoors,4,151.2,Pending,Gift Card
AMA-O7558,AMA-C1169,21-Jan-2024,Beauty,4,30.63,Returned,Credit Card
AMA-O9821,AMA-C1788,2023-11-25,Books,4,12.94,Shipped,Amazon Pay
AMA-O9521,AMA-C9404,04/10/2024,Sports & Outdoors,3,188.62,Delivered,Debit Card
AMA-O12074,AMA-C9998,2024-08-27,Grocery,2,13.88,Returned,Gift Card
AMA-O9900,AMA-C3225,06/07/2025,Books,4,34.38,Delivered,UPI
AMA-O10962,AMA-C9571,09/16/2023,Toys,3,75.69,Cancelled,Debit Card
AMA-O13504,AMA-C8213,2024-11-24,Books,4,23.32,Pending,Credit Card
AMA-O5347,AMA-C1671,2023-11-30,Toys,1,98.55,Pending,Credit Card
AMA-O14183,AMA-C1340,05/29/2025,Sports & Outdoors,3,237.22,Pending,Credit Card
AMA-O10708,AMA-C5569,03/25/2024,Electronics,1,$168.91,Delivered,Gift Card
AMA-O8318,AMA-C5185,2024-05-20,Home & Kitchen,3,71.84,Shipped,Debit Card
AMA-O6344,AMA-C6640,22-Mar-2025,Home & Kitchen,5,142.12,Shipped,Amazon Pay
AMA-O8751,AMA-C2326,21-Feb-2024,Toys,3,87.97,Returned,UPI
AMA-O9699,AMA-C3753,2025-11-03,Toys,1,30.1,Returned,Gift Card
AMA-O10276,AMA-C4332,23-Jun-2024,Books,3,6.09,Returned,UPI
AMA-O12060,AMA-C3332,01/21/2025,Electronics,2,707.35,Cancelled,Gift Card
AMA-O8778,AMA-C1251,05-Jan-2024,Beauty,-1,61.56,Pending,Credit Card
AMA-O11207,AMA-C5039,2023-11-09,Home & Kitchen,1,39.78,Delivered,UPI
AMA-O11876,AMA-C9428,01/26/2024,Home & Kitchen,1,$22.72,Pending,Credit Card
AMA-O13559,AMA-C9558,2024-05-24,Electronics,4,491.86,Cancelled,Credit Card
AMA-O10465,AMA-C8274,17-Sep-2024,Sports & Outdoors,5,193.3,Cancelled,Gift Card
AMA-O14059,AMA-C7458,10/18/2025,Apparel,1,78.0,Delivered,Gift Card
AMA-O5236,AMA-C2636,2024-12-02,Electronics,1,770.69,Returned,UPI
AMA-O13801,AMA-C8016,05/03/2025,Grocery,2,20.82,Pending,Credit Card
AMA-O5280,AMA-C1328,04/30/2024,Electronics,4,796.2,Delivered,Debit Card
AMA-O13840,AMA-C7134,05-Jun-2023,Grocery,4,11.49,Delivered,Amazon Pay
AMA-O14013,AMA-C6893,05-Dec-2023,Home & Kitchen,5,$142.88,Delivered,Credit Card
AMA-O5994,AMA-C4708,07-Aug-2025,Grocery,5,46.23,Returned,Gift Card
AMA-O14612,AMA-C1279,11/30/2024,Books,4,28.54,Returned,Amazon Pay
AMA-O10984,AMA-C7255,03/20/2023,Beauty,2,76.37,Shipped,Amazon Pay
AMA-O5106,AMA-C10120,11/01/2024,Sports & Outdoors,5,76.58,Delivered,Credit Card
AMA-O10771,AMA-C10790,25-Jul-2025,Beauty,2,24.66,Cancelled,Amazon Pay
AMA-O10416,AMA-C7973,2024-09-09,Apparel,3,$78.37,Cancelled,Amazon Pay
AMA-O5120,AMA-C8148,26-Jul-2024,Beauty,5,80.02,Returned,UPI
AMA-O9393,AMA-C9688,08-Jun-2024,Toys,3,76.89,Delivered,Amazon Pay
AMA-O12919,AMA-C5977,2025-01-08,Beauty,1,$28.32,Cancelled,Gift Card
AMA-O6229,AMA-C8543,11/29/2023,Grocery,5,7.19,Delivered,Credit Card
AMA-O6620,AMA-C2700,2023-02-26,Beauty,1,69.42,Delivered,Amazon Pay
AMA-O8194,AMA-C9303,2023-09-08,Toys,1,$35.67,Shipped,Amazon Pay
AMA-O8144,AMA-C10423,03/06/2024,Apparel,3,33.08,Delivered,Gift Card
AMA-O9824,AMA-C1066,27-Jul-2023,Beauty,2,26.85,Returned,Credit Card
AMA-O10258,AMA-C1408,03-Aug-2025,Toys,4,86.93,Cancelled,UPI
AMA-O12672,AMA-C6621,02/27/2025,Grocery,5,32.67,Shipped,Debit Card
AMA-O9845,AMA-C8672,27-Oct-2025,Electronics,5,684.33,Pending,UPI
AMA-O11623,AMA-C3803,29-Aug-2023,Beauty,1,13.03,Pending,UPI
AMA-O7155,AMA-C9906,13-Jan-2024,Home & Kitchen,1,19.63,Delivered,Debit Card
AMA-O8126,AMA-C1345,02/09/2025,Beauty,3,58.08,Returned,Gift Card
AMA-O12429,AMA-C1693,01/15/2024,Beauty,2,56.61,Delivered,Amazon Pay
AMA-O14831,AMA-C9670,2023-03-15,Toys,3,33.58,Delivered,Amazon Pay
AMA-O10402,AMA-C5051,15-May-2025,Electronics,5,735.68,Pending,Gift Card
AMA-O13173,AMA-C1045,2023-05-08,Home & Kitchen,2,267.69,Delivered,Gift Card
AMA-O7907,AMA-C8925,2025-11-18,Grocery,4,54.54,Delivered,Gift Card
AMA-O13422,AMA-C9279,2025-01-15,Grocery,5,$25.15,Returned,Debit Card
AMA-O8500,AMA-C8959,02-May-2023,Electronics,1,687.96,Delivered,Debit Card
AMA-O9504,AMA-C3928,08/06/2025,Apparel,4,84.39,Delivered,UPI
AMA-O7023,AMA-C5057,2023-04-28,Grocery,1,$6.32,Returned,Gift Card
AMA-O13448,AMA-C10419,2023-01-04,Beauty,4,22.93,Cancelled,Debit Card
AMA-O6739,AMA-C10335,23-Feb-2024,Apparel,1,101.5,Delivered,Debit Card
AMA-O14101,AMA-C2440,28-May-2025,Home & Kitchen,1,118.43,Returned,Credit Card
AMA-O12552,AMA-C3818,03/29/2025,Electronics,4,$799.42,Delivered,Credit Card
AMA-O14543,AMA-C5601,2024-07-17,Sports & Outdoors,1,194.19,Shipped,Gift Card
AMA-O14518,AMA-C9886,05-Nov-2023,Grocery,3,8.32,Delivered,Amazon Pay
AMA-O11787,AMA-C4609,26-May-2025,Grocery,5,40.24,Returned,UPI
AMA-O9646,AMA-C8814,2025-10-07,Toys,2,$62.08,Returned,Credit Card
AMA-O6955,AMA-C4000,10-Nov-2023,Home & Kitchen,1,216.8,Returned,Credit Card
AMA-O9207,AMA-C4340,2025-08-26,Home & Kitchen,1,235.79,Delivered,Credit Card
AMA-O8225,AMA-C3066,27-Jul-2025,Toys,5,30.61,Delivered,UPI
AMA-O14486,AMA-C6423,04/27/2025,Toys,1,31.48,Delivered,Amazon Pay
AMA-O12244,AMA-C10203,04-May-2024,Home & Kitchen,5,87.41,Returned,Credit Card
AMA-O11398,AMA-C6608,2024-01-11,Electronics,2,509.01,Returned,UPI
AMA-O14404,AMA-C3499,07-Mar-2024,Grocery,3,23.24,Delivered,Debit Card
AMA-O9089,AMA-C7904,24-Sep-2025,Home & Kitchen,2,$177.76,Delivered,Debit Card
AMA-O13184,AMA-C5185,2023-02-01,Home & Kitchen,5,204.83,Delivered,UPI
AMA-O6651,AMA-C1219,11-Nov-2023,Sports & Outdoors,4,$195.33,Delivered,Gift Card
AMA-O11484,AMA-C8513,11-Sep-2025,Toys,5,26.69,Delivered,Debit Card
AMA-O14304,AMA-C4866,06/02/2024,Home & Kitchen,3,181.11,Shipped,Credit Card
AMA-O9775,AMA-C1316,05/18/2025,Sports & Outdoors,3,$81.11,Returned,Amazon Pay
AMA-O13264,AMA-C6355,2024-04-13,Electronics,4,423.17,Delivered,UPI
AMA-O10972,AMA-C8799,10-Jun-2023,Toys,5,68.87,Shipped,Amazon Pay
AMA-O11918,AMA-C8926,2025-09-16,Grocery,1,19.42,,Amazon Pay
AMA-O5107,AMA-C6553,12/22/2025,Books,1,31.29,Delivered,Credit Card
AMA-O12441,AMA-C4779,20-May-2023,Sports & Outdoors,4,206.22,,Gift Card
AMA-O7893,AMA-C2890,12/24/2024,Home & Kitchen,4,108.41,Delivered,Gift Card
AMA-O7687,AMA-C7592,09-Oct-2024,Sports & Outdoors,4,$41.66,Delivered,Amazon Pay
AMA-O11917,AMA-C8228,2025-11-17,Electronics,4,$527.97,Delivered,Amazon Pay
AMA-O7102,AMA-C8909,07-Mar-2025,Apparel,1,78.42,Pending,Debit Card
AMA-O9316,AMA-C10379,2023-08-01,Toys,5,48.29,Delivered,Debit Card
AMA-O7128,AMA-C4307,09/01/2025,Toys,3,71.77,Cancelled,Gift Card
AMA-O11772,AMA-C9999,2024-07-22,Electronics,5,779.64,Shipped,Credit Card
AMA-O13478,AMA-C9635,05/15/2025,Sports & Outdoors,5,154.52,Delivered,Amazon Pay
AMA-O12632,AMA-C9431,2023-04-22,Beauty,4,$47.55,Delivered,Gift Card
AMA-O6303,AMA-C2341,30-Nov-2023,Home & Kitchen,4,$270.06,Delivered,Amazon Pay
AMA-O13135,AMA-C4922,05/12/2025,Grocery,3,57.99,Delivered,Amazon Pay
AMA-O6682,AMA-C8117,2023-04-29,Electronics,5,$398.41,Shipped,Gift Card
AMA-O13851,AMA-C7739,07-May-2023,Beauty,5,$54.43,Pending,Gift Card
AMA-O12855,AMA-C4164,2025-06-16,Beauty,2,77.39,Cancelled,UPI
AMA-O8439,AMA-C4294,29-Oct-2024,Beauty,2,$41.69,Returned,Debit Card
AMA-O13153,AMA-C10375,2024-10-22,Toys,4,54.29,Shipped,UPI
AMA-O8952,AMA-C6572,2025-12-24,Grocery,3,28.44,Delivered,Gift Card
AMA-O6709,AMA-C6546,07/12/2023,Sports & Outdoors,5,124.7,Returned,Amazon Pay
AMA-O6441,AMA-C1644,08/20/2025,Home & Kitchen,3,$163.77,Delivered,Debit Card
AMA-O12044,AMA-C2426,2025-06-22,Grocery,1,43.19,Pending,Gift Card
AMA-O7591,AMA-C1015,2023-09-11,Electronics,5,601.83,Cancelled,Debit Card
AMA-O13768,AMA-C4406,02/02/2024,Toys,5,21.13,Returned,UPI
AMA-O5281,AMA-C8507,06/22/2024,Apparel,3,107.14,Returned,Amazon Pay
AMA-O10979,AMA-C9595,05-Apr-2025,Grocery,4,21.89,Delivered,Gift Card
AMA-O14937,AMA-C2772,06-Mar-2025,Home & Kitchen,4,247.36,Pending,UPI
AMA-O9990,AMA-C5410,16-Aug-2024,Grocery,5,36.25,Cancelled,Credit Card
AMA-O7012,AMA-C9529,05/06/2024,Toys,2,36.73,Delivered,Gift Card
AMA-O8029,AMA-C3205,21-Jan-2025,Electronics,5,224.31,Pending,Credit Card
AMA-O11629,AMA-C5408,11/11/2023,Books,4,34.95,Returned,UPI
AMA-O5908,AMA-C4902,2025-11-14,Electronics,4,377.11,Delivered,UPI
AMA-O12374,AMA-C9252,12/07/2025,Beauty,3,10.54,Pending,Debit Card
AMA-O7739,AMA-C6912,2025-07-22,Beauty,5,53.67,Delivered,Debit Card
AMA-O12337,AMA-C8046,04-Jun-2024,Toys,2,51.8,Returned,Debit Card
AMA-O14396,AMA-C2749,02/15/2025,Home & Kitchen,5,$251.37,Delivered,UPI
AMA-O14443,AMA-C1305,17-Jan-2024,Sports & Outdoors,3,52.3,Shipped,Credit Card
AMA-O11327,AMA-C5101,10/11/2023,Home & Kitchen,5,96.33,Delivered,UPI
AMA-O11053,AMA-C3686,04/20/2023,Electronics,5,$101.28,Delivered,Debit Card
AMA-O8486,AMA-C6793,12/16/2025,Electronics,2,$695.99,Delivered,Amazon Pay
AMA-O7068,AMA-C10767,09/26/2023,Electronics,4,467.63,Delivered,UPI
AMA-O9611,AMA-C8384,2025-04-24,Sports & Outdoors,4,226.56,Pending,Debit Card
AMA-O11325,AMA-C5825,11/29/2023,Toys,4,19.63,Shipped,Credit Card
AMA-O6134,AMA-C5807,2025-06-21,Toys,4,44.62,Delivered,UPI
AMA-O14794,AMA-C5190,2025-11-30,Toys,1,35.08,Delivered,Gift Card
AMA-O6592,AMA-C8983,2023-02-18,Home & Kitchen,2,93.94,Delivered,UPI
AMA-O8743,AMA-C10824,03/30/2025,Toys,1,54.04,,Debit Card
AMA-O7722,AMA-C7666,22-Dec-2025,Grocery,4,$22.94,Delivered,UPI
AMA-O13573,AMA-C2072,08/27/2025,Home & Kitchen,5,108.65,Delivered,Debit Card
AMA-O12161,AMA-C1151,19-Apr-2024,Apparel,5,118.6,Returned,Debit Card
AMA-O10492,AMA-C2699,2024-01-30,Home & Kitchen,1,60.34,Returned,Credit Card
AMA-O9418,AMA-C3657,03/29/2025,Sports & Outdoors,4,166.66,Shipped,UPI
AMA-O6878,AMA-C3615,2025-06-11,Toys,1,$34.89,Delivered,Gift Card
AMA-O8964,AMA-C3823,2023-03-15,Electronics,4,471.63,Shipped,Credit Card
AMA-O7612,AMA-C9604,2024-02-19,Books,4,$19.51,Cancelled,Amazon Pay
AMA-O9538,AMA-C10461,19-Dec-2023,Sports & Outdoors,2,24.79,Pending,Debit Card
AMA-O8789,AMA-C9732,2024-03-05,Grocery,3,21.04,Delivered,Amazon Pay
AMA-O7798,AMA-C4365,27-Oct-2023,Books,4,20.55,Returned,Gift Card
AMA-O9753,AMA-C10774,2023-05-08,Sports & Outdoors,4,11.38,Delivered,Gift Card
AMA-O8409,AMA-C1194,01-Mar-2023,Books,2,14.49,Cancelled,Gift Card
AMA-O11928,AMA-C7729,02-Nov-2024,Books,3,$17.02,Delivered,Credit Card
AMA-O6472,AMA-C1811,03/29/2023,Electronics,2,789.95,Returned,Credit Card
AMA-O8230,AMA-C7201,2023-11-24,Toys,5,46.26,Delivered,UPI
AMA-O11081,AMA-C9543,2024-05-18,Electronics,2,511.36,Returned,UPI
AMA-O5570,AMA-C10518,17-Jun-2024,Electronics,1,$283.46,Delivered,Debit Card
AMA-O8569,AMA-C9298,24-Sep-2023,Home & Kitchen,2,295.36,Delivered,Credit Card
AMA-O13209,AMA-C6297,05/16/2025,Books,2,10.2,Delivered,Debit Card
AMA-O14066,AMA-C6898,19-May-2023,Home & Kitchen,1,36.89,Pending,UPI
AMA-O8706,AMA-C3744,12-Mar-2023,Books,1,12.07,Returned,Debit Card
AMA-O12157,AMA-C6464,2025-07-16,Apparel,4,37.63,Delivered,UPI
AMA-O13690,AMA-C2001,2023-01-20,Home & Kitchen,1,248.68,Cancelled,Credit Card
AMA-O8088,AMA-C4729,18-Feb-2025,Sports & Outdoors,4,23.64,Delivered,Gift Card
AMA-O12890,AMA-C6245,01/21/2024,Toys,3,$13.11,Delivered,Debit Card
AMA-O9364,AMA-C1179,22-May-2025,Beauty,1,77.65,Pending,Debit Card
AMA-O6718,AMA-C3035,2025-05-13,Beauty,1,77.82,Delivered,Gift Card
AMA-O6565,AMA-C6544,2023-04-21,Home & Kitchen,4,285.4,Cancelled,Debit Card
AMA-O10073,AMA-C10139,2024-12-26,Apparel,1,51.5,Delivered,UPI
AMA-O9545,AMA-C5988,12-Aug-2023,Apparel,3,$27.18,Shipped,Gift Card
AMA-O10399,AMA-C2301,12/19/2025,Toys,2,53.97,Cancelled,Credit Card
AMA-O11390,AMA-C4862,05/10/2025,Grocery,1,51.16,Cancelled,Debit Card
AMA-O7653,AMA-C10754,25-Nov-2024,Electronics,3,177.88,Pending,Debit Card
AMA-O11277,AMA-C1260,01/03/2024,Grocery,2,14.6,Cancelled,Gift Card
AMA-O5181,AMA-C6894,06/18/2025,Books,3,36.2,Cancelled,Gift Card
AMA-O11966,AMA-C5935,25-Jul-2023,Beauty,2,55.96,Delivered,Credit Card
AMA-O11566,AMA-C3899,01/09/2023,Beauty,2,53.96,Delivered,Amazon Pay
AMA-O11515,AMA-C7841,02/04/2023,Sports & Outdoors,1,$171.98,Delivered,Amazon Pay
AMA-O10281,AMA-C5665,26-Feb-2023,Toys,3,85.08,Pending,Amazon Pay
AMA-O14042,AMA-C10943,09-Feb-2025,Beauty,4,85.11,Delivered,UPI
AMA-O12216,AMA-C6327,2024-07-07,Home & Kitchen,5,207.88,Delivered,UPI
AMA-O7879,AMA-C6821,22-Jun-2025,Sports & Outdoors,1,17.75,Delivered,Amazon Pay
AMA-O5855,AMA-C10927,12/16/2025,Grocery,3,51.15,Delivered,Gift Card
AMA-O10463,AMA-C9997,13-Sep-2024,Sports & Outdoors,5,$12.24,Cancelled,Amazon Pay
AMA-O7501,AMA-C7802,2025-03-30,Home & Kitchen,3,70.77,Delivered,Gift Card
AMA-O8216,AMA-C10540,18-Nov-2024,Home & Kitchen,5,$88.70,Delivered,Credit Card
AMA-O10806,AMA-C7228,2025-01-24,Electronics,5,482.07,Pending,UPI
AMA-O9535,AMA-C6079,2024-07-24,Home & Kitchen,1,212.64,Returned,Amazon Pay
AMA-O5397,AMA-C6794,2025-03-31,Apparel,2,$77.96,Shipped,Amazon Pay
AMA-O11658,AMA-C3091,29-Jun-2025,Beauty,2,7.95,Cancelled,Gift Card
AMA-O14266,AMA-C4880,03/05/2023,Apparel,4,103.09,Delivered,Debit Card
AMA-O13590,AMA-C1713,2023-04-30,Toys,1,83.36,Delivered,Credit Card
AMA-O13712,AMA-C7021,2024-05-02,Books,1,$6.23,Shipped,Credit Card
AMA-O13403,AMA-C1161,11-Oct-2023,Grocery,1,17.63,Pending,UPI
AMA-O9571,AMA-C10617,06/18/2023,Electronics,3,$75.20,Delivered,UPI
AMA-O8120,AMA-C9656,05-Mar-2025,Grocery,4,52.93,Shipped,UPI
AMA-O8902,AMA-C9687,08/10/2023,Sports & Outdoors,4,150.08,Shipped,Amazon Pay
AMA-O8520,AMA-C6647,11/26/2025,Sports & Outdoors,2,167.84,Returned,UPI
AMA-O10000,AMA-C3592,19-Dec-2024,Electronics,5,111.34,Pending,UPI
AMA-O14027,AMA-C8034,2023-04-09,Apparel,3,23.66,Delivered,UPI
AMA-O14599,AMA-C3591,29-Mar-2023,Toys,2,$80.21,Delivered,Credit Card
AMA-O12519,AMA-C9564,06/07/2025,Home & Kitchen,1,129.07,Delivered,Debit Card
AMA-O11842,AMA-C2644,2025-10-07,Electronics,1,793.52,Shipped,UPI
AMA-O12657,AMA-C3985,02-Nov-2023,Electronics,3,79.98,Delivered,Credit Card
AMA-O11733,AMA-C10417,06/23/2024,Toys,3,7.93,Pending,Credit Card
AMA-O5312,AMA-C10820,2024-10-01,Sports & Outdoors,2,245.97,Delivered,Gift Card
AMA-O10095,AMA-C2503,2023-08-20,Books,5,38.98,Shipped,UPI
AMA-O14828,AMA-C3350,07/20/2023,Beauty,5,$80.95,Cancelled,UPI
AMA-O10917,AMA-C3295,09/19/2023,Apparel,2,10.58,Delivered,Amazon Pay
AMA-O11664,AMA-C4841,01/19/2025,Electronics,2,395.48,Pending,Amazon Pay
AMA-O5898,AMA-C3259,20-Jan-2025,Apparel,1,96.83,Delivered,Credit Card
AMA-O9902,AMA-C3196,2023-03-27,Apparel,1,112.08,Cancelled,Amazon Pay
AMA-O14270,AMA-C10519,2023-09-11,Sports & Outdoors,2,204.23,Cancelled,Gift Card
AMA-O11123,AMA-C6796,03/27/2024,Apparel,5,17.65,Cancelled,Credit Card
AMA-O6877,AMA-C7091,04/19/2024,Books,4,25.85,Delivered,Gift Card
AMA-O10527,AMA-C5064,03-Dec-2024,Books,5,17.18,Delivered,Credit Card
AMA-O6308,AMA-C9291,2023-01-01,Beauty,5,36.58,,Credit Card
AMA-O9187,AMA-C3242,27-Apr-2023,Electronics,-3,236.69,Pending,Credit Card
AMA-O9199,AMA-C8414,2024-07-14,Grocery,3,45.16,Delivered,Debit Card
AMA-O8575,AMA-C4264,27-Jan-2023,Electronics,5,762.31,Returned,Gift Card
AMA-O9355,AMA-C1396,22-Sep-2024,Sports & Outdoors,1,143.44,Returned,UPI
AMA-O14407,AMA-C6491,12-Apr-2024,Electronics,5,372.62,Delivered,Debit Card
AMA-O6479,AMA-C4479,02/26/2023,Grocery,4,7.33,Pending,Gift Card
AMA-O8152,AMA-C8998,02/03/2024,Beauty,5,$51.42,Shipped,Gift Card
AMA-O10953,AMA-C1233,19-Feb-2023,Apparel,2,111.05,Cancelled,Credit Card
AMA-O8890,AMA-C1111,05/15/2023,Beauty,3,$62.26,Delivered,Debit Card
AMA-O13982,AMA-C3903,31-Dec-2024,Grocery,1,32.67,Returned,Amazon Pay
AMA-O10436,AMA-C4640,2024-08-07,Sports & Outdoors,1,236.39,Cancelled,Debit Card
AMA-O10797,AMA-C4524,05/10/2023,Home & Kitchen,1,259.34,Delivered,Gift Card
AMA-O14406,AMA-C6359,06-Aug-2025,Electronics,3,$258.59,Shipped,Debit Card
AMA-O6511,AMA-C8184,13-Mar-2024,Grocery,3,40.51,Returned,Debit Card
AMA-O13335,AMA-C7643,2024-12-24,Electronics,4,584.76,Shipped,UPI
AMA-O11944,AMA-C1059,2025-02-23,Beauty,3,78.86,Pending,Amazon Pay
AMA-O12963,AMA-C8954,2023-10-19,Grocery,3,48.44,Delivered,Credit Card
AMA-O10126,AMA-C2640,08-Jul-2025,Electronics,2,123.2,Delivered,UPI
AMA-O10958,AMA-C1109,2025-01-06,Sports & Outdoors,5,222.37,Delivered,UPI
AMA-O12466,AMA-C10142,2024-06-15,Apparel,2,71.12,Shipped,Amazon Pay
AMA-O11840,AMA-C9999,11-Jul-2023,Toys,4,85.44,Returned,UPI
AMA-O12262,AMA-C6317,2024-02-15,Toys,1,$46.86,Delivered,Gift Card
AMA-O7682,AMA-C1071,08-Feb-2023,Beauty,5,40.31,Delivered,UPI
AMA-O7602,AMA-C6975,2023-09-03,Toys,4,63.2,Delivered,Debit Card
AMA-O11360,AMA-C5738,17-Aug-2024,Apparel,2,54.68,Delivered,Amazon Pay
AMA-O11125,AMA-C9479,09/10/2025,Toys,2,70.39,Delivered,Debit Card
AMA-O8418,AMA-C3876,12/25/2024,Beauty,4,$86.44,Pending,Debit Card
AMA-O5801,AMA-C7502,2024-03-20,Beauty,1,40.45,Pending,UPI
AMA-O13037,AMA-C1771,01/25/2024,Toys,5,6.57,Returned,Amazon Pay
AMA-O8667,AMA-C9686,19-Jul-2024,Books,3,$37.67,Shipped,UPI
AMA-O9979,AMA-C8914,2025-06-14,Apparel,3,100.16,Shipped,Gift Card
AMA-O11612,AMA-C5659,08/07/2025,Toys,3,$30.09,Pending,Credit Card
AMA-O12804,AMA-C7888,05/02/2023,Sports & Outdoors,5,45.39,Delivered,Gift Card
AMA-O13168,AMA-C8577,15-Jan-2024,Home & Kitchen,2,$63.13,Pending,UPI
AMA-O13014,AMA-C9370,03/13/2024,Books,3,11.85,Shipped,Debit Card
AMA-O5771,AMA-C4762,2025-10-14,Beauty,4,35.09,Delivered,Gift Card
AMA-O10830,AMA-C2925,08-Jun-2025,Books,1,29.44,Delivered,Debit Card
AMA-O10546,AMA-C3287,2023-06-21,Apparel,2,$14.28,Returned,UPI
AMA-O14154,AMA-C9999,2025-07-01,Sports & Outdoors,5,$32.72,Shipped,Credit Card
AMA-O13365,AMA-C9222,13-Aug-2024,Grocery,5,24.97,Delivered,UPI
AMA-O6749,AMA-C7732,2025-09-03,Toys,2,78.81,Pending,UPI
AMA-O12373,AMA-C7472,2025-04-02,Sports & Outdoors,1,68.11,Shipped,Gift Card
AMA-O7680,AMA-C10715,14-Nov-2025,Electronics,5,154.26,Pending,Debit Card
AMA-O10151,AMA-C6363,06/08/2024,Toys,2,76.46,Cancelled,Debit Card
AMA-O6528,AMA-C1631,07/20/2023,Toys,3,61.92,Delivered,UPI
AMA-O5023,AMA-C10597,18-Jan-2024,Beauty,3,75.57,Cancelled,Amazon Pay
AMA-O14347,AMA-C1931,02/14/2024,Toys,5,11.94,Cancelled,Debit Card
AMA-O5854,AMA-C1830,24-Apr-2024,Sports & Outdoors,1,147.97,Delivered,Gift Card
AMA-O10467,AMA-C3742,06/10/2025,Sports & Outdoors,2,132.06,Delivered,UPI
AMA-O13861,AMA-C9555,2024-12-20,Home & Kitchen,4,135.4,Delivered,Amazon Pay
AMA-O12038,AMA-C9715,2023-03-25,Sports & Outdoors,2,160.46,Delivered,Amazon Pay
AMA-O14063,AMA-C5408,09-Dec-2023,Toys,4,30.12,,Gift Card
AMA-O11477,AMA-C6460,2024-02-09,Beauty,4,55.86,Delivered,Amazon Pay
AMA-O10952,AMA-C2112,2023-01-27,Toys,5,70.47,Delivered,Gift Card
AMA-O13283,AMA-C5575,2023-01-25,Apparel,4,42.05,Shipped,Debit Card
AMA-O8352,AMA-C1872,09/13/2024,Sports & Outdoors,4,247.31,Delivered,Gift Card
AMA-O8380,AMA-C9536,07/21/2025,Toys,5,$98.39,Pending,Credit Card
AMA-O14326,AMA-C8259,10-Feb-2025,Apparel,4,119.06,Delivered,Amazon Pay
AMA-O8889,AMA-C7286,2023-12-13,Beauty,-1,74.44,Cancelled,Gift Card
AMA-O11983,AMA-C10843,2023-11-13,Grocery,3,$10.12,Pending,Gift Card
AMA-O11458,AMA-C9790,14-Apr-2024,Books,5,22.0,Returned,Debit Card
AMA-O7251,AMA-C3815,2023-04-23,Grocery,5,37.31,Delivered,UPI
AMA-O9667,AMA-C3304,14-Jun-2024,Electronics,3,173.13,Cancelled,Amazon Pay
AMA-O5845,AMA-C2333,11-Nov-2024,Sports & Outdoors,1,154.84,Pending,Amazon Pay
AMA-O10100,AMA-C10739,07-Jan-2023,Apparel,2,109.58,Pending,Gift Card
AMA-O14391,AMA-C1921,2023-06-20,Books,4,39.74,Delivered,Debit Card
AMA-O12030,AMA-C6483,22-Feb-2024,Electronics,1,244.81,Shipped,Gift Card
AMA-O5145,AMA-C2907,03/06/2025,Apparel,4,23.46,Shipped,Gift Card
AMA-O11329,AMA-C8552,07/31/2023,Grocery,4,58.4,Delivered,UPI
AMA-O7573,AMA-C9970,12/13/2023,Books,3,8.41,Shipped,UPI
AMA-O10212,AMA-C1121,2025-09-11,Grocery,3,$57.12,Returned,Credit Card
AMA-O14631,AMA-C2506,12/10/2023,Toys,1,73.91,Cancelled,Gift Card
AMA-O13380,AMA-C9281,09/27/2024,Apparel,5,81.45,Delivered,Gift Card
AMA-O13991,AMA-C10171,2025-05-22,Electronics,2,552.35,Returned,Gift Card
AMA-O7967,AMA-C3627,30-Mar-2023,Beauty,2,53.66,Returned,Gift Card
AMA-O5321,AMA-C9444,2023-08-24,Sports & Outdoors,4,159.2,Delivered,UPI
AMA-O14574,AMA-C10616,2023-06-05,Beauty,2,43.23,Pending,Amazon Pay
AMA-O12823,AMA-C6159,08-Jan-2023,Books,1,$37.91,Cancelled,Debit Card
AMA-O6713,AMA-C6665,28-Jan-2024,Toys,1,$72.70,Shipped,Debit Card
AMA-O7568,AMA-C6784,01/27/2024,Beauty,3,13.14,Delivered,UPI
AMA-O10752,AMA-C8947,25-Jun-2023,Grocery,2,40.15,Pending,Credit Card
AMA-O11497,AMA-C9592,02/20/2025,Toys,5,$31.31,Delivered,Amazon Pay
AMA-O12797,AMA-C10765,10/28/2025,Apparel,4,48.55,Returned,Amazon Pay
AMA-O6522,AMA-C4489,2023-04-25,Sports & Outdoors,3,200.16,Cancelled,Debit Card
AMA-O7647,AMA-C6277,30-Nov-2023,Grocery,5,19.21,Cancelled,UPI
AMA-O10334,AMA-C9425,2024-11-01,Grocery,2,52.14,Shipped,Credit Card
AMA-O9129,AMA-C5024,01-Feb-2024,Books,1,$32.49,Cancelled,Amazon Pay
AMA-O6988,AMA-C4216,2024-02-09,Toys,5,$34.06,Delivered,Gift Card
AMA-O10799,AMA-C9779,2025-07-31,Grocery,3,55.55,Delivered,Debit Card
AMA-O9286,AMA-C10677,2023-05-06,Sports & Outdoors,4,194.92,Cancelled,UPI
AMA-O13414,AMA-C1276,12/28/2023,Toys,5,38.71,Delivered,Credit Card
AMA-O9222,AMA-C7202,26-May-2024,Beauty,-3,39.75,Delivered,UPI
AMA-O12669,AMA-C10053,08/03/2023,Beauty,4,39.9,Delivered,Amazon Pay
AMA-O13717,AMA-C7897,10/27/2025,Toys,1,99.58,Delivered,Credit Card
AMA-O12568,AMA-C8821,2024-09-02,Books,3,$17.84,Cancelled,Amazon Pay
AMA-O7463,AMA-C10105,10/21/2025,Sports & Outdoors,1,197.21,Pending,Credit Card
AMA-O8493,AMA-C10106,04-Jul-2024,Sports & Outdoors,1,206.93,Returned,Debit Card
AMA-O10731,AMA-C6571,13-Apr-2023,Apparel,3,45.08,Returned,Credit Card
AMA-O10488,AMA-C2564,25-Feb-2023,Home & Kitchen,3,187.46,Delivered,Debit Card
AMA-O6699,AMA-C2017,02/19/2024,Home & Kitchen,2,$52.26,Delivered,Gift Card
AMA-O5972,AMA-C3569,03/04/2023,Toys,2,95.34,Delivered,Amazon Pay
AMA-O5161,AMA-C10143,06-Nov-2024,Sports & Outdoors,2,185.43,,Credit Card
AMA-O10405,AMA-C9674,14-Nov-2024,Home & Kitchen,1,51.26,Pending,UPI
AMA-O7428,AMA-C3754,14-Jan-2025,Books,4,18.03,Pending,Debit Card
AMA-O13217,AMA-C3091,26-Jul-2023,Grocery,2,$6.39,Shipped,Gift Card
AMA-O8745,AMA-C6773,10/11/2024,Toys,1,22.64,Delivered,Debit Card
AMA-O12123,AMA-C3647,2025-06-22,Home & Kitchen,5,$149.99,Delivered,Amazon Pay
AMA-O6274,AMA-C4927,03/23/2024,Grocery,2,12.82,Delivered,Credit Card
AMA-O10494,AMA-C3193,2025-02-20,Home & Kitchen,2,$75.36,Returned,UPI
AMA-O6977,AMA-C4723,15-Aug-2024,Books,1,13.04,Returned,Amazon Pay
AMA-O6529,AMA-C2247,27-Jun-2024,Toys,2,58.07,Shipped,Credit Card
AMA-O14316,AMA-C6072,2023-07-21,Beauty,4,49.34,Delivered,Amazon Pay
AMA-O6070,AMA-C4464,12/15/2025,Apparel,1,119.02,Delivered,Amazon Pay
AMA-O11662,AMA-C10967,28-May-2024,Apparel,4,$53.03,Delivered,UPI
AMA-O14121,AMA-C8963,01/14/2023,Electronics,1,297.44,Delivered,Credit Card
AMA-O11336,AMA-C10938,11/02/2024,Books,2,12.92,Delivered,Credit Card
AMA-O11953,AMA-C7634,03/31/2024,Apparel,3,79.16,Shipped,Amazon Pay
AMA-O11667,AMA-C4723,2024-08-12,Grocery,2,6.68,Pending,Gift Card
AMA-O8180,AMA-C5231,01-Oct-2024,Toys,2,81.13,Shipped,Debit Card
AMA-O14568,AMA-C8888,04-Dec-2023,Books,4,25.65,Returned,Credit Card
AMA-O6031,AMA-C1958,27-Dec-2023,Beauty,1,83.17,Cancelled,UPI
AMA-O11616,AMA-C3440,06/16/2023,Sports & Outdoors,2,58.08,,Debit Card
AMA-O8296,AMA-C6872,2025-06-06,Beauty,3,58.81,Delivered,UPI
AMA-O14469,AMA-C10469,01/22/2023,Apparel,1,68.18,Cancelled,UPI
AMA-O7214,AMA-C1572,2025-03-11,Grocery,4,$16.12,Cancelled,Amazon Pay
AMA-O8494,AMA-C4745,2025-03-12,Apparel,2,58.03,Delivered,UPI
AMA-O7769,AMA-C9046,2025-12-10,Toys,2,8.89,Pending,Debit Card
AMA-O14845,AMA-C1183,2025-03-29,Sports & Outdoors,2,208.29,Pending,Amazon Pay
AMA-O13635,AMA-C6557,12/05/2025,Home & Kitchen,3,147.99,Shipped,Amazon Pay
AMA-O6920,AMA-C6536,05/11/2024,Apparel,5,81.44,Shipped,Amazon Pay
AMA-O13485,AMA-C10427,30-Jul-2024,Sports & Outdoors,4,112.53,Delivered,UPI
AMA-O13269,AMA-C5323,22-Jan-2025,Electronics,2,480.47,Returned,UPI
AMA-O12179,AMA-C9076,05/17/2023,Home & Kitchen,2,$183.00,Delivered,Gift Card
AMA-O13352,AMA-C8797,05/07/2024,Grocery,1,13.03,Pending,UPI
AMA-O9496,AMA-C1552,2024-08-16,Beauty,4,$57.18,Pending,Credit Card
AMA-O8719,AMA-C8019,26-May-2023,Grocery,5,$47.64,Returned,Credit Card
AMA-O10413,AMA-C7677,2024-10-31,Home & Kitchen,3,239.6,Pending,Amazon Pay
AMA-O8377,AMA-C3017,10/08/2024,Toys,4,9.72,Returned,Credit Card
AMA-O13604,AMA-C4575,04/28/2024,Sports & Outdoors,3,$80.72,Pending,Credit Card
AMA-O12000,AMA-C4799,2025-05-01,Grocery,1,50.22,Cancelled,UPI
AMA-O11780,AMA-C8559,09/27/2024,Beauty,5,47.71,Returned,Amazon Pay
AMA-O14934,AMA-C3684,2023-08-13,Books,2,20.0,Delivered,Credit Card
AMA-O12661,AMA-C10983,2023-01-20,Apparel,2,99.79,Pending,UPI
AMA-O5817,AMA-C1258,2023-08-11,Sports & Outdoors,2,16.48,Shipped,Credit Card
AMA-O9428,AMA-C1587,22-Jul-2024,Toys,1,68.63,Delivered,Debit Card
AMA-O6372,AMA-C1623,2023-03-14,Sports & Outdoors,4,141.52,,UPI
AMA-O12500,AMA-C7069,2025-05-25,Toys,5,99.71,Delivered,Debit Card
AMA-O12343,AMA-C2181,06/16/2023,Beauty,4,$79.02,Returned,Amazon Pay
AMA-O8277,AMA-C4591,2023-10-22,Home & Kitchen,2,178.1,Cancelled,Debit Card
AMA-O12263,AMA-C2443,20-Oct-2025,Sports & Outdoors,3,$71.15,Delivered,Credit Card
AMA-O9046,AMA-C3552,2023-06-15,Home & Kitchen,3,174.21,Returned,Amazon Pay
AMA-O12331,AMA-C1649,06/09/2023,Home & Kitchen,4,69.78,Pending,Credit Card
AMA-O7453,AMA-C7940,02/28/2025,Books,3,39.78,Delivered,Amazon Pay
AMA-O14748,AMA-C5194,2023-03-10,Home & Kitchen,5,70.16,Delivered,UPI
AMA-O10585,AMA-C5908,05/17/2023,Electronics,2,152.55,Delivered,Gift Card
AMA-O11516,AMA-C6923,02/15/2025,Grocery,2,$46.32,Returned,UPI
AMA-O6597,AMA-C3806,07-Jun-2023,Grocery,2,11.7,Delivered,UPI
AMA-O14008,AMA-C6248,10/13/2025,Electronics,5,83.83,Delivered,Credit Card
AMA-O14545,AMA-C5240,05-Mar-2023,Home & Kitchen,4,176.85,Delivered,UPI
AMA-O13308,AMA-C4541,09/18/2024,Toys,3,39.5,Pending,Gift Card
AMA-O8148,AMA-C10746,13-Aug-2025,Electronics,3,87.33,Pending,Credit Card
AMA-O9867,AMA-C4083,03/01/2025,Electronics,4,275.36,Shipped,UPI
AMA-O9520,AMA-C1893,04-Feb-2024,Beauty,2,76.27,Pending,Debit Card
AMA-O12458,AMA-C1767,2025-09-08,Toys,3,7.19,Delivered,Gift Card
AMA-O13274,AMA-C9381,31-May-2025,Books,5,8.06,Returned,Gift Card
AMA-O12973,AMA-C9817,2025-04-22,Grocery,2,38.46,Delivered,Credit Card
AMA-O7202,AMA-C9999,2025-02-20,Beauty,5,40.13,Delivered,Credit Card
AMA-O9509,AMA-C7269,19-Jul-2023,Grocery,2,22.94,Pending,UPI
AMA-O14232,AMA-C9111,2023-04-23,Sports & Outdoors,1,$84.98,Returned,Gift Card
AMA-O7277,AMA-C6764,2024-11-22,Home & Kitchen,5,46.28,Pending,Credit Card
AMA-O12624,AMA-C9999,2023-11-09,Sports & Outdoors,2,203.92,Pending,Gift Card
AMA-O9119,AMA-C4600,06-Mar-2025,Home & Kitchen,2,204.4,Returned,Gift Card
AMA-O14864,AMA-C7559,08-Apr-2025,Grocery,1,4.47,Delivered,UPI
AMA-O9959,AMA-C7916,15-Feb-2024,Home & Kitchen,1,$226.13,Shipped,Amazon Pay
AMA-O14161,AMA-C4070,2024-11-15,Sports & Outdoors,1,188.16,Returned,Amazon Pay
AMA-O12681,AMA-C1081,2025-05-03,Apparel,2,39.25,Delivered,Debit Card
AMA-O5736,AMA-C6022,2023-06-08,Books,5,16.9,Shipped,UPI
AMA-O5625,AMA-C3244,12/09/2025,Home & Kitchen,2,$66.58,Pending,Credit Card
AMA-O6251,AMA-C7783,13-Aug-2025,Books,2,13.79,,UPI
AMA-O11349,AMA-C1498,13-Aug-2023,Toys,3,35.71,Delivered,Credit Card
AMA-O10450,AMA-C7739,2025-08-07,Sports & Outdoors,5,116.43,Delivered,UPI
AMA-O11168,AMA-C8112,17-Mar-2025,Books,5,14.49,Delivered,Amazon Pay
AMA-O8509,AMA-C9999,08/03/2023,Beauty,5,56.62,Delivered,UPI
AMA-O13500,AMA-C3242,30-Sep-2023,Sports & Outdoors,2,20.38,Cancelled,Amazon Pay
AMA-O8081,AMA-C9435,11-Feb-2024,Grocery,2,$4.37,Returned,Debit Card
AMA-O9819,AMA-C3032,07-Jul-2025,Toys,3,6.92,Returned,Gift Card
AMA-O14330,AMA-C4472,2023-04-10,Sports & Outdoors,3,23.95,Shipped,UPI
AMA-O5505,AMA-C8889,08-Sep-2024,Grocery,2,30.11,Cancelled,Amazon Pay
AMA-O9486,AMA-C4340,03/07/2023,Home & Kitchen,5,149.58,Pending,Amazon Pay
AMA-O9856,AMA-C1457,04-Jun-2025,Apparel,3,$23.41,Delivered,UPI
AMA-O6051,AMA-C1726,12/27/2023,Home & Kitchen,2,67.65,Cancelled,Amazon Pay
AMA-O7296,AMA-C9145,12-Apr-2025,Books,5,24.93,Pending,Amazon Pay
AMA-O13175,AMA-C9934,08-Dec-2025,Electronics,3,550.46,Delivered,Amazon Pay
AMA-O7944,AMA-C2203,06/26/2024,Toys,4,75.86,Pending,Debit Card
AMA-O5946,AMA-C7890,10/31/2025,Grocery,2,22.56,Delivered,Credit Card
AMA-O7994,AMA-C2309,29-Dec-2024,Toys,2,14.75,,Debit Card
AMA-O9848,AMA-C2563,2024-07-28,Apparel,4,$72.45,Delivered,Amazon Pay
AMA-O11290,AMA-C10226,2025-12-01,Electronics,4,$490.77,Delivered,Credit Card
AMA-O14281,AMA-C2281,09-Apr-2023,Books,2,8.64,Delivered,Amazon Pay
AMA-O11520,AMA-C3921,22-Jul-2023,Electronics,1,$244.62,Cancelled,Amazon Pay
AMA-O8992,AMA-C7045,2025-08-12,Sports & Outdoors,4,175.67,Delivered,UPI
AMA-O6763,AMA-C3441,01/30/2024,Beauty,1,$72.89,Pending,Debit Card
AMA-O12094,AMA-C9999,02-Oct-2024,Sports & Outdoors,4,75.95,Shipped,Gift Card
AMA-O13193,AMA-C7564,03/10/2024,Apparel,5,$67.80,Returned,Amazon Pay
AMA-O5415,AMA-C9417,2025-03-14,Home & Kitchen,5,149.52,Cancelled,Debit Card
AMA-O10062,AMA-C6791,06/13/2023,Grocery,2,20.03,Shipped,UPI
AMA-O8183,AMA-C8749,2024-04-01,Home & Kitchen,3,48.49,Delivered,UPI
AMA-O5531,AMA-C1114,2023-05-03,Home & Kitchen,1,163.23,Delivered,Credit Card
AMA-O12846,AMA-C7659,2024-10-15,Home & Kitchen,1,92.26,Delivered,UPI
AMA-O12132,AMA-C10825,2023-07-10,Grocery,5,44.56,Cancelled,Debit Card
AMA-O14622,AMA-C7225,2024-05-04,Apparel,1,$47.47,Delivered,Gift Card
AMA-O10505,AMA-C2833,12/05/2025,Apparel,4,33.88,Returned,Debit Card
AMA-O12088,AMA-C2940,02/25/2023,Toys,2,$43.94,Shipped,Amazon Pay
AMA-O10844,AMA-C9999,09-Oct-2024,Books,1,7.1,Pending,Credit Card
AMA-O11389,AMA-C10966,2023-06-09,Apparel,5,70.84,Pending,UPI
AMA-O10543,AMA-C6076,26-Oct-2024,Beauty,3,8.95,Returned,Debit Card
AMA-O10657,AMA-C8862,2024-09-16,Sports & Outdoors,1,44.02,Shipped,UPI
AMA-O9223,AMA-C5962,11/26/2024,Home & Kitchen,2,50.33,Delivered,Debit Card
AMA-O7394,AMA-C7936,2023-05-17,Beauty,1,35.44,Delivered,Credit Card
AMA-O7728,AMA-C4393,10-Apr-2025,Toys,2,17.18,Returned,UPI
AMA-O14040,AMA-C10338,29-Jan-2025,Home & Kitchen,3,187.65,Delivered,Debit Card
AMA-O6902,AMA-C3340,2025-02-21,Toys,4,19.16,Shipped,Credit Card
AMA-O11754,AMA-C1970,03/26/2023,Apparel,2,$89.97,Pending,UPI
AMA-O14863,AMA-C3366,25-Sep-2023,Books,1,$39.99,Pending,Amazon Pay
AMA-O12469,AMA-C2832,11/30/2024,Books,5,6.55,Pending,UPI
AMA-O8573,AMA-C10120,04/10/2025,Toys,2,58.63,Delivered,UPI
AMA-O11736,AMA-C4553,2023-03-28,Electronics,5,367.72,Delivered,UPI
AMA-O10033,AMA-C6968,05/30/2024,Apparel,1,23.78,Cancelled,Credit Card
AMA-O10739,AMA-C4046,13-May-2023,Apparel,1,$113.70,Shipped,Debit Card
AMA-O12670,AMA-C8932,2025-11-27,Sports & Outdoors,2,231.02,Cancelled,UPI
AMA-O14720,AMA-C3962,05/29/2023,Grocery,2,$10.78,Returned,Amazon Pay
AMA-O5465,AMA-C7777,21-Sep-2025,Books,3,32.99,Delivered,Credit Card
AMA-O6779,AMA-C5828,29-Aug-2024,Books,1,$6.33,Delivered,UPI
AMA-O12029,AMA-C9606,2024-11-15,Grocery,1,28.56,Shipped,Credit Card
AMA-O6789,AMA-C5045,2024-06-29,Electronics,3,$592.59,Pending,Amazon Pay
AMA-O12446,AMA-C2631,08/20/2024,Home & Kitchen,4,100.44,Delivered,UPI
AMA-O12642,AMA-C6601,2023-03-18,Apparel,5,38.81,Delivered,UPI
AMA-O14485,AMA-C4696,03/12/2023,Apparel,2,51.64,Delivered,Amazon Pay
AMA-O5718,AMA-C4302,05/06/2025,Sports & Outdoors,2,90.58,Delivered,Debit Card
AMA-O11314,AMA-C2765,09/21/2024,Beauty,3,46.41,Delivered,UPI
AMA-O7055,AMA-C2662,2023-10-31,Grocery,-2,44.37,Delivered,UPI
AMA-O8785,AMA-C8533,08-Sep-2023,Beauty,-4,13.49,Delivered,Debit Card
AMA-O12667,AMA-C3593,05/22/2024,Beauty,5,22.36,Delivered,Credit Card
AMA-O5384,AMA-C9999,06/23/2024,Grocery,1,42.53,Shipped,Amazon Pay
AMA-O10039,AMA-C5738,11/04/2024,Apparel,2,49.52,Shipped,Credit Card
AMA-O10852,AMA-C4201,14-Aug-2024,Electronics,2,772.15,Shipped,Debit Card
AMA-O9261,AMA-C4429,2024-04-05,Electronics,1,84.14,Delivered,Gift Card
AMA-O13159,AMA-C8387,01/02/2024,Beauty,3,41.61,Delivered,Credit Card
AMA-O6214,AMA-C9688,2024-09-14,Grocery,1,40.2,Delivered,Amazon Pay
AMA-O7373,AMA-C10044,07/24/2024,Home & Kitchen,3,129.02,Returned,Credit Card
AMA-O13988,AMA-C9611,2025-11-26,Apparel,2,$39.46,Delivered,UPI
AMA-O11419,AMA-C4203,2023-06-22,Grocery,3,19.28,Shipped,Gift Card
AMA-O13742,AMA-C3734,11/30/2023,Sports & Outdoors,3,$103.25,Returned,Credit Card
AMA-O10230,AMA-C6040,24-May-2023,Home & Kitchen,3,71.67,Delivered,Amazon Pay
AMA-O8579,AMA-C2302,07/01/2023,Grocery,3,7.72,Shipped,Debit Card
AMA-O5680,AMA-C8556,2024-11-13,Toys,4,$87.44,Returned,Debit Card
AMA-O6207,AMA-C4962,19-Feb-2025,Electronics,2,366.92,Delivered,UPI
AMA-O14966,AMA-C9844,01/23/2024,Electronics,4,596.92,Delivered,UPI
AMA-O12398,AMA-C1224,19-Apr-2023,Grocery,4,7.13,Delivered,Gift Card
AMA-O9973,AMA-C1424,2023-11-30,Apparel,2,12.6,Delivered,UPI
AMA-O5900,AMA-C10470,19-Apr-2024,Toys,5,53.38,Delivered,Debit Card
AMA-O9177,AMA-C2257,20-Aug-2023,Books,1,5.33,Pending,Credit Card
AMA-O11394,AMA-C7653,2024-06-25,Home & Kitchen,4,90.5,Delivered,Credit Card
AMA-O11656,AMA-C10100,27-Oct-2025,Books,4,11.81,Delivered,Amazon Pay
AMA-O10015,AMA-C3624,08/16/2024,Home & Kitchen,1,190.0,Shipped,UPI
AMA-O6983,AMA-C9999,28-Nov-2023,Sports & Outdoors,2,63.09,Delivered,Credit Card
AMA-O6965,AMA-C6926,2023-03-31,Electronics,3,638.69,Delivered,Amazon Pay
AMA-O6716,AMA-C2570,11/04/2023,Home & Kitchen,3,76.18,Delivered,Amazon Pay
AMA-O13261,AMA-C7521,12/23/2023,Electronics,1,$632.37,Delivered,Gift Card
AMA-O8450,AMA-C1685,2025-03-02,Beauty,1,89.73,Delivered,UPI
AMA-O13422,AMA-C9279,2025-01-15,Grocery,5,$25.15,Returned,Debit Card
AMA-O13532,AMA-C7204,28-Mar-2023,Beauty,5,37.75,Shipped,Amazon Pay
AMA-O5260,AMA-C4370,2023-07-20,Books,4,17.59,Cancelled,UPI
AMA-O6355,AMA-C1609,23-Nov-2024,Apparel,2,11.2,Delivered,Gift Card
AMA-O5732,AMA-C10093,10/26/2023,Books,3,$20.87,Delivered,Credit Card
AMA-O10654,AMA-C8343,01/20/2025,Electronics,4,31.61,Delivered,Debit Card
AMA-O14575,AMA-C8156,2023-07-19,Apparel,2,10.68,Delivered,Credit Card
AMA-O6790,AMA-C5346,2024-03-16,Grocery,4,12.55,Shipped,Credit Card
AMA-O12438,AMA-C3037,09/03/2023,Grocery,3,$15.72,Pending,Amazon Pay
AMA-O10248,AMA-C8877,10-Jan-2025,Electronics,3,177.83,,Amazon Pay
AMA-O5847,AMA-C8671,2024-03-29,Electronics,5,102.62,Returned,UPI
AMA-O7766,AMA-C6860,04-Sep-2024,Electronics,3,569.88,Cancelled,Credit Card
AMA-O11395,AMA-C2208,06/24/2023,Apparel,3,$114.88,Returned,UPI
AMA-O9802,AMA-C5761,2024-03-14,Apparel,5,19.79,Returned,Gift Card
AMA-O9676,AMA-C3592,01/24/2025,Electronics,1,213.15,Cancelled,Credit Card
AMA-O6352,AMA-C4169,08-Mar-2024,Sports & Outdoors,5,241.49,Pending,UPI
AMA-O7718,AMA-C2909,12-Sep-2024,Toys,5,$46.20,Delivered,UPI
AMA-O11779,AMA-C2990,10-Sep-2025,Grocery,5,50.81,Delivered,Debit Card
AMA-O12883,AMA-C5306,11-May-2024,Apparel,4,116.46,Cancelled,Credit Card
AMA-O14249,AMA-C3534,2025-01-27,Electronics,4,$465.94,Pending,Gift Card
AMA-O6812,AMA-C3152,07-Jul-2023,Home & Kitchen,4,56.76,Shipped,Amazon Pay
AMA-O14234,AMA-C1841,2023-12-14,Home & Kitchen,3,142.06,Delivered,Credit Card
AMA-O10670,AMA-C2541,04-Apr-2024,Books,5,29.1,Delivered,Gift Card
AMA-O9537,AMA-C8826,19-Aug-2023,Toys,3,54.21,Delivered,UPI
AMA-O9224,AMA-C8080,11-Oct-2023,Beauty,1,$18.46,Delivered,Amazon Pay
AMA-O8615,AMA-C3311,2024-11-12,Beauty,2,46.45,Returned,Amazon Pay
AMA-O8008,AMA-C7574,02/12/2024,Electronics,5,456.91,Delivered,UPI
AMA-O11551,AMA-C7042,05/25/2024,Grocery,5,57.49,Delivered,Debit Card
AMA-O8629,AMA-C9243,11/24/2025,Toys,1,94.72,Shipped,Credit Card
AMA-O14880,AMA-C8289,2024-11-27,Sports & Outdoors,4,88.25,Delivered,Debit Card
AMA-O5345,AMA-C10078,27-May-2025,Beauty,2,58.44,Delivered,Debit Card
AMA-O13822,AMA-C1671,30-Sep-2025,Sports & Outdoors,5,85.96,Cancelled,Amazon Pay
AMA-O12677,AMA-C8669,2024-07-31,Electronics,2,205.61,Delivered,Amazon Pay
AMA-O8911,AMA-C4121,09-Jun-2025,Toys,4,44.23,Delivered,Credit Card
AMA-O8639,AMA-C1040,2025-09-04,Apparel,2,17.61,Delivered,Credit Card
AMA-O5274,AMA-C1622,2025-02-05,Beauty,5,49.34,Pending,Amazon Pay
AMA-O6056,AMA-C4167,2025-01-08,Electronics,4,$732.51,Delivered,Amazon Pay
AMA-O11730,AMA-C10541,03-Jan-2024,Sports & Outdoors,4,$207.56,Delivered,Gift Card
AMA-O8597,AMA-C10565,09-Jul-2025,Electronics,2,$519.57,Delivered,Credit Card
AMA-O8000,AMA-C2686,09/17/2024,Electronics,3,$197.36,Delivered,Debit Card
AMA-O6791,AMA-C10516,06/08/2024,Toys,4,45.83,Delivered,Credit Card
AMA-O11080,AMA-C7900,03/29/2025,Books,4,36.66,Pending,Debit Card
AMA-O10120,AMA-C5292,13-May-2024,Books,1,33.52,Shipped,UPI
AMA-O12361,AMA-C5353,02/23/2023,Apparel,4,21.57,Delivered,UPI
AMA-O5681,AMA-C8592,07/10/2025,Apparel,1,$95.52,Cancelled,Debit Card
AMA-O12618,AMA-C3685,2025-07-07,Sports & Outdoors,4,76.28,Cancelled,UPI
AMA-O14601,AMA-C6678,08/30/2023,Sports & Outdoors,1,105.68,Pending,Credit Card
AMA-O7397,AMA-C8748,2024-12-08,Electronics,5,407.12,Pending,Gift Card
AMA-O11278,AMA-C8895,13-Feb-2023,Beauty,1,85.58,Delivered,UPI
AMA-O6282,AMA-C8927,2023-10-09,Toys,4,39.1,Cancelled,Credit Card
AMA-O14424,AMA-C10841,2024-12-05,Electronics,4,481.36,Shipped,Amazon Pay
AMA-O6526,AMA-C9101,01/24/2025,Apparel,2,78.96,Shipped,Amazon Pay
AMA-O8107,AMA-C1181,2025-12-23,Sports & Outdoors,3,69.94,Delivered,Gift Card
AMA-O8140,AMA-C7755,11-Jun-2025,Home & Kitchen,5,$137.13,Returned,Gift Card
AMA-O13798,AMA-C2544,12/16/2023,Grocery,3,4.57,Delivered,Debit Card
AMA-O9326,AMA-C6935,10/01/2025,Grocery,4,47.83,Delivered,Gift Card
AMA-O12319,AMA-C9664,06/29/2023,Sports & Outdoors,2,109.27,Cancelled,Debit Card
AMA-O7455,AMA-C10690,08/22/2025,Grocery,5,$2.27,Delivered,Gift Card
AMA-O9980,AMA-C3603,2023-06-27,Beauty,5,32.3,Shipped,Debit Card
AMA-O6234,AMA-C7916,2023-05-19,Electronics,3,472.59,Cancelled,Gift Card
AMA-O8809,AMA-C4247,2024-02-11,Books,5,39.31,Returned,UPI
AMA-O11046,AMA-C4764,10/01/2025,Books,5,37.92,Delivered,Debit Card
AMA-O11584,AMA-C9157,29-Mar-2025,Home & Kitchen,5,17.52,Pending,Amazon Pay
AMA-O12200,AMA-C5749,02-Mar-2023,Apparel,2,64.26,Delivered,Gift Card
AMA-O8306,AMA-C9061,12-Dec-2024,Toys,3,33.37,Cancelled,Credit Card
AMA-O7326,AMA-C2134,2023-11-30,Apparel,5,44.95,Shipped,Amazon Pay
AMA-O6809,AMA-C3751,2023-09-12,Books,2,34.45,Delivered,UPI
AMA-O14987,AMA-C8907,06/13/2024,Home & Kitchen,1,179.0,Cancelled,Amazon Pay
AMA-O5687,AMA-C10421,2023-08-30,Home & Kitchen,3,176.99,Shipped,UPI
AMA-O11603,AMA-C3814,03/27/2023,Beauty,2,49.53,Delivered,Credit Card
AMA-O11295,AMA-C5949,2025-09-29,Apparel,3,$41.39,Pending,UPI
AMA-O11633,AMA-C8959,02-Mar-2025,Electronics,4,$560.94,Pending,Credit Card
AMA-O12005,AMA-C2636,2025-09-24,Beauty,5,$26.79,Pending,UPI
AMA-O8206,AMA-C2148,11/25/2024,Electronics,4,230.62,Returned,Credit Card
AMA-O6093,AMA-C9690,05/24/2023,Apparel,1,105.92,Delivered,Gift Card
AMA-O14314,AMA-C9083,2023-11-22,Beauty,1,72.91,Pending,Gift Card
AMA-O7785,AMA-C2572,2025-11-11,Sports & Outdoors,2,36.0,Pending,Amazon Pay
AMA-O9700,AMA-C9859,18-Jun-2023,Toys,1,69.36,Delivered,Debit Card
AMA-O5984,AMA-C6273,2025-09-06,Toys,5,56.1,Delivered,Credit Card
AMA-O5902,AMA-C7139,12-Jul-2025,Toys,4,96.59,Shipped,Credit Card
AMA-O5082,AMA-C8127,2025-05-01,Apparel,2,8.79,Shipped,Debit Card
AMA-O5030,AMA-C1178,05/28/2023,Books,3,38.68,,Credit Card
AMA-O7652,AMA-C8701,2024-06-29,Electronics,5,168.29,Cancelled,Credit Card
AMA-O13608,AMA-C10238,06/24/2025,Sports & Outdoors,2,11.73,Returned,Gift Card
AMA-O8556,AMA-C6295,02-Jul-2023,Grocery,1,17.48,Delivered,Debit Card
AMA-O11374,AMA-C7639,2025-08-20,Books,5,13.96,Delivered,Debit Card
AMA-O6781,AMA-C5394,2025-10-27,Home & Kitchen,2,$247.57,Delivered,Debit Card
AMA-O11949,AMA-C10331,2025-08-12,Beauty,5,27.56,Delivered,Amazon Pay
AMA-O6104,AMA-C8118,2025-05-16,Sports & Outdoors,4,59.07,Delivered,Credit Card
AMA-O14278,AMA-C8951,02-Sep-2023,Sports & Outdoors,4,124.36,Shipped,Debit Card
AMA-O12299,AMA-C6896,04/09/2023,Apparel,3,20.94,Returned,Credit Card
AMA-O9445,AMA-C9354,10/28/2023,Sports & Outdoors,3,$223.32,Shipped,UPI
AMA-O11905,AMA-C10096,2023-07-04,Electronics,3,589.8,Delivered,Gift Card
AMA-O8813,AMA-C9999,11/26/2024,Electronics,2,$169.07,Delivered,Credit Card
AMA-O13306,AMA-C4282,11/08/2024,Beauty,4,71.4,Pending,Credit Card
AMA-O14684,AMA-C6084,02/13/2024,Beauty,4,$17.76,Delivered,UPI
AMA-O14436,AMA-C10063,04-May-2023,Grocery,1,13.3,Delivered,UPI
AMA-O11997,AMA-C7741,2024-06-13,Apparel,1,108.32,Cancelled,Credit Card
AMA-O5796,AMA-C10236,07/18/2024,Grocery,4,$3.67,Returned,UPI
AMA-O14962,AMA-C8822,07/23/2023,Books,3,11.68,Delivered,Gift Card
AMA-O10669,AMA-C5361,11/22/2024,Grocery,2,23.92,Returned,UPI
AMA-O12654,AMA-C4520,2025-04-17,Toys,5,65.99,Shipped,Debit Card
AMA-O10936,AMA-C1238,20-Aug-2024,Electronics,1,274.57,Delivered,UPI
AMA-O12629,AMA-C9678,06/15/2025,Electronics,4,$164.03,Returned,Gift Card
AMA-O8362,AMA-C7267,2023-09-04,Home & Kitchen,3,21.23,Cancelled,Gift Card
AMA-O12457,AMA-C2660,2025-07-20,Grocery,4,9.11,Delivered,Credit Card
AMA-O13911,AMA-C10810,2024-05-31,Beauty,5,76.33,Returned,Amazon Pay
AMA-O7570,AMA-C2563,2025-08-23,Apparel,1,72.22,Shipped,UPI
AMA-O6899,AMA-C4662,08-May-2025,Apparel,1,86.07,Pending,Gift Card
AMA-O5585,AMA-C7883,24-Nov-2025,Home & Kitchen,2,111.14,Delivered,Credit Card
AMA-O12758,AMA-C7758,21-Sep-2023,Grocery,5,6.21,Returned,Credit Card
AMA-O11553,AMA-C9901,18-Feb-2025,Home & Kitchen,1,178.1,Returned,Gift Card
AMA-O8481,AMA-C6024,2025-06-16,Home & Kitchen,5,171.05,Delivered,Credit Card
AMA-O9330,AMA-C9480,07/05/2025,Home & Kitchen,4,$242.04,Shipped,Debit Card
AMA-O8211,AMA-C8531,09/17/2024,Home & Kitchen,2,$82.42,Delivered,Gift Card
AMA-O9304,AMA-C10648,11/30/2024,Apparel,4,30.92,Delivered,Gift Card
AMA-O5292,AMA-C3607,07/22/2023,Home & Kitchen,4,97.87,Pending,Amazon Pay
AMA-O8004,AMA-C5980,2025-11-25,Books,5,$39.99,Pending,Credit Card
AMA-O13544,AMA-C7437,05/01/2023,Home & Kitchen,2,$162.11,Cancelled,Gift Card
AMA-O8599,AMA-C6550,07/09/2024,Home & Kitchen,4,279.59,Delivered,Gift Card
AMA-O9529,AMA-C4237,02-Aug-2024,Sports & Outdoors,-4,$105.03,Shipped,Gift Card
AMA-O11166,AMA-C1053,06-Sep-2025,Books,2,15.38,Cancelled,Debit Card
AMA-O6434,AMA-C3169,2025-05-31,Electronics,5,$40.01,Cancelled,Debit Card
AMA-O13392,AMA-C3723,2025-02-19,Grocery,4,33.39,Delivered,Debit Card
AMA-O13578,AMA-C4634,19-Apr-2023,Beauty,5,38.74,Delivered,UPI
AMA-O7105,AMA-C8456,2023-09-20,Sports & Outdoors,3,$68.85,Cancelled,Credit Card
AMA-O6912,AMA-C8422,2025-03-02,Toys,3,$71.88,Cancelled,Amazon Pay
AMA-O13429,AMA-C1818,07-Jan-2024,Electronics,5,126.3,Delivered,Amazon Pay
AMA-O13240,AMA-C1195,06-Feb-2025,Home & Kitchen,3,164.44,Cancelled,Amazon Pay
AMA-O7452,AMA-C6711,2023-11-13,Sports & Outdoors,5,35.99,Delivered,Amazon Pay
AMA-O14083,AMA-C9286,30-Apr-2023,Apparel,3,16.02,Cancelled,Gift Card
AMA-O10803,AMA-C7719,12/16/2025,Home & Kitchen,1,281.49,Shipped,Debit Card
AMA-O9739,AMA-C9189,2023-12-09,Apparel,4,94.08,Delivered,Gift Card
AMA-O6387,AMA-C8925,2023-02-24,Toys,1,74.68,Shipped,Gift Card
AMA-O5184,AMA-C4028,12-Jun-2024,Home & Kitchen,1,144.66,Pending,Gift Card
AMA-O8529,AMA-C9999,04/06/2023,Apparel,2,$63.46,Cancelled,Amazon Pay
AMA-O6482,AMA-C3973,04/20/2023,Sports & Outdoors,3,$63.21,Pending,Amazon Pay
AMA-O13686,AMA-C7756,05/02/2025,Grocery,2,36.96,Delivered,Gift Card
AMA-O10785,AMA-C10327,08/31/2025,Electronics,3,$420.08,Shipped,UPI
AMA-O13593,AMA-C6690,18-Nov-2023,Sports & Outdoors,4,142.63,Delivered,Gift Card
AMA-O6186,AMA-C10269,2025-01-21,Books,5,$26.48,Returned,Gift Card
AMA-O11610,AMA-C2598,2023-06-08,Electronics,2,777.63,Shipped,Credit Card
AMA-O7262,AMA-C6327,2025-01-18,Books,5,26.86,Delivered,Debit Card
AMA-O13835,AMA-C2534,13-Dec-2023,Books,4,31.44,Cancelled,Amazon Pay
AMA-O9675,AMA-C5948,02/14/2024,Electronics,5,165.05,Delivered,Amazon Pay
AMA-O5498,AMA-C10696,2024-06-30,Home & Kitchen,-2,44.4,Pending,UPI
AMA-O10142,AMA-C6837,22-Aug-2023,Home & Kitchen,2,185.55,Delivered,Amazon Pay
AMA-O10278,AMA-C4428,11-Jun-2025,Grocery,1,2.73,Shipped,Amazon Pay
AMA-O9577,AMA-C5038,2023-09-06,Grocery,3,55.41,Returned,Debit Card
AMA-O9494,AMA-C6700,09/06/2023,Home & Kitchen,3,64.75,Delivered,UPI
AMA-O7314,AMA-C10366,2025-08-16,Grocery,2,52.38,Pending,Gift Card
AMA-O10908,AMA-C3827,2025-05-28,Electronics,3,196.95,Delivered,Gift Card
AMA-O6498,AMA-C8188,2025-12-20,Books,2,28.45,Shipped,UPI
AMA-O11526,AMA-C4746,01/08/2024,Beauty,4,22.95,Delivered,UPI
AMA-O8346,AMA-C9999,2025-12-21,Grocery,2,14.97,Cancelled,Amazon Pay
AMA-O13313,AMA-C1913,03/29/2025,Sports & Outdoors,3,74.28,Delivered,Debit Card
AMA-O6612,AMA-C3256,2024-09-27,Books,2,21.39,Delivered,Debit Card
AMA-O8617,AMA-C6064,09/27/2024,Electronics,5,461.98,Returned,Debit Card
AMA-O9680,AMA-C7612,31-May-2024,Home & Kitchen,3,93.66,Delivered,Gift Card
AMA-O5766,AMA-C6423,16-Jan-2025,Books,1,$9.34,Delivered,Gift Card
AMA-O9414,AMA-C10588,2025-09-16,Toys,4,39.48,Delivered,Credit Card
AMA-O14124,AMA-C7568,08/13/2025,Electronics,5,125.31,Shipped,Amazon Pay
AMA-O13746,AMA-C6913,12/08/2023,Grocery,1,49.49,Shipped,Debit Card
AMA-O7630,AMA-C9875,04/25/2023,Apparel,5,87.25,Returned,Gift Card
AMA-O12600,AMA-C6997,14-Apr-2024,Sports & Outdoors,2,80.68,Shipped,Credit Card
AMA-O12107,AMA-C2485,2024-11-11,Home & Kitchen,1,229.3,Pending,Amazon Pay
AMA-O8969,AMA-C8104,2024-08-06,Electronics,1,789.82,Delivered,Amazon Pay
AMA-O11452,AMA-C10007,24-Aug-2024,Grocery,3,30.38,Pending,Credit Card
AMA-O7468,AMA-C10850,10/29/2023,Apparel,5,$95.95,Returned,Gift Card
AMA-O10118,AMA-C8477,2024-04-24,Electronics,2,$324.61,Cancelled,Credit Card
AMA-O5264,AMA-C9999,10/13/2024,Home & Kitchen,2,54.36,,Gift Card
AMA-O5767,AMA-C3518,2025-12-24,Toys,4,35.35,Delivered,Gift Card
AMA-O8490,AMA-C2232,2025-02-25,Beauty,1,76.3,Delivered,Credit Card
AMA-O6462,AMA-C1432,08/05/2024,Electronics,1,588.91,Delivered,Debit Card
AMA-O10604,AMA-C9092,29-Nov-2024,Sports & Outdoors,2,66.0,Returned,Credit Card
AMA-O14245,AMA-C8867,2025-08-15,Electronics,2,412.47,Cancelled,UPI
AMA-O10954,AMA-C6717,06/19/2023,Home & Kitchen,4,161.95,Delivered,Debit Card
AMA-O8881,AMA-C7639,09-Nov-2023,Toys,2,10.26,Delivered,Amazon Pay
AMA-O10523,AMA-C2887,2025-08-10,Beauty,-4,70.66,Pending,Debit Card
AMA-O10897,AMA-C7007,07-Aug-2023,Home & Kitchen,1,$220.61,Returned,Credit Card
AMA-O13113,AMA-C8581,2023-11-04,Sports & Outdoors,1,195.53,Delivered,Debit Card
AMA-O10272,AMA-C7352,2024-02-19,Toys,4,59.2,Shipped,Debit Card
AMA-O7289,AMA-C3118,19-Dec-2025,Apparel,4,57.07,Delivered,Amazon Pay
AMA-O8970,AMA-C7775,2023-10-07,Home & Kitchen,2,299.36,Returned,Debit Card
AMA-O5211,AMA-C1511,25-Aug-2024,Sports & Outdoors,2,249.21,Delivered,Gift Card
AMA-O6362,AMA-C9098,03/21/2025,Sports & Outdoors,4,207.58,Delivered,Amazon Pay
AMA-O14244,AMA-C10277,2023-01-03,Electronics,3,323.88,Delivered,UPI
AMA-O9251,AMA-C2521,16-Jul-2025,Beauty,5,13.74,Pending,UPI
AMA-O8609,AMA-C9568,03/04/2023,Toys,-1,65.32,Cancelled,Credit Card
AMA-O8562,AMA-C9394,22-Oct-2024,Grocery,2,6.41,Returned,Credit Card
AMA-O8583,AMA-C5978,06/12/2023,Beauty,1,56.52,Cancelled,Amazon Pay
AMA-O8042,AMA-C7809,05/21/2024,Home & Kitchen,2,35.58,Delivered,Credit Card
AMA-O8175,AMA-C3830,06/11/2023,Grocery,5,$32.05,Pending,Gift Card
AMA-O6557,AMA-C4151,02/08/2025,Apparel,4,57.51,Delivered,UPI
AMA-O11247,AMA-C10180,2023-04-21,Apparel,2,$40.47,Cancelled,Gift Card
AMA-O10364,AMA-C9724,08/04/2023,Electronics,1,402.31,Cancelled,UPI
AMA-O14560,AMA-C6262,20-Feb-2025,Apparel,5,46.58,Cancelled,Debit Card
AMA-O10882,AMA-C3525,09-Jun-2023,Sports & Outdoors,5,$159.33,Delivered,Debit Card
AMA-O14725,AMA-C9861,11/02/2023,Electronics,1,686.59,Shipped,Debit Card
AMA-O5470,AMA-C9457,20-Aug-2025,Home & Kitchen,2,185.79,Returned,Debit Card
AMA-O11334,AMA-C1375,20-Feb-2025,Home & Kitchen,1,$108.95,Returned,Debit Card
AMA-O9920,AMA-C10517,16-Jul-2024,Toys,5,7.08,,Credit Card
AMA-O6174,AMA-C2200,05/24/2023,Toys,2,$70.12,Delivered,UPI
AMA-O9383,AMA-C4506,07/02/2025,Toys,4,57.82,Delivered,Amazon Pay
AMA-O5153,AMA-C4822,18-Jul-2025,Sports & Outdoors,1,141.19,Delivered,UPI
AMA-O6996,AMA-C2841,02/20/2024,Home & Kitchen,2,92.3,Returned,Amazon Pay
AMA-O11012,AMA-C5572,2025-08-18,Electronics,4,663.98,Shipped,UPI
AMA-O10288,AMA-C6363,07/19/2024,Toys,1,$40.72,Delivered,Credit Card
AMA-O11447,AMA-C8266,08-Jul-2024,Apparel,1,$31.57,Delivered,Gift Card
AMA-O6321,AMA-C7379,2025-10-18,Home & Kitchen,3,$61.16,Pending,Gift Card
AMA-O14610,AMA-C3404,2023-01-29,Home & Kitchen,2,23.64,Delivered,Amazon Pay
AMA-O9464,AMA-C2786,10-Apr-2023,Grocery,2,5.77,Delivered,Credit Card
AMA-O7079,AMA-C7348,10/27/2025,Beauty,1,$8.75,Delivered,Credit Card
AMA-O12294,AMA-C9417,2024-11-06,Grocery,2,17.72,Delivered,Debit Card
AMA-O7258,AMA-C5529,01/06/2023,Home & Kitchen,5,121.58,Delivered,Debit Card
AMA-O9276,AMA-C6282,07/24/2024,Beauty,2,35.9,Delivered,Credit Card
AMA-O7840,AMA-C3179,02/12/2025,Grocery,1,$30.73,,Debit Card
AMA-O8451,AMA-C7440,01/30/2025,Grocery,1,11.43,Pending,UPI
AMA-O14655,AMA-C4043,2024-08-21,Grocery,2,57.25,Pending,Amazon Pay
AMA-O5521,AMA-C5847,2025-09-13,Toys,5,$88.48,Delivered,Amazon Pay
AMA-O7788,AMA-C5765,31-Aug-2025,Electronics,4,395.78,Delivered,Debit Card
AMA-O5557,AMA-C2514,10-Jan-2024,Electronics,4,235.49,Returned,Gift Card
AMA-O10107,AMA-C3502,2024-06-10,Sports & Outdoors,1,163.39,Delivered,Gift Card
AMA-O8627,AMA-C7422,01/12/2025,Sports & Outdoors,5,43.25,Delivered,Credit Card
AMA-O11850,AMA-C7096,01/01/2024,Sports & Outdoors,2,95.18,Pending,Debit Card
AMA-O9840,AMA-C10062,2023-02-14,Home & Kitchen,3,210.01,Delivered,UPI
AMA-O8065,AMA-C4681,24-Jul-2024,Electronics,1,479.51,Delivered,Debit Card
AMA-O14891,AMA-C6715,04/16/2023,Electronics,1,532.36,Delivered,Credit Card
AMA-O6253,AMA-C7899,20-Jan-2024,Electronics,5,737.52,Delivered,Amazon Pay
AMA-O13760,AMA-C10047,09/10/2025,Beauty,1,5.32,Cancelled,UPI
AMA-O12793,AMA-C5024,12-Sep-2025,Books,3,13.27,Delivered,UPI
AMA-O7876,AMA-C2563,10/14/2023,Toys,5,83.02,Delivered,Debit Card
AMA-O12712,AMA-C10113,04/09/2023,Beauty,2,7.41,Delivered,Debit Card
AMA-O5492,AMA-C2312,27-Jan-2024,Toys,1,9.91,Cancelled,Amazon Pay
AMA-O8968,AMA-C7789,03-Mar-2024,Grocery,4,41.15,Delivered,Amazon Pay
AMA-O10482,AMA-C7720,2025-03-17,Beauty,2,37.81,Cancelled,Gift Card
AMA-O11021,AMA-C7101,2023-07-03,Sports & Outdoors,3,168.6,Shipped,Amazon Pay
AMA-O10500,AMA-C8739,2023-04-20,Books,4,$39.44,Delivered,Debit Card
AMA-O6661,AMA-C8263,2023-03-23,Books,3,17.26,Shipped,Credit Card
AMA-O12886,AMA-C1916,01-Mar-2023,Home & Kitchen,4,246.19,Cancelled,UPI
AMA-O10184,AMA-C5309,10-Oct-2023,Apparel,3,93.7,Delivered,Amazon Pay
AMA-O9519,AMA-C4862,11/04/2024,Toys,1,51.92,Cancelled,Debit Card
AMA-O11673,AMA-C8055,26-Oct-2024,Home & Kitchen,2,73.75,Cancelled,Credit Card
AMA-O9215,AMA-C7440,31-May-2023,Toys,4,94.26,Delivered,Credit Card
AMA-O11924,AMA-C9584,28-Jan-2025,Grocery,2,$32.31,Returned,Debit Card
AMA-O12768,AMA-C3429,2023-05-27,Beauty,5,$28.87,Pending,Gift Card
AMA-O13755,AMA-C9798,08/02/2025,Books,4,$12.64,Returned,Credit Card
AMA-O10685,AMA-C2734,24-Oct-2025,Apparel,5,24.79,Delivered,Amazon Pay
AMA-O12841,AMA-C5876,04/23/2025,Electronics,1,269.67,Cancelled,Gift Card
AMA-O10855,AMA-C2273,24-Oct-2024,Apparel,5,72.55,Delivered,Amazon Pay
AMA-O5874,AMA-C1814,2025-11-30,Grocery,1,52.88,Delivered,Debit Card
AMA-O11830,AMA-C8520,04-Nov-2025,Grocery,-2,27.46,Pending,Gift Card
AMA-O10612,AMA-C6152,27-Feb-2023,Electronics,4,779.4,Returned,Debit Card
AMA-O11880,AMA-C6688,07/27/2023,Home & Kitchen,2,37.12,Delivered,Amazon Pay
AMA-O14244,AMA-C10277,2023-01-03,Electronics,3,323.88,Delivered,UPI
AMA-O11638,AMA-C2035,05/07/2025,Electronics,5,302.53,Returned,UPI
AMA-O11878,AMA-C1190,03/28/2025,Home & Kitchen,4,220.52,Delivered,Debit Card
AMA-O11446,AMA-C8845,2025-06-06,Beauty,3,5.02,Shipped,Debit Card
AMA-O10608,AMA-C2389,04-May-2025,Beauty,4,36.99,Delivered,Amazon Pay
AMA-O11994,AMA-C2992,2024-10-07,Toys,3,83.47,Pending,Gift Card
AMA-O14670,AMA-C8259,05-May-2023,Books,3,32.84,Delivered,Gift Card
AMA-O10471,AMA-C7599,25-Mar-2023,Books,5,10.75,Pending,Credit Card
AMA-O14441,AMA-C1076,28-Oct-2025,Grocery,1,$17.76,Delivered,Gift Card
AMA-O14952,AMA-C5434,2023-05-29,Books,3,26.8,Returned,UPI
AMA-O6732,AMA-C10062,11/03/2025,Grocery,3,54.59,Returned,Amazon Pay
AMA-O8910,AMA-C10313,2023-04-02,Electronics,2,680.2,Cancelled,Credit Card
AMA-O14709,AMA-C7740,07/17/2024,Beauty,4,27.85,Pending,Credit Card
AMA-O13180,AMA-C9856,24-Dec-2023,Books,4,25.67,Delivered,Gift Card
AMA-O6287,AMA-C7433,02/08/2025,Electronics,3,195.84,,Debit Card
AMA-O6577,AMA-C4984,2024-03-30,Apparel,1,88.07,Shipped,UPI
AMA-O13666,AMA-C1619,2023-03-25,Sports & Outdoors,2,58.48,Delivered,UPI
AMA-O8848,AMA-C8975,2025-10-02,Books,4,$39.09,Shipped,Debit Card
AMA-O10858,AMA-C3573,01/08/2025,Books,4,$24.54,Cancelled,Credit Card
AMA-O11172,AMA-C5079,2023-09-29,Toys,1,72.54,Returned,UPI
AMA-O12256,AMA-C1303,15-Mar-2024,Grocery,4,38.85,Shipped,Debit Card
AMA-O8231,AMA-C2808,07/05/2024,Books,3,23.94,Delivered,UPI
AMA-O14727,AMA-C1046,2025-10-13,Electronics,2,419.7,Delivered,UPI
AMA-O10556,AMA-C1614,07/26/2024,Toys,5,42.89,Pending,Credit Card
AMA-O6608,AMA-C2945,2025-02-19,Home & Kitchen,3,114.38,Pending,Credit Card
AMA-O11026,AMA-C1659,06/09/2024,Sports & Outdoors,4,242.95,Delivered,UPI
AMA-O13774,AMA-C8568,2023-11-18,Books,1,33.14,Returned,Gift Card
AMA-O13969,AMA-C10075,2024-11-22,Books,2,17.14,Cancelled,Amazon Pay
AMA-O9055,AMA-C2598,12/12/2025,Toys,2,36.43,Pending,Debit Card
AMA-O8064,AMA-C7430,03-Mar-2023,Sports & Outdoors,4,38.91,Delivered,Amazon Pay
AMA-O6226,AMA-C8450,10/28/2024,Apparel,5,35.38,Returned,Gift Card
AMA-O5237,AMA-C7325,11-May-2025,Apparel,2,116.93,Delivered,Debit Card
AMA-O14000,AMA-C2316,03-Apr-2023,Electronics,3,283.34,Delivered,Credit Card
AMA-O6397,AMA-C2320,2024-01-24,Apparel,-1,118.07,Pending,Debit Card
AMA-O12050,AMA-C5828,07/19/2023,Beauty,2,53.0,Pending,Amazon Pay
AMA-O11666,AMA-C4348,10-Jan-2023,Books,1,31.54,Cancelled,UPI
AMA-O6381,AMA-C1946,11-Mar-2024,Home & Kitchen,2,$145.20,Delivered,Amazon Pay
AMA-O6376,AMA-C5769,07-May-2023,Home & Kitchen,2,$234.08,Pending,Amazon Pay
AMA-O13705,AMA-C4969,10/09/2024,Home & Kitchen,4,137.73,Delivered,UPI
AMA-O7275,AMA-C10738,05/13/2023,Grocery,1,3.7,Delivered,Gift Card
AMA-O5730,AMA-C4602,01/29/2023,Electronics,2,567.81,Pending,Gift Card
AMA-O7229,AMA-C4643,2024-07-02,Books,3,17.33,Shipped,UPI
AMA-O9951,AMA-C8353,2023-01-13,Grocery,2,29.36,Shipped,Amazon Pay
AMA-O12445,AMA-C4665,16-Jan-2025,Electronics,3,$206.31,,UPI
AMA-O11151,AMA-C8324,03/30/2024,Beauty,5,73.45,Returned,UPI
AMA-O5714,AMA-C9157,16-Feb-2025,Beauty,5,24.95,,Credit Card
AMA-O11048,AMA-C9999,10/20/2023,Electronics,1,204.75,Delivered,Credit Card
AMA-O12862,AMA-C2385,20-Aug-2023,Books,4,$38.49,Delivered,Amazon Pay
AMA-O13069,AMA-C10590,03/21/2024,Apparel,4,$45.53,Cancelled,UPI
AMA-O12202,AMA-C8390,2024-08-05,Grocery,1,$44.51,Delivered,Amazon Pay
AMA-O11558,AMA-C9647,10-Feb-2023,Apparel,5,43.35,Cancelled,Debit Card
AMA-O8334,AMA-C10387,11/11/2024,Toys,5,80.5,Cancelled,Gift Card
AMA-O8484,AMA-C5435,08/04/2024,Grocery,3,11.41,Delivered,Debit Card
AMA-O8131,AMA-C4151,2024-10-09,Sports & Outdoors,-4,230.79,Delivered,Amazon Pay
AMA-O14107,AMA-C10552,01-Mar-2024,Toys,5,63.07,Shipped,UPI
AMA-O11013,AMA-C9472,13-Dec-2024,Apparel,2,$111.73,Delivered,UPI
AMA-O14463,AMA-C1197,02-Feb-2023,Electronics,1,439.95,Delivered,Credit Card
AMA-O11675,AMA-C8464,06/02/2025,Grocery,4,38.24,Delivered,Debit Card
AMA-O9950,AMA-C7476,09/20/2024,Beauty,3,$33.55,Pending,Amazon Pay
AMA-O6735,AMA-C2157,31-Dec-2023,Sports & Outdoors,3,12.39,Delivered,Amazon Pay
AMA-O7290,AMA-C3312,01/28/2023,Toys,1,17.79,Shipped,Amazon Pay
AMA-O11170,AMA-C9472,07/19/2024,Sports & Outdoors,2,123.4,Shipped,UPI
AMA-O8688,AMA-C2949,2023-02-12,Sports & Outdoors,1,217.93,Returned,Gift Card
AMA-O5409,AMA-C3697,07/14/2025,Apparel,3,84.09,Returned,Credit Card
AMA-O7859,AMA-C1730,2024-12-24,Beauty,1,29.15,Delivered,Gift Card
AMA-O14452,AMA-C1188,30-Jul-2025,Home & Kitchen,3,211.38,Delivered,Gift Card
AMA-O14975,AMA-C8510,03/02/2025,Electronics,2,340.06,Returned,Gift Card
AMA-O12124,AMA-C9230,08/28/2024,Beauty,2,89.1,Delivered,Debit Card
AMA-O8031,AMA-C4198,2025-09-04,Electronics,5,51.35,,Amazon Pay
AMA-O12006,AMA-C2984,07/16/2024,Grocery,1,56.2,Cancelled,Debit Card
AMA-O9668,AMA-C1461,11/19/2024,Beauty,4,26.89,Delivered,Amazon Pay
AMA-O12615,AMA-C3842,10/12/2023,Apparel,2,53.38,Delivered,Credit Card
AMA-O6989,AMA-C1441,17-Jan-2025,Toys,4,98.13,Shipped,UPI
AMA-O14649,AMA-C9039,14-Mar-2024,Apparel,5,19.94,Delivered,UPI
AMA-O11310,AMA-C3361,12/24/2025,Toys,3,48.73,Delivered,Debit Card
AMA-O13831,AMA-C1168,2025-05-16,Sports & Outdoors,4,248.01,,Debit Card
AMA-O13356,AMA-C10951,11-Sep-2024,Toys,5,$33.81,Returned,Amazon Pay
AMA-O14540,AMA-C4341,2024-07-06,Sports & Outdoors,5,119.98,Pending,Amazon Pay
AMA-O13971,AMA-C6438,16-Oct-2023,Grocery,3,36.36,Delivered,Gift Card
AMA-O8563,AMA-C3822,2024-06-15,Beauty,3,86.71,Cancelled,Credit Card
AMA-O11685,AMA-C2388,01-Jan-2023,Home & Kitchen,3,15.77,Delivered,Credit Card
AMA-O5504,AMA-C9999,12-Dec-2025,Books,1,29.53,Delivered,Credit Card
AMA-O14757,AMA-C7900,28-Feb-2025,Books,5,15.17,Returned,Credit Card
AMA-O11888,AMA-C4235,01-Jun-2023,Home & Kitchen,3,25.42,Returned,UPI
AMA-O10918,AMA-C10216,05-Apr-2023,Books,2,$35.66,Pending,Credit Card
AMA-O9432,AMA-C7556,2025-04-05,Toys,5,17.87,Shipped,UPI
AMA-O12505,AMA-C1259,12/26/2024,Electronics,5,325.45,Shipped,Debit Card
AMA-O10227,AMA-C10176,23-Nov-2023,Home & Kitchen,5,122.58,Delivered,Gift Card
AMA-O6296,AMA-C3177,01/05/2025,Electronics,4,561.88,Shipped,Credit Card
AMA-O14908,AMA-C3437,2023-12-03,Sports & Outdoors,5,104.01,Delivered,Gift Card
AMA-O7936,AMA-C9999,06/22/2024,Sports & Outdoors,2,108.85,Delivered,Debit Card
AMA-O7668,AMA-C1413,09/03/2025,Beauty,4,15.47,Delivered,Amazon Pay
AMA-O10940,AMA-C3245,04/06/2025,Grocery,3,51.55,Delivered,UPI
AMA-O9483,AMA-C1725,2024-10-10,Books,1,$31.86,Delivered,Credit Card
AMA-O10133,AMA-C6264,13-Jul-2025,Apparel,5,93.61,Delivered,UPI
AMA-O5798,AMA-C2993,24-Nov-2023,Home & Kitchen,2,203.26,Delivered,Debit Card
AMA-O11467,AMA-C5040,02/01/2025,Apparel,5,109.14,Delivered,Credit Card
AMA-O13837,AMA-C7310,01-May-2023,Home & Kitchen,5,$133.12,Returned,Credit Card
AMA-O7713,AMA-C7845,13-Jun-2025,Toys,4,9.16,Delivered,Amazon Pay
AMA-O10788,AMA-C8875,07/14/2024,Grocery,5,$52.35,Delivered,Debit Card
AMA-O6341,AMA-C8817,02-Aug-2024,Sports & Outdoors,5,245.77,Cancelled,Gift Card
AMA-O12627,AMA-C10555,2023-01-27,Home & Kitchen,1,286.48,Pending,Amazon Pay
AMA-O10074,AMA-C9784,2025-01-14,Beauty,2,53.48,Returned,Gift Card
AMA-O10600,AMA-C2509,23-Feb-2023,Home & Kitchen,5,$209.03,Returned,Credit Card
AMA-O6751,AMA-C8787,2023-09-17,Home & Kitchen,1,253.2,Delivered,Debit Card
AMA-O11490,AMA-C8195,2023-05-02,Grocery,2,10.56,Returned,Credit Card
AMA-O12911,AMA-C3303,07-Jul-2024,Sports & Outdoors,2,241.57,Delivered,Amazon Pay
AMA-O11425,AMA-C9490,26-May-2024,Books,1,$38.54,Pending,Credit Card
AMA-O5203,AMA-C3337,2025-02-15,Books,1,18.18,Shipped,Gift Card
AMA-O14618,AMA-C3411,2025-12-12,Beauty,4,84.11,Delivered,Credit Card
AMA-O6080,AMA-C5600,2024-06-27,Toys,2,67.62,Pending,Gift Card
AMA-O7410,AMA-C7483,03-May-2024,Books,1,$29.48,Delivered,Debit Card
AMA-O10007,AMA-C10151,2023-03-22,Apparel,3,$101.37,Pending,Gift Card
AMA-O14467,AMA-C10196,2023-07-20,Grocery,2,51.17,Returned,UPI
AMA-O12079,AMA-C3866,2024-11-03,Beauty,4,$89.91,Pending,UPI
AMA-O12867,AMA-C10477,09-Jul-2025,Apparel,2,$70.09,Cancelled,Credit Card
AMA-O8645,AMA-C8661,10/17/2024,Beauty,4,65.76,Delivered,Credit Card
AMA-O11281,AMA-C10342,2023-01-17,Home & Kitchen,2,81.36,Cancelled,Amazon Pay
AMA-O5039,AMA-C1550,01/20/2025,Apparel,3,87.38,Cancelled,UPI
AMA-O10902,AMA-C9098,2024-12-09,Sports & Outdoors,1,82.96,Delivered,Debit Card
AMA-O13085,AMA-C9727,09/18/2024,Beauty,5,$86.38,Delivered,Debit Card
AMA-O10549,AMA-C5851,15-May-2023,Sports & Outdoors,2,176.6,Pending,Amazon Pay
AMA-O12541,AMA-C8346,02-Feb-2024,Sports & Outdoors,4,132.63,Shipped,UPI
AMA-O13423,AMA-C1394,2024-01-29,Electronics,4,681.23,Delivered,Credit Card
AMA-O7503,AMA-C3924,10/25/2024,Toys,3,9.49,Delivered,Debit Card
AMA-O11683,AMA-C10317,03/27/2024,Grocery,5,$17.94,Delivered,Credit Card
AMA-O10592,AMA-C10333,2024-02-27,Books,4,19.85,Delivered,Gift Card
AMA-O7530,AMA-C6471,12-Jan-2023,Books,3,11.83,Cancelled,Gift Card
AMA-O8553,AMA-C7562,02-Feb-2025,Grocery,2,27.77,Delivered,Gift Card
AMA-O11248,AMA-C1866,26-Jan-2023,Sports & Outdoors,2,215.75,Pending,Debit Card
AMA-O5858,AMA-C10491,03/02/2025,Apparel,2,76.16,Delivered,Credit Card
AMA-O11895,AMA-C1282,10/24/2024,Grocery,1,$28.09,Cancelled,Credit Card
AMA-O6442,AMA-C8063,14-Dec-2023,Grocery,4,57.04,Cancelled,Amazon Pay
AMA-O6521,AMA-C2451,2024-09-21,Beauty,2,43.22,Returned,UPI
AMA-O10474,AMA-C9393,2025-12-16,Apparel,2,47.97,Delivered,UPI
AMA-O12174,AMA-C10250,01/26/2023,Electronics,1,172.26,Delivered,Credit Card
AMA-O5464,AMA-C7935,08/27/2024,Grocery,4,32.86,Shipped,Amazon Pay
AMA-O13673,AMA-C9142,2025-10-02,Books,4,22.4,Pending,Gift Card
AMA-O7712,AMA-C9777,21-Jul-2023,Apparel,1,62.74,Delivered,Credit Card
AMA-O13957,AMA-C4971,2023-05-02,Apparel,5,30.47,,Amazon Pay
AMA-O11308,AMA-C5739,08-Nov-2024,Beauty,5,68.69,Shipped,Credit Card
AMA-O7839,AMA-C10006,09/11/2023,Books,2,15.49,Cancelled,Amazon Pay
AMA-O9065,AMA-C1821,10/29/2023,Sports & Outdoors,3,$185.88,Returned,UPI
AMA-O7432,AMA-C8081,06-May-2025,Apparel,1,98.11,Cancelled,UPI
AMA-O7931,AMA-C6331,2023-08-08,Sports & Outdoors,4,247.12,Returned,Debit Card
AMA-O9844,AMA-C3143,2023-11-26,Home & Kitchen,3,$141.84,Pending,Gift Card
AMA-O13748,AMA-C3109,12/20/2025,Home & Kitchen,5,18.66,Returned,Credit Card
AMA-O10911,AMA-C4345,02/20/2023,Toys,3,94.71,Shipped,Amazon Pay
AMA-O5837,AMA-C2943,01/24/2023,Apparel,3,48.02,Shipped,UPI
AMA-O5007,AMA-C6298,2025-01-19,Home & Kitchen,1,220.39,Delivered,Debit Card
AMA-O12452,AMA-C8345,08-Oct-2024,Books,1,27.31,Cancelled,Debit Card
AMA-O10615,AMA-C1180,2023-05-13,Beauty,5,59.19,Delivered,Gift Card
AMA-O14295,AMA-C9268,04-Sep-2024,Books,5,29.69,Returned,Credit Card
AMA-O14180,AMA-C10026,07-Mar-2023,Home & Kitchen,1,74.93,Delivered,UPI
AMA-O9038,AMA-C9262,07-Oct-2023,Toys,5,74.03,Delivered,Credit Card
AMA-O12766,AMA-C9975,2023-05-26,Beauty,2,80.87,Delivered,Credit Card
AMA-O5826,AMA-C3467,12/29/2024,Electronics,5,$677.23,Cancelled,Amazon Pay
AMA-O10108,AMA-C9422,05/26/2023,Electronics,3,$35.65,,Gift Card
AMA-O14223,AMA-C7294,04-Jan-2025,Apparel,1,100.67,Pending,Amazon Pay
AMA-O14273,AMA-C7913,20-Nov-2023,Sports & Outdoors,1,$205.77,Pending,Amazon Pay
AMA-O12049,AMA-C2814,2023-07-29,Beauty,2,27.09,Delivered,Gift Card
AMA-O9086,AMA-C10108,19-Oct-2024,Home & Kitchen,1,73.23,Delivered,Debit Card
AMA-O9315,AMA-C2040,10-Nov-2023,Grocery,5,3.01,Cancelled,Gift Card
AMA-O14445,AMA-C3714,09/08/2024,Books,5,22.55,Cancelled,UPI
AMA-O10885,AMA-C2259,04-May-2025,Beauty,3,36.56,Delivered,Gift Card
AMA-O13853,AMA-C2772,2025-08-21,Home & Kitchen,3,205.09,Delivered,Credit Card
AMA-O9149,AMA-C4759,04-Aug-2025,Home & Kitchen,5,89.97,Cancelled,Gift Card
AMA-O12249,AMA-C6139,04/07/2024,Sports & Outdoors,4,229.88,Shipped,Gift Card
AMA-O12002,AMA-C9572,03/20/2025,Electronics,1,522.69,Shipped,Credit Card
AMA-O9651,AMA-C3831,09/16/2024,Toys,1,94.62,Cancelled,Gift Card
AMA-O5178,AMA-C9167,2024-06-18,Toys,1,$30.68,Delivered,Credit Card
AMA-O5927,AMA-C4174,27-Oct-2024,Toys,3,59.07,Returned,Debit Card
AMA-O9323,AMA-C3029,2024-01-24,Electronics,3,367.12,Shipped,Gift Card
AMA-O9897,AMA-C8624,19-Oct-2024,Sports & Outdoors,5,134.74,Returned,Debit Card
AMA-O8586,AMA-C10401,09-Nov-2023,Electronics,2,713.91,Pending,Credit Card
AMA-O7354,AMA-C2970,20-May-2024,Sports & Outdoors,1,198.26,Delivered,Amazon Pay
AMA-O7331,AMA-C2831,30-Apr-2023,Toys,5,91.55,Delivered,Credit Card
AMA-O11428,AMA-C1634,01/09/2023,Beauty,2,$68.49,,Debit Card
AMA-O12478,AMA-C9681,05/03/2024,Beauty,1,57.95,Delivered,Gift Card
AMA-O10727,AMA-C3118,04/15/2023,Apparel,-5,38.19,Delivered,Amazon Pay
AMA-O9880,AMA-C1602,2025-06-19,Electronics,3,398.76,Returned,UPI
AMA-O11543,AMA-C1901,02-May-2024,Beauty,5,31.89,Returned,Debit Card
AMA-O9632,AMA-C6112,11-Apr-2025,Apparel,4,114.83,Delivered,UPI
AMA-O13244,AMA-C2955,2024-08-06,Toys,4,$93.01,Delivered,Debit Card
AMA-O12645,AMA-C5489,2023-06-02,Toys,4,26.47,Delivered,Debit Card
AMA-O11841,AMA-C8695,2024-12-26,Sports & Outdoors,4,200.71,Delivered,Credit Card
AMA-O9126,AMA-C7208,2023-09-21,Sports & Outdoors,2,230.58,Returned,Gift Card
AMA-O12732,AMA-C2365,2023-08-31,Apparel,1,105.73,Delivered,Gift Card
AMA-O14635,AMA-C8554,12/21/2023,Beauty,1,39.38,Shipped,Gift Card
AMA-O12207,AMA-C9374,20-Jun-2024,Sports & Outdoors,2,72.82,Returned,Debit Card
AMA-O7293,AMA-C7001,2023-11-01,Electronics,3,601.86,Delivered,UPI
AMA-O6178,AMA-C3552,2023-12-27,Beauty,2,73.64,Pending,Debit Card
AMA-O7786,AMA-C9916,23-Jan-2025,Books,2,5.24,Delivered,UPI
AMA-O10715,AMA-C4522,08/13/2023,Sports & Outdoors,4,192.24,Delivered,Debit Card
AMA-O10665,AMA-C10720,2024-05-22,Grocery,4,$26.44,Pending,Gift Card
AMA-O9764,AMA-C2026,2023-09-14,Apparel,2,58.01,Cancelled,UPI
AMA-O8250,AMA-C4453,2024-11-27,Grocery,2,11.38,Cancelled,Credit Card
AMA-O12836,AMA-C10668,04/19/2024,Electronics,3,202.35,Delivered,Credit Card
AMA-O11564,AMA-C3473,11/10/2025,Electronics,3,274.55,Delivered,UPI
AMA-O8333,AMA-C9549,2025-03-10,Electronics,3,617.5,Returned,Debit Card
AMA-O6101,AMA-C3256,08-May-2025,Books,1,37.91,Pending,Debit Card
AMA-O6610,AMA-C9082,2024-07-20,Toys,2,8.52,Cancelled,Gift Card
AMA-O14342,AMA-C6039,19-Dec-2025,Beauty,3,24.16,Delivered,Credit Card
AMA-O10946,AMA-C5962,22-Apr-2025,Home & Kitchen,5,88.8,Delivered,Amazon Pay
AMA-O14696,AMA-C8464,28-Mar-2025,Grocery,4,50.48,Delivered,Debit Card
AMA-O9049,AMA-C8079,05-Sep-2023,Electronics,1,538.53,Pending,Gift Card
AMA-O13213,AMA-C7367,2025-04-21,Sports & Outdoors,4,115.36,Delivered,Amazon Pay
AMA-O10269,AMA-C10534,12/11/2023,Sports & Outdoors,1,134.99,Cancelled,Credit Card
AMA-O6820,AMA-C9999,2023-12-13,Sports & Outdoors,4,115.23,Delivered,Amazon Pay
AMA-O14480,AMA-C8913,2024-03-15,Apparel,2,60.06,Delivered,Amazon Pay
AMA-O10816,AMA-C9773,2023-08-11,Beauty,2,$5.50,Returned,Amazon Pay
AMA-O7121,AMA-C3386,2023-03-14,Home & Kitchen,4,88.14,Cancelled,Amazon Pay
AMA-O13564,AMA-C4791,10/31/2023,Beauty,1,53.05,Pending,Amazon Pay
AMA-O10853,AMA-C10672,09/20/2023,Apparel,4,15.85,Cancelled,Debit Card
AMA-O6922,AMA-C3800,15-May-2025,Home & Kitchen,4,$111.39,Pending,UPI
AMA-O6794,AMA-C3447,10/10/2025,Apparel,1,80.85,Cancelled,Credit Card
AMA-O13914,AMA-C1643,09/18/2025,Grocery,3,42.68,Cancelled,Credit Card
AMA-O8585,AMA-C1283,04/30/2023,Toys,5,$64.65,Returned,Amazon Pay
AMA-O7538,AMA-C4719,01/09/2023,Apparel,5,36.19,Pending,Credit Card
AMA-O9298,AMA-C4854,06/25/2023,Apparel,1,29.88,Delivered,Gift Card
AMA-O13894,AMA-C5421,2024-07-22,Beauty,1,$65.27,Cancelled,UPI
AMA-O6087,AMA-C10855,02/19/2023,Grocery,5,49.91,Returned,UPI
AMA-O6818,AMA-C5558,03/07/2023,Grocery,5,$36.33,Returned,UPI
AMA-O7083,AMA-C2247,09/06/2023,Grocery,2,8.92,Cancelled,Amazon Pay
AMA-O12634,AMA-C5499,31-Oct-2024,Sports & Outdoors,3,225.96,Returned,Credit Card
AMA-O13928,AMA-C6381,03/12/2025,Apparel,2,111.7,Delivered,Amazon Pay
AMA-O12390,AMA-C5024,02-Oct-2024,Electronics,5,111.89,Pending,Gift Card
AMA-O5916,AMA-C2529,2025-07-18,Books,3,38.42,Shipped,Gift Card
AMA-O12336,AMA-C3700,08-Oct-2025,Sports & Outdoors,3,175.9,Pending,Gift Card
AMA-O9131,AMA-C1923,04/17/2025,Toys,4,54.6,Delivered,UPI
AMA-O13848,AMA-C1231,2023-04-17,Home & Kitchen,2,197.12,Cancelled,Credit Card
AMA-O12987,AMA-C3606,2025-11-17,Toys,5,84.31,,UPI
AMA-O12098,AMA-C2588,08/29/2023,Grocery,2,$56.70,Shipped,Debit Card
AMA-O9095,AMA-C1456,31-Oct-2025,Electronics,1,$587.24,Pending,UPI
AMA-O6489,AMA-C4453,30-Jul-2025,Beauty,1,57.24,Pending,UPI
AMA-O5673,AMA-C1001,2025-08-18,Books,1,6.35,Returned,UPI
AMA-O10711,AMA-C1247,01/09/2024,Beauty,4,65.99,Delivered,Credit Card
AMA-O6942,AMA-C9250,2023-07-15,Beauty,4,45.05,Pending,Debit Card
AMA-O12200,AMA-C5749,02-Mar-2023,Apparel,2,64.26,Delivered,Gift Card
AMA-O6440,AMA-C4588,2025-04-21,Home & Kitchen,4,101.33,Delivered,Amazon Pay
AMA-O8271,AMA-C6103,02/06/2024,Toys,2,40.25,Pending,Amazon Pay
AMA-O6656,AMA-C7611,07/16/2025,Sports & Outdoors,5,$138.09,Delivered,Credit Card
AMA-O7479,AMA-C10981,28-Jun-2025,Toys,5,39.27,Cancelled,Gift Card
AMA-O7966,AMA-C6482,02/09/2025,Books,3,17.96,Pending,Gift Card
AMA-O6650,AMA-C6242,2024-09-08,Toys,3,71.82,Pending,Amazon Pay
AMA-O13456,AMA-C8035,12/30/2024,Home & Kitchen,2,100.35,Delivered,Credit Card
AMA-O11423,AMA-C10829,2023-05-10,Apparel,4,40.47,Cancelled,Amazon Pay
AMA-O6082,AMA-C1006,2023-11-09,Apparel,4,$69.05,Delivered,Credit Card
AMA-O11073,AMA-C2526,2024-07-07,Electronics,4,$171.03,Delivered,Credit Card
AMA-O7748,AMA-C2387,20-Apr-2025,Apparel,4,100.31,Returned,Gift Card
AMA-O11805,AMA-C7005,14-Aug-2025,Home & Kitchen,5,297.9,,Amazon Pay
AMA-O5487,AMA-C5130,21-Apr-2023,Beauty,3,$23.72,Cancelled,UPI
AMA-O12955,AMA-C8700,01/23/2025,Toys,2,$33.60,Returned,Credit Card
AMA-O8672,AMA-C9712,11/20/2025,Electronics,3,$222.00,Returned,Debit Card
AMA-O11102,AMA-C10228,2024-02-06,Toys,3,69.61,Delivered,Credit Card
AMA-O5636,AMA-C1689,21-Jul-2025,Home & Kitchen,2,73.74,Pending,Amazon Pay
AMA-O12039,AMA-C2036,16-Nov-2024,Beauty,3,53.63,Delivered,UPI
AMA-O9370,AMA-C2002,01/06/2024,Sports & Outdoors,5,11.68,Delivered,Gift Card
AMA-O8551,AMA-C3169,21-May-2023,Grocery,3,$19.44,Pending,Debit Card
AMA-O5405,AMA-C9999,2024-09-05,Beauty,2,$54.63,Pending,UPI
AMA-O12934,AMA-C3175,05/07/2023,Beauty,4,35.9,Cancelled,Gift Card
AMA-O10215,AMA-C8103,12/15/2023,Home & Kitchen,4,69.27,Delivered,Credit Card
AMA-O13540,AMA-C3460,05/28/2025,Books,4,12.91,Delivered,Debit Card
AMA-O6815,AMA-C10076,06-Jun-2023,Sports & Outdoors,4,215.05,Shipped,UPI
AMA-O14883,AMA-C6986,12/21/2023,Books,1,16.31,Delivered,Credit Card
AMA-O12360,AMA-C10102,20-Aug-2025,Books,2,9.02,Delivered,Credit Card
AMA-O5944,AMA-C6628,2025-04-09,Books,5,22.32,Returned,Amazon Pay
AMA-O8326,AMA-C3661,2023-05-04,Books,3,28.62,Returned,Debit Card
AMA-O10493,AMA-C6172,10/22/2024,Sports & Outdoors,1,$132.77,Delivered,UPI
AMA-O9183,AMA-C1822,2023-09-11,Sports & Outdoors,2,37.41,Pending,Credit Card
AMA-O14233,AMA-C7012,2024-11-09,Beauty,1,41.4,Pending,UPI
AMA-O5706,AMA-C4371,2025-02-02,Electronics,5,558.38,Delivered,Credit Card
AMA-O5383,AMA-C6259,23-Jun-2023,Home & Kitchen,4,232.35,Delivered,Credit Card
AMA-O8533,AMA-C2215,10/11/2023,Apparel,3,74.86,Delivered,UPI
AMA-O5162,AMA-C10676,09/23/2025,Beauty,2,$58.59,Returned,Credit Card
AMA-O14007,AMA-C4764,09/23/2025,Home & Kitchen,4,233.06,,UPI
AMA-O11974,AMA-C7126,2023-04-11,Sports & Outdoors,5,133.65,Shipped,Amazon Pay
AMA-O8016,AMA-C9762,02/24/2024,Apparel,4,26.53,Delivered,Debit Card
AMA-O5483,AMA-C10182,11/24/2025,Books,4,9.06,Delivered,Amazon Pay
AMA-O6792,AMA-C10173,2023-10-18,Electronics,3,776.17,Delivered,Credit Card
AMA-O10995,AMA-C7042,2025-09-15,Electronics,3,292.84,Pending,Amazon Pay
AMA-O9423,AMA-C6750,03/25/2024,Beauty,4,10.26,Returned,Amazon Pay
AMA-O13012,AMA-C4793,19-May-2025,Sports & Outdoors,4,204.82,Delivered,UPI
AMA-O5561,AMA-C8910,2024-04-27,Apparel,4,43.04,Delivered,Debit Card
AMA-O10635,AMA-C4104,02/10/2025,Apparel,5,$79.82,Delivered,Gift Card
AMA-O9264,AMA-C4744,2024-12-23,Sports & Outdoors,4,91.97,Pending,Debit Card
AMA-O6416,AMA-C6111,25-Jun-2025,Electronics,1,366.85,Pending,Credit Card
AMA-O14876,AMA-C2911,2025-08-10,Apparel,2,66.13,Returned,Debit Card
AMA-O11440,AMA-C2220,2024-08-12,Toys,3,79.75,Shipped,Gift Card
AMA-O6161,AMA-C2511,12-Jun-2024,Apparel,5,$70.18,Pending,UPI
AMA-O14387,AMA-C9398,01/20/2025,Sports & Outdoors,2,113.04,Delivered,UPI
AMA-O11759,AMA-C7424,01/02/2023,Toys,5,54.16,Pending,Debit Card
AMA-O14961,AMA-C10894,24-Feb-2024,Electronics,2,410.63,Returned,Gift Card
AMA-O7087,AMA-C2286,14-Sep-2024,Apparel,3,16.67,Returned,Amazon Pay
AMA-O5866,AMA-C6852,06-May-2023,Electronics,5,$185.63,Pending,Gift Card
AMA-O12749,AMA-C7463,21-May-2025,Home & Kitchen,4,257.44,Delivered,Debit Card
AMA-O12807,AMA-C2577,2025-01-04,Home & Kitchen,4,76.37,Returned,Amazon Pay
AMA-O7890,AMA-C2633,2023-10-23,Apparel,2,72.99,Delivered,Gift Card
AMA-O14948,AMA-C7228,07/24/2023,Sports & Outdoors,1,53.22,Delivered,Gift Card
AMA-O14858,AMA-C2191,10/05/2025,Books,1,35.65,Shipped,Credit Card
AMA-O10864,AMA-C4464,2025-11-24,Apparel,5,$68.52,Pending,Credit Card
AMA-O7242,AMA-C9653,03/24/2023,Books,3,$38.05,Returned,Debit Card
AMA-O13321,AMA-C8359,28-Mar-2023,Grocery,3,30.22,Delivered,Amazon Pay
AMA-O14182,AMA-C6714,2025-01-26,Apparel,1,$57.57,Cancelled,Gift Card
AMA-O14742,AMA-C1602,2024-01-07,Apparel,3,$115.77,Delivered,Amazon Pay
AMA-O13554,AMA-C5576,2024-09-13,Home & Kitchen,1,$79.65,Returned,Amazon Pay
AMA-O7123,AMA-C4022,2024-09-13,Beauty,2,70.31,Shipped,Credit Card
AMA-O11954,AMA-C8653,24-Jun-2025,Home & Kitchen,3,187.38,Returned,Credit Card
AMA-O9314,AMA-C4195,02/09/2025,Books,-4,33.79,Delivered,UPI
AMA-O12106,AMA-C2399,10/05/2023,Electronics,2,75.1,Returned,Debit Card
AMA-O9052,AMA-C1814,2023-09-14,Beauty,4,5.43,Delivered,Amazon Pay
AMA-O6301,AMA-C1262,10/06/2023,Sports & Outdoors,2,235.79,Pending,Gift Card
AMA-O10988,AMA-C8334,2023-06-12,Books,2,7.35,Delivered,Gift Card
AMA-O8189,AMA-C2888,29-Sep-2023,Grocery,5,31.87,Delivered,Debit Card
AMA-O11026,AMA-C1659,06/09/2024,Sports & Outdoors,4,242.95,Delivered,UPI
AMA-O11036,AMA-C2003,15-Mar-2023,Toys,1,74.25,Delivered,Amazon Pay
AMA-O11313,AMA-C1743,2023-12-22,Books,4,$23.55,Cancelled,Credit Card
AMA-O6086,AMA-C6583,2025-09-24,Toys,3,79.3,Delivered,UPI
AMA-O13122,AMA-C1629,11/10/2025,Beauty,1,$22.41,Returned,Debit Card
AMA-O7248,AMA-C10412,07/15/2023,Home & Kitchen,3,$154.56,Delivered,Debit Card
AMA-O10652,AMA-C2484,2024-08-24,Apparel,2,67.25,Delivered,UPI
AMA-O13378,AMA-C10580,12-Nov-2023,Grocery,2,24.74,Delivered,Debit Card
AMA-O13282,AMA-C2682,24-Apr-2025,Apparel,4,28.13,,Amazon Pay
AMA-O9388,AMA-C5922,05/27/2025,Books,3,32.5,Delivered,Amazon Pay
AMA-O7756,AMA-C6241,17-May-2024,Sports & Outdoors,4,94.18,Delivered,Credit Card
AMA-O13245,AMA-C3737,11/09/2024,Electronics,3,$740.47,Delivered,Debit Card
AMA-O7847,AMA-C1746,11/04/2023,Sports & Outdoors,5,$74.74,Delivered,Amazon Pay
AMA-O11930,AMA-C3280,25-Aug-2025,Home & Kitchen,5,22.65,Pending,Debit Card
AMA-O7629,AMA-C9571,2024-11-05,Beauty,2,38.67,Delivered,Debit Card
AMA-O12278,AMA-C3835,10/29/2023,Books,3,14.1,Returned,Debit Card
AMA-O10809,AMA-C9676,11/22/2023,Electronics,1,125.66,Pending,Gift Card
AMA-O9669,AMA-C6706,04/02/2023,Beauty,3,24.6,Delivered,Credit Card
AMA-O5674,AMA-C4744,15-Mar-2025,Beauty,2,$49.33,Delivered,Credit Card
AMA-O14435,AMA-C5108,2024-02-29,Beauty,5,31.43,Delivered,UPI
AMA-O7777,AMA-C7867,2025-11-26,Grocery,2,30.13,Pending,Gift Card
AMA-O5760,AMA-C7246,02/22/2025,Grocery,5,7.85,Cancelled,UPI
AMA-O14844,AMA-C2514,2024-05-29,Toys,3,48.55,Shipped,Amazon Pay
AMA-O5785,AMA-C8270,01/10/2025,Home & Kitchen,5,$218.37,Returned,Gift Card
AMA-O8414,AMA-C10720,07/29/2024,Beauty,1,72.24,Delivered,UPI
AMA-O7327,AMA-C2152,2023-12-12,Beauty,1,19.19,Pending,Credit Card
AMA-O7685,AMA-C10440,10-Sep-2025,Books,2,15.35,Delivered,Debit Card
AMA-O14173,AMA-C4181,2025-11-06,Books,1,16.7,Delivered,Debit Card
AMA-O11703,AMA-C10622,2024-04-25,Apparel,4,101.24,Delivered,UPI
AMA-O5612,AMA-C1621,2025-04-21,Toys,3,$62.61,Shipped,Credit Card
AMA-O7755,AMA-C1690,28-Jan-2025,Apparel,4,81.46,Delivered,Gift Card
AMA-O11065,AMA-C6012,25-Oct-2024,Grocery,3,28.91,Delivered,Amazon Pay
AMA-O13730,AMA-C3897,11-Jun-2024,Sports & Outdoors,2,117.77,Delivered,Amazon Pay
AMA-O12408,AMA-C4003,2024-05-28,Home & Kitchen,2,152.15,Shipped,UPI
AMA-O9989,AMA-C10558,03-Jun-2024,Home & Kitchen,4,$251.03,Delivered,Credit Card
AMA-O5311,AMA-C5051,06-Feb-2025,Apparel,4,$108.34,Delivered,Credit Card
AMA-O6979,AMA-C7018,04/21/2024,Electronics,2,$193.75,Cancelled,Gift Card
AMA-O6495,AMA-C3446,2023-12-05,Home & Kitchen,4,25.44,Delivered,UPI
AMA-O6189,AMA-C10825,2024-04-15,Apparel,3,9.4,Delivered,UPI
AMA-O14974,AMA-C4867,2023-12-19,Apparel,3,$117.20,Cancelled,UPI
AMA-O6746,AMA-C2153,06-Aug-2025,Electronics,4,739.1,Shipped,Amazon Pay
AMA-O7195,AMA-C1274,18-Dec-2024,Electronics,5,147.52,Returned,Debit Card
AMA-O9411,AMA-C5484,2025-04-25,Toys,3,43.69,Pending,UPI
AMA-O11240,AMA-C8124,2025-06-16,Electronics,3,307.4,Delivered,UPI
AMA-O10895,AMA-C10431,10/01/2024,Electronics,5,170.17,Delivered,Credit Card
AMA-O9277,AMA-C10293,04/16/2024,Books,3,27.17,Delivered,UPI
AMA-O9868,AMA-C1698,30-Aug-2024,Sports & Outdoors,5,35.54,Cancelled,Debit Card
AMA-O7266,AMA-C8489,2024-11-11,Beauty,5,$87.75,Pending,UPI
AMA-O11660,AMA-C1613,07/22/2024,Home & Kitchen,3,$104.78,Delivered,Debit Card
AMA-O7443,AMA-C8578,02/11/2024,Books,1,$27.53,Shipped,Credit Card
AMA-O6688,AMA-C4917,02/27/2025,Home & Kitchen,2,260.14,,UPI
AMA-O12676,AMA-C1636,12-Dec-2023,Electronics,4,246.59,Delivered,Credit Card
AMA-O13716,AMA-C6405,2024-01-31,Toys,2,88.91,Pending,Amazon Pay
AMA-O7514,AMA-C10553,22-Jan-2025,Beauty,3,74.27,Delivered,Debit Card
AMA-O10246,AMA-C3955,2025-12-17,Toys,4,23.84,Delivered,Amazon Pay
AMA-O8160,AMA-C3169,28-Feb-2023,Books,3,37.03,Shipped,Gift Card
AMA-O7782,AMA-C4378,11/08/2025,Apparel,5,31.2,Delivered,Credit Card
AMA-O9686,AMA-C6063,2025-11-24,Electronics,4,536.47,Returned,Amazon Pay
AMA-O11174,AMA-C10678,2025-01-28,Beauty,3,55.32,Shipped,Credit Card
AMA-O14453,AMA-C2068,2025-08-15,Electronics,5,280.04,Delivered,Credit Card
AMA-O5256,AMA-C2711,2024-07-07,Sports & Outdoors,5,36.51,Delivered,Gift Card
AMA-O12362,AMA-C3733,07-Mar-2024,Toys,4,77.27,Returned,Amazon Pay
AMA-O7008,AMA-C4265,2024-05-02,Home & Kitchen,2,195.95,Delivered,Gift Card
AMA-O6100,AMA-C10336,2024-02-26,Apparel,2,59.95,Delivered,UPI
AMA-O5226,AMA-C4823,06/19/2025,Beauty,4,39.14,Delivered,UPI
AMA-O11234,AMA-C8759,10-Dec-2023,Home & Kitchen,3,190.29,Returned,Credit Card
AMA-O9546,AMA-C6555,2024-06-28,Toys,4,43.35,Pending,Gift Card
AMA-O7385,AMA-C4112,2023-10-27,Beauty,3,16.19,Delivered,UPI
AMA-O5545,AMA-C1360,24-Nov-2024,Books,5,16.15,Returned,Gift Card
AMA-O9226,AMA-C1334,05-Oct-2023,Sports & Outdoors,5,$179.91,Delivered,Debit Card
AMA-O8105,AMA-C10889,15-May-2025,Electronics,3,$646.12,Cancelled,UPI
AMA-O9932,AMA-C1775,02/15/2023,Home & Kitchen,-4,83.77,Pending,Debit Card
AMA-O11204,AMA-C1452,12/11/2025,Apparel,4,119.47,Shipped,Credit Card
AMA-O14235,AMA-C3415,01/13/2025,Beauty,3,88.33,Cancelled,Amazon Pay
AMA-O14529,AMA-C4200,2024-12-26,Books,4,$31.27,Pending,UPI
AMA-O9443,AMA-C9328,24-May-2025,Beauty,4,38.78,Delivered,Credit Card
AMA-O6327,AMA-C5780,2025-01-15,Grocery,3,50.99,Delivered,Debit Card
AMA-O10464,AMA-C4416,08/10/2025,Apparel,4,$106.97,Returned,Credit Card
AMA-O14215,AMA-C1167,11-Nov-2024,Apparel,3,25.54,Delivered,Amazon Pay
AMA-O6501,AMA-C1316,18-Apr-2023,Toys,4,$42.18,Delivered,UPI
AMA-O6105,AMA-C5208,2023-01-05,Sports & Outdoors,2,$74.35,Pending,Credit Card
AMA-O12350,AMA-C5216,04/29/2024,Sports & Outdoors,2,136.3,Delivered,Gift Card
AMA-O12121,AMA-C1119,13-Nov-2023,Electronics,1,247.75,Delivered,Amazon Pay
AMA-O13474,AMA-C3588,09/26/2025,Apparel,5,27.95,Returned,Credit Card
AMA-O10318,AMA-C2630,03/04/2024,Sports & Outdoors,3,56.63,Pending,UPI
AMA-O10981,AMA-C6509,05/17/2024,Sports & Outdoors,4,$209.22,Delivered,Gift Card
AMA-O7779,AMA-C1295,06/27/2024,Books,2,$10.18,Cancelled,Credit Card
AMA-O12140,AMA-C3254,11-Apr-2025,Grocery,2,3.31,Delivered,Credit Card
AMA-O7576,AMA-C9999,18-Oct-2025,Electronics,3,407.82,Cancelled,UPI
AMA-O10386,AMA-C2613,01/07/2023,Toys,4,27.58,Delivered,Amazon Pay
AMA-O12485,AMA-C3658,06/23/2023,Books,5,37.83,Cancelled,Debit Card
AMA-O6625,AMA-C10633,14-Mar-2024,Toys,4,91.26,,Credit Card
AMA-O7706,AMA-C7357,05/29/2024,Toys,4,$5.47,,Debit Card
AMA-O5870,AMA-C6594,02-Dec-2024,Home & Kitchen,3,230.66,Cancelled,Credit Card
AMA-O12431,AMA-C6604,04/08/2024,Apparel,4,89.03,Delivered,Gift Card
AMA-O8178,AMA-C3361,2023-05-25,Home & Kitchen,1,223.66,Delivered,Debit Card
AMA-O13440,AMA-C4324,2023-01-30,Electronics,3,$474.29,Shipped,Debit Card
AMA-O5442,AMA-C7129,09/27/2024,Books,2,31.26,Delivered,Amazon Pay
AMA-O6933,AMA-C9971,2023-09-17,Beauty,5,11.1,Delivered,Credit Card
AMA-O13601,AMA-C5977,05-Feb-2024,Apparel,1,17.92,Cancelled,UPI
AMA-O7563,AMA-C1224,2024-07-01,Toys,4,$70.69,Returned,Credit Card
AMA-O14069,AMA-C3275,19-Aug-2023,Electronics,3,793.9,Delivered,Debit Card
AMA-O7139,AMA-C7882,2023-12-12,Books,3,11.5,Pending,Debit Card
AMA-O14792,AMA-C10371,2024-07-01,Books,3,11.18,Delivered,Amazon Pay
AMA-O9763,AMA-C2871,2024-11-05,Electronics,4,672.62,Pending,Credit Card
AMA-O8101,AMA-C1958,2023-11-10,Sports & Outdoors,5,233.3,Returned,Gift Card
AMA-O5343,AMA-C8385,02-Mar-2025,Books,2,8.63,Delivered,Gift Card
AMA-O8840,AMA-C7039,03-Sep-2025,Home & Kitchen,-1,265.63,Returned,Gift Card
AMA-O7791,AMA-C4544,07/01/2025,Toys,1,61.04,Pending,Debit Card
AMA-O7313,AMA-C1920,2024-01-09,Books,2,13.11,Pending,UPI
AMA-O13925,AMA-C8290,03/25/2024,Toys,2,96.46,Pending,UPI
AMA-O7804,AMA-C5297,10/27/2023,Electronics,5,535.11,Delivered,Credit Card
AMA-O8245,AMA-C2803,03/30/2025,Grocery,3,21.41,Cancelled,Gift Card
AMA-O10996,AMA-C6794,2024-07-18,Books,1,15.86,Cancelled,Amazon Pay
AMA-O12345,AMA-C4421,02/13/2025,Home & Kitchen,4,110.89,,Gift Card
AMA-O10169,AMA-C2194,2023-09-19,Toys,1,$72.35,Returned,UPI
AMA-O13726,AMA-C5175,05/08/2024,Electronics,3,164.7,Delivered,Credit Card
AMA-O11590,AMA-C6940,07-Jun-2023,Toys,2,37.4,Delivered,UPI
AMA-O7827,AMA-C5707,2024-08-30,Beauty,1,61.72,Returned,Gift Card
AMA-O9765,AMA-C3425,2023-01-11,Books,2,33.28,Delivered,Gift Card
AMA-O12636,AMA-C10615,11/30/2024,Home & Kitchen,5,36.81,Delivered,Debit Card
AMA-O8643,AMA-C5711,02/10/2023,Electronics,5,527.1,Delivered,Amazon Pay
AMA-O13464,AMA-C4196,04/15/2025,Electronics,4,184.42,Delivered,UPI
AMA-O7305,AMA-C3853,2025-01-22,Books,2,28.89,Delivered,UPI
AMA-O14571,AMA-C2877,05/15/2025,Toys,-1,40.51,Cancelled,Gift Card
AMA-O8953,AMA-C2880,18-Nov-2024,Apparel,3,96.88,Pending,UPI
AMA-O6731,AMA-C8407,2024-04-18,Toys,2,49.8,Returned,Debit Card
AMA-O7286,AMA-C1902,11/02/2024,Apparel,2,56.61,Delivered,Gift Card
AMA-O5712,AMA-C1060,2025-04-24,Toys,5,36.93,Pending,Debit Card
AMA-O5856,AMA-C3500,02-May-2025,Books,4,$12.77,Shipped,Credit Card
AMA-O13702,AMA-C6046,2025-02-14,Home & Kitchen,1,50.3,Delivered,Debit Card
AMA-O14931,AMA-C7580,2024-04-18,Grocery,2,41.99,Shipped,Amazon Pay
AMA-O14461,AMA-C4942,11/17/2023,Electronics,2,733.34,Delivered,Gift Card
AMA-O7359,AMA-C9100,09/04/2025,Books,3,13.06,,UPI
AMA-O13454,AMA-C4087,2023-05-30,Apparel,3,22.6,Returned,UPI
AMA-O14271,AMA-C10241,06/25/2025,Toys,4,$55.60,Delivered,UPI
AMA-O8471,AMA-C7136,08-Apr-2025,Apparel,3,71.76,Shipped,Credit Card
AMA-O8836,AMA-C6206,09/19/2024,Apparel,5,64.24,Delivered,Amazon Pay
AMA-O11782,AMA-C10489,05/04/2024,Beauty,3,8.44,Shipped,UPI
AMA-O5828,AMA-C5741,03/28/2024,Grocery,4,$31.48,Cancelled,Amazon Pay
AMA-O11358,AMA-C5868,09/21/2024,Books,5,9.85,Returned,Debit Card
AMA-O9730,AMA-C9819,26-Aug-2024,Toys,1,52.9,Delivered,Amazon Pay
AMA-O12008,AMA-C9998,2024-12-11,Toys,5,68.41,Delivered,Debit Card
AMA-O5969,AMA-C8682,01-Dec-2023,Books,5,$25.96,Delivered,Debit Card
AMA-O14992,AMA-C1512,03/26/2023,Apparel,2,$9.56,Shipped,Credit Card
AMA-O14423,AMA-C2089,2024-10-31,Beauty,4,85.56,Delivered,Debit Card
AMA-O13661,AMA-C3042,12/13/2024,Home & Kitchen,2,194.79,Pending,Amazon Pay
AMA-O8221,AMA-C10217,2023-04-09,Sports & Outdoors,4,168.3,Delivered,Amazon Pay
AMA-O8798,AMA-C2569,02/15/2025,Apparel,2,$17.12,Delivered,UPI
AMA-O9641,AMA-C6841,19-Oct-2023,Sports & Outdoors,5,244.39,Delivered,Gift Card
AMA-O12961,AMA-C8625,20-Oct-2025,Beauty,2,24.92,Cancelled,Gift Card
AMA-O14315,AMA-C9901,2023-08-27,Home & Kitchen,5,$62.02,Shipped,UPI
AMA-O13605,AMA-C1063,29-Mar-2025,Home & Kitchen,1,244.86,Cancelled,Debit Card
AMA-O9794,AMA-C5534,03/31/2023,Sports & Outdoors,3,19.5,Shipped,Credit Card
AMA-O5520,AMA-C6172,22-Feb-2023,Apparel,2,$109.34,Delivered,Debit Card
AMA-O13910,AMA-C7993,2025-06-08,Beauty,3,87.52,Delivered,Credit Card
AMA-O5201,AMA-C2222,01/23/2025,Home & Kitchen,2,227.17,Delivered,Amazon Pay
AMA-O10707,AMA-C1086,2023-02-01,Home & Kitchen,1,261.85,Delivered,Gift Card
AMA-O5684,AMA-C2459,09/01/2025,Beauty,2,$9.85,Delivered,UPI
AMA-O12814,AMA-C7215,07/07/2023,Apparel,3,118.98,Pending,Gift Card
AMA-O13944,AMA-C4195,12-Jul-2025,Books,4,38.83,Returned,Credit Card
AMA-O13808,AMA-C9514,04-Apr-2023,Books,1,$33.28,Pending,Amazon Pay
AMA-O5258,AMA-C7512,12/24/2024,Sports & Outdoors,4,117.75,Delivered,Credit Card
AMA-O8069,AMA-C2075,11/16/2024,Toys,1,$20.45,Delivered,Gift Card
AMA-O13470,AMA-C3866,12-Jan-2025,Books,1,$37.12,Pending,Gift Card
AMA-O12482,AMA-C8568,2025-07-01,Toys,4,29.76,Delivered,UPI
AMA-O8369,AMA-C1328,2024-09-03,Books,4,28.31,Pending,UPI
AMA-O7220,AMA-C8318,18-Aug-2023,Toys,4,$5.20,Delivered,UPI
AMA-O12020,AMA-C8782,2023-03-25,Beauty,4,15.57,Delivered,Debit Card
AMA-O12287,AMA-C4121,2023-12-05,Electronics,5,695.53,Cancelled,Amazon Pay
AMA-O8313,AMA-C8141,15-Dec-2023,Beauty,5,$58.47,Cancelled,Amazon Pay
AMA-O14497,AMA-C9445,01/18/2025,Books,3,26.44,Pending,Debit Card
AMA-O9626,AMA-C3000,11/07/2025,Sports & Outdoors,4,52.71,Delivered,Amazon Pay
AMA-O12607,AMA-C2541,16-Dec-2025,Apparel,2,29.23,Pending,Gift Card
AMA-O6010,AMA-C8170,05-Jan-2024,Beauty,5,40.11,Delivered,UPI
AMA-O11715,AMA-C1213,2024-01-28,Electronics,2,$29.83,Delivered,Debit Card
AMA-O5408,AMA-C1327,26-Sep-2025,Grocery,4,35.57,Delivered,Amazon Pay
AMA-O12992,AMA-C3132,2024-06-22,Home & Kitchen,5,214.26,Delivered,Gift Card
AMA-O13246,AMA-C9010,17-Aug-2024,Electronics,2,$562.50,Shipped,Amazon Pay
AMA-O9741,AMA-C9701,02/22/2024,Sports & Outdoors,1,61.23,Delivered,Amazon Pay
AMA-O9516,AMA-C5459,2023-02-08,Grocery,5,20.6,Delivered,UPI
AMA-O7405,AMA-C6692,02/13/2023,Toys,5,86.77,Cancelled,Credit Card
AMA-O6246,AMA-C7840,05-Jan-2023,Sports & Outdoors,1,188.05,Shipped,UPI
AMA-O13349,AMA-C5950,26-May-2025,Electronics,4,$431.81,Shipped,Credit Card
AMA-O10188,AMA-C1460,02-Jun-2025,Grocery,5,42.49,Cancelled,UPI
AMA-O8987,AMA-C4451,21-Jan-2023,Apparel,5,39.57,Delivered,Gift Card
AMA-O11025,AMA-C2081,06-Aug-2023,Apparel,4,54.29,Returned,UPI
AMA-O6950,AMA-C2227,16-Nov-2023,Grocery,1,8.41,Delivered,Credit Card
AMA-O9854,AMA-C1247,05/28/2023,Electronics,2,353.69,Cancelled,Gift Card
AMA-O5741,AMA-C9999,03-May-2023,Grocery,4,17.12,Delivered,Credit Card
AMA-O11820,AMA-C9583,05-Aug-2024,Home & Kitchen,3,169.76,Cancelled,Credit Card
AMA-O13006,AMA-C10229,2023-07-26,Apparel,2,$85.40,Returned,Debit Card
AMA-O6580,AMA-C1819,19-Nov-2025,Books,1,19.02,Returned,Credit Card
AMA-O7376,AMA-C2182,02/24/2024,Toys,1,57.45,Delivered,Gift Card
AMA-O12069,AMA-C4944,2024-09-14,Grocery,5,12.88,Returned,Amazon Pay
AMA-O11738,AMA-C10271,14-Sep-2023,Grocery,1,6.91,Returned,Gift Card
AMA-O8685,AMA-C1260,10-Oct-2024,Sports & Outdoors,1,189.35,Delivered,Credit Card
AMA-O6190,AMA-C9999,2024-09-09,Home & Kitchen,1,10.36,Shipped,Credit Card
AMA-O11474,AMA-C1347,2023-10-03,Sports & Outdoors,3,$229.34,Pending,Gift Card
AMA-O5574,AMA-C2075,03/22/2024,Toys,5,86.05,Delivered,Amazon Pay
AMA-O9300,AMA-C2744,04/03/2025,Sports & Outdoors,2,153.76,Delivered,Amazon Pay
AMA-O12087,AMA-C9999,04-Feb-2025,Beauty,2,$28.85,Shipped,UPI
AMA-O14772,AMA-C3750,02-Mar-2024,Toys,4,86.88,Shipped,Credit Card
AMA-O12707,AMA-C3738,2025-06-04,Electronics,5,322.01,Shipped,Credit Card
AMA-O6547,AMA-C1574,12-Oct-2024,Toys,5,63.16,Shipped,Credit Card
AMA-O6702,AMA-C9162,2023-04-15,Electronics,2,416.7,Delivered,Debit Card
AMA-O6837,AMA-C5888,07/01/2025,Books,2,$38.25,Delivered,Amazon Pay
AMA-O7006,AMA-C4901,2024-11-23,Home & Kitchen,3,106.43,Returned,UPI
AMA-O6329,AMA-C6061,2025-11-05,Home & Kitchen,5,209.75,Delivered,Amazon Pay
AMA-O5481,AMA-C9907,25-Aug-2023,Home & Kitchen,5,175.65,Cancelled,Credit Card
AMA-O12112,AMA-C8206,2025-12-23,Toys,5,$33.60,Delivered,Amazon Pay
AMA-O9923,AMA-C8003,2024-11-19,Toys,2,$53.33,Returned,UPI
AMA-O5206,AMA-C6041,04/16/2025,Books,4,15.4,Returned,Debit Card
AMA-O13788,AMA-C3466,02/11/2025,Grocery,4,$47.57,,Credit Card
AMA-O9066,AMA-C2157,2024-07-16,Sports & Outdoors,3,$18.90,Pending,Gift Card
AMA-O8488,AMA-C2919,11-Aug-2023,Grocery,4,12.2,Pending,Amazon Pay
AMA-O7527,AMA-C9682,2024-10-23,Toys,2,93.13,Pending,Gift Card
AMA-O11929,AMA-C6359,12/04/2024,Apparel,4,65.39,Delivered,Credit Card
AMA-O6202,AMA-C2242,08-Sep-2024,Apparel,2,30.66,Cancelled,UPI
AMA-O11303,AMA-C2245,11/24/2024,Toys,2,46.18,Shipped,Debit Card
AMA-O6530,AMA-C7986,06/12/2025,Beauty,5,36.11,Delivered,Debit Card
AMA-O10210,AMA-C4481,09/07/2024,Home & Kitchen,1,198.3,Delivered,Amazon Pay
AMA-O12068,AMA-C5605,2025-07-17,Home & Kitchen,3,182.63,Cancelled,Credit Card
AMA-O7299,AMA-C8507,02-May-2023,Apparel,1,56.05,Delivered,Debit Card
AMA-O8357,AMA-C9274,08-Jul-2023,Sports & Outdoors,2,52.17,Returned,Amazon Pay
AMA-O11511,AMA-C9999,12/30/2023,Grocery,4,41.88,Returned,Gift Card
AMA-O8806,AMA-C7569,2024-07-16,Toys,4,7.29,Cancelled,Debit Card
AMA-O6271,AMA-C5804,2023-12-14,Electronics,1,166.38,,Credit Card
AMA-O10638,AMA-C9992,2024-08-18,Beauty,3,57.21,Delivered,Gift Card
AMA-O9731,AMA-C1327,10-Aug-2024,Electronics,1,378.95,Delivered,Gift Card
AMA-O6050,AMA-C10865,2023-07-21,Books,4,11.27,Delivered,UPI
AMA-O9007,AMA-C10646,10-May-2025,Apparel,3,79.75,Delivered,UPI
AMA-O6255,AMA-C9937,01-Nov-2023,Electronics,4,580.22,Cancelled,Debit Card
AMA-O14283,AMA-C5108,2024-08-29,Toys,3,66.54,Pending,Credit Card
AMA-O5100,AMA-C3589,27-Sep-2023,Toys,3,75.29,Delivered,Debit Card
AMA-O5368,AMA-C10263,18-Jun-2023,Home & Kitchen,3,$82.41,Delivered,Credit Card
AMA-O5158,AMA-C8166,02/16/2024,Sports & Outdoors,2,178.45,Returned,Debit Card
AMA-O5473,AMA-C1131,07/18/2024,Grocery,5,12.89,Returned,Debit Card
AMA-O10279,AMA-C2694,12/10/2023,Electronics,4,151.01,Returned,Credit Card
AMA-O6845,AMA-C2757,06/11/2024,Home & Kitchen,3,235.5,Delivered,Amazon Pay
AMA-O5362,AMA-C8453,21-Sep-2025,Home & Kitchen,1,85.9,Cancelled,Amazon Pay
AMA-O10965,AMA-C5149,01/21/2024,Apparel,2,109.93,Shipped,UPI
AMA-O14050,AMA-C4115,20-Jun-2023,Toys,5,51.5,Returned,Gift Card
AMA-O8106,AMA-C8572,31-Oct-2024,Electronics,2,769.27,Delivered,Amazon Pay
AMA-O5437,AMA-C7933,27-Jan-2023,Apparel,5,9.19,Pending,Gift Card
AMA-O12628,AMA-C3925,2025-06-20,Apparel,2,90.8,Delivered,Gift Card
AMA-O8515,AMA-C4977,12/20/2025,Beauty,3,26.78,Delivered,Credit Card
AMA-O14455,AMA-C3043,12-Sep-2025,Home & Kitchen,4,79.9,Delivered,Gift Card
AMA-O11916,AMA-C4357,2025-06-24,Sports & Outdoors,1,$109.00,Cancelled,Amazon Pay
AMA-O9704,AMA-C1263,11/30/2023,Grocery,2,56.91,Delivered,Gift Card
AMA-O13986,AMA-C3983,2024-10-12,Toys,3,11.36,Delivered,Amazon Pay
AMA-O11971,AMA-C9542,2024-11-24,Electronics,5,17.74,Delivered,Amazon Pay
AMA-O5667,AMA-C6243,12/03/2023,Electronics,4,$440.31,Delivered,Gift Card
AMA-O9334,AMA-C7852,13-Aug-2023,Beauty,2,38.71,Returned,UPI
AMA-O13943,AMA-C6206,10/22/2023,Home & Kitchen,1,$23.00,Delivered,Amazon Pay
AMA-O11896,AMA-C5377,04/29/2025,Sports & Outdoors,4,74.6,Returned,UPI
AMA-O6926,AMA-C4883,17-Jan-2024,Electronics,1,362.19,Delivered,Amazon Pay
AMA-O6510,AMA-C8136,2024-12-21,Toys,1,$13.45,Cancelled,Gift Card
AMA-O7533,AMA-C10186,06/20/2023,Home & Kitchen,1,31.98,Cancelled,Amazon Pay
AMA-O12590,AMA-C3552,02-Apr-2025,Electronics,4,$567.07,Pending,Amazon Pay
AMA-O6762,AMA-C9076,2025-10-25,Sports & Outdoors,1,249.41,Delivered,Amazon Pay
AMA-O11149,AMA-C1034,04/06/2023,Home & Kitchen,5,11.21,Returned,Gift Card
AMA-O11393,AMA-C3395,13-Jun-2025,Toys,5,68.75,Delivered,UPI
AMA-O13728,AMA-C8374,2024-06-13,Electronics,2,228.47,Delivered,Gift Card
AMA-O5733,AMA-C8689,26-Jun-2024,Apparel,2,86.53,Delivered,Credit Card
AMA-O7765,AMA-C1588,08/30/2024,Sports & Outdoors,1,44.47,Cancelled,Gift Card
AMA-O11087,AMA-C6340,2024-07-30,Books,5,$21.51,Delivered,Gift Card
AMA-O14648,AMA-C2416,2025-01-13,Apparel,3,83.52,Delivered,UPI
AMA-O10081,AMA-C5828,2025-11-02,Sports & Outdoors,1,218.48,Delivered,Debit Card
AMA-O8423,AMA-C2574,30-Jul-2025,Beauty,5,76.52,Returned,Credit Card
AMA-O6585,AMA-C10185,2023-03-05,Electronics,1,498.23,Delivered,Gift Card
AMA-O14090,AMA-C9999,12/14/2024,Books,3,23.14,Returned,Credit Card
AMA-O10778,AMA-C10746,18-Jan-2023,Beauty,3,48.45,Delivered,Credit Card
AMA-O8009,AMA-C6908,01-Jul-2023,Home & Kitchen,5,$56.49,Delivered,Credit Card
AMA-O12888,AMA-C2435,2024-08-04,Sports & Outdoors,5,27.1,Cancelled,Gift Card
AMA-O11169,AMA-C5547,29-Sep-2024,Toys,2,65.82,Delivered,Amazon Pay
AMA-O11628,AMA-C9200,01/31/2023,Home & Kitchen,5,110.16,Delivered,UPI
AMA-O7761,AMA-C7049,2025-11-04,Electronics,3,545.77,Returned,Amazon Pay
AMA-O12464,AMA-C4831,2024-09-22,Beauty,1,50.15,Shipped,Amazon Pay
AMA-O8822,AMA-C1619,26-Oct-2025,Books,-2,$36.06,Delivered,Credit Card
AMA-O11611,AMA-C10649,07/18/2023,Grocery,1,39.79,Delivered,Amazon Pay
AMA-O14422,AMA-C7420,22-Dec-2023,Toys,-1,44.64,Delivered,UPI
AMA-O7361,AMA-C1709,10/02/2023,Electronics,3,$717.97,Returned,Debit Card
AMA-O5262,AMA-C9172,2024-07-17,Grocery,1,39.42,Delivered,Debit Card
AMA-O10324,AMA-C10198,01/11/2023,Sports & Outdoors,2,211.55,Delivered,Amazon Pay
AMA-O12623,AMA-C9630,05/17/2025,Beauty,4,55.26,Pending,Amazon Pay
AMA-O12729,AMA-C4556,11-Aug-2024,Books,1,$32.48,Shipped,Debit Card
AMA-O8329,AMA-C9983,10/10/2024,Apparel,1,$23.23,Cancelled,Credit Card
AMA-O5512,AMA-C4748,2024-04-10,Beauty,1,40.26,Cancelled,Debit Card
AMA-O5774,AMA-C10859,07-Mar-2023,Books,1,$10.33,Delivered,Amazon Pay
AMA-O8658,AMA-C3747,21-Dec-2024,Sports & Outdoors,2,187.09,Cancelled,Amazon Pay
AMA-O7346,AMA-C8785,2023-05-19,Electronics,2,$710.36,Delivered,Debit Card
AMA-O10476,AMA-C1351,2025-07-19,Grocery,4,52.75,Delivered,UPI
AMA-O5200,AMA-C7658,2024-08-01,Toys,2,$15.57,Delivered,Amazon Pay
AMA-O9124,AMA-C7509,2025-11-16,Electronics,4,182.43,Delivered,Gift Card
AMA-O6332,AMA-C2397,2025-08-26,Apparel,5,10.04,Pending,Amazon Pay
AMA-O11361,AMA-C2830,2025-12-01,Home & Kitchen,2,210.78,Shipped,Debit Card
AMA-O9685,AMA-C1001,2023-12-14,Sports & Outdoors,5,163.42,Delivered,Gift Card
AMA-O14351,AMA-C7865,16-Nov-2023,Electronics,1,452.22,Delivered,Amazon Pay
AMA-O12395,AMA-C4611,05/17/2025,Beauty,5,85.33,Cancelled,Credit Card
AMA-O9972,AMA-C2205,2024-01-02,Home & Kitchen,4,214.54,Cancelled,Debit Card
AMA-O5141,AMA-C4296,2025-03-16,Apparel,4,$69.31,Returned,Credit Card
AMA-O8359,AMA-C6384,01/30/2024,Books,4,7.41,Delivered,Amazon Pay
AMA-O5252,AMA-C8022,08/28/2024,Sports & Outdoors,4,25.65,Delivered,UPI
AMA-O13025,AMA-C3871,05/24/2024,Electronics,4,$799.06,Delivered,Amazon Pay
AMA-O10046,AMA-C4373,17-Apr-2023,Beauty,2,24.04,Returned,UPI
AMA-O11501,AMA-C4523,19-Sep-2025,Apparel,3,$94.25,Cancelled,UPI
AMA-O13652,AMA-C6052,07/23/2023,Beauty,2,63.64,Returned,UPI
AMA-O7219,AMA-C3261,30-Mar-2024,Toys,2,73.94,Returned,Debit Card
AMA-O12724,AMA-C8567,10/26/2023,Grocery,4,46.63,Delivered,Credit Card
AMA-O6506,AMA-C3557,03/27/2025,Grocery,3,5.74,Returned,Amazon Pay
AMA-O5655,AMA-C9962,01/23/2024,Beauty,2,87.98,Delivered,Gift Card
AMA-O11215,AMA-C4707,16-Sep-2025,Home & Kitchen,5,201.45,Pending,UPI
AMA-O12186,AMA-C5686,07/20/2023,Books,2,24.06,,Credit Card
AMA-O13443,AMA-C7692,02/21/2024,Beauty,4,6.13,Returned,Amazon Pay
AMA-O7666,AMA-C3927,2024-05-01,Home & Kitchen,5,26.04,Delivered,UPI
AMA-O7959,AMA-C8335,2023-01-16,Electronics,3,$206.53,Delivered,UPI
AMA-O14707,AMA-C7428,03/15/2023,Books,5,13.83,Delivered,Credit Card
AMA-O5209,AMA-C2973,08/12/2023,Home & Kitchen,1,$227.32,Delivered,Gift Card
AMA-O9681,AMA-C5503,04/29/2024,Books,2,24.04,Delivered,UPI
AMA-O14700,AMA-C7006,02/24/2024,Books,4,$9.59,Returned,Amazon Pay
AMA-O10372,AMA-C9896,08-Jul-2023,Home & Kitchen,1,$120.42,Delivered,Credit Card
AMA-O14953,AMA-C8466,08/09/2024,Grocery,4,30.85,Pending,Amazon Pay
AMA-O7417,AMA-C9940,05/03/2025,Beauty,1,26.26,Shipped,Gift Card
AMA-O12536,AMA-C9047,13-Mar-2025,Electronics,3,703.64,Returned,Credit Card
AMA-O7302,AMA-C1391,10-Aug-2024,Toys,3,88.08,Pending,Debit Card
AMA-O11462,AMA-C1749,2024-08-12,Beauty,3,$15.11,Shipped,Debit Card
AMA-O13502,AMA-C4723,06-Jul-2023,Sports & Outdoors,4,204.75,Delivered,Gift Card
AMA-O12760,AMA-C8561,08/02/2024,Sports & Outdoors,2,234.55,Delivered,Amazon Pay
AMA-O6494,AMA-C2323,2024-03-07,Toys,4,52.45,Shipped,Amazon Pay
AMA-O13506,AMA-C2809,10-Nov-2025,Electronics,2,362.03,Cancelled,Credit Card
AMA-O14754,AMA-C3332,29-Jan-2024,Apparel,1,103.86,Pending,Amazon Pay
AMA-O12217,AMA-C6798,02-Feb-2025,Electronics,1,35.51,Pending,UPI
AMA-O11096,AMA-C4345,07/17/2025,Apparel,5,107.31,Pending,UPI
AMA-O7586,AMA-C2183,26-Apr-2023,Books,1,$12.69,Cancelled,Debit Card
AMA-O10650,AMA-C6139,12/25/2024,Electronics,2,19.23,Delivered,UPI
AMA-O11486,AMA-C8138,06-Jan-2023,Electronics,3,81.13,Delivered,UPI
AMA-O5099,AMA-C9999,26-Apr-2023,Electronics,5,501.02,Delivered,Amazon Pay
AMA-O12333,AMA-C5220,16-Jun-2025,Home & Kitchen,5,296.36,Delivered,Amazon Pay
AMA-O14927,AMA-C7669,09/21/2024,Apparel,4,14.65,Returned,Amazon Pay
AMA-O11831,AMA-C4158,09/25/2024,Grocery,2,47.82,Cancelled,Debit Card
AMA-O13136,AMA-C1004,05/03/2024,Grocery,2,49.75,Pending,Amazon Pay
AMA-O9023,AMA-C7461,12-Sep-2025,Home & Kitchen,2,88.02,Pending,Gift Card
AMA-O11435,AMA-C5942,2023-05-26,Electronics,4,57.72,Cancelled,UPI
AMA-O12270,AMA-C9587,22-Apr-2024,Toys,1,51.76,Delivered,Debit Card
AMA-O7146,AMA-C4627,04/10/2023,Books,4,$21.15,Cancelled,Gift Card
AMA-O6879,AMA-C5792,27-Jul-2024,Books,2,27.5,,UPI
AMA-O14122,AMA-C9949,2023-10-23,Grocery,4,6.01,Delivered,Gift Card
AMA-O10647,AMA-C5360,11/01/2024,Home & Kitchen,3,63.16,Returned,Credit Card
AMA-O13268,AMA-C1802,19-Feb-2023,Books,1,12.16,,Credit Card
AMA-O14272,AMA-C1349,2024-07-17,Toys,5,44.66,Shipped,Amazon Pay
AMA-O14003,AMA-C1429,05/04/2024,Grocery,2,6.85,Delivered,Credit Card
AMA-O14765,AMA-C2444,14-Feb-2023,Sports & Outdoors,1,34.92,Delivered,Credit Card
AMA-O14395,AMA-C4629,10/18/2025,Electronics,2,487.99,Returned,Debit Card
AMA-O6703,AMA-C7937,21-Feb-2023,Beauty,4,75.22,Shipped,Debit Card
AMA-O5705,AMA-C8160,10/23/2024,Home & Kitchen,4,79.91,Shipped,UPI
AMA-O10822,AMA-C1248,09/15/2025,Toys,2,14.46,Cancelled,Amazon Pay
AMA-O9234,AMA-C7669,29-Nov-2025,Apparel,5,31.91,Delivered,UPI
AMA-O13311,AMA-C1957,2024-06-12,Grocery,3,$42.56,Delivered,Debit Card
AMA-O10138,AMA-C4678,09/13/2024,Sports & Outdoors,3,$187.85,Pending,Gift Card
AMA-O7091,AMA-C2285,2024-03-14,Books,5,13.78,Cancelled,UPI
AMA-O9997,AMA-C10221,2024-05-09,Beauty,4,$18.52,Pending,Credit Card
AMA-O11935,AMA-C5732,05/04/2025,Sports & Outdoors,3,$226.68,Delivered,Gift Card
AMA-O10347,AMA-C2134,15-Sep-2023,Grocery,2,55.79,Shipped,Amazon Pay
AMA-O12772,AMA-C7985,16-May-2024,Toys,3,86.43,Delivered,Amazon Pay
AMA-O6475,AMA-C6042,2025-03-10,Grocery,1,3.28,Returned,Gift Card
AMA-O6727,AMA-C10399,2024-12-31,Books,5,24.03,Delivered,Amazon Pay
AMA-O14697,AMA-C8129,03/29/2025,Grocery,2,33.71,Cancelled,Credit Card
AMA-O14718,AMA-C1142,07-Jul-2025,Home & Kitchen,4,$132.66,Delivered,Amazon Pay
AMA-O6880,AMA-C6693,04-Aug-2025,Grocery,1,33.36,Delivered,Amazon Pay
AMA-O8957,AMA-C5078,2024-08-22,Books,1,10.11,Delivered,Gift Card
AMA-O7858,AMA-C7124,2024-11-29,Apparel,1,98.65,Shipped,Credit Card
AMA-O9790,AMA-C5510,2023-08-25,Apparel,5,60.35,Delivered,Gift Card
AMA-O13511,AMA-C1934,2025-06-02,Sports & Outdoors,3,$89.56,Returned,Debit Card
AMA-O14354,AMA-C7329,05/01/2023,Beauty,1,38.62,Shipped,Credit Card
AMA-O8986,AMA-C3607,13-Jul-2025,Toys,4,$89.73,Cancelled,UPI
AMA-O13280,AMA-C6024,12/03/2024,Apparel,5,83.64,Pending,Debit Card
AMA-O13549,AMA-C6020,2024-09-19,Apparel,5,$99.65,Pending,Amazon Pay
AMA-O7267,AMA-C6614,2023-07-17,Toys,1,30.77,Pending,Amazon Pay
AMA-O8589,AMA-C2780,06-Sep-2024,Home & Kitchen,3,49.98,Delivered,Credit Card
AMA-O6418,AMA-C10053,04/05/2024,Sports & Outdoors,2,119.35,Pending,Amazon Pay
AMA-O5918,AMA-C8817,12/30/2025,Toys,4,85.7,Delivered,UPI
AMA-O6572,AMA-C1993,2025-01-18,Sports & Outdoors,4,190.62,Delivered,UPI
AMA-O9584,AMA-C5238,01/25/2025,Toys,3,21.89,Returned,Credit Card
AMA-O7547,AMA-C3969,11/18/2023,Sports & Outdoors,-3,194.05,Delivered,Amazon Pay
AMA-O9167,AMA-C10872,2024-01-22,Electronics,5,283.18,Delivered,Debit Card
AMA-O9102,AMA-C10295,06/24/2025,Sports & Outdoors,4,198.56,Pending,Amazon Pay
AMA-O11921,AMA-C3712,10-Nov-2024,Toys,4,8.18,Pending,Credit Card
AMA-O6649,AMA-C1446,08/12/2023,Electronics,4,613.46,Delivered,Gift Card
AMA-O11442,AMA-C8827,2025-06-20,Home & Kitchen,3,111.72,Delivered,Debit Card
AMA-O13427,AMA-C9263,2023-09-12,Home & Kitchen,1,163.1,Pending,UPI
AMA-O9835,AMA-C2417,2024-03-28,Books,3,12.2,Returned,Debit Card
AMA-O8100,AMA-C6570,2025-08-09,Electronics,3,465.07,Delivered,Credit Card
AMA-O9703,AMA-C2762,2024-05-16,Grocery,3,47.55,Delivered,Gift Card
AMA-O10999,AMA-C4860,04-Nov-2024,Beauty,4,56.1,Pending,Debit Card
AMA-O5558,AMA-C3796,06-Jul-2023,Grocery,1,15.72,Delivered,Debit Card
AMA-O13892,AMA-C9999,11/19/2023,Books,5,16.36,Delivered,UPI
AMA-O14218,AMA-C6806,02/27/2025,Toys,5,84.05,Shipped,Credit Card
AMA-O11249,AMA-C1190,2024-10-25,Home & Kitchen,5,$144.06,Returned,Gift Card
AMA-O10894,AMA-C5912,26-Apr-2023,Books,5,24.37,Cancelled,Debit Card
AMA-O5544,AMA-C8653,10/01/2025,Home & Kitchen,4,18.85,Delivered,Debit Card
AMA-O10019,AMA-C5859,06/04/2024,Beauty,5,22.75,Shipped,Amazon Pay
AMA-O12355,AMA-C7187,04/21/2023,Beauty,4,16.27,Shipped,Amazon Pay
AMA-O7536,AMA-C7227,2025-01-30,Apparel,1,90.88,Returned,Amazon Pay
AMA-O7892,AMA-C3791,08/16/2025,Toys,3,68.57,Cancelled,Credit Card
AMA-O13388,AMA-C8633,12/01/2025,Electronics,3,423.77,Returned,Debit Card
AMA-O7472,AMA-C2109,27-Mar-2025,Toys,2,94.4,Shipped,Gift Card
AMA-O10425,AMA-C7023,27-Aug-2025,Home & Kitchen,4,129.35,Delivered,UPI
AMA-O14363,AMA-C9623,23-Aug-2023,Toys,3,96.02,Cancelled,UPI
AMA-O14892,AMA-C10172,11-Nov-2025,Electronics,3,461.78,Cancelled,Gift Card
AMA-O14282,AMA-C6129,2023-08-17,Books,1,$10.22,Delivered,Amazon Pay
AMA-O9341,AMA-C3397,30-Oct-2024,Grocery,5,29.54,Delivered,Gift Card
AMA-O13488,AMA-C8067,12/12/2024,Electronics,4,86.43,,Gift Card
AMA-O14542,AMA-C9449,24-Nov-2023,Toys,5,33.98,Pending,Credit Card
AMA-O8624,AMA-C3006,11/07/2023,Sports & Outdoors,2,$55.07,Cancelled,Gift Card
AMA-O14693,AMA-C6383,10/24/2025,Grocery,5,5.41,Pending,Credit Card
AMA-O8638,AMA-C9074,2024-02-29,Beauty,4,33.96,,Gift Card
AMA-O8630,AMA-C8824,11/10/2024,Electronics,3,281.04,Cancelled,Amazon Pay
AMA-O5073,AMA-C3348,25-Mar-2023,Sports & Outdoors,1,199.84,Delivered,Debit Card
AMA-O14967,AMA-C2450,2024-05-27,Toys,5,85.3,Delivered,UPI
AMA-O8905,AMA-C3424,06/04/2024,Grocery,-3,42.03,Returned,Amazon Pay
AMA-O9012,AMA-C9308,2023-07-28,Toys,5,30.78,Delivered,Gift Card
AMA-O7104,AMA-C2085,07-Jun-2025,Books,1,$5.03,Cancelled,Amazon Pay
AMA-O6621,AMA-C8899,08-Feb-2025,Electronics,1,62.98,Shipped,Gift Card
AMA-O11846,AMA-C7772,09/26/2024,Electronics,4,389.13,Shipped,Credit Card
AMA-O10089,AMA-C10150,02/02/2024,Sports & Outdoors,2,87.18,Cancelled,Gift Card
AMA-O6006,AMA-C1043,10/01/2023,Sports & Outdoors,3,$145.40,Delivered,Credit Card
AMA-O7492,AMA-C7949,17-Aug-2023,Beauty,2,38.62,Cancelled,Amazon Pay
AMA-O7929,AMA-C7191,05/20/2025,Beauty,3,63.59,Delivered,Amazon Pay
AMA-O9235,AMA-C1870,07-Nov-2024,Sports & Outdoors,1,176.67,,Amazon Pay
AMA-O10437,AMA-C2882,2024-04-13,Sports & Outdoors,1,74.42,Delivered,UPI
AMA-O12487,AMA-C1251,20-Aug-2025,Home & Kitchen,2,176.97,Pending,UPI
AMA-O10337,AMA-C3003,2025-10-21,Apparel,3,64.72,Delivered,Amazon Pay
AMA-O7392,AMA-C10253,2025-12-03,Toys,3,54.0,Delivered,Credit Card
AMA-O5995,AMA-C8476,13-Mar-2025,Books,2,30.82,,UPI
AMA-O14030,AMA-C6080,27-Feb-2023,Books,1,8.52,Delivered,Credit Card
AMA-O7830,AMA-C6670,08-Aug-2023,Beauty,2,57.44,Returned,UPI
AMA-O10066,AMA-C1423,08/14/2025,Sports & Outdoors,1,$232.17,Cancelled,Gift Card
AMA-O10746,AMA-C9999,08/28/2024,Grocery,3,23.6,Shipped,Gift Card
AMA-O12269,AMA-C3618,09-Oct-2025,Books,4,$14.69,Pending,Gift Card
AMA-O11397,AMA-C5292,04/06/2024,Apparel,2,20.88,,Credit Card
AMA-O11956,AMA-C9146,09/05/2024,Beauty,1,$38.46,Shipped,Debit Card
AMA-O13813,AMA-C10288,2024-02-10,Beauty,2,72.83,Shipped,Gift Card
AMA-O14022,AMA-C4462,01/29/2024,Apparel,1,104.49,Cancelled,Credit Card
AMA-O10357,AMA-C4942,03-Oct-2025,Toys,2,76.31,Delivered,UPI
AMA-O9766,AMA-C1379,07/18/2025,Toys,3,$29.73,Cancelled,Amazon Pay
AMA-O5940,AMA-C10746,09/11/2025,Grocery,2,4.98,Shipped,UPI
AMA-O11340,AMA-C9999,11/24/2025,Home & Kitchen,1,$219.43,Cancelled,Gift Card
AMA-O11802,AMA-C5748,22-Dec-2023,Beauty,4,81.11,Returned,Gift Card
AMA-O8739,AMA-C5533,18-Jan-2023,Toys,1,$20.23,Pending,Amazon Pay
AMA-O10299,AMA-C4971,17-Sep-2025,Apparel,3,62.24,Returned,UPI
AMA-O10843,AMA-C1418,06/18/2024,Books,1,34.29,Delivered,UPI
AMA-O5979,AMA-C7303,2025-12-17,Electronics,5,$766.06,Shipped,Debit Card
AMA-O8147,AMA-C9766,06-Jul-2024,Grocery,3,35.36,Delivered,Gift Card
AMA-O10968,AMA-C9675,2024-06-25,Apparel,4,70.1,Delivered,Credit Card
AMA-O7594,AMA-C3021,2023-05-15,Apparel,2,60.01,Pending,Amazon Pay
AMA-O7086,AMA-C4978,2024-03-10,Home & Kitchen,4,$121.39,Cancelled,Debit Card
AMA-O12947,AMA-C8001,08/09/2023,Sports & Outdoors,2,26.61,Pending,Amazon Pay
AMA-O14885,AMA-C7382,08/14/2023,Sports & Outdoors,1,116.85,Delivered,Credit Card
AMA-O14091,AMA-C1637,09-Feb-2025,Grocery,5,54.68,Delivered,Credit Card
AMA-O13445,AMA-C4678,06-May-2024,Apparel,5,$45.91,Delivered,Gift Card
AMA-O8361,AMA-C6339,2023-08-18,Sports & Outdoors,4,$241.29,Delivered,Credit Card
AMA-O6259,AMA-C1394,2023-10-19,Electronics,3,505.73,Returned,Gift Card
AMA-O13444,AMA-C7046,2023-11-17,Grocery,1,7.18,Cancelled,Debit Card
AMA-O6036,AMA-C6137,2024-05-07,Home & Kitchen,5,62.02,Shipped,Debit Card
AMA-O6131,AMA-C6432,03/18/2024,Grocery,4,19.31,Pending,Amazon Pay
AMA-O9002,AMA-C9999,10-Oct-2025,Sports & Outdoors,4,230.35,Pending,Gift Card
AMA-O5950,AMA-C10867,03/20/2025,Books,3,5.57,Returned,Credit Card
AMA-O11220,AMA-C2853,08/22/2024,Grocery,3,36.02,Returned,Credit Card
AMA-O5569,AMA-C1765,2024-06-14,Electronics,4,264.57,Delivered,Amazon Pay
AMA-O12490,AMA-C6052,01/27/2023,Beauty,5,63.27,Pending,Debit Card
AMA-O6887,AMA-C2059,07-Nov-2023,Sports & Outdoors,2,$190.93,Pending,Credit Card
AMA-O11376,AMA-C9284,2024-06-07,Home & Kitchen,3,264.53,Cancelled,Amazon Pay
AMA-O9253,AMA-C5763,31-Mar-2023,Apparel,3,$8.55,Delivered,Debit Card
AMA-O6722,AMA-C5911,16-Feb-2025,Toys,4,$57.73,Delivered,Debit Card
AMA-O11297,AMA-C3124,02-Jul-2024,Electronics,4,505.08,Shipped,Gift Card
AMA-O10744,AMA-C10953,2023-01-19,Beauty,3,19.01,Cancelled,UPI
AMA-O12412,AMA-C1596,11/13/2023,Beauty,1,39.36,Returned,Amazon Pay
AMA-O9692,AMA-C10414,14-Feb-2024,Grocery,1,28.98,Delivered,Gift Card
AMA-O6419,AMA-C1572,10/22/2023,Grocery,3,12.82,Delivered,UPI
AMA-O14555,AMA-C7195,22-Feb-2024,Beauty,4,76.59,Pending,UPI
AMA-O8060,AMA-C4590,01/02/2024,Sports & Outdoors,1,139.0,Delivered,Credit Card
AMA-O13521,AMA-C3453,2024-11-02,Home & Kitchen,2,$59.37,Delivered,Amazon Pay
AMA-O11869,AMA-C6074,09/01/2023,Apparel,3,$14.49,Delivered,UPI
AMA-O7864,AMA-C8475,07/10/2025,Grocery,5,6.07,Delivered,Credit Card
AMA-O5081,AMA-C9507,02/04/2025,Apparel,1,$29.46,Delivered,Amazon Pay
AMA-O12053,AMA-C1401,2023-10-17,Grocery,3,35.81,Delivered,Debit Card
AMA-O5897,AMA-C6416,09-Apr-2025,Beauty,1,$38.29,Delivered,UPI
AMA-O8073,AMA-C7342,2024-11-05,Sports & Outdoors,2,36.82,Returned,Credit Card
AMA-O13016,AMA-C6152,03/12/2023,Grocery,2,51.35,Cancelled,Amazon Pay
AMA-O14143,AMA-C2436,09/15/2023,Toys,2,99.65,Delivered,Credit Card
AMA-O13208,AMA-C3790,04/01/2024,Home & Kitchen,4,256.37,Delivered,Credit Card
AMA-O6098,AMA-C2952,06/17/2023,Books,5,8.25,Delivered,UPI
AMA-O11568,AMA-C10694,04/15/2025,Beauty,1,35.89,Delivered,Gift Card
AMA-O5235,AMA-C10944,13-Aug-2024,Toys,1,$27.02,Returned,Amazon Pay
AMA-O14142,AMA-C4780,29-Aug-2024,Sports & Outdoors,3,$192.48,Pending,Credit Card
AMA-O6876,AMA-C8687,26-Sep-2023,Sports & Outdoors,3,222.86,Delivered,Debit Card
AMA-O10374,AMA-C10131,09/16/2025,Sports & Outdoors,1,60.08,Returned,UPI
AMA-O6767,AMA-C4445,2025-07-12,Books,4,9.62,Delivered,Gift Card
AMA-O14683,AMA-C10905,2023-03-03,Sports & Outdoors,4,149.24,Pending,Gift Card
AMA-O6037,AMA-C10543,11/29/2025,Sports & Outdoors,5,69.84,Delivered,Gift Card
AMA-O6300,AMA-C6779,10/02/2023,Sports & Outdoors,3,238.14,Delivered,UPI
AMA-O13127,AMA-C8187,18-Oct-2024,Books,5,32.3,Returned,Debit Card
AMA-O11304,AMA-C9714,02/02/2024,Toys,1,64.39,Returned,UPI
AMA-O7820,AMA-C7402,2024-02-16,Electronics,5,734.58,Cancelled,Amazon Pay
AMA-O9773,AMA-C5834,2023-05-18,Home & Kitchen,4,267.35,Cancelled,Debit Card
AMA-O14771,AMA-C5536,2023-05-23,Electronics,4,786.35,Shipped,Amazon Pay
AMA-O9862,AMA-C5799,2024-10-01,Electronics,4,520.59,Shipped,UPI
AMA-O13080,AMA-C1980,26-Apr-2024,Sports & Outdoors,4,138.21,,Credit Card
AMA-O8417,AMA-C10753,2023-05-30,Electronics,3,142.21,Delivered,Debit Card
AMA-O6114,AMA-C8478,2023-08-06,Sports & Outdoors,3,64.16,Cancelled,Gift Card
AMA-O9033,AMA-C8551,2023-12-28,Books,5,19.62,Delivered,Gift Card
AMA-O8774,AMA-C10256,23-Jul-2025,Books,3,10.6,Delivered,Credit Card
AMA-O12455,AMA-C7162,03/13/2024,Electronics,2,192.49,,Gift Card
AMA-O6060,AMA-C10254,12/25/2023,Apparel,4,33.52,Delivered,Debit Card
AMA-O14673,AMA-C9433,2025-10-27,Electronics,4,252.37,Returned,Credit Card
AMA-O13773,AMA-C4315,04/07/2024,Apparel,4,$90.62,Shipped,UPI
AMA-O6256,AMA-C4001,11/20/2023,Beauty,3,26.66,Returned,Credit Card
AMA-O7094,AMA-C7788,04-Apr-2025,Home & Kitchen,2,158.35,Delivered,Credit Card
AMA-O13199,AMA-C1624,2025-08-17,Electronics,5,$798.65,Shipped,Gift Card
AMA-O14681,AMA-C9723,12/16/2023,Books,4,7.66,Delivered,Credit Card
AMA-O6216,AMA-C10253,08/07/2023,Toys,3,66.28,Delivered,UPI
AMA-O5572,AMA-C2114,2025-09-22,Electronics,4,750.91,,Debit Card
AMA-O12710,AMA-C9724,05/01/2025,Apparel,3,118.47,Shipped,Credit Card
AMA-O7357,AMA-C5461,19-Jan-2025,Toys,5,$67.61,Delivered,Amazon Pay
AMA-O12523,AMA-C5798,01-Sep-2024,Electronics,5,441.03,Cancelled,Amazon Pay
AMA-O5217,AMA-C5000,06/16/2024,Beauty,1,84.93,Returned,Debit Card
AMA-O14097,AMA-C4539,08-Nov-2025,Home & Kitchen,3,248.63,Pending,Gift Card
AMA-O8204,AMA-C4325,17-May-2024,Grocery,1,36.04,Shipped,Gift Card
AMA-O6788,AMA-C1376,12/11/2024,Beauty,5,73.99,Returned,Amazon Pay
AMA-O13052,AMA-C3550,05/04/2023,Home & Kitchen,1,121.33,,UPI
AMA-O12418,AMA-C9192,02/29/2024,Home & Kitchen,3,58.57,Delivered,Credit Card
AMA-O11200,AMA-C5433,08/03/2025,Electronics,3,55.96,Delivered,Debit Card
AMA-O10354,AMA-C1216,09/07/2025,Beauty,4,$89.91,Delivered,Credit Card
AMA-O14224,AMA-C3605,04/01/2024,Toys,2,12.67,Delivered,Debit Card
AMA-O14365,AMA-C4241,20-Oct-2025,Home & Kitchen,2,190.76,Delivered,Debit Card
AMA-O6637,AMA-C3554,03-Sep-2025,Sports & Outdoors,5,130.87,Returned,Credit Card
AMA-O13697,AMA-C1600,05-Mar-2023,Books,3,24.2,Returned,Amazon Pay
AMA-O7098,AMA-C4417,2023-04-11,Books,4,21.7,Shipped,Amazon Pay
AMA-O10327,AMA-C4110,19-Aug-2023,Electronics,3,599.71,Pending,Gift Card
AMA-O11434,AMA-C10533,01/20/2025,Sports & Outdoors,2,53.72,Delivered,Credit Card
AMA-O6108,AMA-C1009,05/25/2025,Beauty,-2,36.56,Shipped,Credit Card
AMA-O13503,AMA-C6227,2023-08-04,Beauty,4,58.13,Delivered,Credit Card
AMA-O11778,AMA-C3791,2025-04-01,Beauty,5,80.7,Delivered,UPI
AMA-O12289,AMA-C8782,02/25/2023,Books,1,$32.13,Cancelled,UPI
AMA-O13115,AMA-C3999,08-Jun-2023,Electronics,4,53.16,Cancelled,Amazon Pay
AMA-O10964,AMA-C10861,20-Mar-2025,Home & Kitchen,3,269.65,Delivered,UPI
AMA-O9653,AMA-C2714,2025-08-14,Toys,3,46.08,Delivered,Amazon Pay
AMA-O8321,AMA-C3057,23-Dec-2023,Sports & Outdoors,5,83.86,Shipped,UPI
AMA-O14079,AMA-C7498,09/08/2025,Apparel,2,32.17,Returned,Debit Card
AMA-O12931,AMA-C7318,09/09/2025,Grocery,2,4.77,Cancelled,Debit Card
AMA-O7578,AMA-C9999,09/17/2024,Electronics,5,484.96,Delivered,Gift Card
AMA-O14401,AMA-C2035,25-May-2025,Toys,2,$9.33,Pending,Debit Card
AMA-O9578,AMA-C10038,04-Nov-2025,Beauty,3,75.27,Returned,Amazon Pay
AMA-O10530,AMA-C9304,2023-04-15,Books,1,32.36,Delivered,Amazon Pay
AMA-O6272,AMA-C8346,11/02/2025,Home & Kitchen,4,202.28,Cancelled,Amazon Pay
AMA-O11875,AMA-C9875,10-Apr-2025,Toys,2,85.43,Delivered,UPI
AMA-O7057,AMA-C10684,10/17/2023,Sports & Outdoors,3,149.31,Returned,Credit Card
AMA-O8959,AMA-C5535,15-Feb-2025,Grocery,2,$56.97,Shipped,Amazon Pay
AMA-O7323,AMA-C9517,06-Oct-2025,Grocery,4,47.62,Shipped,Credit Card
AMA-O13617,AMA-C5747,15-Dec-2024,Sports & Outdoors,2,240.57,Cancelled,Amazon Pay
AMA-O9892,AMA-C2757,17-Jun-2025,Sports & Outdoors,1,130.76,Delivered,Amazon Pay
AMA-O10969,AMA-C5720,01/25/2025,Electronics,1,522.3,Shipped,Credit Card
AMA-O7053,AMA-C3256,11/10/2024,Sports & Outdoors,3,$95.04,Returned,Debit Card
AMA-O10563,AMA-C5522,03/14/2025,Home & Kitchen,5,39.86,Pending,Credit Card
AMA-O5971,AMA-C2296,01/20/2024,Electronics,3,47.62,Delivered,UPI
AMA-O8035,AMA-C9753,03/11/2023,Books,4,30.69,Delivered,Gift Card
AMA-O11260,AMA-C3144,13-Aug-2024,Toys,1,$28.14,Pending,Amazon Pay
AMA-O11859,AMA-C7486,28-Aug-2024,Books,3,33.18,Delivered,Debit Card
AMA-O13828,AMA-C9999,13-Sep-2024,Electronics,3,287.16,Shipped,Debit Card
AMA-O14394,AMA-C10571,27-Jun-2023,Toys,3,53.57,Pending,Debit Card
AMA-O7758,AMA-C3195,2025-05-21,Books,3,5.12,Shipped,Gift Card
AMA-O5749,AMA-C3059,08/10/2025,Books,2,28.59,Cancelled,Debit Card
AMA-O7380,AMA-C9165,11/21/2024,Apparel,3,61.72,Delivered,Debit Card
AMA-O11092,AMA-C3300,20-Mar-2025,Toys,2,37.91,,Amazon Pay
AMA-O14695,AMA-C10430,01/08/2025,Grocery,4,7.47,Cancelled,Credit Card
AMA-O13204,AMA-C4596,2023-02-14,Grocery,4,27.12,Shipped,Gift Card
AMA-O7129,AMA-C10901,2024-05-01,Grocery,4,33.61,Returned,Gift Card
AMA-O7132,AMA-C1491,05/06/2024,Toys,5,79.81,Returned,Debit Card
AMA-O14711,AMA-C1975,23-Jun-2024,Grocery,5,$37.16,Delivered,Credit Card
AMA-O14043,AMA-C9258,2024-11-07,Sports & Outdoors,1,120.33,Shipped,Amazon Pay
AMA-O9354,AMA-C4400,16-Aug-2025,Home & Kitchen,5,264.49,Delivered,UPI
AMA-O9310,AMA-C3570,2025-05-26,Toys,3,48.61,Cancelled,Debit Card
AMA-O10798,AMA-C6399,2023-01-21,Home & Kitchen,5,230.77,Pending,Gift Card
AMA-O11967,AMA-C7208,2025-06-20,Grocery,5,58.8,Returned,UPI
AMA-O9889,AMA-C4157,12/24/2024,Home & Kitchen,2,$291.31,Delivered,UPI
AMA-O12013,AMA-C7469,02/17/2025,Electronics,5,528.59,Delivered,Credit Card
AMA-O7541,AMA-C9169,12/16/2025,Apparel,5,106.96,Pending,Credit Card
AMA-O9530,AMA-C2046,2025-02-23,Sports & Outdoors,1,$47.45,Returned,Amazon Pay
AMA-O11816,AMA-C1578,06/16/2025,Electronics,-3,95.77,Pending,UPI
AMA-O9200,AMA-C1005,13-Feb-2025,Sports & Outdoors,4,$224.12,Cancelled,Amazon Pay
AMA-O11084,AMA-C4619,01/31/2025,Books,3,32.66,Cancelled,UPI
AMA-O12635,AMA-C6130,30-Jun-2023,Books,3,$18.65,Cancelled,Debit Card
AMA-O8242,AMA-C10867,05-May-2025,Beauty,5,22.01,Pending,Debit Card
AMA-O8680,AMA-C7437,2024-10-10,Electronics,1,$227.31,Shipped,Debit Card
AMA-O10764,AMA-C7790,30-Jul-2024,Apparel,5,$35.87,Delivered,Debit Card
AMA-O14064,AMA-C9068,23-Oct-2023,Beauty,3,76.55,Delivered,Gift Card
AMA-O9718,AMA-C8041,2025-12-24,Beauty,3,48.55,Pending,UPI
AMA-O7932,AMA-C2903,20-Nov-2023,Electronics,5,781.27,Returned,Debit Card
AMA-O13678,AMA-C8949,19-Jun-2023,Sports & Outdoors,4,64.49,Delivered,Amazon Pay
AMA-O10942,AMA-C9036,07/17/2024,Toys,5,$70.53,Returned,Debit Card
AMA-O12616,AMA-C4073,02-Jan-2025,Beauty,4,$31.31,Pending,Amazon Pay
AMA-O8878,AMA-C9665,01-Jul-2024,Grocery,2,38.06,Returned,UPI
AMA-O8072,AMA-C6042,04/18/2024,Books,5,21.48,Pending,Gift Card
AMA-O12476,AMA-C4245,12/13/2024,Apparel,3,17.2,Pending,Amazon Pay
AMA-O6169,AMA-C6634,08-Jan-2025,Toys,5,70.65,Delivered,Gift Card
AMA-O8430,AMA-C1288,2023-07-02,Home & Kitchen,3,209.18,Pending,Debit Card
AMA-O5135,AMA-C6753,07/28/2023,Beauty,4,11.36,Returned,Amazon Pay
AMA-O7347,AMA-C6030,25-Apr-2025,Toys,4,74.84,Delivered,Debit Card
AMA-O5386,AMA-C8206,03/04/2024,Apparel,2,90.51,Delivered,Debit Card
AMA-O14577,AMA-C5307,2025-02-09,Books,2,10.81,Pending,UPI
AMA-O11185,AMA-C6530,03/24/2024,Apparel,1,64.74,Shipped,Credit Card
AMA-O9451,AMA-C4596,05/24/2025,Books,1,33.59,Cancelled,UPI
AMA-O12564,AMA-C5314,17-May-2023,Home & Kitchen,2,294.48,Shipped,Debit Card
AMA-O5366,AMA-C9999,12/10/2023,Grocery,3,36.32,Delivered,Debit Card
AMA-O7897,AMA-C2470,20-May-2024,Home & Kitchen,1,259.97,Pending,Amazon Pay
AMA-O13287,AMA-C1578,2023-01-01,Toys,3,70.57,Delivered,Amazon Pay
AMA-O9980,AMA-C3603,2023-06-27,Beauty,5,32.3,Shipped,Debit Card
AMA-O7579,AMA-C2778,01-Aug-2024,Beauty,2,$21.76,Delivered,Credit Card
AMA-O9497,AMA-C2816,11/14/2025,Grocery,2,22.82,Cancelled,Gift Card
AMA-O13501,AMA-C10584,29-Aug-2023,Books,4,17.98,Cancelled,Debit Card
AMA-O7710,AMA-C2683,24-Feb-2025,Books,5,19.13,Returned,Credit Card
AMA-O9598,AMA-C3694,2024-10-12,Beauty,1,49.26,Delivered,Amazon Pay
AMA-O5700,AMA-C7446,2025-05-26,Apparel,5,105.12,Delivered,UPI
AMA-O5344,AMA-C2801,09/29/2023,Apparel,3,106.85,Delivered,Credit Card
AMA-O8366,AMA-C3387,2023-11-25,Grocery,2,51.86,Returned,Credit Card
AMA-O6430,AMA-C4694,2025-06-03,Electronics,4,301.2,Delivered,UPI
AMA-O13157,AMA-C1410,2023-03-01,Beauty,5,38.3,Delivered,UPI
AMA-O11594,AMA-C10351,02/10/2025,Beauty,2,73.38,Shipped,Credit Card
AMA-O6696,AMA-C2833,13-Nov-2024,Electronics,1,303.72,Delivered,Amazon Pay
AMA-O12119,AMA-C9843,11-Aug-2024,Books,2,21.44,Delivered,Gift Card
AMA-O12891,AMA-C2479,09/29/2025,Electronics,3,518.03,Delivered,Gift Card
AMA-O12306,AMA-C6624,07-Apr-2024,Sports & Outdoors,1,19.4,Delivered,Amazon Pay
AMA-O11479,AMA-C4755,08-Aug-2025,Toys,5,24.8,Delivered,Amazon Pay
AMA-O6913,AMA-C8697,2025-10-02,Books,4,6.6,Pending,Debit Card
AMA-O12637,AMA-C4927,24-Oct-2025,Home & Kitchen,1,293.06,Delivered,Debit Card
AMA-O7506,AMA-C4623,06/01/2024,Sports & Outdoors,3,52.39,Delivered,UPI
AMA-O10245,AMA-C7778,13-Dec-2025,Books,1,22.19,Cancelled,UPI
AMA-O10330,AMA-C4641,09/01/2025,Books,2,12.31,Pending,Gift Card
AMA-O9524,AMA-C10471,2024-03-26,Home & Kitchen,3,22.28,Returned,Debit Card
AMA-O6018,AMA-C6280,2023-04-02,Books,1,$38.49,Pending,Debit Card
AMA-O8393,AMA-C7040,11/21/2023,Sports & Outdoors,4,67.64,Delivered,Gift Card
AMA-O5130,AMA-C6579,08/30/2023,Beauty,1,84.46,Delivered,Gift Card
AMA-O12173,AMA-C5619,03/20/2024,Electronics,5,117.44,Shipped,UPI
AMA-O13597,AMA-C7506,16-Mar-2024,Books,2,23.67,Delivered,Amazon Pay
AMA-O5863,AMA-C7597,20-Dec-2023,Sports & Outdoors,2,$34.55,Cancelled,Credit Card
AMA-O11826,AMA-C7946,30-Jan-2024,Books,1,25.97,Delivered,Amazon Pay
AMA-O12511,AMA-C10252,13-Apr-2024,Electronics,4,311.85,Pending,Credit Card
AMA-O5422,AMA-C5324,16-Feb-2023,Grocery,4,25.26,,Debit Card
AMA-O9288,AMA-C2481,2023-04-04,Books,4,38.13,Pending,Gift Card
AMA-O6102,AMA-C10778,2025-03-12,Books,4,$34.18,Cancelled,Debit Card
AMA-O9484,AMA-C8345,07/17/2023,Sports & Outdoors,2,157.03,Pending,Credit Card
AMA-O5791,AMA-C4389,17-May-2023,Home & Kitchen,4,104.37,Cancelled,Debit Card
AMA-O14565,AMA-C5428,09/28/2025,Electronics,5,408.93,Shipped,UPI
AMA-O8288,AMA-C1057,17-Dec-2023,Sports & Outdoors,4,28.71,Pending,UPI
AMA-O7845,AMA-C2203,26-Mar-2023,Electronics,5,645.74,Shipped,Credit Card
AMA-O6884,AMA-C6263,04/01/2024,Electronics,4,25.13,Shipped,Amazon Pay
AMA-O12011,AMA-C4352,2025-10-20,Home & Kitchen,4,$192.30,Delivered,Debit Card
AMA-O8227,AMA-C9203,22-Apr-2025,Apparel,5,77.99,Pending,Debit Card
AMA-O5598,AMA-C3345,06/14/2024,Electronics,5,270.33,Pending,Gift Card
AMA-O10887,AMA-C4368,26-Jul-2023,Sports & Outdoors,5,198.41,Shipped,Debit Card
AMA-O10113,AMA-C9252,21-Nov-2024,Electronics,1,$322.81,Pending,UPI
AMA-O10924,AMA-C10188,26-Dec-2025,Electronics,4,$760.01,Delivered,Amazon Pay
AMA-O12893,AMA-C4209,2024-03-26,Beauty,5,45.32,Delivered,Amazon Pay
AMA-O13612,AMA-C5864,16-Jun-2025,Books,2,18.47,Cancelled,Credit Card
AMA-O10472,AMA-C9605,2023-07-15,Apparel,1,$20.37,Delivered,UPI
AMA-O14261,AMA-C2525,2023-11-18,Electronics,4,559.81,Delivered,UPI
AMA-O9426,AMA-C10271,30-Apr-2023,Home & Kitchen,4,161.64,Returned,Credit Card
AMA-O14378,AMA-C1609,03/10/2023,Electronics,3,412.65,Delivered,Debit Card
AMA-O10820,AMA-C3198,2024-06-01,Home & Kitchen,5,20.26,Pending,UPI
AMA-O9182,AMA-C9537,08/05/2023,Apparel,4,$116.21,Returned,Amazon Pay
AMA-O13161,AMA-C7199,17-Aug-2024,Home & Kitchen,3,192.72,Cancelled,Credit Card
AMA-O8143,AMA-C9722,10/02/2023,Toys,1,93.18,Delivered,Gift Card
AMA-O14825,AMA-C8328,09/07/2024,Grocery,5,25.45,Delivered,Debit Card
AMA-O7473,AMA-C6433,2024-04-27,Beauty,2,$23.29,Delivered,Credit Card
AMA-O12925,AMA-C10449,09-Jan-2024,Home & Kitchen,3,164.08,Returned,Amazon Pay
AMA-O5822,AMA-C6694,12/31/2025,Electronics,5,224.7,Pending,UPI
AMA-O8111,AMA-C3977,04-Sep-2023,Home & Kitchen,1,$132.63,Pending,Gift Card
AMA-O10932,AMA-C8643,02-Sep-2023,Books,2,13.25,Delivered,UPI
AMA-O14923,AMA-C10747,23-Apr-2025,Apparel,3,92.94,Returned,Debit Card
AMA-O14340,AMA-C6286,16-Nov-2025,Electronics,3,$435.74,Shipped,Debit Card
AMA-O10363,AMA-C2109,10/25/2025,Books,5,14.35,Cancelled,Amazon Pay
AMA-O12639,AMA-C9092,08-Apr-2024,Books,4,19.91,Delivered,Amazon Pay
AMA-O10050,AMA-C6886,2024-02-29,Books,1,36.64,Returned,Amazon Pay
AMA-O12703,AMA-C1352,2023-03-05,Toys,2,50.16,Cancelled,Debit Card
AMA-O7699,AMA-C10589,2023-02-18,Home & Kitchen,3,226.34,Delivered,Debit Card
AMA-O9798,AMA-C8965,2024-06-03,Home & Kitchen,5,215.17,Delivered,UPI
AMA-O7799,AMA-C2618,14-Oct-2025,Grocery,5,27.6,Pending,UPI
AMA-O12534,AMA-C7221,23-Mar-2023,Books,3,28.22,Shipped,UPI
AMA-O10333,AMA-C9035,12/21/2023,Electronics,2,222.87,Cancelled,UPI
AMA-O5396,AMA-C4142,07/27/2025,Sports & Outdoors,5,14.12,Delivered,Amazon Pay
AMA-O7237,AMA-C6872,07/05/2024,Apparel,3,90.1,Delivered,Debit Card
AMA-O8674,AMA-C9575,20-Jun-2023,Toys,3,84.6,Delivered,Credit Card
AMA-O10025,AMA-C6504,29-Jun-2023,Books,1,36.45,Delivered,Amazon Pay
AMA-O6265,AMA-C5401,07/31/2025,Sports & Outdoors,3,123.75,Delivered,Amazon Pay
AMA-O14920,AMA-C6866,2023-09-14,Grocery,1,19.41,Delivered,Debit Card
AMA-O13140,AMA-C9069,10-Apr-2024,Sports & Outdoors,4,108.29,Returned,UPI
AMA-O10403,AMA-C4529,04/28/2024,Apparel,5,70.02,Pending,UPI
AMA-O6090,AMA-C6193,2023-11-27,Grocery,4,42.47,Pending,Credit Card
AMA-O14758,AMA-C1443,22-Sep-2025,Books,1,20.77,Pending,Amazon Pay
AMA-O5645,AMA-C5292,28-Mar-2025,Electronics,4,185.9,Delivered,Gift Card
AMA-O9518,AMA-C5138,2024-10-11,Electronics,1,583.77,Delivered,UPI
AMA-O13142,AMA-C2134,2024-05-08,Home & Kitchen,3,135.14,Delivered,Gift Card
AMA-O5621,AMA-C7982,2023-09-18,Books,2,36.45,Returned,Amazon Pay
AMA-O13949,AMA-C1450,22-Apr-2023,Beauty,1,10.77,Shipped,UPI
AMA-O11977,AMA-C7112,17-Oct-2023,Home & Kitchen,3,191.11,Pending,UPI
AMA-O5015,AMA-C6317,2024-05-25,Apparel,3,87.94,Delivered,UPI
AMA-O14207,AMA-C8578,2024-11-26,Beauty,5,54.06,Returned,Amazon Pay
AMA-O8461,AMA-C9410,28-Nov-2025,Books,2,$23.79,Delivered,UPI
AMA-O8526,AMA-C9925,09/17/2024,Grocery,5,58.31,Shipped,Gift Card
AMA-O6578,AMA-C2896,08-Mar-2023,Books,3,31.47,Delivered,Debit Card
AMA-O11401,AMA-C3616,2025-04-29,Apparel,5,24.03,Delivered,Credit Card
AMA-O8177,AMA-C5169,06/14/2024,Books,4,21.97,Pending,Debit Card
AMA-O13373,AMA-C10367,02-Jun-2023,Beauty,5,50.44,Cancelled,Debit Card
AMA-O10912,AMA-C8169,28-Oct-2023,Beauty,2,$29.65,Pending,Debit Card
AMA-O8746,AMA-C1080,25-Jan-2024,Toys,4,25.92,Pending,Credit Card
AMA-O7294,AMA-C6600,15-Sep-2025,Home & Kitchen,5,33.79,Delivered,Debit Card
AMA-O9021,AMA-C8491,2024-02-24,Beauty,4,$76.19,Delivered,Debit Card
AMA-O12906,AMA-C4571,2023-07-17,Electronics,1,388.78,Delivered,UPI
AMA-O5385,AMA-C6584,2024-09-22,Apparel,2,91.79,Cancelled,UPI
AMA-O13644,AMA-C1985,03-Mar-2024,Electronics,5,451.4,,Credit Card
AMA-O7737,AMA-C10754,25-Sep-2023,Apparel,4,$100.69,Delivered,Debit Card
AMA-O7437,AMA-C3194,06-Dec-2024,Toys,1,5.83,Delivered,Debit Card
AMA-O11583,AMA-C8390,11/23/2024,Electronics,1,174.84,Returned,Credit Card
AMA-O6433,AMA-C5546,11/23/2025,Books,5,12.28,Returned,Debit Card
AMA-O14255,AMA-C8329,2023-09-10,Home & Kitchen,2,228.08,Delivered,Credit Card
AMA-O9292,AMA-C4696,22-Sep-2024,Toys,2,$15.80,Returned,Gift Card
AMA-O14810,AMA-C9352,2025-04-23,Toys,3,$87.34,Cancelled,Debit Card
AMA-O11320,AMA-C4318,14-Jan-2024,Home & Kitchen,5,205.76,Delivered,Gift Card
AMA-O11788,AMA-C7460,21-Mar-2025,Electronics,1,311.99,Shipped,Gift Card
AMA-O10653,AMA-C10317,2023-10-25,Books,2,$33.73,Shipped,Debit Card
AMA-O8512,AMA-C1744,12/31/2024,Apparel,4,71.44,Pending,UPI
AMA-O13301,AMA-C8857,14-Nov-2025,Books,1,$20.99,Pending,Gift Card
AMA-O14310,AMA-C4239,08/17/2023,Toys,3,$54.07,Cancelled,Amazon Pay
AMA-O12866,AMA-C2024,17-May-2023,Toys,5,5.27,Delivered,Credit Card
AMA-O9843,AMA-C10802,2025-10-29,Toys,2,$29.60,Delivered,Gift Card
AMA-O6099,AMA-C3196,2024-03-27,Home & Kitchen,3,$179.36,Delivered,Gift Card
AMA-O10534,AMA-C3940,09/06/2025,Beauty,3,$27.59,Delivered,Debit Card
AMA-O5567,AMA-C9188,20-Jan-2024,Toys,2,18.44,Shipped,Credit Card
AMA-O7462,AMA-C8795,09/11/2025,Books,1,36.67,Delivered,Gift Card
AMA-O7061,AMA-C7406,2024-08-19,Apparel,3,$9.92,Pending,Credit Card
AMA-O10907,AMA-C10380,2023-02-08,Grocery,-3,10.49,Delivered,Debit Card
AMA-O13962,AMA-C9778,12/08/2025,Toys,2,33.18,Delivered,Credit Card
AMA-O8037,AMA-C4325,02-Aug-2024,Beauty,2,62.87,Cancelled,Debit Card
AMA-O7459,AMA-C2407,29-Aug-2024,Grocery,1,$53.32,Returned,Gift Card
AMA-O12901,AMA-C9480,03-Nov-2023,Toys,1,29.25,Delivered,Gift Card
AMA-O13253,AMA-C7670,2023-10-20,Toys,4,84.84,Delivered,Debit Card
AMA-O9252,AMA-C1367,13-Feb-2025,Toys,1,59.29,Delivered,Gift Card
AMA-O12924,AMA-C5606,2023-02-05,Home & Kitchen,4,145.16,Pending,Gift Card
AMA-O6088,AMA-C7895,05/07/2025,Home & Kitchen,3,147.68,Pending,Amazon Pay
AMA-O7118,AMA-C1403,07-Oct-2024,Beauty,3,35.22,Cancelled,Amazon Pay
AMA-O8950,AMA-C10059,2025-05-16,Beauty,1,$64.88,Pending,Credit Card
AMA-O13026,AMA-C8533,2023-11-11,Toys,4,68.11,Cancelled,Credit Card
AMA-O12379,AMA-C1764,02-Apr-2024,Sports & Outdoors,2,197.56,Cancelled,Debit Card
AMA-O12126,AMA-C4473,07/21/2024,Electronics,3,461.94,Pending,Credit Card
AMA-O9275,AMA-C6020,11/23/2023,Apparel,3,19.39,Delivered,Credit Card
AMA-O7500,AMA-C3599,09-Dec-2025,Toys,3,21.63,Pending,Debit Card
AMA-O13186,AMA-C9545,2024-12-23,Grocery,4,51.88,Delivered,Credit Card
AMA-O13891,AMA-C6686,17-Mar-2024,Toys,1,24.67,Delivered,Credit Card
AMA-O11373,AMA-C8682,14-Jun-2024,Home & Kitchen,2,80.38,Cancelled,Gift Card
AMA-O6315,AMA-C3589,29-Mar-2023,Books,3,10.78,Delivered,Gift Card
AMA-O8330,AMA-C4100,2024-09-01,Books,4,36.05,Delivered,Amazon Pay
AMA-O5469,AMA-C1955,08/18/2023,Books,1,19.47,Delivered,Amazon Pay
AMA-O13112,AMA-C5560,2025-12-25,Apparel,4,101.57,Returned,Credit Card
AMA-O6245,AMA-C6608,2025-03-26,Toys,5,76.49,Delivered,UPI
AMA-O7516,AMA-C1572,31-Jan-2023,Home & Kitchen,2,281.63,Cancelled,Gift Card
AMA-O10418,AMA-C10312,2025-02-21,Grocery,5,17.93,Cancelled,Credit Card
AMA-O8857,AMA-C7497,03-Nov-2024,Home & Kitchen,5,220.49,Delivered,UPI
AMA-O12922,AMA-C2066,12-Jan-2025,Apparel,4,8.95,Shipped,Debit Card
AMA-O8949,AMA-C1313,06/12/2024,Electronics,2,455.94,Returned,Credit Card
AMA-O7197,AMA-C6440,12/08/2024,Beauty,3,$50.45,Pending,Gift Card
AMA-O9227,AMA-C2825,2024-03-12,Sports & Outdoors,3,33.65,Shipped,Credit Card
AMA-O12928,AMA-C2589,07/10/2025,Grocery,4,$51.17,Delivered,Credit Card
AMA-O11790,AMA-C10727,04-Sep-2024,Beauty,3,8.47,Delivered,Gift Card
AMA-O12910,AMA-C8033,08/16/2023,Sports & Outdoors,3,246.43,Delivered,Debit Card
AMA-O10083,AMA-C6563,01/27/2025,Grocery,2,53.79,Delivered,Debit Card
AMA-O14417,AMA-C10294,2025-06-29,Electronics,3,631.25,Shipped,Gift Card
AMA-O14383,AMA-C5795,25-Mar-2024,Home & Kitchen,5,162.41,Cancelled,Amazon Pay
AMA-O9134,AMA-C1982,13-Jan-2023,Books,3,25.6,Pending,Credit Card
AMA-O11541,AMA-C8249,04/25/2025,Toys,1,24.49,Cancelled,Debit Card
AMA-O13424,AMA-C9335,27-Oct-2023,Toys,5,$78.67,Delivered,Credit Card
AMA-O6290,AMA-C9539,13-Feb-2023,Beauty,3,74.22,Delivered,Gift Card
AMA-O14382,AMA-C6856,10/31/2023,Grocery,3,16.79,Shipped,UPI
AMA-O13065,AMA-C6087,09/17/2025,Sports & Outdoors,4,239.12,Delivered,UPI
AMA-O14317,AMA-C1568,2025-04-05,Electronics,1,633.76,Cancelled,Gift Card
AMA-O5254,AMA-C2265,06-May-2024,Grocery,2,$46.11,Delivered,UPI
AMA-O7762,AMA-C2939,11/15/2023,Grocery,1,55.16,Shipped,Gift Card
AMA-O10668,AMA-C10064,2023-04-25,Grocery,2,36.76,Delivered,Debit Card
AMA-O7288,AMA-C10550,10-Feb-2023,Grocery,1,42.06,Returned,UPI
AMA-O13044,AMA-C4828,18-Mar-2024,Home & Kitchen,1,$134.03,Cancelled,UPI
AMA-O10584,AMA-C4319,2025-02-20,Electronics,1,$274.46,Delivered,Credit Card
AMA-O12083,AMA-C9785,02/03/2023,Electronics,2,483.04,Delivered,Gift Card
AMA-O6561,AMA-C4971,03/01/2024,Sports & Outdoors,5,173.77,Shipped,Debit Card
AMA-O9514,AMA-C9618,05/22/2023,Home & Kitchen,5,268.25,Delivered,Gift Card
AMA-O9346,AMA-C5100,04/10/2023,Books,3,8.81,Returned,UPI
AMA-O8883,AMA-C5946,2023-12-27,Grocery,5,30.82,Cancelled,Debit Card
AMA-O14620,AMA-C4824,09/09/2024,Books,3,27.88,Pending,UPI
AMA-O6581,AMA-C5996,04/27/2023,Home & Kitchen,2,260.86,Returned,Amazon Pay
AMA-O5239,AMA-C9920,07/16/2024,Beauty,2,6.98,Delivered,Credit Card
AMA-O6863,AMA-C4748,2024-12-08,Beauty,2,$33.25,Shipped,Gift Card
AMA-O9547,AMA-C5729,09-Sep-2023,Beauty,4,20.14,Returned,Gift Card
AMA-O10433,AMA-C10444,12-Mar-2023,Sports & Outdoors,2,36.05,Delivered,Credit Card
AMA-O12228,AMA-C9987,10/25/2025,Beauty,3,67.71,Shipped,Credit Card
AMA-O11014,AMA-C1670,01/06/2025,Books,3,$36.06,Returned,Gift Card
AMA-O12150,AMA-C7255,11-Aug-2023,Electronics,5,294.21,Returned,UPI
AMA-O13155,AMA-C9907,05/14/2024,Grocery,3,4.24,Shipped,Debit Card
AMA-O5373,AMA-C7694,07-Jul-2023,Books,2,33.83,Delivered,Amazon Pay
AMA-O13833,AMA-C9020,2024-07-03,Electronics,1,174.88,Pending,Amazon Pay
AMA-O10570,AMA-C1844,25-Oct-2025,Sports & Outdoors,5,156.61,Shipped,UPI
AMA-O12195,AMA-C7441,2024-05-22,Toys,5,47.51,Shipped,Debit Card
AMA-O13103,AMA-C3938,2023-07-23,Books,4,$20.48,Delivered,UPI
AMA-O6187,AMA-C9697,2025-10-17,Books,5,15.02,Delivered,Amazon Pay
AMA-O8156,AMA-C6020,09-Sep-2025,Books,3,$31.20,Delivered,UPI
AMA-O8097,AMA-C7366,2024-01-26,Apparel,5,92.58,Pending,Gift Card
AMA-O5059,AMA-C5772,2024-06-11,Apparel,4,96.64,Delivered,Debit Card
AMA-O12543,AMA-C1370,12/31/2025,Home & Kitchen,4,173.8,Delivered,Debit Card
AMA-O10510,AMA-C7194,2025-03-05,Sports & Outdoors,4,$172.29,Returned,Gift Card
AMA-O9573,AMA-C9999,08/24/2025,Home & Kitchen,1,88.91,Delivered,Amazon Pay
AMA-O12024,AMA-C4161,03-Jul-2025,Sports & Outdoors,2,$171.52,Cancelled,Gift Card
AMA-O9174,AMA-C7422,12-Aug-2024,Home & Kitchen,3,216.27,Delivered,Gift Card
AMA-O6023,AMA-C10981,22-Jul-2025,Toys,3,63.87,Returned,Gift Card
AMA-O5527,AMA-C3522,03-Oct-2025,Grocery,4,8.48,Returned,Debit Card
AMA-O11713,AMA-C2184,24-Nov-2024,Toys,1,84.71,Pending,UPI
AMA-O11746,AMA-C1272,14-Jan-2023,Home & Kitchen,5,$164.92,Cancelled,UPI
AMA-O5423,AMA-C2093,2023-03-21,Sports & Outdoors,3,166.09,Delivered,UPI
AMA-O7109,AMA-C9999,17-Jun-2025,Home & Kitchen,4,175.13,Shipped,UPI
AMA-O11480,AMA-C9990,10/29/2024,Electronics,3,776.78,Returned,Debit Card
AMA-O6525,AMA-C5477,06-Jul-2025,Beauty,3,50.27,Shipped,UPI
AMA-O5375,AMA-C4994,22-Jul-2025,Grocery,3,41.66,Cancelled,Credit Card
AMA-O14460,AMA-C2340,2025-03-15,Home & Kitchen,4,51.71,Cancelled,Credit Card
AMA-O9510,AMA-C8462,21-Dec-2024,Grocery,4,$52.23,Returned,Debit Card
AMA-O10300,AMA-C4985,01/20/2023,Apparel,3,36.92,,Gift Card
AMA-O9836,AMA-C6023,03/16/2024,Books,3,25.62,Returned,Credit Card
AMA-O5903,AMA-C1372,07/09/2025,Sports & Outdoors,5,156.74,Pending,UPI
AMA-O6424,AMA-C7604,2025-02-01,Grocery,4,45.05,Returned,Credit Card
AMA-O10156,AMA-C9041,05/19/2025,Electronics,3,226.1,Pending,UPI
AMA-O10614,AMA-C1802,18-Apr-2023,Books,3,6.62,Delivered,Amazon Pay
AMA-O14944,AMA-C1014,13-Dec-2023,Grocery,3,7.87,Returned,Amazon Pay
AMA-O11057,AMA-C6801,2023-02-01,Sports & Outdoors,5,34.14,Returned,UPI
AMA-O7080,AMA-C2332,2024-02-09,Toys,2,70.29,Pending,Gift Card
AMA-O13659,AMA-C2548,02/12/2023,Grocery,1,51.54,Shipped,Amazon Pay
AMA-O12582,AMA-C9174,01/03/2024,Electronics,5,112.88,Shipped,Debit Card
AMA-O14029,AMA-C7494,05/30/2024,Home & Kitchen,5,138.13,Delivered,UPI
AMA-O7521,AMA-C6969,25-Jun-2024,Grocery,5,37.02,Delivered,UPI
AMA-O12509,AMA-C5942,01/17/2023,Beauty,2,45.97,Delivered,UPI
AMA-O12026,AMA-C7868,07/02/2025,Beauty,1,$25.75,Delivered,Credit Card
AMA-O9123,AMA-C2627,2023-05-27,Apparel,1,15.23,Delivered,Gift Card
AMA-O7024,AMA-C8068,2024-07-15,Electronics,3,26.39,Cancelled,Credit Card
AMA-O10139,AMA-C9999,16-Apr-2025,Grocery,1,27.6,Shipped,Debit Card
AMA-O13515,AMA-C10692,2023-10-26,Grocery,5,28.16,,Credit Card
AMA-O9427,AMA-C2585,07/09/2024,Grocery,3,27.48,Delivered,Amazon Pay
AMA-O12665,AMA-C10734,06/12/2024,Sports & Outdoors,4,25.22,Delivered,Gift Card
AMA-O8996,AMA-C7160,01-Feb-2025,Apparel,1,38.12,Shipped,UPI
AMA-O11296,AMA-C7154,2025-09-24,Apparel,4,24.51,Shipped,Amazon Pay
AMA-O13432,AMA-C1474,02/15/2023,Beauty,2,14.54,Pending,UPI
AMA-O9143,AMA-C3856,06/25/2024,Toys,3,58.31,Pending,Gift Card
AMA-O9417,AMA-C5306,2024-07-29,Sports & Outdoors,2,109.69,Cancelled,Gift Card
AMA-O11773,AMA-C7273,06/27/2024,Grocery,2,16.7,Shipped,Debit Card
AMA-O6111,AMA-C2969,2025-01-07,Electronics,4,447.2,Cancelled,Gift Card
AMA-O6833,AMA-C5884,11-Sep-2025,Toys,1,13.44,Pending,Debit Card
AMA-O14872,AMA-C10625,2024-02-10,Electronics,4,534.72,Cancelled,UPI
AMA-O12040,AMA-C5251,17-Mar-2024,Apparel,3,$13.89,Returned,Amazon Pay
AMA-O6991,AMA-C1302,05/25/2024,Books,3,$29.96,Delivered,Amazon Pay
AMA-O9563,AMA-C1916,08-Jun-2023,Electronics,3,320.54,,Credit Card
AMA-O10716,AMA-C10292,17-Dec-2023,Apparel,1,37.01,Shipped,Gift Card
AMA-O13752,AMA-C3521,03/25/2024,Electronics,5,150.16,Delivered,Amazon Pay
AMA-O6958,AMA-C5831,2024-07-09,Beauty,3,84.15,Delivered,Amazon Pay
AMA-O10414,AMA-C3383,05-Sep-2023,Home & Kitchen,5,167.54,Delivered,Debit Card
AMA-O5337,AMA-C5252,2025-10-26,Home & Kitchen,5,14.53,Returned,Debit Card
AMA-O13560,AMA-C5954,07-Aug-2025,Home & Kitchen,5,79.41,Pending,Gift Card
AMA-O9554,AMA-C2458,08-Feb-2023,Sports & Outdoors,1,101.71,Returned,Credit Card
AMA-O12916,AMA-C2971,2023-06-15,Books,4,30.93,Delivered,UPI
AMA-O5210,AMA-C6618,2024-06-25,Beauty,2,34.0,Pending,Amazon Pay
AMA-O6152,AMA-C6381,12/28/2025,Sports & Outdoors,5,159.52,Cancelled,UPI
AMA-O7926,AMA-C9965,11-Apr-2024,Grocery,2,$54.42,Cancelled,Gift Card
AMA-O10856,AMA-C3357,07/11/2023,Books,2,21.02,Delivered,Gift Card
AMA-O11441,AMA-C9410,19-Apr-2024,Toys,2,84.25,Delivered,Debit Card
AMA-O13108,AMA-C9456,09-Apr-2023,Beauty,1,$68.10,Delivered,UPI
AMA-O14416,AMA-C9303,2025-12-01,Grocery,4,6.95,,Debit Card
AMA-O9636,AMA-C8096,2023-06-12,Toys,1,52.37,Pending,Amazon Pay
AMA-O5668,AMA-C9309,2025-11-04,Sports & Outdoors,3,$88.78,Delivered,UPI
AMA-O10232,AMA-C9493,2024-12-09,Electronics,4,264.42,Cancelled,UPI
AMA-O5331,AMA-C2789,2025-08-01,Toys,4,71.6,Returned,UPI
AMA-O11022,AMA-C5119,2023-10-24,Apparel,5,9.19,Delivered,Credit Card
AMA-O13162,AMA-C9314,27-May-2025,Toys,3,9.18,Delivered,Gift Card
AMA-O8913,AMA-C2409,2025-03-14,Toys,1,35.59,Delivered,Credit Card
AMA-O11822,AMA-C3020,21-Jul-2024,Sports & Outdoors,1,68.78,Delivered,Gift Card
AMA-O14151,AMA-C9999,10/16/2024,Apparel,1,$98.67,Returned,Amazon Pay
AMA-O6906,AMA-C9909,14-Nov-2024,Grocery,3,53.31,Delivered,Credit Card
AMA-O11576,AMA-C4684,03/06/2024,Apparel,4,58.52,Delivered,Amazon Pay
AMA-O10719,AMA-C1385,02/03/2024,Toys,5,19.01,,UPI
AMA-O9629,AMA-C6357,2024-01-04,Beauty,1,6.03,Delivered,UPI
AMA-O13896,AMA-C6744,2024-02-22,Electronics,4,$325.37,Delivered,Amazon Pay
AMA-O7476,AMA-C9299,2023-02-26,Apparel,1,114.56,Shipped,UPI
AMA-O12553,AMA-C2500,27-Dec-2023,Toys,1,$6.79,Shipped,Amazon Pay
AMA-O8102,AMA-C5497,2023-11-11,Electronics,5,647.71,Shipped,Credit Card
AMA-O11018,AMA-C9462,21-Dec-2023,Books,5,34.34,Delivered,Debit Card
AMA-O13036,AMA-C1312,24-Aug-2023,Beauty,2,$21.65,Delivered,Credit Card
AMA-O14925,AMA-C4261,28-Oct-2025,Electronics,5,547.24,Delivered,Debit Card
AMA-O13718,AMA-C6243,2023-06-25,Grocery,3,37.55,Pending,Credit Card
AMA-O7657,AMA-C7946,06/11/2024,Home & Kitchen,1,261.44,,Credit Card
AMA-O9591,AMA-C1080,02/28/2025,Grocery,2,49.76,Pending,Debit Card
AMA-O7544,AMA-C3120,05/01/2023,Home & Kitchen,5,192.14,Shipped,Amazon Pay
AMA-O9614,AMA-C4078,12/24/2023,Beauty,1,$69.74,Cancelled,UPI
AMA-O13992,AMA-C3856,04-Sep-2023,Toys,3,47.08,Delivered,Debit Card
AMA-O11941,AMA-C3853,12-Jun-2025,Toys,5,$23.51,Cancelled,Credit Card
AMA-O6538,AMA-C5356,12/26/2023,Grocery,5,$56.74,Delivered,Credit Card
AMA-O7388,AMA-C9689,2025-08-27,Toys,4,$45.70,Delivered,Debit Card
AMA-O10424,AMA-C7810,10/17/2023,Grocery,3,$15.03,Delivered,Gift Card
AMA-O10209,AMA-C7668,2023-04-20,Home & Kitchen,5,$223.05,Delivered,UPI
AMA-O11138,AMA-C9912,01-Oct-2025,Electronics,3,$63.78,Cancelled,Amazon Pay
AMA-O11828,AMA-C4082,18-Jul-2024,Sports & Outdoors,3,90.63,Cancelled,Gift Card
AMA-O10934,AMA-C6205,2025-10-03,Toys,4,57.69,Delivered,Debit Card
AMA-O9232,AMA-C4496,03/20/2024,Sports & Outdoors,5,153.97,Delivered,Credit Card
AMA-O8720,AMA-C3463,28-Oct-2023,Toys,4,$59.83,Delivered,Gift Card
AMA-O10639,AMA-C9029,11/21/2023,Home & Kitchen,5,298.11,Delivered,Debit Card
AMA-O10814,AMA-C4342,2023-05-22,Beauty,2,7.79,Delivered,UPI
AMA-O6426,AMA-C7830,04/01/2023,Apparel,2,37.85,Delivered,UPI
AMA-O12847,AMA-C3571,15-Apr-2024,Electronics,2,$655.01,Returned,Debit Card
AMA-O10332,AMA-C1366,07-Jun-2025,Toys,1,87.43,Pending,UPI
AMA-O14832,AMA-C10924,02/29/2024,Apparel,2,89.08,Shipped,Debit Card
AMA-O8278,AMA-C7211,14-Sep-2025,Toys,2,53.12,Delivered,Gift Card
AMA-O7043,AMA-C10701,2025-10-29,Home & Kitchen,2,91.61,Pending,Credit Card
AMA-O6976,AMA-C1390,2024-07-17,Home & Kitchen,3,30.64,Shipped,Debit Card
AMA-O13087,AMA-C5807,2025-07-10,Beauty,3,26.2,Delivered,Credit Card
AMA-O9136,AMA-C4151,06/17/2024,Beauty,2,$68.49,Shipped,Gift Card
AMA-O13627,AMA-C9448,27-Jan-2025,Grocery,3,32.52,Pending,Amazon Pay
AMA-O10332,AMA-C1366,07-Jun-2025,Toys,1,87.43,Pending,UPI
AMA-O14660,AMA-C1935,31-Dec-2024,Toys,3,15.96,Returned,Amazon Pay
AMA-O11593,AMA-C3507,12/11/2025,Home & Kitchen,2,$275.48,Pending,Amazon Pay
AMA-O6073,AMA-C6803,08/14/2025,Grocery,2,5.97,Returned,Gift Card
AMA-O12372,AMA-C7924,23-Dec-2023,Books,1,15.98,Delivered,Gift Card
AMA-O9460,AMA-C5133,06-May-2024,Toys,3,97.34,Pending,Amazon Pay
AMA-O9809,AMA-C7236,10/05/2025,Home & Kitchen,2,126.17,Returned,Gift Card
AMA-O7444,AMA-C8516,2023-11-07,Sports & Outdoors,3,37.63,Returned,Debit Card
AMA-O6009,AMA-C6793,2025-08-20,Toys,3,61.45,Cancelled,Credit Card
AMA-O8997,AMA-C6405,24-Sep-2023,Toys,5,$42.02,,Debit Card
AMA-O13428,AMA-C5110,16-Dec-2024,Toys,3,9.46,Pending,Gift Card
AMA-O12443,AMA-C1790,22-Sep-2025,Apparel,2,$9.95,Cancelled,Credit Card
AMA-O8475,AMA-C2935,2024-03-31,Beauty,3,63.29,Cancelled,UPI
AMA-O13201,AMA-C1179,03/31/2024,Home & Kitchen,3,213.62,Returned,Gift Card
AMA-O8122,AMA-C4644,01-Sep-2023,Sports & Outdoors,3,$150.18,Delivered,Amazon Pay
AMA-O8901,AMA-C3303,01/05/2024,Beauty,1,15.97,Pending,Debit Card
AMA-O10588,AMA-C8260,2023-04-20,Grocery,1,$58.08,Delivered,Gift Card
AMA-O9648,AMA-C1079,27-May-2023,Beauty,4,35.52,Delivered,Amazon Pay
AMA-O11720,AMA-C2865,2025-04-03,Home & Kitchen,2,177.8,Returned,Credit Card
AMA-O7333,AMA-C9019,29-Jan-2024,Electronics,5,314.1,Shipped,Credit Card
AMA-O13770,AMA-C4270,09/21/2025,Beauty,1,79.24,Returned,Debit Card
AMA-O5009,AMA-C3685,23-Jan-2024,Books,4,36.92,Pending,UPI
AMA-O12075,AMA-C2050,04/21/2024,Electronics,4,128.44,Pending,Gift Card
AMA-O14986,AMA-C6999,09-Jan-2023,Sports & Outdoors,4,143.37,Pending,UPI
AMA-O10748,AMA-C3651,02/04/2024,Home & Kitchen,5,65.35,Returned,Credit Card
AMA-O14939,AMA-C7801,12-Nov-2023,Toys,1,25.88,Delivered,UPI
AMA-O8516,AMA-C1108,12/22/2023,Toys,3,61.7,Shipped,Credit Card
AMA-O5642,AMA-C2784,31-Jul-2025,Apparel,4,$69.52,Delivered,UPI
AMA-O8565,AMA-C9239,07/11/2023,Books,4,$38.39,Delivered,Amazon Pay
AMA-O13541,AMA-C3027,2025-01-26,Grocery,3,38.48,Cancelled,Gift Card
AMA-O13461,AMA-C5773,07/29/2023,Books,4,$20.66,Shipped,Credit Card
AMA-O5768,AMA-C6916,09/01/2023,Toys,2,29.98,Returned,Debit Card
AMA-O13884,AMA-C6511,2024-01-22,Toys,1,$38.02,Delivered,UPI
AMA-O12872,AMA-C7747,03-May-2023,Sports & Outdoors,5,$107.56,Cancelled,Credit Card
AMA-O14998,AMA-C4714,07/31/2023,Apparel,3,23.06,Delivered,Amazon Pay
AMA-O12268,AMA-C9529,14-Feb-2023,Sports & Outdoors,1,137.18,Shipped,Credit Card
AMA-O6831,AMA-C8800,2024-11-15,Home & Kitchen,1,184.96,Delivered,Amazon Pay
AMA-O11945,AMA-C10779,2023-11-16,Books,3,$38.26,Cancelled,Credit Card
AMA-O10553,AMA-C4694,24-Jun-2024,Beauty,1,$54.76,Delivered,Debit Card
AMA-O12699,AMA-C9999,25-Oct-2025,Grocery,4,5.58,Returned,Gift Card
AMA-O10344,AMA-C9706,02/10/2024,Apparel,4,$91.26,Cancelled,Gift Card
AMA-O9410,AMA-C4415,08-Aug-2024,Apparel,5,$119.45,Cancelled,Credit Card
AMA-O12237,AMA-C6284,05-Jun-2025,Books,2,7.41,Cancelled,UPI
AMA-O11214,AMA-C9166,2023-03-29,Apparel,5,66.74,,UPI
AMA-O7035,AMA-C4707,2025-11-14,Apparel,3,$16.31,Delivered,Gift Card
AMA-O5050,AMA-C8966,22-Jun-2025,Home & Kitchen,4,276.85,Delivered,UPI
AMA-O7939,AMA-C7778,12/05/2025,Books,5,$21.71,Cancelled,Gift Card
AMA-O7439,AMA-C8481,03/03/2024,Grocery,4,18.74,Pending,Debit Card
AMA-O13809,AMA-C10569,01/07/2023,Beauty,2,$23.47,Pending,UPI
AMA-O12998,AMA-C3473,22-Apr-2025,Electronics,1,$127.23,Pending,UPI
AMA-O9603,AMA-C1316,11/30/2024,Beauty,3,79.01,Pending,Amazon Pay
AMA-O8294,AMA-C4413,2024-09-27,Electronics,2,519.73,Returned,Amazon Pay
AMA-O11385,AMA-C5682,14-Sep-2025,Apparel,2,90.54,Shipped,Amazon Pay
AMA-O5456,AMA-C7417,06/28/2025,Grocery,3,18.21,Delivered,Credit Card
AMA-O5208,AMA-C7122,2024-03-09,Grocery,1,12.54,Cancelled,Amazon Pay
AMA-O13416,AMA-C3700,2024-03-31,Apparel,5,$35.10,Delivered,Amazon Pay
AMA-O7624,AMA-C3063,01/02/2025,Toys,5,$81.69,Returned,Debit Card
AMA-O12900,AMA-C6208,20-Feb-2024,Toys,4,21.0,Returned,UPI
AMA-O5364,AMA-C5565,01/18/2024,Beauty,1,$75.87,Shipped,UPI
AMA-O5326,AMA-C3553,03/01/2024,Home & Kitchen,4,204.68,Shipped,Credit Card
AMA-O7413,AMA-C3970,12/16/2025,Grocery,4,29.95,Pending,Gift Card
AMA-O7633,AMA-C9485,23-May-2025,Beauty,4,78.4,Pending,Gift Card
AMA-O11254,AMA-C9256,21-May-2023,Apparel,5,$91.95,Shipped,Credit Card
AMA-O5436,AMA-C10078,10/04/2024,Sports & Outdoors,-3,57.1,Delivered,Debit Card
AMA-O11849,AMA-C3479,2024-03-14,Apparel,3,42.11,Returned,Amazon Pay
AMA-O12064,AMA-C4882,06/25/2023,Sports & Outdoors,4,216.24,Delivered,Gift Card
AMA-O6458,AMA-C3118,21-Jan-2025,Books,1,27.05,Delivered,UPI
AMA-O14604,AMA-C7668,18-May-2025,Beauty,5,69.25,Delivered,UPI
AMA-O5301,AMA-C5860,2025-01-21,Grocery,3,41.98,Cancelled,Credit Card
AMA-O7745,AMA-C8118,10/04/2025,Sports & Outdoors,4,51.57,Delivered,Debit Card
AMA-O7833,AMA-C10433,12/30/2024,Beauty,5,81.78,Delivered,Debit Card
AMA-O5904,AMA-C10985,2025-10-22,Sports & Outdoors,5,$151.50,Returned,Debit Card
AMA-O9912,AMA-C2127,31-Mar-2023,Sports & Outdoors,5,205.42,Delivered,Credit Card
AMA-O11459,AMA-C2235,04/17/2024,Beauty,1,49.04,Delivered,UPI
AMA-O5942,AMA-C9050,02/03/2023,Books,5,8.95,Delivered,Debit Card
AMA-O8867,AMA-C1564,2023-03-18,Sports & Outdoors,1,206.34,,UPI
AMA-O6824,AMA-C10423,15-Aug-2025,Toys,4,20.97,Delivered,Gift Card
AMA-O9112,AMA-C6471,2025-07-18,Home & Kitchen,2,99.29,Pending,Debit Card
AMA-O7010,AMA-C7809,2025-11-04,Beauty,2,$11.26,Delivered,Debit Card
AMA-O8403,AMA-C4955,01/06/2025,Books,5,$19.35,Delivered,UPI
AMA-O12090,AMA-C10847,14-Apr-2024,Apparel,5,8.48,Pending,UPI
AMA-O11337,AMA-C8252,28-Dec-2024,Toys,3,65.68,Delivered,UPI
AMA-O13973,AMA-C6519,22-Nov-2024,Apparel,4,100.45,Delivered,Gift Card
AMA-O12817,AMA-C1898,31-Jul-2025,Home & Kitchen,1,$25.30,Delivered,Debit Card
AMA-O8261,AMA-C3998,23-Mar-2024,Grocery,2,$18.42,Delivered,UPI
AMA-O5723,AMA-C9748,01/18/2023,Beauty,4,68.99,Returned,UPI
AMA-O7240,AMA-C7510,2023-01-09,Grocery,1,$10.91,Returned,Debit Card
AMA-O12554,AMA-C1166,2023-01-29,Sports & Outdoors,-5,$116.17,Delivered,Debit Card
AMA-O9248,AMA-C6129,2024-11-23,Books,1,17.68,Pending,Amazon Pay
AMA-O12877,AMA-C8510,2023-01-02,Electronics,2,788.91,Delivered,Gift Card
AMA-O9311,AMA-C7017,08/19/2023,Apparel,5,72.71,Delivered,Amazon Pay
AMA-O7296,AMA-C9145,12-Apr-2025,Books,5,24.93,Pending,Amazon Pay
AMA-O14817,AMA-C2380,2025-02-17,Sports & Outdoors,1,73.55,Returned,Credit Card
AMA-O12875,AMA-C3442,08-Jul-2024,Grocery,3,2.01,Cancelled,Credit Card
AMA-O7860,AMA-C6835,06/15/2023,Toys,2,90.6,Returned,Gift Card
AMA-O14352,AMA-C8473,2025-09-05,Electronics,2,424.78,Delivered,Gift Card
AMA-O5361,AMA-C7620,31-Jul-2023,Sports & Outdoors,1,41.59,Delivered,UPI
AMA-O12409,AMA-C8730,2023-06-20,Home & Kitchen,3,273.88,Shipped,Credit Card
AMA-O7161,AMA-C2613,06/06/2024,Toys,5,55.87,Pending,Amazon Pay
AMA-O10726,AMA-C5847,2025-05-05,Toys,5,51.68,Delivered,UPI
AMA-O9938,AMA-C2106,08/21/2024,Grocery,4,40.69,Shipped,Amazon Pay
AMA-O6436,AMA-C6095,2023-01-21,Apparel,1,79.97,Delivered,Debit Card
AMA-O8862,AMA-C2680,25-Apr-2025,Grocery,4,59.8,Delivered,Amazon Pay
AMA-O9515,AMA-C3255,01/24/2023,Beauty,1,47.84,Delivered,Debit Card
AMA-O14134,AMA-C1243,2023-09-04,Apparel,3,117.85,Returned,Debit Card
AMA-O9100,AMA-C5921,05/27/2023,Home & Kitchen,4,$121.55,Cancelled,Debit Card
AMA-O7390,AMA-C6528,2025-09-30,Sports & Outdoors,5,216.35,Pending,Credit Card
AMA-O5287,AMA-C3629,2023-03-13,Sports & Outdoors,1,48.36,Returned,UPI
AMA-O11777,AMA-C2195,2024-01-11,Beauty,4,17.62,Delivered,Debit Card
AMA-O13685,AMA-C3603,08/28/2024,Electronics,4,194.89,Cancelled,Amazon Pay
AMA-O8251,AMA-C9812,03/27/2024,Toys,1,37.04,Delivered,Debit Card
AMA-O13465,AMA-C9002,14-Jan-2024,Beauty,3,26.93,Cancelled,Gift Card
AMA-O11293,AMA-C5010,10/31/2024,Sports & Outdoors,2,174.57,Returned,Gift Card
AMA-O9485,AMA-C9659,2025-06-01,Grocery,1,$5.61,Returned,Gift Card
AMA-O7486,AMA-C10700,02/28/2025,Beauty,4,8.97,Cancelled,UPI
AMA-O7328,AMA-C1317,07/24/2025,Sports & Outdoors,1,184.17,Pending,Gift Card
AMA-O8555,AMA-C5719,2024-11-22,Grocery,4,14.28,Delivered,Credit Card
AMA-O11077,AMA-C3091,2025-11-10,Beauty,1,15.06,Delivered,Debit Card
AMA-O10888,AMA-C10097,2024-11-13,Electronics,2,37.29,Returned,Debit Card
AMA-O8610,AMA-C9155,2023-05-04,Toys,2,$16.87,Shipped,Gift Card
AMA-O12945,AMA-C1835,2023-08-31,Home & Kitchen,5,136.77,Delivered,Amazon Pay
AMA-O6027,AMA-C10446,2025-03-16,Sports & Outdoors,5,126.01,Delivered,Debit Card
AMA-O5823,AMA-C5309,09/27/2024,Books,5,13.19,Delivered,Debit Card
AMA-O6243,AMA-C8703,2023-05-17,Sports & Outdoors,1,202.08,Delivered,Amazon Pay
AMA-O5500,AMA-C7885,2024-12-24,Apparel,4,19.05,Delivered,Credit Card
AMA-O6438,AMA-C6668,2025-10-09,Beauty,3,$59.54,Returned,Credit Card
AMA-O8767,AMA-C9056,2025-07-23,Grocery,5,35.37,Delivered,Gift Card
AMA-O11236,AMA-C8688,08/24/2023,Books,1,$19.44,Pending,Amazon Pay
AMA-O8770,AMA-C2734,2024-01-27,Toys,1,$26.72,Delivered,Gift Card
AMA-O9008,AMA-C6929,30-Nov-2024,Sports & Outdoors,2,$180.88,Returned,Credit Card
AMA-O7551,AMA-C6840,08/15/2024,Beauty,4,78.82,Delivered,Gift Card
AMA-O8198,AMA-C5959,16-May-2023,Toys,2,$81.10,Delivered,Amazon Pay
AMA-O10826,AMA-C3775,01/02/2025,Books,1,15.34,Shipped,UPI
AMA-O10303,AMA-C4566,24-Aug-2025,Home & Kitchen,2,$107.13,Returned,Debit Card
AMA-O13090,AMA-C5728,01/09/2024,Toys,1,78.67,Delivered,Amazon Pay
AMA-O5323,AMA-C9239,05/21/2025,Beauty,3,29.07,Delivered,Debit Card
AMA-O6377,AMA-C9142,04/17/2025,Home & Kitchen,4,66.11,Delivered,Gift Card
AMA-O9399,AMA-C1320,2023-08-08,Electronics,1,$348.37,Shipped,Credit Card
AMA-O13980,AMA-C4020,2025-08-29,Beauty,2,$5.26,Delivered,Amazon Pay
AMA-O10195,AMA-C1634,07/13/2023,Grocery,5,49.83,Delivered,Amazon Pay
AMA-O5604,AMA-C2536,12/19/2024,Books,5,32.65,Pending,Debit Card
AMA-O12318,AMA-C5233,2025-01-15,Apparel,3,30.38,Cancelled,UPI
AMA-O9887,AMA-C8160,17-Oct-2025,Beauty,2,72.61,Delivered,Credit Card
AMA-O12210,AMA-C1707,02-Feb-2025,Home & Kitchen,3,186.69,Pending,Amazon Pay
AMA-O11347,AMA-C6292,2023-11-08,Sports & Outdoors,5,213.1,Delivered,Gift Card
AMA-O5104,AMA-C5526,22-Dec-2024,Grocery,3,$33.56,Pending,UPI
AMA-O7848,AMA-C3138,19-Mar-2025,Electronics,3,$726.80,Pending,Amazon Pay
AMA-O12646,AMA-C8729,10/04/2023,Books,5,32.84,Pending,UPI
AMA-O8690,AMA-C6050,19-Nov-2023,Sports & Outdoors,2,13.63,Cancelled,UPI
AMA-O12322,AMA-C10023,03/30/2023,Grocery,4,$48.71,Delivered,Credit Card
AMA-O5232,AMA-C9999,2023-04-02,Grocery,3,41.73,Returned,Gift Card
AMA-O5643,AMA-C8971,2023-04-04,Grocery,3,23.61,Delivered,UPI
AMA-O13868,AMA-C10581,30-Jan-2024,Grocery,4,18.82,Delivered,Debit Card
AMA-O14138,AMA-C9461,02/05/2023,Electronics,1,360.04,Shipped,Amazon Pay
AMA-O8002,AMA-C5624,08/17/2024,Grocery,5,$45.88,Cancelled,Debit Card
AMA-O12512,AMA-C1385,2024-10-07,Home & Kitchen,1,$210.84,Shipped,Credit Card
AMA-O13902,AMA-C1866,12/06/2025,Home & Kitchen,3,198.7,Cancelled,UPI
AMA-O12659,AMA-C10448,09-Jul-2025,Sports & Outdoors,1,166.42,Pending,Credit Card
AMA-O5238,AMA-C6892,04-Aug-2023,Toys,4,$9.57,Delivered,Amazon Pay
AMA-O7182,AMA-C5787,10-Nov-2023,Books,1,16.7,Returned,UPI
AMA-O8087,AMA-C6575,16-Oct-2023,Electronics,2,445.14,Shipped,Credit Card
AMA-O8214,AMA-C4860,04/18/2023,Books,5,34.74,Shipped,Credit Card
AMA-O13797,AMA-C5158,30-Dec-2025,Beauty,4,36.75,Returned,Gift Card
AMA-O13941,AMA-C1288,08/29/2024,Electronics,-1,755.15,Shipped,UPI
AMA-O9024,AMA-C5641,16-Feb-2025,Toys,3,34.43,Delivered,Credit Card
AMA-O6690,AMA-C2940,09-Feb-2025,Beauty,3,85.04,Delivered,Gift Card
AMA-O9733,AMA-C2453,2025-04-05,Electronics,4,699.57,Delivered,Credit Card
AMA-O14111,AMA-C6148,2024-04-29,Grocery,5,33.49,Delivered,Credit Card
AMA-O9913,AMA-C7323,01/11/2023,Home & Kitchen,2,280.26,Delivered,Debit Card
AMA-O6160,AMA-C1415,2023-07-27,Beauty,3,16.41,Delivered,Debit Card
AMA-O12410,AMA-C7615,03-May-2023,Beauty,2,11.67,Cancelled,UPI
AMA-O8791,AMA-C1050,2023-11-20,Home & Kitchen,2,238.73,Pending,Amazon Pay
AMA-O7554,AMA-C10628,14-Jan-2024,Beauty,3,$17.21,Delivered,Amazon Pay
AMA-O12740,AMA-C10973,2025-01-25,Home & Kitchen,4,268.3,Cancelled,Amazon Pay
AMA-O5067,AMA-C3470,09-Jan-2025,Books,2,39.93,Delivered,UPI
AMA-O14861,AMA-C2629,09/19/2025,Electronics,3,$112.07,Cancelled,UPI
AMA-O7913,AMA-C9728,12-Apr-2023,Home & Kitchen,2,$227.29,Cancelled,Debit Card
AMA-O12235,AMA-C8045,04/22/2025,Home & Kitchen,5,26.61,Delivered,Amazon Pay
AMA-O11316,AMA-C9423,2025-05-19,Books,5,30.39,Cancelled,Gift Card
AMA-O10325,AMA-C3820,2025-05-09,Electronics,1,$628.42,Returned,Gift Card
AMA-O10175,AMA-C3928,11/17/2023,Home & Kitchen,4,182.95,,Gift Card
AMA-O8845,AMA-C6052,12/24/2025,Electronics,4,$585.16,Cancelled,Gift Card
AMA-O13322,AMA-C2185,01-Jun-2023,Grocery,1,$20.77,Shipped,Gift Card
AMA-O14910,AMA-C5984,11/19/2024,Home & Kitchen,2,193.93,Shipped,Amazon Pay
AMA-O14136,AMA-C6520,09/15/2024,Sports & Outdoors,3,36.83,Pending,UPI
AMA-O8893,AMA-C1819,2025-09-18,Electronics,5,$599.27,Shipped,Debit Card
AMA-O12108,AMA-C6580,08/25/2023,Sports & Outdoors,1,234.27,Shipped,Debit Card
AMA-O6304,AMA-C4421,29-May-2025,Beauty,4,64.59,Shipped,Amazon Pay
AMA-O7204,AMA-C1913,18-Jan-2023,Toys,5,94.83,Delivered,Credit Card
AMA-O9421,AMA-C8237,2025-12-28,Toys,5,64.59,Delivered,Credit Card
AMA-O8572,AMA-C9445,09-Jan-2024,Grocery,4,35.13,Delivered,Amazon Pay
AMA-O14514,AMA-C8982,10/27/2023,Electronics,2,716.06,Returned,Credit Card
AMA-O7834,AMA-C4454,14-Mar-2024,Grocery,2,37.57,Delivered,Amazon Pay
AMA-O12155,AMA-C7642,2024-09-24,Books,4,21.96,Shipped,UPI
AMA-O10977,AMA-C5743,2025-07-12,Grocery,2,26.93,,UPI
AMA-O8323,AMA-C3717,02/29/2024,Home & Kitchen,3,$84.19,Delivered,Amazon Pay
AMA-O13657,AMA-C9445,04-May-2025,Sports & Outdoors,2,$189.03,,UPI
AMA-O14397,AMA-C9534,2023-01-26,Apparel,3,55.98,Pending,Gift Card
AMA-O6796,AMA-C7411,02/14/2024,Home & Kitchen,3,254.41,Pending,Credit Card
AMA-O9436,AMA-C4774,03/06/2025,Electronics,5,27.65,Pending,Credit Card
AMA-O14047,AMA-C6157,06-Apr-2023,Beauty,3,57.98,Shipped,Gift Card
AMA-O6901,AMA-C10888,07/27/2024,Toys,1,$78.87,Delivered,Amazon Pay
AMA-O7676,AMA-C2238,30-Jun-2024,Electronics,5,772.2,Delivered,Amazon Pay
AMA-O5218,AMA-C3501,2024-10-06,Beauty,3,17.16,Cancelled,UPI
AMA-O6460,AMA-C9903,01/30/2023,Books,1,36.89,Delivered,Amazon Pay
AMA-O7564,AMA-C8614,12/31/2025,Toys,3,90.36,Returned,Debit Card
AMA-O10180,AMA-C3907,09/24/2023,Grocery,5,12.5,Delivered,UPI
AMA-O13799,AMA-C6635,11/02/2024,Beauty,4,5.32,Delivered,Debit Card
AMA-O9628,AMA-C9999,2024-04-02,Books,3,12.14,Returned,Credit Card
AMA-O14132,AMA-C8205,01/04/2023,Beauty,4,39.56,Cancelled,Debit Card
AMA-O10759,AMA-C9273,16-May-2025,Grocery,4,11.05,Delivered,UPI
AMA-O7020,AMA-C4713,2024-11-15,Apparel,3,$77.97,Cancelled,UPI
AMA-O12982,AMA-C4558,11-Apr-2023,Sports & Outdoors,4,18.35,Cancelled,Gift Card
AMA-O12845,AMA-C4224,22-Jan-2024,Sports & Outdoors,1,25.31,Delivered,Debit Card
AMA-O10589,AMA-C7846,2024-08-19,Beauty,3,$7.00,Cancelled,Gift Card
AMA-O12209,AMA-C6793,22-Jan-2024,Books,2,38.42,Delivered,Amazon Pay
AMA-O9684,AMA-C3556,2023-02-19,Sports & Outdoors,1,241.51,Delivered,UPI
AMA-O12937,AMA-C7255,2025-03-29,Grocery,4,54.08,Shipped,Gift Card
AMA-O7113,AMA-C3864,05/10/2025,Beauty,3,59.96,Delivered,Debit Card
AMA-O12499,AMA-C7860,02/11/2025,Grocery,1,27.42,Delivered,Gift Card
AMA-O7863,AMA-C2516,09-Sep-2024,Beauty,2,37.36,Pending,UPI
AMA-O11366,AMA-C3179,04/27/2025,Toys,3,5.0,Pending,Credit Card
AMA-O14487,AMA-C6235,03/25/2023,Grocery,5,$58.69,Cancelled,UPI
AMA-O13411,AMA-C4214,21-Apr-2023,Toys,1,11.64,Delivered,Debit Card
AMA-O11257,AMA-C7102,16-Sep-2025,Beauty,5,70.29,Shipped,UPI
AMA-O12284,AMA-C3125,14-Oct-2025,Sports & Outdoors,3,64.14,Delivered,Credit Card
AMA-O6220,AMA-C5778,12-Feb-2024,Beauty,5,5.43,Shipped,UPI
AMA-O14345,AMA-C7227,02/13/2024,Grocery,5,29.39,Pending,Amazon Pay
AMA-O5715,AMA-C4543,03/26/2023,Home & Kitchen,5,85.45,Shipped,Gift Card
AMA-O12991,AMA-C4700,09-Jun-2025,Sports & Outdoors,1,31.5,Cancelled,Amazon Pay
AMA-O14033,AMA-C10846,2023-01-30,Apparel,2,97.83,Shipped,Amazon Pay
AMA-O13913,AMA-C8888,2025-08-03,Home & Kitchen,5,$119.80,Delivered,UPI
AMA-O10533,AMA-C9970,03/07/2023,Books,4,12.88,,Credit Card
AMA-O9662,AMA-C7369,2024-09-10,Electronics,1,718.14,Shipped,Credit Card
AMA-O14284,AMA-C10282,06/02/2025,Books,4,$34.85,Pending,Gift Card
AMA-O11439,AMA-C9594,15-Nov-2024,Books,1,$29.57,Delivered,Amazon Pay
AMA-O11653,AMA-C9999,2025-05-22,Grocery,3,$14.07,Delivered,Debit Card
AMA-O13648,AMA-C4339,24-Aug-2024,Apparel,3,57.98,Returned,Credit Card
AMA-O14587,AMA-C2702,18-Feb-2024,Apparel,2,105.91,,Debit Card
AMA-O12391,AMA-C4854,10-Sep-2025,Home & Kitchen,1,275.39,Cancelled,Debit Card
AMA-O14735,AMA-C3346,13-Dec-2023,Books,5,$24.02,Delivered,Debit Card
AMA-O5872,AMA-C7406,2023-01-03,Grocery,3,43.47,Delivered,Amazon Pay
AMA-O13565,AMA-C10883,23-Jan-2024,Home & Kitchen,4,83.8,Delivered,Amazon Pay
AMA-O13455,AMA-C4091,04/10/2024,Books,3,$23.79,Delivered,Gift Card
AMA-O7013,AMA-C8269,02-Oct-2023,Beauty,2,$64.28,Cancelled,Amazon Pay
AMA-O13073,AMA-C6930,2025-08-09,Electronics,5,283.61,Returned,Gift Card
AMA-O5728,AMA-C6436,2023-10-07,Electronics,2,794.26,Delivered,Debit Card
AMA-O8834,AMA-C7765,26-Sep-2024,Toys,1,60.54,Returned,Amazon Pay
AMA-O11407,AMA-C3082,10/20/2024,Books,3,38.13,Pending,Gift Card
AMA-O5155,AMA-C5299,01-Mar-2025,Sports & Outdoors,3,87.67,Delivered,Gift Card
AMA-O9899,AMA-C10297,07/31/2024,Apparel,3,36.02,Delivered,Credit Card
AMA-O10779,AMA-C2844,2024-11-04,Books,1,17.6,Returned,UPI
AMA-O10401,AMA-C6238,2025-02-05,Beauty,4,22.35,Returned,UPI
AMA-O5711,AMA-C3554,07-Jan-2025,Apparel,4,103.02,Delivered,Debit Card
AMA-O11061,AMA-C2806,06/15/2025,Toys,2,40.09,Delivered,Amazon Pay
AMA-O10457,AMA-C7583,2025-12-31,Sports & Outdoors,2,29.7,Delivered,UPI
AMA-O10116,AMA-C3096,2025-01-12,Grocery,3,33.07,Pending,Amazon Pay
AMA-O11064,AMA-C4538,11/21/2025,Toys,2,$15.53,Shipped,Credit Card
AMA-O14842,AMA-C2569,31-Mar-2024,Toys,3,$34.60,Delivered,UPI
AMA-O14381,AMA-C10187,05/24/2024,Grocery,4,51.11,Delivered,Amazon Pay
AMA-O10675,AMA-C9929,09/01/2024,Grocery,5,56.15,Shipped,Credit Card
AMA-O9400,AMA-C5853,05/30/2025,Grocery,2,27.77,Shipped,Gift Card
AMA-O13091,AMA-C4738,08/18/2024,Beauty,5,15.36,Pending,Amazon Pay
AMA-O14035,AMA-C3772,25-Jan-2025,Grocery,2,$43.95,Shipped,Credit Card
AMA-O12528,AMA-C8664,01-Jan-2023,Sports & Outdoors,5,113.87,Delivered,UPI
AMA-O12816,AMA-C9767,05/10/2024,Electronics,5,$200.42,Delivered,Credit Card
AMA-O6744,AMA-C9663,2024-04-08,Beauty,2,76.12,Cancelled,Debit Card
AMA-O13463,AMA-C3959,03/13/2023,Beauty,5,35.97,Delivered,UPI
AMA-O8001,AMA-C3229,05-Nov-2025,Grocery,4,21.05,Delivered,Amazon Pay
AMA-O14211,AMA-C3397,11/30/2024,Electronics,4,436.16,Cancelled,Credit Card
AMA-O6375,AMA-C5782,04/27/2024,Books,4,11.94,Delivered,Credit Card
AMA-O6888,AMA-C3268,08/23/2025,Toys,3,50.0,Pending,Amazon Pay
AMA-O7608,AMA-C9237,2024-11-11,Grocery,5,44.61,Delivered,Gift Card
AMA-O14589,AMA-C7473,2024-09-16,Beauty,2,$52.67,Delivered,UPI
AMA-O6197,AMA-C8947,2024-02-08,Toys,5,15.36,Returned,UPI
AMA-O6292,AMA-C1810,09/28/2024,Grocery,3,23.35,Pending,Credit Card
AMA-O10540,AMA-C5017,06-Apr-2024,Electronics,2,783.15,Returned,UPI
AMA-O12609,AMA-C4678,15-Jun-2024,Apparel,2,104.14,Shipped,Debit Card
AMA-O9162,AMA-C7047,04-May-2025,Apparel,1,64.11,Delivered,Amazon Pay
AMA-O7844,AMA-C4620,03/07/2024,Books,2,14.41,Shipped,Amazon Pay
AMA-O9609,AMA-C7115,27-Sep-2025,Toys,2,79.76,Delivered,Gift Card
AMA-O13843,AMA-C4905,09/21/2025,Books,1,18.73,Returned,Debit Card
AMA-O11156,AMA-C9979,07/25/2023,Apparel,5,$43.50,Cancelled,Debit Card
AMA-O8121,AMA-C3549,2023-08-19,Books,4,26.82,Shipped,UPI
AMA-O12501,AMA-C3550,2024-04-19,Beauty,4,8.91,Delivered,UPI
AMA-O6261,AMA-C6118,28-Apr-2024,Books,3,32.61,Cancelled,Credit Card
AMA-O7781,AMA-C5457,2023-08-24,Toys,3,43.02,Pending,Gift Card
AMA-O7742,AMA-C5435,15-Jan-2025,Beauty,2,76.41,,UPI
AMA-O8379,AMA-C9887,2024-02-24,Books,-3,$11.35,Cancelled,Amazon Pay
AMA-O8608,AMA-C7277,12-Sep-2025,Books,2,31.31,Pending,Gift Card
AMA-O8039,AMA-C8530,04/14/2023,Home & Kitchen,2,150.87,Delivered,Debit Card
AMA-O7778,AMA-C8236,20-Dec-2024,Home & Kitchen,2,276.37,Shipped,Amazon Pay
AMA-O6370,AMA-C6596,04-Jul-2024,Electronics,4,584.1,Returned,Debit Card
AMA-O8766,AMA-C2372,28-Aug-2025,Beauty,3,$43.06,Returned,Gift Card
AMA-O7141,AMA-C8777,07/17/2025,Sports & Outdoors,2,134.62,Shipped,Debit Card
AMA-O5637,AMA-C1879,2025-06-26,Beauty,4,61.42,Returned,Credit Card
AMA-O14576,AMA-C8194,03/07/2023,Home & Kitchen,2,147.77,Delivered,UPI
AMA-O14563,AMA-C4956,06/05/2024,Beauty,1,83.76,Returned,Amazon Pay
AMA-O8465,AMA-C7436,05/27/2023,Home & Kitchen,4,44.69,Returned,Gift Card
AMA-O6657,AMA-C6391,26-Sep-2025,Grocery,1,8.58,Cancelled,Credit Card
AMA-O13629,AMA-C7045,2025-12-29,Books,5,16.68,Delivered,Credit Card
AMA-O9474,AMA-C4659,2023-11-19,Books,5,17.61,Shipped,Amazon Pay
AMA-O12565,AMA-C1648,20-Nov-2025,Books,3,38.09,Pending,Debit Card
AMA-O7040,AMA-C4248,02-Oct-2023,Apparel,4,89.08,Delivered,Debit Card
AMA-O7156,AMA-C8634,02/11/2024,Books,1,16.87,Shipped,UPI
AMA-O7063,AMA-C6765,28-Mar-2025,Sports & Outdoors,2,193.09,Delivered,UPI
AMA-O8568,AMA-C8912,23-Feb-2023,Books,2,19.98,Delivered,Gift Card
AMA-O6556,AMA-C10177,28-Oct-2024,Apparel,3,105.06,Pending,UPI
AMA-O12046,AMA-C5650,17-Jan-2024,Grocery,3,35.49,Returned,UPI
AMA-O11153,AMA-C5037,08/24/2024,Sports & Outdoors,2,55.52,Delivered,Gift Card
AMA-O14904,AMA-C2238,02/10/2023,Toys,3,35.49,Shipped,Credit Card
AMA-O11319,AMA-C4755,05/03/2024,Grocery,4,30.26,Delivered,Debit Card
AMA-O12164,AMA-C9993,05/23/2023,Electronics,4,290.09,Returned,Debit Card
AMA-O12113,AMA-C2494,11/01/2023,Home & Kitchen,4,183.73,Delivered,Credit Card
AMA-O9833,AMA-C1914,06-Apr-2024,Beauty,5,35.38,Delivered,Gift Card
AMA-O12835,AMA-C6912,23-Jun-2024,Books,5,5.08,Delivered,Gift Card
AMA-O7151,AMA-C3274,2025-06-03,Beauty,3,33.48,Shipped,Gift Card
AMA-O8654,AMA-C5045,28-May-2025,Toys,3,69.93,Shipped,Debit Card
AMA-O14457,AMA-C3273,08-Mar-2025,Apparel,5,8.79,Delivered,Gift Card
AMA-O12174,AMA-C10250,01/26/2023,Electronics,1,172.26,Delivered,Credit Card
AMA-O14475,AMA-C7271,2023-10-06,Electronics,1,$454.43,Cancelled,Amazon Pay
AMA-O5294,AMA-C7175,05/23/2023,Sports & Outdoors,5,168.92,Delivered,Gift Card
AMA-O13048,AMA-C8035,2023-01-05,Toys,5,9.58,Cancelled,UPI
AMA-O11144,AMA-C10261,2023-06-23,Beauty,3,62.37,Cancelled,Credit Card
AMA-O13011,AMA-C3707,17-Jul-2023,Grocery,4,16.34,Delivered,UPI
AMA-O10176,AMA-C10481,01/29/2025,Sports & Outdoors,1,89.07,Pending,Gift Card
AMA-O14095,AMA-C10022,07/20/2023,Toys,3,28.28,Shipped,Gift Card
AMA-O5609,AMA-C8926,11/26/2024,Electronics,5,715.65,Cancelled,Credit Card
AMA-O6196,AMA-C6814,2023-06-09,Sports & Outdoors,5,$194.53,Shipped,Gift Card
AMA-O12837,AMA-C4919,2023-01-11,Electronics,4,235.77,Returned,Amazon Pay
AMA-O12686,AMA-C6167,17-Jun-2023,Beauty,1,45.82,Pending,Debit Card
AMA-O10459,AMA-C5292,2025-01-25,Electronics,2,$704.89,Delivered,Gift Card
AMA-O9865,AMA-C6778,01/12/2023,Home & Kitchen,5,293.52,Returned,Credit Card
AMA-O7300,AMA-C8595,2024-07-11,Apparel,3,21.97,Delivered,Gift Card
AMA-O9303,AMA-C8773,2025-07-15,Sports & Outdoors,3,$202.07,Returned,Gift Card
AMA-O14819,AMA-C10453,04/13/2025,Books,1,$16.02,Pending,UPI
AMA-O5652,AMA-C8135,05/17/2025,Beauty,2,24.95,Returned,Amazon Pay
AMA-O9800,AMA-C2368,2025-05-02,Beauty,4,34.02,Delivered,Amazon Pay
AMA-O5034,AMA-C7896,2024-12-22,Beauty,5,56.49,Returned,Amazon Pay
AMA-O13070,AMA-C1925,06/07/2023,Electronics,4,529.54,Delivered,Credit Card
AMA-O8811,AMA-C8274,2025-06-29,Toys,5,86.7,,Gift Card
AMA-O14706,AMA-C9811,2024-01-11,Electronics,5,$783.85,Delivered,Credit Card
AMA-O12959,AMA-C3099,2023-07-03,Electronics,4,512.93,Delivered,UPI
AMA-O11832,AMA-C5967,09/28/2024,Home & Kitchen,2,176.97,,Amazon Pay
AMA-O13923,AMA-C7027,03/09/2023,Toys,3,63.46,Pending,Credit Card
AMA-O7658,AMA-C3357,07/16/2023,Toys,1,39.35,Delivered,Gift Card
AMA-O6429,AMA-C2610,2025-04-05,Apparel,2,76.6,Shipped,Debit Card
AMA-O14940,AMA-C1752,17-Jun-2023,Sports & Outdoors,3,$216.49,,UPI
AMA-O9327,AMA-C9273,09-Oct-2023,Apparel,4,85.69,Delivered,Gift Card
AMA-O10408,AMA-C9604,15-Feb-2024,Electronics,2,398.93,Delivered,Debit Card
AMA-O12386,AMA-C9089,2024-03-16,Sports & Outdoors,2,143.06,Delivered,Credit Card
AMA-O8963,AMA-C5885,09/12/2024,Electronics,5,743.2,Delivered,Gift Card
AMA-O13698,AMA-C9851,21-Mar-2025,Apparel,2,50.2,Cancelled,Amazon Pay
AMA-O5293,AMA-C1412,2025-06-15,Beauty,5,$27.94,Cancelled,Debit Card
AMA-O11309,AMA-C5782,07/01/2024,Grocery,4,49.98,Delivered,Amazon Pay
AMA-O7341,AMA-C1285,2025-04-20,Toys,4,23.4,Delivered,Credit Card
AMA-O8415,AMA-C6379,26-Feb-2023,Home & Kitchen,4,136.58,Delivered,Amazon Pay
AMA-O11549,AMA-C10819,15-Jan-2025,Home & Kitchen,3,48.1,Pending,Credit Card
AMA-O7140,AMA-C6418,05/01/2024,Toys,5,64.02,Delivered,Amazon Pay
AMA-O7763,AMA-C4816,2025-12-10,Books,4,5.58,Shipped,Credit Card
AMA-O9943,AMA-C7760,01/08/2025,Beauty,2,25.32,Cancelled,Debit Card
AMA-O12493,AMA-C5027,12/07/2024,Books,3,$12.96,Delivered,Credit Card
AMA-O9707,AMA-C9497,22-Jul-2023,Grocery,5,47.36,Delivered,Debit Card
AMA-O9695,AMA-C4935,2025-03-31,Beauty,3,58.92,Cancelled,Amazon Pay
AMA-O5797,AMA-C5904,2024-08-17,Apparel,3,52.89,Delivered,Gift Card
AMA-O10076,AMA-C5594,2025-11-02,Grocery,4,43.2,Cancelled,Debit Card
AMA-O7339,AMA-C8507,01/21/2024,Home & Kitchen,4,231.89,Cancelled,Debit Card
AMA-O7176,AMA-C7219,2025-09-04,Home & Kitchen,3,26.14,Delivered,Credit Card
AMA-O12488,AMA-C5485,04-Aug-2024,Home & Kitchen,1,250.91,Pending,Gift Card
AMA-O13927,AMA-C7984,2024-12-28,Toys,5,17.63,Delivered,Gift Card
AMA-O7599,AMA-C2998,20-Feb-2024,Home & Kitchen,5,145.25,Delivered,Gift Card
AMA-O9375,AMA-C2704,20-May-2024,Toys,5,93.35,Pending,Amazon Pay
AMA-O11741,AMA-C7464,2023-06-14,Electronics,2,429.3,Delivered,Credit Card
AMA-O14292,AMA-C6183,28-May-2025,Home & Kitchen,5,$153.96,Delivered,Amazon Pay
AMA-O9458,AMA-C9038,2024-06-11,Apparel,3,$105.12,Delivered,Debit Card
AMA-O13319,AMA-C3702,21-Nov-2025,Beauty,4,87.43,Shipped,UPI
AMA-O12225,AMA-C5630,01/29/2025,Grocery,3,$33.59,Delivered,Gift Card
AMA-O11769,AMA-C4017,29-Nov-2024,Apparel,1,27.54,Shipped,Debit Card
AMA-O7707,AMA-C10941,13-Oct-2024,Electronics,4,777.5,Delivered,Debit Card
AMA-O14056,AMA-C3450,2024-08-05,Beauty,1,86.14,Delivered,Amazon Pay
AMA-O5438,AMA-C2040,21-Aug-2025,Toys,3,54.48,Cancelled,UPI
AMA-O8815,AMA-C10022,07/25/2025,Apparel,3,41.38,Returned,Debit Card
AMA-O11414,AMA-C2102,2023-10-03,Sports & Outdoors,3,177.6,Delivered,Credit Card
AMA-O9580,AMA-C6728,03/15/2024,Apparel,1,67.75,Returned,Gift Card
AMA-O13834,AMA-C1977,27-Dec-2025,Electronics,2,26.39,Cancelled,UPI
AMA-O6201,AMA-C9063,2023-09-24,Sports & Outdoors,5,112.88,,Amazon Pay
AMA-O5876,AMA-C6564,05-Nov-2024,Books,2,11.87,Returned,Credit Card
AMA-O8602,AMA-C8804,11-Jun-2023,Sports & Outdoors,4,123.99,Delivered,Gift Card
AMA-O12853,AMA-C9466,02-Aug-2023,Apparel,2,28.18,Returned,Amazon Pay
AMA-O10143,AMA-C6830,16-Apr-2025,Books,4,20.88,Shipped,UPI
AMA-O6026,AMA-C1945,2024-02-18,Books,5,15.88,Delivered,UPI
AMA-O13676,AMA-C10467,10-Feb-2024,Sports & Outdoors,2,104.93,Cancelled,Gift Card
AMA-O6299,AMA-C6084,11-Mar-2025,Sports & Outdoors,3,$44.68,Cancelled,Debit Card
AMA-O6106,AMA-C2234,12-Sep-2023,Grocery,-5,42.32,,Gift Card
AMA-O14716,AMA-C7378,2025-02-28,Books,2,10.66,Pending,Credit Card
AMA-O13937,AMA-C10444,03/04/2024,Beauty,2,13.52,Shipped,Debit Card
AMA-O6706,AMA-C9010,2023-12-24,Home & Kitchen,5,$80.84,Delivered,Debit Card
AMA-O10185,AMA-C9647,05-Oct-2024,Grocery,5,5.46,Delivered,Debit Card
AMA-O13146,AMA-C4440,07/21/2023,Books,5,$15.94,Pending,Credit Card
AMA-O9562,AMA-C4426,2024-08-04,Home & Kitchen,2,$67.83,Shipped,Credit Card
AMA-O5117,AMA-C7636,04/15/2025,Grocery,2,15.78,Returned,Credit Card
AMA-O13978,AMA-C4735,2025-07-20,Toys,3,87.69,Shipped,UPI
AMA-O10208,AMA-C8841,07/21/2025,Home & Kitchen,5,299.08,Cancelled,Amazon Pay
AMA-O6439,AMA-C8823,2023-11-25,Beauty,2,89.72,Returned,Credit Card
AMA-O7618,AMA-C4645,08/11/2025,Electronics,2,$66.69,,Credit Card
AMA-O10352,AMA-C8450,2023-05-07,Sports & Outdoors,2,249.33,Pending,Debit Card
AMA-O11031,AMA-C3710,18-May-2023,Electronics,4,419.41,Delivered,Gift Card
AMA-O9255,AMA-C2156,05/06/2024,Home & Kitchen,4,232.66,Returned,Gift Card
AMA-O5726,AMA-C10751,2025-07-10,Toys,3,23.63,Pending,UPI
AMA-O5834,AMA-C1867,2023-04-21,Books,5,$10.75,Shipped,Credit Card
AMA-O7952,AMA-C10928,08/04/2024,Home & Kitchen,1,251.12,Shipped,Amazon Pay
AMA-O14250,AMA-C3166,2025-04-04,Home & Kitchen,3,$86.89,Delivered,Amazon Pay
AMA-O12971,AMA-C7543,03/29/2024,Toys,5,21.2,Delivered,Credit Card
AMA-O8437,AMA-C1202,02/09/2025,Books,1,17.18,Pending,UPI
AMA-O12065,AMA-C3600,08-Feb-2024,Home & Kitchen,4,201.03,Pending,Debit Card
AMA-O9852,AMA-C7624,2025-05-12,Books,5,29.98,Delivered,Debit Card
AMA-O13081,AMA-C2101,2024-12-31,Grocery,4,22.04,Delivered,UPI
AMA-O12718,AMA-C2856,15-Jan-2025,Books,5,11.73,Delivered,Credit Card
AMA-O12812,AMA-C9806,10/17/2023,Apparel,3,$73.98,Shipped,Amazon Pay
AMA-O9106,AMA-C3563,2023-10-12,Electronics,2,77.03,Delivered,Credit Card
AMA-O14208,AMA-C4150,15-Aug-2024,Grocery,5,6.8,Delivered,Credit Card
AMA-O13775,AMA-C4490,04/08/2024,Grocery,2,29.67,Delivered,Amazon Pay
AMA-O8853,AMA-C4582,05/21/2025,Toys,4,62.5,Cancelled,Debit Card
AMA-O14327,AMA-C3193,02/28/2025,Home & Kitchen,3,57.55,Cancelled,UPI
AMA-O5458,AMA-C1532,2025-06-08,Sports & Outdoors,2,102.36,Pending,UPI
AMA-O9995,AMA-C2332,2024-09-06,Electronics,2,783.08,Delivered,Debit Card
AMA-O7407,AMA-C7054,17-Nov-2023,Home & Kitchen,1,71.73,Shipped,Credit Card
AMA-O10970,AMA-C7712,12/05/2025,Grocery,5,45.57,Delivered,Credit Card
AMA-O14820,AMA-C9314,2024-10-06,Toys,3,75.82,Delivered,Debit Card
AMA-O6634,AMA-C5880,2024-01-06,Toys,1,$53.56,,UPI
AMA-O12320,AMA-C10235,08/14/2025,Apparel,3,$8.49,Returned,Credit Card
AMA-O10802,AMA-C10679,18-Oct-2025,Sports & Outdoors,3,71.5,Shipped,UPI
AMA-O8885,AMA-C9109,09/28/2025,Sports & Outdoors,2,121.18,Delivered,Gift Card
AMA-O12349,AMA-C4025,2025-05-08,Beauty,5,17.76,Delivered,Gift Card
AMA-O8808,AMA-C7015,03/07/2025,Toys,3,21.89,Pending,UPI
AMA-O8994,AMA-C6955,10/03/2024,Toys,2,84.98,,Credit Card
AMA-O13032,AMA-C9855,17-Jul-2025,Sports & Outdoors,-5,41.21,Delivered,Credit Card
AMA-O5910,AMA-C6873,06/20/2024,Home & Kitchen,5,$123.81,Cancelled,UPI
AMA-O8696,AMA-C4480,29-Feb-2024,Beauty,3,6.94,Returned,Gift Card
AMA-O12335,AMA-C5732,07/14/2023,Books,1,18.98,Returned,Debit Card
AMA-O11343,AMA-C7655,2024-08-31,Electronics,5,$685.08,Shipped,Credit Card
AMA-O12252,AMA-C10458,25-May-2023,Beauty,5,$8.80,Cancelled,Amazon Pay
AMA-O7052,AMA-C2053,10/25/2023,Toys,4,49.9,Delivered,Amazon Pay
AMA-O12406,AMA-C5448,2024-04-21,Grocery,4,$41.74,Cancelled,Amazon Pay
AMA-O11939,AMA-C4975,2023-09-11,Electronics,1,494.82,Shipped,Amazon Pay
AMA-O12205,AMA-C3424,2024-08-01,Beauty,1,49.41,Shipped,Gift Card
AMA-O7387,AMA-C2772,2023-09-28,Grocery,2,14.9,Shipped,Debit Card
AMA-O14884,AMA-C8375,15-Nov-2025,Sports & Outdoors,3,234.55,Cancelled,Amazon Pay
AMA-O6808,AMA-C5295,2024-08-24,Home & Kitchen,4,172.75,Pending,Debit Card
AMA-O8694,AMA-C4607,07/08/2025,Home & Kitchen,3,121.92,Shipped,Amazon Pay
AMA-O8946,AMA-C9967,07/19/2025,Home & Kitchen,2,123.81,Delivered,Gift Card
AMA-O10296,AMA-C4695,2024-03-30,Beauty,3,70.89,Shipped,Credit Card
AMA-O9831,AMA-C7783,12/13/2024,Sports & Outdoors,2,64.36,Shipped,UPI
AMA-O11437,AMA-C7815,24-Dec-2024,Grocery,4,27.0,Delivered,Debit Card
AMA-O11381,AMA-C1322,02-Dec-2023,Grocery,2,20.85,Cancelled,Debit Card
AMA-O12537,AMA-C10277,2024-05-27,Sports & Outdoors,5,82.9,Delivered,UPI
AMA-O9203,AMA-C2970,2023-09-12,Beauty,2,18.28,Pending,Debit Card
AMA-O6940,AMA-C6580,01/09/2023,Beauty,5,18.25,Delivered,Gift Card
AMA-O12862,AMA-C2385,20-Aug-2023,Books,4,$38.49,Delivered,Amazon Pay
AMA-O7631,AMA-C6377,06/26/2023,Toys,4,96.5,Returned,Amazon Pay
AMA-O11097,AMA-C6448,2023-08-28,Home & Kitchen,4,53.93,Pending,Amazon Pay
AMA-O12762,AMA-C6746,01/08/2023,Home & Kitchen,4,237.55,Shipped,Gift Card
AMA-O11789,AMA-C1035,16-Oct-2025,Books,4,27.41,Shipped,Debit Card
AMA-O6661,AMA-C8263,2023-03-23,Books,3,17.26,Shipped,Credit Card
AMA-O11192,AMA-C4027,10/25/2025,Books,4,19.28,Pending,Debit Card
AMA-O14474,AMA-C1466,2023-01-02,Sports & Outdoors,4,76.66,Pending,Debit Card
AMA-O8666,AMA-C7400,24-Feb-2023,Books,2,22.67,Delivered,Amazon Pay
AMA-O7117,AMA-C6456,18-Jul-2025,Grocery,1,28.76,Returned,Amazon Pay
AMA-O13824,AMA-C7189,02/13/2025,Sports & Outdoors,4,25.95,Shipped,Amazon Pay
AMA-O5703,AMA-C8892,03/10/2023,Books,1,34.96,Returned,Amazon Pay
AMA-O5786,AMA-C5240,24-Jun-2023,Books,2,10.55,Delivered,UPI
AMA-O12477,AMA-C4284,2023-09-29,Home & Kitchen,4,$86.64,Cancelled,Amazon Pay
AMA-O11926,AMA-C3605,09-Nov-2023,Books,3,36.77,Delivered,Amazon Pay
AMA-O8546,AMA-C3102,2024-01-17,Beauty,1,9.63,Cancelled,UPI
AMA-O8659,AMA-C1499,2024-02-07,Beauty,1,10.4,Shipped,Credit Card
AMA-O10919,AMA-C9142,05-Jan-2023,Electronics,2,556.09,Returned,Debit Card
AMA-O14606,AMA-C1476,2024-08-26,Sports & Outdoors,3,182.37,Delivered,Amazon Pay
AMA-O5913,AMA-C1258,04/23/2023,Toys,2,27.93,Delivered,Credit Card
AMA-O14853,AMA-C6466,25-Nov-2024,Grocery,1,35.26,Shipped,Credit Card
AMA-O9503,AMA-C10415,09-Jun-2024,Sports & Outdoors,1,162.31,Shipped,Gift Card
AMA-O14300,AMA-C3530,21-Mar-2023,Toys,1,78.61,Delivered,Gift Card
AMA-O6861,AMA-C3627,2024-10-01,Apparel,3,$96.08,Delivered,Credit Card
AMA-O6681,AMA-C2633,12/12/2024,Grocery,5,30.62,Returned,Debit Card
AMA-O8370,AMA-C4602,04-Aug-2024,Electronics,1,522.13,Delivered,UPI
AMA-O8182,AMA-C1360,14-Jul-2025,Electronics,1,412.11,Pending,UPI
AMA-O10123,AMA-C2273,2025-12-14,Home & Kitchen,2,198.08,Delivered,Debit Card
AMA-O7076,AMA-C8166,19-Mar-2025,Apparel,2,22.95,Delivered,Debit Card
AMA-O6811,AMA-C10528,02/04/2024,Books,5,6.22,Pending,Gift Card
AMA-O6623,AMA-C10716,2023-04-06,Apparel,5,62.47,Delivered,Gift Card
AMA-O7720,AMA-C7848,21-Jan-2025,Toys,3,$58.36,Delivered,Amazon Pay
AMA-O9654,AMA-C1710,31-May-2024,Beauty,2,$82.39,Shipped,Gift Card
AMA-O6367,AMA-C8117,2024-12-18,Home & Kitchen,3,110.64,Delivered,UPI
AMA-O11224,AMA-C6368,25-Sep-2023,Toys,4,37.33,Cancelled,Credit Card
AMA-O11085,AMA-C5935,15-Aug-2024,Sports & Outdoors,4,211.62,Cancelled,UPI
AMA-O7969,AMA-C1038,25-Mar-2025,Grocery,1,$6.19,Pending,Debit Card
AMA-O10957,AMA-C7552,04/30/2024,Grocery,5,47.77,Cancelled,Credit Card
AMA-O5463,AMA-C1798,15-Jul-2023,Books,3,13.33,Delivered,UPI
AMA-O8448,AMA-C1781,2024-08-31,Grocery,2,27.79,Delivered,UPI
AMA-O5022,AMA-C7750,11/19/2024,Electronics,4,372.2,Delivered,Debit Card
AMA-O10217,AMA-C10150,27-Aug-2025,Sports & Outdoors,3,28.15,Pending,Debit Card
AMA-O7696,AMA-C10932,2024-01-30,Apparel,2,27.66,Delivered,Gift Card
AMA-O8235,AMA-C5861,08/07/2023,Sports & Outdoors,4,86.12,Delivered,UPI
AMA-O11365,AMA-C8426,04/23/2025,Grocery,5,8.41,Shipped,UPI
AMA-O9671,AMA-C10033,2024-08-25,Books,2,15.43,Delivered,Credit Card
AMA-O5528,AMA-C2379,04/03/2023,Toys,2,81.45,Returned,Debit Card
AMA-O5894,AMA-C9999,2023-01-28,Home & Kitchen,5,53.24,Delivered,Credit Card
AMA-O14502,AMA-C8030,2023-09-08,Toys,4,97.44,Pending,Debit Card
AMA-O6595,AMA-C7531,25-Dec-2025,Apparel,3,83.75,Shipped,Debit Card
AMA-O9955,AMA-C9999,2025-06-06,Toys,1,48.24,Returned,Credit Card
AMA-O6725,AMA-C8609,28-Oct-2023,Toys,5,10.24,Delivered,Debit Card
AMA-O6059,AMA-C2847,07/08/2023,Home & Kitchen,5,110.35,Delivered,Debit Card
AMA-O8921,AMA-C3779,07-Oct-2023,Books,4,$32.54,Pending,UPI
AMA-O9556,AMA-C1685,05/23/2024,Books,4,31.34,Pending,UPI
AMA-O5078,AMA-C8553,2024-06-07,Books,5,32.76,Delivered,Amazon Pay
AMA-O5879,AMA-C4221,09/30/2025,Books,4,11.81,,Amazon Pay
AMA-O5441,AMA-C9068,18-Sep-2025,Home & Kitchen,4,279.41,Delivered,Amazon Pay
AMA-O6191,AMA-C4355,11/17/2023,Toys,5,44.04,Returned,Amazon Pay
AMA-O8066,AMA-C10428,2024-12-05,Home & Kitchen,3,30.57,Delivered,Debit Card
AMA-O10776,AMA-C4430,2025-08-01,Apparel,2,104.36,Delivered,Credit Card
AMA-O6570,AMA-C2906,02/10/2025,Books,-5,26.42,Shipped,Credit Card
AMA-O5661,AMA-C3426,2024-05-21,Sports & Outdoors,3,155.78,Cancelled,Gift Card
AMA-O8270,AMA-C3899,19-Mar-2023,Home & Kitchen,1,$203.08,Delivered,Amazon Pay
AMA-O8613,AMA-C9228,2023-08-29,Grocery,5,31.67,Returned,Amazon Pay
AMA-O9754,AMA-C10976,05/06/2025,Apparel,1,$11.11,Delivered,Debit Card
AMA-O13917,AMA-C8232,2025-10-24,Grocery,2,23.92,Delivered,Credit Card
AMA-O14449,AMA-C7779,07-Oct-2025,Beauty,5,41.39,Delivered,UPI
AMA-O6382,AMA-C8096,13-Jun-2025,Grocery,3,54.15,Delivered,Gift Card
AMA-O5605,AMA-C8758,2025-09-18,Books,2,$32.80,Cancelled,Debit Card
AMA-O5907,AMA-C10903,2023-02-27,Beauty,3,21.41,Returned,Credit Card
AMA-O9935,AMA-C9777,03-Mar-2024,Toys,3,71.7,Shipped,Debit Card
AMA-O7469,AMA-C1893,2023-07-28,Electronics,4,655.95,Cancelled,Credit Card
AMA-O10421,AMA-C6493,06/04/2025,Books,2,$16.18,Returned,Credit Card
AMA-O13591,AMA-C3090,09/03/2023,Toys,1,22.81,Delivered,UPI
AMA-O6486,AMA-C5424,20-Nov-2023,Home & Kitchen,4,265.66,Returned,Credit Card
AMA-O6923,AMA-C9863,30-Nov-2025,Books,1,15.2,Cancelled,Debit Card
AMA-O6598,AMA-C3846,2024-01-30,Grocery,4,53.35,Pending,Gift Card
AMA-O8756,AMA-C10007,2023-01-02,Beauty,3,30.03,Shipped,Gift Card
AMA-O8284,AMA-C5862,2025-01-26,Beauty,1,$70.33,Delivered,UPI
AMA-O13438,AMA-C7007,20-Jul-2025,Sports & Outdoors,4,30.03,Delivered,Credit Card
AMA-O11535,AMA-C3938,20-Aug-2024,Beauty,1,37.22,Delivered,Debit Card
AMA-O10587,AMA-C9999,03-Apr-2025,Electronics,5,$765.42,Delivered,Credit Card
AMA-O12052,AMA-C5413,07/04/2024,Grocery,3,19.38,Delivered,Amazon Pay
AMA-O6213,AMA-C1968,04/10/2023,Beauty,1,$27.62,,UPI
AMA-O11963,AMA-C4173,21-Sep-2025,Sports & Outdoors,5,16.78,Cancelled,Credit Card
AMA-O6784,AMA-C2517,2024-12-07,Electronics,5,538.71,Delivered,Credit Card
AMA-O9465,AMA-C3546,2023-05-30,Home & Kitchen,5,47.12,Delivered,Debit Card
AMA-O7664,AMA-C6511,2025-10-09,Beauty,3,$59.49,Delivered,Gift Card
AMA-O6210,AMA-C8673,01-Oct-2025,Apparel,2,46.94,Shipped,Credit Card
AMA-O14907,AMA-C4223,04-Jan-2024,Apparel,4,58.29,Delivered,Gift Card
AMA-O6364,AMA-C10109,13-Mar-2024,Beauty,3,8.54,Cancelled,Debit Card
AMA-O12579,AMA-C3431,05/30/2024,Toys,1,33.36,Shipped,Debit Card
AMA-O13295,AMA-C9494,2025-03-16,Toys,3,82.93,Cancelled,Gift Card
AMA-O5137,AMA-C6295,2023-07-22,Sports & Outdoors,5,227.78,Delivered,Debit Card
AMA-O9115,AMA-C7636,11/05/2023,Electronics,4,192.3,Returned,Amazon Pay
AMA-O12176,AMA-C5886,2023-06-20,Toys,4,$72.65,Returned,Gift Card
AMA-O9706,AMA-C2318,2024-02-09,Books,2,5.68,Pending,Credit Card
AMA-O12385,AMA-C3655,22-Sep-2025,Electronics,1,618.81,,Debit Card
AMA-O13312,AMA-C2573,2023-08-28,Toys,5,35.51,Returned,Debit Card
AMA-O13683,AMA-C10137,24-Feb-2023,Toys,4,$34.78,Delivered,Debit Card
AMA-O10407,AMA-C1862,10-Nov-2025,Grocery,2,25.89,Delivered,UPI
AMA-O13490,AMA-C7140,10/21/2023,Apparel,2,65.12,Pending,Gift Card
AMA-O12245,AMA-C8725,2024-07-13,Electronics,2,705.34,Returned,Debit Card
AMA-O9382,AMA-C9051,10/21/2024,Grocery,3,50.37,Delivered,UPI
AMA-O12633,AMA-C7807,06-Jan-2025,Home & Kitchen,2,292.08,Delivered,Amazon Pay
AMA-O6772,AMA-C2189,26-May-2024,Home & Kitchen,1,26.08,Delivered,Gift Card
AMA-O9439,AMA-C6077,30-Aug-2025,Toys,2,51.21,,Credit Card
AMA-O13192,AMA-C5545,06/04/2025,Home & Kitchen,5,$276.82,Delivered,Debit Card
AMA-O13001,AMA-C7310,02/15/2024,Electronics,1,582.35,Delivered,Amazon Pay
AMA-O8491,AMA-C9206,2025-05-13,Sports & Outdoors,2,$124.47,Returned,Gift Card
AMA-O5207,AMA-C1805,13-Mar-2023,Apparel,3,32.76,Cancelled,Credit Card
AMA-O8755,AMA-C9795,03/25/2023,Beauty,4,26.33,Pending,UPI
AMA-O14783,AMA-C8919,20-Nov-2024,Electronics,4,$289.28,Cancelled,UPI
AMA-O13272,AMA-C5652,25-Jun-2024,Beauty,3,65.03,Pending,Amazon Pay
AMA-O10122,AMA-C5117,21-Nov-2023,Apparel,2,118.04,Shipped,Debit Card
AMA-O8726,AMA-C9814,03-Jul-2024,Grocery,5,10.06,Delivered,Credit Card
AMA-O8472,AMA-C4137,2025-04-29,Grocery,2,21.36,Cancelled,Amazon Pay
AMA-O12902,AMA-C1105,10-Oct-2025,Home & Kitchen,3,21.01,Pending,Gift Card
AMA-O5069,AMA-C3590,30-May-2024,Apparel,2,26.1,Pending,UPI
AMA-O13931,AMA-C8778,10-Feb-2023,Home & Kitchen,5,208.54,Delivered,Debit Card
AMA-O8303,AMA-C1070,2023-03-30,Apparel,4,104.32,Cancelled,Debit Card
AMA-O10535,AMA-C3630,31-May-2025,Toys,2,72.21,Delivered,Debit Card
AMA-O11010,AMA-C1256,06/07/2024,Apparel,5,59.71,Cancelled,UPI
AMA-O9402,AMA-C6406,2024-10-29,Apparel,5,75.67,Delivered,Gift Card
AMA-O10453,AMA-C7739,23-Aug-2023,Sports & Outdoors,2,57.39,Delivered,UPI
AMA-O8914,AMA-C6473,30-Sep-2023,Beauty,5,75.11,Pending,Credit Card
AMA-O6092,AMA-C4876,2025-09-26,Apparel,2,119.74,Returned,UPI
AMA-O9317,AMA-C8243,03/26/2024,Beauty,4,$36.86,Delivered,Gift Card
AMA-O8799,AMA-C1692,21-Jun-2024,Toys,2,75.33,Delivered,Debit Card
AMA-O14551,AMA-C6389,2023-03-29,Apparel,4,27.38,Delivered,Amazon Pay
AMA-O9878,AMA-C7027,09/08/2025,Grocery,4,41.23,Delivered,Credit Card
AMA-O9505,AMA-C3158,2023-02-25,Apparel,5,15.14,Cancelled,Amazon Pay
AMA-O14740,AMA-C2819,23-Jul-2025,Beauty,4,32.9,Shipped,Gift Card
AMA-O10755,AMA-C4282,2025-08-12,Books,1,$31.86,Cancelled,Credit Card
AMA-O11449,AMA-C9508,2025-10-06,Electronics,1,678.43,Cancelled,Gift Card
AMA-O9592,AMA-C4545,04/10/2023,Toys,2,$42.42,,Debit Card
AMA-O6830,AMA-C2440,2024-08-10,Home & Kitchen,1,128.59,Delivered,Gift Card
AMA-O8293,AMA-C1125,04-May-2025,Home & Kitchen,4,$17.24,,UPI
AMA-O10618,AMA-C5287,29-Apr-2025,Electronics,4,282.8,Delivered,Debit Card
AMA-O14201,AMA-C8018,14-Apr-2023,Apparel,1,46.55,Delivered,Gift Card
AMA-O14744,AMA-C5160,2023-06-18,Grocery,5,45.38,Returned,Credit Card
AMA-O7828,AMA-C1158,2025-11-26,Toys,4,$70.15,Cancelled,Gift Card
AMA-O11940,AMA-C4275,10/16/2025,Sports & Outdoors,5,18.77,Shipped,Debit Card
AMA-O11721,AMA-C4611,2023-12-08,Beauty,2,55.3,Returned,Gift Card
AMA-O5156,AMA-C7843,20-Jan-2023,Sports & Outdoors,2,238.7,Delivered,Gift Card
AMA-O8096,AMA-C3426,17-Sep-2025,Beauty,4,$62.76,Returned,Debit Card
AMA-O8480,AMA-C4839,2025-02-01,Books,1,33.6,Delivered,Gift Card
AMA-O6463,AMA-C9635,11/20/2023,Books,4,31.05,Delivered,Credit Card
AMA-O6552,AMA-C4469,02-Jul-2024,Beauty,2,23.59,Pending,Credit Card
AMA-O13641,AMA-C2530,02-Sep-2025,Electronics,4,228.53,Delivered,Credit Card
AMA-O14375,AMA-C10115,2024-08-23,Toys,2,9.88,Delivered,UPI
AMA-O12838,AMA-C7454,2024-12-07,Books,3,$32.49,Delivered,Gift Card
AMA-O14835,AMA-C3337,15-Jul-2024,Apparel,4,106.21,Returned,UPI
AMA-O9057,AMA-C5003,02/16/2025,Grocery,2,58.8,Pending,Amazon Pay
AMA-O13369,AMA-C10470,2025-10-27,Beauty,3,17.46,Delivered,Gift Card
AMA-O10362,AMA-C2815,2025-02-21,Home & Kitchen,2,263.37,Delivered,Gift Card
AMA-O6043,AMA-C9663,09-Mar-2024,Toys,4,68.41,Returned,Gift Card
AMA-O7725,AMA-C1102,05-May-2024,Beauty,5,42.21,Delivered,Debit Card
AMA-O13849,AMA-C6859,2024-11-12,Electronics,5,733.51,Delivered,Gift Card
AMA-O10532,AMA-C6043,2024-10-20,Toys,4,33.33,Shipped,UPI
AMA-O10277,AMA-C8648,20-Jan-2024,Apparel,2,84.41,Delivered,Gift Card
AMA-O11068,AMA-C1739,21-Oct-2023,Beauty,2,55.72,Returned,Amazon Pay
AMA-O5762,AMA-C9999,2024-03-05,Sports & Outdoors,4,164.94,Delivered,Amazon Pay
AMA-O11650,AMA-C10600,02/08/2023,Toys,-2,35.18,Returned,Amazon Pay
AMA-O13782,AMA-C7015,19-Dec-2024,Beauty,3,36.4,Delivered,UPI
AMA-O11513,AMA-C8152,2023-12-20,Apparel,3,$81.89,Delivered,Gift Card
AMA-O13844,AMA-C1637,16-Nov-2024,Electronics,3,192.32,Delivered,Debit Card
AMA-O10404,AMA-C8271,11/24/2024,Toys,2,44.6,Pending,Gift Card
AMA-O5844,AMA-C7755,13-Dec-2024,Home & Kitchen,1,127.79,Cancelled,Credit Card
AMA-O5875,AMA-C1531,02/16/2024,Toys,3,98.27,Pending,UPI
AMA-O11601,AMA-C1770,04/29/2023,Electronics,5,196.05,Returned,Debit Card
AMA-O6588,AMA-C6888,01-Nov-2024,Apparel,3,21.06,,Amazon Pay
AMA-O13027,AMA-C9214,2023-04-16,Electronics,4,$98.92,Returned,Amazon Pay
AMA-O11958,AMA-C7850,24-Oct-2024,Beauty,4,$32.30,,Gift Card
AMA-O8498,AMA-C9999,2024-05-13,Books,5,5.77,Cancelled,UPI
AMA-O9278,AMA-C7754,27-Oct-2024,Beauty,1,57.78,Delivered,UPI
AMA-O12317,AMA-C7395,03/17/2023,Electronics,2,245.42,Shipped,UPI
AMA-O14088,AMA-C6475,27-Nov-2023,Beauty,2,$54.92,Returned,UPI
AMA-O11680,AMA-C7693,06/30/2024,Toys,1,27.07,Delivered,Credit Card
AMA-O10495,AMA-C4958,2025-01-11,Apparel,2,88.03,Delivered,Amazon Pay
AMA-O9289,AMA-C4330,2023-10-13,Toys,2,47.34,Shipped,Amazon Pay
AMA-O14006,AMA-C5988,12/08/2024,Toys,2,79.75,Delivered,Debit Card
AMA-O13825,AMA-C6006,27-May-2025,Sports & Outdoors,1,111.85,,Gift Card
AMA-O7078,AMA-C2028,12/02/2024,Apparel,1,60.54,Delivered,Debit Card
AMA-O5183,AMA-C5465,2023-07-20,Sports & Outdoors,-5,186.59,Delivered,Debit Card
AMA-O6293,AMA-C10645,05/10/2024,Books,3,23.31,Shipped,Amazon Pay
AMA-O13903,AMA-C2566,02-May-2024,Electronics,5,651.45,Delivered,Gift Card
AMA-O7511,AMA-C3515,09/26/2025,Grocery,5,5.3,Shipped,UPI
AMA-O8253,AMA-C5369,15-May-2023,Electronics,4,$163.98,Pending,Gift Card
AMA-O10196,AMA-C1336,03-Mar-2024,Beauty,2,8.92,Returned,Amazon Pay
AMA-O8179,AMA-C8745,2023-08-22,Beauty,2,75.45,Shipped,Credit Card
AMA-O8388,AMA-C3573,15-Jul-2025,Sports & Outdoors,3,34.94,Returned,UPI
AMA-O8612,AMA-C5104,09-Jan-2025,Toys,2,72.2,Delivered,Debit Card
AMA-O5005,AMA-C8502,11/15/2024,Apparel,3,23.36,Cancelled,Debit Card
AMA-O9905,AMA-C3039,12/21/2023,Grocery,5,52.61,Delivered,Gift Card
AMA-O9970,AMA-C4621,02/19/2024,Sports & Outdoors,2,211.67,Cancelled,Amazon Pay
AMA-O11910,AMA-C8611,12-Aug-2025,Electronics,5,466.11,,Amazon Pay
AMA-O8075,AMA-C2578,2025-09-14,Toys,4,$29.15,,Debit Card
AMA-O9601,AMA-C5770,2024-11-27,Home & Kitchen,3,194.45,,UPI
AMA-O14432,AMA-C3573,30-Apr-2024,Home & Kitchen,1,126.63,Delivered,Gift Card
AMA-O10658,AMA-C5127,15-May-2025,Sports & Outdoors,5,113.5,Delivered,UPI
AMA-O12748,AMA-C9406,10/10/2023,Home & Kitchen,2,44.69,Delivered,UPI
AMA-O6230,AMA-C6497,05/13/2025,Apparel,2,45.44,Pending,Credit Card
AMA-O7587,AMA-C1722,22-Jun-2024,Toys,4,88.7,Pending,Credit Card
AMA-O5165,AMA-C6323,2023-12-19,Home & Kitchen,5,260.09,Pending,UPI
AMA-O7686,AMA-C7571,2024-11-24,Apparel,1,106.81,Pending,UPI
AMA-O10189,AMA-C1172,01-Dec-2024,Beauty,2,$82.37,Cancelled,UPI
AMA-O11867,AMA-C1791,2025-01-09,Beauty,5,$23.34,Delivered,Gift Card
AMA-O9453,AMA-C1127,2024-12-25,Beauty,3,29.53,Pending,UPI
AMA-O13379,AMA-C6072,08/31/2023,Apparel,3,31.58,Shipped,Gift Card
AMA-O11509,AMA-C8153,2023-12-28,Apparel,3,16.14,Cancelled,UPI
AMA-O5968,AMA-C10420,24-Aug-2024,Apparel,3,88.42,Cancelled,UPI
AMA-O5113,AMA-C8997,2023-04-08,Home & Kitchen,4,64.5,Returned,Debit Card
AMA-O7325,AMA-C1964,2025-07-07,Electronics,4,501.07,Delivered,Amazon Pay
AMA-O10041,AMA-C5808,01/07/2024,Beauty,3,47.07,Cancelled,Gift Card
AMA-O11855,AMA-C2931,01/03/2023,Grocery,2,16.76,Cancelled,Debit Card
AMA-O9032,AMA-C1067,11/22/2024,Sports & Outdoors,4,52.1,Cancelled,Gift Card
AMA-O13482,AMA-C4053,2025-06-21,Home & Kitchen,4,$135.95,Delivered,Credit Card
AMA-O14456,AMA-C3942,11/13/2025,Sports & Outdoors,2,140.68,Returned,UPI
AMA-O6323,AMA-C1875,03/01/2024,Beauty,1,58.44,Cancelled,Amazon Pay
AMA-O5360,AMA-C10588,2024-05-14,Beauty,1,11.72,Pending,Gift Card
AMA-O14701,AMA-C2308,2025-03-31,Grocery,2,$58.47,Delivered,Debit Card
AMA-O8660,AMA-C4303,10/08/2024,Grocery,5,14.3,Pending,Gift Card
AMA-O12908,AMA-C10020,25-Feb-2025,Apparel,5,43.82,Delivered,Debit Card
AMA-O12084,AMA-C6242,10/29/2024,Books,2,20.37,Pending,UPI
AMA-O13415,AMA-C9195,18-Jan-2024,Apparel,3,$50.19,Shipped,Debit Card
AMA-O13537,AMA-C3384,2024-03-02,Apparel,1,$49.32,Shipped,UPI
AMA-O12232,AMA-C10628,12-Apr-2024,Apparel,3,$97.83,Delivered,Amazon Pay
AMA-O5484,AMA-C9103,2023-05-07,Electronics,4,333.04,Returned,UPI
AMA-O13149,AMA-C7573,2023-01-01,Grocery,5,12.83,Delivered,Debit Card
AMA-O7077,AMA-C7296,08-Jan-2024,Electronics,4,$304.65,Delivered,UPI
AMA-O6394,AMA-C3554,20-Dec-2025,Books,4,17.23,Delivered,Debit Card
AMA-O14958,AMA-C4588,2023-01-10,Apparel,3,$26.51,Pending,Amazon Pay
AMA-O11927,AMA-C5263,08/16/2024,Beauty,3,$88.62,Delivered,UPI
AMA-O9058,AMA-C5181,27-Aug-2025,Home & Kitchen,2,$251.50,Delivered,Debit Card
AMA-O7899,AMA-C6620,24-Nov-2024,Home & Kitchen,5,78.54,Delivered,Credit Card
AMA-O12744,AMA-C5591,03-Feb-2025,Toys,2,59.22,Pending,Credit Card
AMA-O9738,AMA-C10243,27-Feb-2024,Sports & Outdoors,3,137.72,Delivered,Credit Card
AMA-O6827,AMA-C9870,16-Jul-2025,Sports & Outdoors,4,$219.71,Pending,Credit Card
AMA-O10470,AMA-C1812,09/22/2024,Grocery,5,39.87,Delivered,Amazon Pay
AMA-O12233,AMA-C4681,09/27/2025,Beauty,2,48.51,,Credit Card
AMA-O12566,AMA-C10357,20-Mar-2024,Sports & Outdoors,1,$92.52,Returned,Credit Card
AMA-O5036,AMA-C6297,2023-02-19,Toys,5,37.89,Delivered,UPI
AMA-O6898,AMA-C2169,07/30/2025,Books,3,11.28,Delivered,Gift Card
AMA-O9534,AMA-C5354,2023-03-08,Sports & Outdoors,5,26.32,Returned,Credit Card
AMA-O5176,AMA-C3680,2025-05-10,Home & Kitchen,5,110.98,Cancelled,Debit Card
AMA-O13547,AMA-C2358,2024-02-29,Toys,1,32.6,Pending,Amazon Pay
AMA-O5660,AMA-C10688,24-Apr-2024,Sports & Outdoors,2,197.72,Cancelled,Credit Card
AMA-O7381,AMA-C3045,06-Jul-2023,Electronics,2,123.43,Cancelled,UPI
AMA-O9376,AMA-C7844,2025-08-14,Grocery,3,45.37,Cancelled,Credit Card
AMA-O8422,AMA-C10110,02/23/2024,Books,4,33.68,Delivered,Debit Card
AMA-O7215,AMA-C10340,20-Jul-2025,Apparel,4,$48.83,,Amazon Pay
AMA-O14894,AMA-C9569,06/30/2024,Electronics,4,705.83,Shipped,Gift Card
AMA-O14141,AMA-C4601,12-Feb-2023,Toys,2,92.46,Delivered,Debit Card
AMA-O6369,AMA-C4518,2025-08-18,Toys,3,55.74,Delivered,Gift Card
AMA-O7949,AMA-C8512,2025-06-27,Beauty,2,$46.56,Delivered,Debit Card
AMA-O8547,AMA-C9284,08/16/2024,Sports & Outdoors,2,64.3,Pending,Amazon Pay
AMA-O11717,AMA-C7937,18-May-2023,Grocery,4,$58.84,Cancelled,UPI
AMA-O5709,AMA-C5386,14-Nov-2025,Apparel,-3,44.65,Shipped,Amazon Pay
AMA-O9192,AMA-C8391,12/19/2025,Books,2,18.31,,Amazon Pay
AMA-O11694,AMA-C4167,07/26/2025,Apparel,1,$53.76,Delivered,Gift Card
AMA-O6897,AMA-C6384,02/14/2023,Beauty,3,48.1,Shipped,Credit Card
AMA-O11386,AMA-C5142,2025-10-15,Home & Kitchen,5,$186.61,Delivered,Debit Card
AMA-O8655,AMA-C6227,02/10/2024,Home & Kitchen,4,154.81,Delivered,Gift Card
AMA-O5571,AMA-C8400,01/02/2024,Home & Kitchen,2,$61.54,Returned,Debit Card
AMA-O10444,AMA-C1226,2024-10-02,Apparel,3,116.24,Delivered,Debit Card
AMA-O12640,AMA-C8144,2025-09-06,Electronics,5,638.73,Pending,Amazon Pay
AMA-O10579,AMA-C9696,2025-08-01,Electronics,3,135.56,Shipped,UPI
AMA-O8718,AMA-C7239,2025-09-03,Toys,4,80.95,Returned,Amazon Pay
AMA-O11767,AMA-C7893,2023-12-15,Home & Kitchen,3,195.0,Delivered,Credit Card
AMA-O13907,AMA-C10165,05/21/2024,Home & Kitchen,2,287.62,Returned,Debit Card
AMA-O8772,AMA-C2231,06/16/2024,Books,5,$18.20,Delivered,Credit Card
AMA-O7813,AMA-C9519,05/01/2025,Sports & Outdoors,3,146.03,Delivered,Amazon Pay
AMA-O7550,AMA-C8924,20-Nov-2024,Grocery,3,36.16,Delivered,Credit Card
AMA-O6288,AMA-C9651,16-Sep-2025,Beauty,4,19.74,Pending,Credit Card
AMA-O9525,AMA-C2240,12/24/2025,Beauty,4,73.07,Delivered,Debit Card
AMA-O7321,AMA-C2642,2023-05-11,Sports & Outdoors,1,30.37,Delivered,UPI
AMA-O6587,AMA-C1925,2023-12-20,Sports & Outdoors,3,216.89,Shipped,UPI
AMA-O10565,AMA-C6988,2025-01-20,Beauty,3,64.72,Cancelled,Gift Card
AMA-O7771,AMA-C9661,2024-09-05,Home & Kitchen,3,76.66,Delivered,Amazon Pay
AMA-O11357,AMA-C10928,11-May-2024,Electronics,1,178.42,Shipped,UPI
AMA-O6171,AMA-C10787,24-Aug-2023,Apparel,3,94.36,Returned,Amazon Pay
AMA-O5074,AMA-C6788,07/15/2025,Electronics,1,462.38,Returned,UPI
AMA-O7449,AMA-C6089,28-Mar-2023,Apparel,4,101.21,Cancelled,UPI
AMA-O14538,AMA-C6701,2025-10-04,Beauty,4,$82.93,Cancelled,Debit Card
AMA-O5775,AMA-C5110,06-Feb-2025,Sports & Outdoors,4,$247.02,Delivered,Credit Card
AMA-O10880,AMA-C10477,27-Apr-2025,Toys,2,5.86,Shipped,Debit Card
AMA-O7261,AMA-C8662,29-Aug-2024,Beauty,2,$20.57,Shipped,Gift Card
AMA-O7150,AMA-C4705,2024-08-18,Apparel,1,20.59,Pending,Amazon Pay
AMA-O10986,AMA-C2147,01/27/2024,Apparel,3,87.85,Returned,Debit Card
AMA-O12028,AMA-C1102,01-Oct-2024,Apparel,1,78.93,Delivered,UPI
AMA-O11588,AMA-C1662,01/19/2023,Sports & Outdoors,4,162.04,Delivered,UPI
AMA-O9297,AMA-C2395,06/22/2023,Grocery,2,20.15,Shipped,UPI
AMA-O6618,AMA-C2810,23-Dec-2024,Electronics,5,424.22,Pending,Credit Card
AMA-O13369,AMA-C10470,2025-10-27,Beauty,3,17.46,Delivered,Gift Card
AMA-O8835,AMA-C10369,2023-07-28,Grocery,3,31.64,Delivered,Gift Card
AMA-O6998,AMA-C8228,02/04/2023,Electronics,3,741.41,Delivered,Credit Card
AMA-O13254,AMA-C10826,02-Oct-2025,Beauty,2,$12.87,Delivered,Credit Card
AMA-O6519,AMA-C5613,2023-07-08,Home & Kitchen,1,130.96,Delivered,Debit Card
AMA-O6875,AMA-C9616,13-Oct-2024,Electronics,5,129.18,Delivered,Amazon Pay
AMA-O13976,AMA-C4028,06/02/2023,Grocery,5,21.8,Shipped,Amazon Pay
AMA-O14667,AMA-C1906,12-Dec-2024,Books,1,28.74,Delivered,Debit Card
AMA-O7037,AMA-C9676,05-Jul-2024,Sports & Outdoors,2,152.58,,Gift Card
AMA-O5881,AMA-C6177,01/13/2025,Sports & Outdoors,2,$209.35,Pending,Gift Card
AMA-O5623,AMA-C2379,2023-06-03,Electronics,5,$524.88,Delivered,Amazon Pay
AMA-O14830,AMA-C2152,2023-02-07,Books,3,7.01,Delivered,Credit Card
AMA-O12434,AMA-C9020,01/10/2023,Home & Kitchen,2,123.99,,Credit Card
AMA-O14277,AMA-C3326,2025-07-22,Sports & Outdoors,2,169.12,Delivered,Credit Card
AMA-O6445,AMA-C10332,02/21/2023,Grocery,4,9.28,Shipped,Amazon Pay
AMA-O6314,AMA-C4864,2023-06-10,Toys,2,71.44,Delivered,Debit Card
AMA-O8446,AMA-C10075,06/12/2024,Toys,5,77.72,Shipped,Gift Card
AMA-O9420,AMA-C2223,2025-12-19,Beauty,3,56.01,Delivered,UPI
AMA-O14815,AMA-C6940,01/20/2025,Sports & Outdoors,3,74.59,Delivered,Debit Card
AMA-O11710,AMA-C5297,08/19/2023,Beauty,3,63.31,Cancelled,Amazon Pay
AMA-O5754,AMA-C1294,10-May-2023,Sports & Outdoors,5,$25.43,Cancelled,UPI
AMA-O10478,AMA-C9448,2023-06-27,Home & Kitchen,5,271.02,Pending,Credit Card
AMA-O11990,AMA-C7967,2023-12-07,Beauty,2,57.64,Pending,Amazon Pay
AMA-O6112,AMA-C4483,07/10/2025,Grocery,1,$47.51,Delivered,Gift Card
AMA-O12781,AMA-C8593,07/28/2024,Books,-4,10.6,Delivered,Debit Card
AMA-O10216,AMA-C8616,12/21/2024,Books,5,14.13,Shipped,Amazon Pay
AMA-O10098,AMA-C5746,07/27/2024,Electronics,3,192.85,Delivered,Amazon Pay
AMA-O7534,AMA-C5118,10/31/2025,Grocery,3,50.36,Delivered,UPI
AMA-O14875,AMA-C4164,2023-05-18,Home & Kitchen,2,290.8,Shipped,Gift Card
AMA-O10219,AMA-C6338,03-Feb-2025,Apparel,5,$25.75,Returned,UPI
AMA-O5354,AMA-C4748,18-Sep-2024,Electronics,3,$44.13,Delivered,Amazon Pay
AMA-O14071,AMA-C7497,08-Feb-2023,Grocery,5,$29.94,Shipped,Amazon Pay
AMA-O12489,AMA-C3504,07/11/2024,Toys,3,44.68,Delivered,UPI
AMA-O10012,AMA-C2530,14-Sep-2025,Beauty,5,$84.70,Pending,Gift Card
AMA-O5282,AMA-C8006,2023-03-30,Toys,4,$84.35,Shipped,Credit Card
AMA-O6635,AMA-C2109,07/06/2023,Apparel,5,68.46,Cancelled,Gift Card
AMA-O11451,AMA-C3747,01/02/2023,Grocery,5,$6.97,Delivered,Gift Card
AMA-O10903,AMA-C7804,06/28/2025,Sports & Outdoors,3,$85.24,Delivered,Debit Card
AMA-O10870,AMA-C1572,29-Sep-2025,Grocery,3,17.25,Pending,Amazon Pay
AMA-O7047,AMA-C1456,21-Oct-2024,Home & Kitchen,1,185.84,Returned,Gift Card
AMA-O8396,AMA-C1300,28-Jul-2023,Home & Kitchen,2,163.76,Shipped,UPI
AMA-O9986,AMA-C6291,2024-09-25,Apparel,2,45.57,Pending,Amazon Pay
AMA-O6225,AMA-C8667,2025-03-07,Grocery,5,12.7,Pending,Gift Card
AMA-O11415,AMA-C10453,2024-05-26,Toys,1,97.63,Delivered,Debit Card
AMA-O7466,AMA-C9413,31-Aug-2025,Beauty,1,68.31,Pending,UPI
AMA-O14265,AMA-C9377,28-Mar-2025,Grocery,3,47.33,Cancelled,UPI
AMA-O14743,AMA-C7925,20-Nov-2025,Sports & Outdoors,1,164.26,Cancelled,Debit Card
AMA-O12227,AMA-C2528,10/27/2024,Home & Kitchen,5,135.88,Delivered,Amazon Pay
AMA-O12584,AMA-C5885,27-Nov-2023,Apparel,2,118.01,Delivered,Debit Card
AMA-O11510,AMA-C7840,07-Feb-2024,Apparel,4,107.9,Returned,Amazon Pay
AMA-O9064,AMA-C4757,08/31/2024,Sports & Outdoors,5,54.45,Cancelled,UPI
AMA-O11626,AMA-C9999,14-Jul-2024,Sports & Outdoors,1,79.55,Delivered,Gift Card
AMA-O12787,AMA-C3652,03/30/2025,Toys,5,39.7,Delivered,Gift Card
AMA-O8676,AMA-C5205,05-Dec-2025,Beauty,5,8.42,Delivered,Amazon Pay
AMA-O7336,AMA-C9125,08/02/2025,Sports & Outdoors,3,58.44,Delivered,Credit Card
AMA-O6039,AMA-C7808,25-Nov-2023,Home & Kitchen,4,230.0,Delivered,Debit Card
AMA-O10234,AMA-C5695,15-Nov-2023,Toys,4,40.93,Delivered,Credit Card
AMA-O7309,AMA-C1156,12/26/2024,Home & Kitchen,4,$191.12,Delivered,UPI
AMA-O14759,AMA-C5149,02/14/2025,Sports & Outdoors,5,$76.07,Delivered,Amazon Pay
AMA-O14434,AMA-C9466,03/11/2024,Toys,1,61.28,Cancelled,Gift Card
AMA-O5266,AMA-C8178,2024-03-18,Grocery,1,14.04,Delivered,Gift Card
AMA-O11774,AMA-C2121,2025-03-20,Books,2,$8.84,Shipped,UPI
AMA-O6488,AMA-C1961,2025-06-25,Books,1,6.22,Shipped,Debit Card
AMA-O5611,AMA-C1466,03-Oct-2023,Home & Kitchen,1,294.86,Returned,Credit Card
AMA-O10295,AMA-C5418,2024-12-27,Electronics,3,179.23,Delivered,Debit Card
AMA-O11069,AMA-C7737,02-Oct-2023,Sports & Outdoors,1,$205.47,Shipped,UPI
AMA-O8095,AMA-C9970,2025-01-28,Beauty,4,82.99,Delivered,Gift Card
AMA-O11577,AMA-C7383,2024-04-18,Electronics,4,309.61,Delivered,Debit Card
AMA-O9774,AMA-C5784,2023-11-28,Beauty,1,35.15,Pending,Amazon Pay
AMA-O6182,AMA-C8664,10/12/2023,Home & Kitchen,2,181.04,Delivered,UPI
AMA-O9283,AMA-C3168,28-Feb-2023,Grocery,4,46.16,Shipped,UPI
AMA-O9405,AMA-C8111,13-Dec-2025,Apparel,3,40.4,Delivered,Gift Card
AMA-O7016,AMA-C8172,2025-08-16,Grocery,2,$12.13,Returned,Credit Card
AMA-O14464,AMA-C8240,2025-08-14,Beauty,-5,49.23,Returned,Credit Card
AMA-O11424,AMA-C1294,11/04/2024,Grocery,4,56.7,Delivered,UPI
AMA-O6237,AMA-C5945,30-Jun-2023,Home & Kitchen,1,29.8,Cancelled,Debit Card
AMA-O7663,AMA-C9422,2025-11-10,Apparel,5,31.47,Cancelled,Credit Card
AMA-O11801,AMA-C2798,19-Dec-2024,Beauty,3,72.94,Delivered,Debit Card
AMA-O10075,AMA-C6433,03/29/2024,Apparel,2,103.68,Delivered,Gift Card
AMA-O14471,AMA-C5913,08/07/2025,Beauty,5,34.71,Delivered,Debit Card
AMA-O10733,AMA-C7185,07/07/2024,Toys,4,63.71,Delivered,Debit Card
AMA-O7877,AMA-C5995,2024-09-24,Books,4,23.93,Cancelled,Gift Card
AMA-O13337,AMA-C5564,2025-05-11,Home & Kitchen,3,280.78,Delivered,Credit Card
AMA-O14016,AMA-C8555,08/26/2023,Beauty,3,70.23,Returned,Credit Card
AMA-O6215,AMA-C6619,2024-06-03,Books,1,33.39,Delivered,Debit Card
AMA-O7962,AMA-C2745,2024-08-31,Grocery,2,52.71,Shipped,Gift Card
AMA-O5297,AMA-C4767,03-Jul-2023,Grocery,3,10.94,Returned,Amazon Pay
AMA-O10119,AMA-C5895,2023-07-29,Electronics,1,64.42,Delivered,Gift Card
AMA-O13759,AMA-C3594,08/08/2023,Grocery,2,13.97,Delivered,Debit Card
AMA-O6537,AMA-C3034,01/09/2024,Sports & Outdoors,3,134.71,Delivered,Gift Card
AMA-O9321,AMA-C7343,2025-02-09,Books,2,36.1,Returned,Debit Card
AMA-O12909,AMA-C9063,07/20/2025,Beauty,-4,$34.86,Returned,Gift Card
AMA-O6396,AMA-C2635,03/30/2025,Toys,1,29.62,Delivered,Credit Card
AMA-O7616,AMA-C9344,2024-08-17,Grocery,3,12.37,Cancelled,Credit Card
AMA-O7019,AMA-C4228,2024-08-20,Books,4,35.22,Delivered,Amazon Pay
AMA-O12612,AMA-C7029,01-Dec-2024,Apparel,1,$33.89,Delivered,Amazon Pay
AMA-O11737,AMA-C9999,11/23/2024,Home & Kitchen,3,189.49,Cancelled,Credit Card
AMA-O11599,AMA-C9672,24-Feb-2023,Sports & Outdoors,1,176.04,Shipped,Amazon Pay
AMA-O7120,AMA-C8117,2025-08-31,Home & Kitchen,4,174.64,Delivered,Debit Card
AMA-O11870,AMA-C7373,2024-03-07,Sports & Outdoors,2,137.31,Pending,Amazon Pay
AMA-O11959,AMA-C7962,22-Jun-2024,Beauty,3,10.53,Shipped,UPI
AMA-O11352,AMA-C5031,22-Nov-2024,Beauty,5,$47.78,Shipped,Debit Card
AMA-O9031,AMA-C10307,2024-04-21,Beauty,1,50.8,Shipped,UPI
AMA-O8540,AMA-C8612,2024-05-31,Electronics,2,$39.19,Delivered,Gift Card
AMA-O10158,AMA-C5062,09/25/2024,Electronics,4,260.16,Delivered,UPI
AMA-O9896,AMA-C7806,2024-09-23,Books,1,15.26,Delivered,Gift Card
AMA-O9361,AMA-C1174,2024-06-15,Toys,5,59.35,Pending,Gift Card
AMA-O12608,AMA-C2155,25-Sep-2023,Apparel,3,98.65,Pending,Credit Card
AMA-O6714,AMA-C5744,04/20/2023,Home & Kitchen,4,18.64,Delivered,UPI
AMA-O7675,AMA-C7446,09-Sep-2025,Grocery,2,31.67,Returned,UPI
AMA-O13999,AMA-C1407,2024-11-19,Grocery,4,50.69,,Gift Card
AMA-O7581,AMA-C3263,23-Nov-2023,Home & Kitchen,2,169.88,Pending,Gift Card
AMA-O7632,AMA-C9999,18-Sep-2024,Sports & Outdoors,3,$208.81,Returned,UPI
AMA-O11770,AMA-C3521,11-Aug-2024,Apparel,2,10.0,Delivered,Amazon Pay
AMA-O13929,AMA-C10514,15-Sep-2023,Beauty,3,6.1,Delivered,UPI
AMA-O6776,AMA-C5655,22-Nov-2025,Home & Kitchen,3,197.07,Delivered,Gift Card
AMA-O7431,AMA-C1825,2023-06-12,Apparel,4,37.87,Cancelled,Debit Card
AMA-O9237,AMA-C4814,2025-10-04,Grocery,2,48.01,Delivered,Debit Card
AMA-O9885,AMA-C4516,2024-07-24,Beauty,1,$13.48,Delivered,UPI
AMA-O10646,AMA-C8809,10/26/2025,Books,2,20.76,Shipped,Debit Card
AMA-O10336,AMA-C2128,2023-06-25,Home & Kitchen,5,37.75,Delivered,Amazon Pay
AMA-O12351,AMA-C3250,10/29/2023,Apparel,5,$66.77,Delivered,UPI
AMA-O7028,AMA-C10334,01/27/2023,Sports & Outdoors,2,$79.45,Shipped,Gift Card
AMA-O14484,AMA-C6238,2023-04-08,Electronics,3,366.91,Pending,UPI
AMA-O12045,AMA-C5732,2024-01-25,Sports & Outdoors,2,108.46,Delivered,Debit Card
AMA-O11274,AMA-C6663,2024-09-23,Toys,5,$67.97,Delivered,Credit Card
AMA-O13138,AMA-C1605,14-May-2025,Apparel,5,$114.99,Delivered,Debit Card
AMA-O14874,AMA-C3377,04-Oct-2024,Apparel,2,99.02,Returned,Debit Card
AMA-O11346,AMA-C4564,02/29/2024,Grocery,2,22.28,Pending,Gift Card
AMA-O11999,AMA-C3875,2023-09-12,Electronics,1,566.04,Delivered,Debit Card
AMA-O11120,AMA-C3092,25-Nov-2024,Grocery,4,38.61,Delivered,UPI
AMA-O6141,AMA-C6548,09/12/2023,Books,4,27.55,Delivered,Gift Card
AMA-O13120,AMA-C10961,2025-12-13,Sports & Outdoors,3,$95.21,Delivered,Amazon Pay
AMA-O5751,AMA-C4422,2025-01-24,Electronics,4,460.33,Delivered,UPI
AMA-O11040,AMA-C2393,2023-03-20,Grocery,2,55.69,Delivered,Debit Card
AMA-O8560,AMA-C1846,01/23/2025,Electronics,1,46.86,Delivered,Credit Card
AMA-O9618,AMA-C10665,2024-08-16,Grocery,3,22.98,Cancelled,Gift Card
AMA-O5694,AMA-C5586,2025-09-05,Beauty,2,75.09,Cancelled,Gift Card
AMA-O6777,AMA-C6661,06-Jan-2025,Books,4,13.7,Delivered,Debit Card
AMA-O12105,AMA-C5410,07/29/2023,Toys,5,$46.95,Returned,UPI
AMA-O11146,AMA-C7844,2023-11-27,Sports & Outdoors,3,$39.76,Pending,Amazon Pay
AMA-O9210,AMA-C4295,10/31/2024,Beauty,3,15.64,Returned,UPI
AMA-O12054,AMA-C2580,2023-08-21,Beauty,2,86.48,Cancelled,Credit Card
AMA-O7295,AMA-C4118,10-May-2024,Grocery,1,$59.53,Returned,UPI
AMA-O8780,AMA-C9315,2024-08-05,Apparel,2,13.35,Delivered,Credit Card
AMA-O5065,AMA-C3926,23-Mar-2025,Grocery,1,26.65,Cancelled,Credit Card
AMA-O8351,AMA-C1487,03/23/2025,Toys,2,69.44,Shipped,Credit Card
AMA-O10704,AMA-C9139,02/25/2024,Apparel,4,44.3,Delivered,Amazon Pay
AMA-O10609,AMA-C6544,05-Apr-2025,Toys,4,42.89,Delivered,Credit Card
AMA-O7306,AMA-C8433,03/23/2024,Toys,2,6.13,Shipped,Debit Card
AMA-O9092,AMA-C7948,2024-06-17,Beauty,3,80.73,Pending,Amazon Pay
AMA-O6459,AMA-C1410,15-Jan-2023,Home & Kitchen,5,89.38,Delivered,Debit Card
AMA-O5457,AMA-C1443,11/25/2023,Home & Kitchen,3,162.65,Delivered,Debit Card
AMA-O12171,AMA-C5581,05/31/2023,Sports & Outdoors,1,11.67,Pending,Credit Card
AMA-O14856,AMA-C4342,04-Jul-2023,Electronics,4,342.55,Delivered,Amazon Pay
AMA-O9379,AMA-C9089,07/30/2024,Apparel,4,$67.50,Delivered,Credit Card
AMA-O8818,AMA-C3889,28-Jul-2023,Apparel,1,106.4,Returned,Gift Card
AMA-O8412,AMA-C8097,22-Jun-2025,Books,3,$10.37,Pending,Gift Card
AMA-O6817,AMA-C2107,08/24/2025,Grocery,3,44.9,Delivered,Credit Card
AMA-O8485,AMA-C10132,01/07/2024,Sports & Outdoors,5,232.45,Cancelled,UPI
AMA-O10141,AMA-C5322,07/12/2023,Grocery,2,40.86,Returned,UPI
AMA-O13109,AMA-C9370,2025-05-23,Apparel,1,$29.15,Pending,UPI
AMA-O10988,AMA-C8334,2023-06-12,Books,2,7.35,Delivered,Gift Card
AMA-O9853,AMA-C5496,10-Dec-2025,Electronics,5,268.98,Delivered,Amazon Pay
AMA-O9240,AMA-C4352,26-May-2024,Toys,4,23.39,Shipped,UPI
AMA-O7168,AMA-C1971,09/25/2023,Sports & Outdoors,4,195.99,Returned,UPI
AMA-O12196,AMA-C3740,01-Jun-2024,Grocery,3,24.86,Delivered,Debit Card
AMA-O13472,AMA-C6163,11/26/2024,Apparel,1,52.75,Returned,Credit Card
AMA-O12463,AMA-C9711,2024-07-16,Home & Kitchen,5,$225.51,Pending,Credit Card
AMA-O7988,AMA-C4309,07/28/2025,Sports & Outdoors,3,232.71,Shipped,Gift Card
AMA-O7276,AMA-C9472,2023-09-22,Electronics,5,612.66,Returned,Amazon Pay
AMA-O13523,AMA-C7558,07/26/2025,Grocery,2,30.78,Delivered,Amazon Pay
AMA-O5228,AMA-C1928,2024-05-20,Electronics,3,519.69,Returned,Gift Card
AMA-O12905,AMA-C7828,02-May-2023,Home & Kitchen,5,262.84,Pending,Gift Card
AMA-O9150,AMA-C3140,02/27/2025,Books,3,35.17,Cancelled,Amazon Pay
AMA-O6653,AMA-C3778,2024-10-25,Apparel,5,51.28,,Amazon Pay
AMA-O5720,AMA-C2718,04/26/2023,Apparel,4,37.64,Cancelled,Debit Card
AMA-O10198,AMA-C8329,2024-09-25,Grocery,3,5.61,Pending,UPI
AMA-O10102,AMA-C9744,08/07/2025,Toys,2,46.61,Delivered,Debit Card
AMA-O10817,AMA-C7951,05/26/2024,Home & Kitchen,2,254.26,Cancelled,Amazon Pay
AMA-O7902,AMA-C7309,03/09/2023,Apparel,1,78.69,Returned,Debit Card
AMA-O11792,AMA-C5559,2025-11-10,Beauty,5,$75.13,Delivered,Gift Card
AMA-O14427,AMA-C9999,08/10/2025,Grocery,1,$11.08,Returned,Amazon Pay
AMA-O13367,AMA-C3419,24-Apr-2023,Home & Kitchen,1,144.09,Returned,Debit Card
AMA-O8681,AMA-C4443,17-Apr-2023,Grocery,2,31.56,Delivered,UPI
AMA-O11581,AMA-C6230,2023-03-28,Toys,2,88.74,Shipped,UPI
AMA-O9071,AMA-C5729,05/03/2023,Books,3,7.83,Returned,Amazon Pay
AMA-O12462,AMA-C7407,2025-07-19,Books,4,18.09,Shipped,Gift Card
AMA-O6465,AMA-C6789,18-Mar-2023,Apparel,4,58.91,Delivered,Credit Card
AMA-O14613,AMA-C5101,13-Oct-2025,Books,3,29.94,Delivered,Credit Card
AMA-O8865,AMA-C10287,06/12/2025,Electronics,1,432.49,Pending,UPI
AMA-O8487,AMA-C7218,08/28/2024,Electronics,1,520.58,Pending,UPI
AMA-O6943,AMA-C3487,24-Jun-2024,Grocery,4,28.9,Pending,UPI
AMA-O13198,AMA-C8383,09/25/2025,Electronics,2,671.05,Delivered,Gift Card
AMA-O10014,AMA-C8492,17-Feb-2025,Books,5,37.13,Delivered,Gift Card
AMA-O14168,AMA-C6261,13-Feb-2025,Home & Kitchen,5,120.28,Delivered,Credit Card
AMA-O8794,AMA-C5084,04/16/2025,Home & Kitchen,1,44.85,Returned,Debit Card
AMA-O8276,AMA-C4484,2025-11-20,Apparel,4,36.42,Pending,Amazon Pay
AMA-O9408,AMA-C2881,25-May-2025,Electronics,3,627.51,Delivered,Gift Card
AMA-O11533,AMA-C6511,2023-04-15,Toys,2,15.65,Delivered,UPI
AMA-O9963,AMA-C4667,10-Feb-2023,Apparel,3,82.53,Cancelled,Gift Card
AMA-O13285,AMA-C10324,2025-02-03,Toys,1,85.07,Returned,Credit Card
AMA-O5761,AMA-C7186,09/02/2025,Electronics,2,$595.90,Delivered,Gift Card
AMA-O7414,AMA-C10375,2025-05-30,Beauty,5,54.35,Delivered,UPI
AMA-O13517,AMA-C9999,2024-09-16,Toys,2,24.91,Delivered,UPI
AMA-O12358,AMA-C1551,2023-11-10,Apparel,5,97.84,Returned,Credit Card
AMA-O5278,AMA-C1064,07/27/2024,Grocery,1,$44.31,Pending,Debit Card
AMA-O13779,AMA-C5138,25-Jun-2023,Toys,3,$75.63,Delivered,Credit Card
AMA-O12364,AMA-C3557,08/30/2025,Toys,2,87.69,Returned,Amazon Pay
AMA-O13546,AMA-C9999,2023-07-01,Home & Kitchen,2,37.17,Pending,Gift Card
AMA-O8416,AMA-C6588,08/30/2023,Home & Kitchen,-3,82.24,Delivered,Debit Card
AMA-O8286,AMA-C8709,04/26/2025,Home & Kitchen,4,64.74,Delivered,Gift Card
AMA-O5097,AMA-C6327,02-Sep-2024,Grocery,1,33.21,Delivered,UPI
AMA-O8404,AMA-C9621,2023-03-04,Home & Kitchen,5,40.53,Delivered,Credit Card
AMA-O9874,AMA-C8726,27-Oct-2023,Home & Kitchen,5,$153.32,Delivered,UPI
AMA-O5014,AMA-C4375,25-Jun-2023,Electronics,1,51.37,Delivered,Debit Card
AMA-O14549,AMA-C1142,2024-04-27,Toys,2,21.16,Cancelled,Debit Card
AMA-O7112,AMA-C4381,2023-07-03,Toys,4,21.81,Pending,UPI
AMA-O14291,AMA-C2735,03/07/2023,Beauty,4,32.3,Delivered,UPI
AMA-O5012,AMA-C8632,2025-05-17,Toys,3,64.69,Cancelled,UPI
AMA-O13947,AMA-C7057,2023-03-07,Electronics,1,209.08,Delivered,Credit Card
AMA-O13154,AMA-C7948,2025-10-12,Apparel,5,13.48,Delivered,UPI
AMA-O10598,AMA-C6240,30-Sep-2023,Electronics,4,63.2,Cancelled,Amazon Pay
AMA-O10366,AMA-C10970,2025-01-24,Apparel,1,114.96,Delivered,Debit Card
AMA-O9397,AMA-C5490,27-Oct-2024,Sports & Outdoors,3,184.67,Delivered,Credit Card
AMA-O11723,AMA-C4927,10/04/2025,Home & Kitchen,4,288.63,Shipped,Debit Card
AMA-O5305,AMA-C4503,03/15/2023,Electronics,4,382.72,,Amazon Pay
AMA-O5935,AMA-C1419,03/25/2023,Books,5,15.26,Delivered,Gift Card
AMA-O12844,AMA-C9476,10-Nov-2024,Books,3,8.12,Shipped,UPI
AMA-O8454,AMA-C7523,2024-12-12,Electronics,2,755.21,Cancelled,UPI
AMA-O10692,AMA-C1049,25-Apr-2024,Books,2,11.78,Returned,Amazon Pay
AMA-O10578,AMA-C8138,12-Jan-2024,Apparel,3,45.62,Shipped,Amazon Pay
AMA-O8344,AMA-C3498,02-Jan-2025,Sports & Outdoors,1,$100.14,Pending,Credit Card
AMA-O7216,AMA-C5352,2025-07-24,Beauty,5,62.61,,Credit Card
AMA-O7107,AMA-C1311,2024-09-05,Apparel,3,108.46,Shipped,Credit Card
AMA-O12160,AMA-C1189,10/15/2024,Sports & Outdoors,2,74.24,Delivered,Amazon Pay
AMA-O5825,AMA-C3248,03-Apr-2024,Electronics,4,$53.37,Delivered,Amazon Pay
AMA-O5514,AMA-C4800,10/28/2023,Apparel,5,96.44,Delivered,Amazon Pay
AMA-O14176,AMA-C8272,26-Oct-2025,Electronics,3,$761.98,Delivered,Amazon Pay
AMA-O7593,AMA-C7288,14-Jul-2025,Home & Kitchen,5,86.34,Returned,Gift Card
AMA-O14713,AMA-C4219,14-Aug-2023,Beauty,2,$15.49,Delivered,Gift Card
AMA-O9660,AMA-C7589,01/06/2025,Apparel,1,24.09,Delivered,UPI
AMA-O12995,AMA-C1712,11/18/2023,Apparel,1,$25.37,Pending,Gift Card
AMA-O8078,AMA-C5468,08/26/2023,Books,-4,5.02,Returned,Debit Card
AMA-O14206,AMA-C3302,03/03/2025,Books,1,22.68,Delivered,Gift Card
AMA-O11196,AMA-C7791,14-Sep-2024,Toys,2,$79.63,Cancelled,Credit Card
AMA-O13494,AMA-C3483,08/08/2023,Sports & Outdoors,4,173.52,Delivered,Gift Card
AMA-O8280,AMA-C1506,01/31/2025,Electronics,5,16.08,Delivered,Debit Card
AMA-O10757,AMA-C2036,21-Jan-2024,Books,2,12.2,Returned,Amazon Pay
AMA-O13333,AMA-C5011,28-Oct-2023,Toys,1,82.46,Cancelled,Amazon Pay
AMA-O12725,AMA-C5126,2024-03-15,Grocery,4,22.32,Returned,Debit Card
AMA-O13814,AMA-C8914,08/18/2023,Toys,3,$43.14,Cancelled,Amazon Pay
AMA-O13396,AMA-C9597,03/17/2024,Sports & Outdoors,5,$48.35,Shipped,UPI
AMA-O7875,AMA-C2869,09-Sep-2023,Books,4,18.52,Delivered,Debit Card
AMA-O12304,AMA-C6658,08/10/2024,Books,5,$36.80,Pending,Amazon Pay
AMA-O11530,AMA-C5546,10/22/2024,Grocery,3,28.92,Shipped,Debit Card
AMA-O13655,AMA-C3283,02-Nov-2025,Beauty,5,67.79,Delivered,Credit Card
AMA-O13051,AMA-C3272,10/25/2023,Electronics,2,491.56,Pending,Gift Card
AMA-O6627,AMA-C2110,17-Apr-2023,Home & Kitchen,1,$32.34,Delivered,UPI
AMA-O10787,AMA-C2353,17-Jan-2023,Grocery,4,5.29,Delivered,Credit Card
AMA-O6622,AMA-C10770,26-Jul-2024,Beauty,2,49.98,Pending,Credit Card
AMA-O6054,AMA-C8561,2024-08-26,Books,3,37.21,Delivered,UPI
AMA-O12305,AMA-C1762,04-Aug-2024,Electronics,3,109.67,Returned,UPI
AMA-O6019,AMA-C2334,11/22/2025,Apparel,5,70.35,Delivered,UPI
AMA-O10343,AMA-C6861,01-Jul-2023,Grocery,5,17.67,Shipped,UPI
AMA-O6617,AMA-C4953,25-Jul-2023,Grocery,5,9.15,Cancelled,UPI
AMA-O14188,AMA-C9293,05/30/2025,Home & Kitchen,5,$125.90,Shipped,UPI
AMA-O12948,AMA-C4287,2024-09-30,Apparel,1,33.58,Delivered,UPI
AMA-O13581,AMA-C2615,26-Oct-2024,Home & Kitchen,1,259.72,Shipped,Amazon Pay
AMA-O5603,AMA-C1142,13-Aug-2025,Toys,1,95.94,Returned,UPI
AMA-O8732,AMA-C6949,2023-03-23,Apparel,4,34.33,Pending,Debit Card
AMA-O7171,AMA-C6574,16-Nov-2023,Home & Kitchen,4,$248.20,Delivered,Gift Card
AMA-O14078,AMA-C10605,08/30/2025,Books,4,$16.36,Shipped,UPI
AMA-O7002,AMA-C3299,2024-02-14,Books,3,12.42,Returned,Credit Card
AMA-O7166,AMA-C4497,12/14/2025,Apparel,5,$44.40,Pending,Debit Card
AMA-O5455,AMA-C8598,09/26/2023,Home & Kitchen,1,120.49,Shipped,Credit Card
AMA-O8962,AMA-C5033,07/12/2024,Sports & Outdoors,3,173.8,Delivered,Credit Card
AMA-O5848,AMA-C10577,12/07/2024,Books,4,9.12,Delivered,UPI
AMA-O6443,AMA-C3191,06/04/2023,Sports & Outdoors,5,134.82,Cancelled,Credit Card
AMA-O7760,AMA-C9999,2024-01-11,Grocery,3,37.34,Pending,UPI
AMA-O5596,AMA-C9972,2023-09-14,Sports & Outdoors,1,87.87,Delivered,UPI
AMA-O11058,AMA-C4984,2025-07-10,Electronics,1,402.45,Delivered,Debit Card
AMA-O5250,AMA-C10196,06/03/2023,Beauty,3,34.48,Returned,Debit Card
AMA-O6145,AMA-C5058,13-Sep-2024,Toys,2,15.74,Delivered,UPI
AMA-O5633,AMA-C1936,31-Mar-2025,Toys,5,12.35,Cancelled,Amazon Pay
AMA-O7324,AMA-C10614,02/26/2023,Grocery,2,5.13,Delivered,Credit Card
AMA-O13486,AMA-C1320,09-Jan-2024,Home & Kitchen,5,262.25,Shipped,Credit Card
AMA-O13226,AMA-C1330,02/08/2023,Beauty,4,70.63,,Amazon Pay
AMA-O9107,AMA-C9999,09-Aug-2023,Beauty,4,71.91,,UPI
AMA-O13584,AMA-C10479,03/12/2024,Toys,5,69.93,Pending,Debit Card
AMA-O5128,AMA-C3436,02/23/2024,Sports & Outdoors,3,238.67,,Amazon Pay
AMA-O6094,AMA-C10621,12/28/2024,Sports & Outdoors,5,170.07,Delivered,Credit Card
AMA-O10092,AMA-C1817,07/18/2025,Electronics,3,333.11,Delivered,Gift Card
AMA-O7377,AMA-C3465,03/12/2024,Apparel,3,108.62,Delivered,Amazon Pay
AMA-O5552,AMA-C7828,08/13/2025,Books,3,19.21,,Gift Card
AMA-O8464,AMA-C10593,17-Jul-2024,Sports & Outdoors,4,$76.41,Delivered,Amazon Pay
AMA-O5965,AMA-C9740,2024-10-14,Home & Kitchen,1,227.66,Delivered,UPI
AMA-O11806,AMA-C2763,23-Jun-2025,Beauty,5,28.21,Returned,Gift Card
AMA-O9374,AMA-C8590,2023-06-22,Books,2,12.51,Cancelled,Debit Card
AMA-O7596,AMA-C9570,24-Jan-2023,Apparel,5,87.76,Delivered,Debit Card
AMA-O13662,AMA-C8826,2024-11-22,Books,4,31.78,Shipped,Debit Card
AMA-O5814,AMA-C1407,05-May-2023,Electronics,2,113.7,Pending,Debit Card
AMA-O14912,AMA-C4258,05-Aug-2025,Apparel,2,53.81,Delivered,Gift Card
AMA-O8587,AMA-C4948,14-Nov-2024,Home & Kitchen,5,24.68,Shipped,UPI
AMA-O5025,AMA-C3714,2023-05-15,Books,3,5.28,Returned,Amazon Pay
AMA-O13984,AMA-C5257,09-Jan-2023,Sports & Outdoors,2,222.65,Delivered,UPI
AMA-O13078,AMA-C5045,11/02/2023,Apparel,4,38.8,Cancelled,UPI
AMA-O14730,AMA-C9074,23-Feb-2024,Home & Kitchen,3,30.73,Returned,UPI
AMA-O12128,AMA-C10842,29-Oct-2025,Beauty,5,15.84,Delivered,Debit Card
AMA-O9705,AMA-C10880,2024-10-07,Home & Kitchen,3,209.97,Delivered,Gift Card
AMA-O14970,AMA-C9978,11-Jul-2024,Apparel,5,64.1,Delivered,UPI
AMA-O14053,AMA-C5652,12-Jul-2024,Electronics,2,500.78,Shipped,Debit Card
AMA-O12170,AMA-C2918,09/07/2023,Books,3,27.3,Shipped,UPI
AMA-O11902,AMA-C7276,2025-06-01,Home & Kitchen,5,$193.93,Cancelled,Amazon Pay
AMA-O5539,AMA-C10267,03/09/2023,Electronics,3,$750.14,Delivered,Gift Card
AMA-O13038,AMA-C3902,2025-09-23,Sports & Outdoors,3,239.04,Delivered,Credit Card
AMA-O12442,AMA-C9869,2023-01-14,Grocery,4,14.11,Pending,Credit Card
AMA-O14650,AMA-C8628,17-Jan-2023,Grocery,1,$11.52,Delivered,Amazon Pay
AMA-O7409,AMA-C4295,2023-01-18,Apparel,4,60.58,Returned,Gift Card
AMA-O10157,AMA-C3049,08/23/2023,Home & Kitchen,1,127.68,Returned,Gift Card
AMA-O10506,AMA-C6511,2024-11-29,Grocery,2,59.8,Pending,Credit Card
AMA-O11443,AMA-C8055,30-Jun-2023,Home & Kitchen,1,293.25,Delivered,Credit Card
AMA-O7268,AMA-C1617,12-May-2024,Apparel,2,118.75,Pending,Debit Card
AMA-O13509,AMA-C7023,2023-06-01,Books,2,8.4,Pending,UPI
AMA-O9658,AMA-C2156,2024-03-09,Sports & Outdoors,3,177.2,Pending,Amazon Pay
AMA-O11763,AMA-C3843,04/15/2023,Electronics,5,96.49,Cancelled,UPI
AMA-O11328,AMA-C5528,2024-03-05,Home & Kitchen,4,228.33,Delivered,Gift Card
AMA-O5346,AMA-C1129,07-Dec-2025,Grocery,3,26.98,Delivered,Debit Card
AMA-O10186,AMA-C8395,2025-03-04,Electronics,3,$746.35,Returned,Gift Card
AMA-O12456,AMA-C3150,2024-06-03,Electronics,-5,398.91,Shipped,UPI
AMA-O10036,AMA-C4824,12/26/2024,Toys,3,98.69,Returned,UPI
AMA-O5247,AMA-C4737,12-May-2025,Grocery,1,31.05,,UPI
AMA-O11095,AMA-C1177,06/04/2024,Apparel,1,69.94,Delivered,Debit Card
AMA-O13110,AMA-C9999,08/22/2023,Apparel,4,50.43,Cancelled,Amazon Pay
AMA-O5770,AMA-C4394,13-Apr-2025,Electronics,5,56.47,Shipped,Credit Card
AMA-O12896,AMA-C5021,2025-05-26,Apparel,-2,78.46,Shipped,UPI
AMA-O5119,AMA-C7112,16-Oct-2024,Sports & Outdoors,1,106.79,Delivered,Gift Card
AMA-O11099,AMA-C4087,2024-08-24,Books,1,18.21,Shipped,Debit Card
AMA-O13381,AMA-C10474,22-Jun-2024,Grocery,5,7.97,Delivered,Debit Card
AMA-O14511,AMA-C5098,06-Feb-2024,Sports & Outdoors,5,22.3,Delivered,Debit Card
AMA-O11315,AMA-C5370,11/11/2023,Home & Kitchen,5,104.7,Delivered,Gift Card
AMA-O6076,AMA-C6679,07-May-2023,Electronics,2,518.75,Returned,Debit Card
AMA-O8817,AMA-C7885,2023-03-10,Grocery,3,$3.38,Returned,Amazon Pay
AMA-O8989,AMA-C8233,01/27/2024,Grocery,1,$32.83,Shipped,Amazon Pay
AMA-O5967,AMA-C6822,2024-03-29,Sports & Outdoors,3,63.76,Pending,Credit Card
AMA-O9512,AMA-C2885,03/24/2025,Sports & Outdoors,1,$70.37,Cancelled,Gift Card
AMA-O13278,AMA-C3330,24-Jan-2025,Electronics,4,557.95,Pending,Credit Card
AMA-O9500,AMA-C9222,07/09/2023,Books,1,$34.29,Delivered,UPI
AMA-O8877,AMA-C3671,01/19/2023,Electronics,5,$148.61,Delivered,Gift Card
AMA-O5846,AMA-C3878,16-Sep-2024,Beauty,1,37.07,Pending,UPI
AMA-O14254,AMA-C4474,12/13/2023,Grocery,1,$24.06,Shipped,Amazon Pay
AMA-O8752,AMA-C6890,2023-06-24,Sports & Outdoors,5,16.35,Shipped,UPI
AMA-O13829,AMA-C5813,05-Jun-2025,Toys,5,$54.38,Shipped,Gift Card
AMA-O13885,AMA-C3743,2023-03-17,Grocery,2,59.74,Delivered,Gift Card
AMA-O9823,AMA-C10596,2024-05-05,Beauty,5,53.69,Returned,UPI
AMA-O7073,AMA-C6633,02/23/2025,Electronics,2,520.28,Returned,Gift Card
AMA-O9495,AMA-C4323,2024-10-26,Sports & Outdoors,2,68.61,Pending,Gift Card
AMA-O12954,AMA-C4888,28-Jun-2025,Beauty,2,15.52,Pending,UPI
AMA-O12767,AMA-C4166,31-Mar-2023,Electronics,4,354.44,Delivered,Credit Card
AMA-O11554,AMA-C6751,13-Oct-2024,Electronics,5,352.69,Pending,Debit Card
AMA-O11762,AMA-C6438,09/07/2024,Grocery,5,56.52,Shipped,Credit Card
AMA-O13643,AMA-C4759,16-Sep-2025,Grocery,-3,5.19,Returned,Gift Card
AMA-O6708,AMA-C5550,08/24/2023,Grocery,5,42.59,Delivered,Gift Card
AMA-O7719,AMA-C8629,28-Feb-2024,Beauty,1,59.68,Shipped,Gift Card
AMA-O13516,AMA-C10261,20-Jul-2023,Beauty,2,$51.97,Delivered,Credit Card
AMA-O8581,AMA-C7809,2025-04-12,Toys,4,46.31,Shipped,Credit Card
AMA-O5739,AMA-C8354,06-Feb-2024,Grocery,3,29.8,Pending,Gift Card
AMA-O10368,AMA-C9649,14-Oct-2023,Apparel,4,20.29,Delivered,UPI
AMA-O9391,AMA-C2610,03/31/2025,Toys,2,13.96,,UPI
AMA-O8512,AMA-C1744,12/31/2024,Apparel,4,71.44,Pending,UPI
AMA-O13316,AMA-C1972,08/05/2024,Grocery,4,12.52,Returned,Credit Card
AMA-O12548,AMA-C9103,03/28/2023,Apparel,3,86.41,Delivered,Gift Card
AMA-O10312,AMA-C1904,2025-11-21,Apparel,5,107.47,Pending,Debit Card
AMA-O7217,AMA-C8996,28-Mar-2025,Grocery,4,54.79,Shipped,Gift Card
AMA-O7181,AMA-C6870,2025-03-25,Apparel,4,27.56,Delivered,Gift Card
AMA-O9487,AMA-C10853,10/09/2023,Books,1,28.14,Shipped,Debit Card
AMA-O10256,AMA-C2228,2023-03-02,Grocery,1,7.21,Delivered,Credit Card
AMA-O12031,AMA-C1312,2025-02-21,Home & Kitchen,5,130.3,Delivered,Debit Card
AMA-O13513,AMA-C2651,23-Sep-2025,Electronics,3,692.84,Delivered,Gift Card
AMA-O7645,AMA-C10845,2024-08-21,Toys,3,83.08,Returned,Gift Card
AMA-O14897,AMA-C7778,2025-08-15,Apparel,3,40.1,Shipped,Debit Card
AMA-O5060,AMA-C6049,23-Jul-2024,Toys,2,$77.74,Cancelled,Gift Card
AMA-O12250,AMA-C5629,09/27/2023,Apparel,4,45.45,Delivered,Credit Card
AMA-O13260,AMA-C2467,10/12/2024,Home & Kitchen,3,52.75,Cancelled,Debit Card
AMA-O5367,AMA-C8882,09/03/2024,Books,5,15.54,Delivered,Amazon Pay
AMA-O13805,AMA-C10964,12/28/2023,Books,2,37.54,Returned,Amazon Pay
AMA-O5472,AMA-C3621,29-Apr-2023,Sports & Outdoors,5,46.24,Cancelled,Debit Card
AMA-O12525,AMA-C9671,11/04/2025,Home & Kitchen,1,$116.96,Delivered,Gift Card
AMA-O12839,AMA-C6183,27-Oct-2024,Toys,2,18.19,Delivered,UPI
AMA-O14170,AMA-C9428,02/19/2024,Sports & Outdoors,1,247.54,Pending,Amazon Pay
AMA-O8246,AMA-C10125,17-May-2024,Beauty,4,$7.59,Shipped,Debit Card
AMA-O5088,AMA-C2134,08/22/2023,Beauty,2,14.26,Returned,Amazon Pay
AMA-O14109,AMA-C5314,2023-07-15,Beauty,5,15.4,Delivered,Debit Card
AMA-O13960,AMA-C6180,08/10/2024,Grocery,2,41.71,Shipped,UPI
AMA-O11749,AMA-C2873,03/02/2025,Electronics,2,573.81,Delivered,Gift Card
AMA-O14705,AMA-C10869,09/15/2023,Home & Kitchen,5,275.11,Delivered,Debit Card
AMA-O12293,AMA-C2020,10/16/2023,Apparel,3,76.82,Pending,Gift Card
AMA-O12854,AMA-C9524,04-Mar-2024,Electronics,4,$116.89,,Credit Card
AMA-O13128,AMA-C9671,2023-01-24,Grocery,3,40.82,Cancelled,UPI
AMA-O6642,AMA-C3765,2025-06-21,Electronics,4,$426.02,Delivered,Amazon Pay
AMA-O10878,AMA-C6704,04/01/2024,Home & Kitchen,5,$265.89,Pending,UPI
AMA-O5084,AMA-C10848,02-Oct-2024,Apparel,3,43.65,Delivered,Credit Card
AMA-O10698,AMA-C1153,12/10/2025,Sports & Outdoors,4,232.09,Shipped,UPI
AMA-O11006,AMA-C6341,24-Apr-2025,Toys,5,$70.41,Pending,Debit Card
AMA-O13908,AMA-C8982,2025-11-14,Electronics,2,540.08,Returned,UPI
AMA-O5459,AMA-C9303,02/13/2023,Books,1,29.24,Delivered,Amazon Pay
AMA-O9185,AMA-C9058,2025-12-03,Grocery,1,29.55,Cancelled,UPI
AMA-O13101,AMA-C2388,12/14/2024,Apparel,1,32.9,Returned,Amazon Pay
AMA-O11363,AMA-C4545,2023-02-27,Grocery,1,13.5,Shipped,Amazon Pay
AMA-O8310,AMA-C6918,03/10/2023,Beauty,1,$70.14,Shipped,Credit Card
AMA-O8879,AMA-C3787,02/13/2024,Toys,1,53.74,Delivered,Credit Card
AMA-O14714,AMA-C2653,10/16/2025,Grocery,5,10.22,Returned,UPI
AMA-O13220,AMA-C1118,19-Sep-2024,Books,5,8.41,Delivered,UPI
AMA-O7393,AMA-C9999,22-Jan-2024,Grocery,5,23.02,Delivered,Credit Card
AMA-O7571,AMA-C8277,07-Mar-2025,Grocery,3,$18.88,Returned,Gift Card
AMA-O11258,AMA-C10924,2024-12-07,Grocery,2,8.95,Delivered,Amazon Pay
AMA-O6954,AMA-C2578,2025-05-07,Apparel,5,77.11,Shipped,Debit Card
AMA-O12273,AMA-C9726,05-Jun-2023,Apparel,5,80.38,Cancelled,UPI
AMA-O8640,AMA-C9074,01-Nov-2025,Apparel,3,83.08,Returned,Debit Card
AMA-O5480,AMA-C9672,01/15/2024,Apparel,5,78.09,Shipped,UPI
AMA-O8839,AMA-C3530,08-Dec-2023,Beauty,2,24.77,Delivered,Credit Card
AMA-O10790,AMA-C3641,06/26/2023,Books,4,6.91,Delivered,Debit Card
AMA-O10452,AMA-C1029,09/22/2024,Beauty,4,64.15,Shipped,Gift Card
AMA-O10792,AMA-C3132,2024-10-09,Grocery,2,54.13,Cancelled,Credit Card
AMA-O7203,AMA-C5908,20-Oct-2024,Sports & Outdoors,4,187.95,Delivered,Credit Card
AMA-O5285,AMA-C3795,10/24/2025,Beauty,3,$83.51,Delivered,Debit Card
AMA-O13867,AMA-C4595,08-Jul-2023,Books,4,10.12,Shipped,Gift Card
AMA-O6262,AMA-C10165,2025-10-03,Grocery,4,$19.37,Returned,Amazon Pay
AMA-O6151,AMA-C2853,06/24/2024,Toys,1,69.4,,Gift Card
AMA-O10434,AMA-C10878,2024-03-04,Grocery,4,22.39,Shipped,Credit Card
AMA-O8736,AMA-C1530,08/23/2024,Apparel,3,$118.74,Returned,Credit Card
AMA-O13145,AMA-C8858,08-Oct-2024,Books,2,$20.78,Pending,Credit Card
AMA-O10499,AMA-C9303,27-Jun-2025,Electronics,1,$743.38,Shipped,UPI
AMA-O6268,AMA-C8697,08/26/2024,Electronics,2,448.71,Delivered,Debit Card
AMA-O11369,AMA-C3294,2025-12-06,Electronics,2,775.4,Shipped,Credit Card
AMA-O10526,AMA-C10180,08/30/2023,Electronics,3,$156.21,Returned,Debit Card
AMA-O14344,AMA-C2584,01-Dec-2025,Electronics,2,92.61,Delivered,Debit Card
AMA-O13412,AMA-C2609,15-Jul-2025,Electronics,5,23.15,Delivered,Credit Card
AMA-O12721,AMA-C4509,27-Oct-2023,Grocery,5,32.36,Delivered,UPI
AMA-O7934,AMA-C8486,03/01/2025,Electronics,4,66.44,Cancelled,Gift Card
AMA-O6758,AMA-C4471,2024-02-02,Apparel,1,79.8,Delivered,UPI
AMA-O9702,AMA-C4625,02/17/2024,Grocery,1,39.38,Delivered,Debit Card
AMA-O10356,AMA-C9091,08-Jul-2023,Toys,2,33.29,Delivered,Gift Card
AMA-O7270,AMA-C7691,09/05/2024,Sports & Outdoors,3,151.6,Cancelled,Debit Card
AMA-O8932,AMA-C10357,2024-11-03,Grocery,1,$14.39,Pending,Gift Card
AMA-O11491,AMA-C10533,24-Oct-2023,Toys,1,57.9,Shipped,Amazon Pay
AMA-O9934,AMA-C7406,23-Jun-2023,Grocery,2,20.87,Cancelled,Amazon Pay
AMA-O10780,AMA-C8453,14-Aug-2025,Beauty,1,33.13,Pending,Gift Card
AMA-O8260,AMA-C6034,22-Sep-2025,Sports & Outdoors,2,210.62,Delivered,Amazon Pay
AMA-O14331,AMA-C4406,2025-02-04,Grocery,3,$21.89,Shipped,Credit Card
AMA-O7481,AMA-C2208,08-Nov-2023,Beauty,2,86.93,Delivered,Amazon Pay
AMA-O11280,AMA-C9394,05/22/2025,Sports & Outdoors,3,34.75,Delivered,UPI
AMA-O12789,AMA-C8846,24-Jun-2023,Sports & Outdoors,4,97.7,Delivered,Amazon Pay
AMA-O13622,AMA-C8460,2025-09-24,Electronics,4,382.52,Pending,Amazon Pay
AMA-O8514,AMA-C3579,08-Sep-2025,Grocery,4,51.92,Shipped,Amazon Pay
AMA-O11105,AMA-C10797,28-May-2023,Toys,5,$87.79,Shipped,Amazon Pay
AMA-O6917,AMA-C5940,06/13/2024,Books,5,$10.73,Delivered,UPI
AMA-O6787,AMA-C10273,13-Nov-2023,Toys,3,8.31,Cancelled,Amazon Pay
AMA-O5888,AMA-C8585,2024-12-19,Books,4,34.53,Delivered,UPI
AMA-O13243,AMA-C8285,2025-12-24,Toys,3,7.32,Delivered,Gift Card
AMA-O9178,AMA-C6521,2025-11-02,Grocery,1,$37.99,Returned,Gift Card
AMA-O10709,AMA-C10432,22-Jun-2023,Home & Kitchen,2,54.81,Shipped,Amazon Pay
AMA-O9386,AMA-C4811,09/10/2023,Home & Kitchen,2,66.13,Delivered,Debit Card
AMA-O10438,AMA-C3285,28-Oct-2025,Books,3,$17.31,Pending,UPI
AMA-O5724,AMA-C1374,18-Dec-2023,Toys,5,$54.65,Delivered,Credit Card
AMA-O8173,AMA-C7003,10/08/2023,Toys,4,$30.98,Delivered,UPI
AMA-O11709,AMA-C1544,07-Dec-2024,Sports & Outdoors,3,165.09,Returned,Amazon Pay
AMA-O11139,AMA-C9527,2025-05-28,Toys,2,70.31,Pending,UPI
AMA-O11654,AMA-C10890,2023-06-26,Apparel,1,$40.80,Shipped,Credit Card
AMA-O8711,AMA-C5454,2024-05-02,Grocery,4,31.67,Shipped,Gift Card
AMA-O6047,AMA-C3986,07/20/2024,Beauty,-3,$68.44,Delivered,Amazon Pay
AMA-O11988,AMA-C6960,2023-01-15,Sports & Outdoors,3,237.58,Delivered,Debit Card
AMA-O11632,AMA-C7575,2023-04-23,Toys,2,83.95,Cancelled,Amazon Pay
AMA-O8281,AMA-C2047,2025-03-28,Apparel,1,33.72,Delivered,Amazon Pay
AMA-O5008,AMA-C9291,04/17/2023,Apparel,-3,55.69,Shipped,Amazon Pay
AMA-O13088,AMA-C1185,11/03/2023,Apparel,2,63.72,Returned,Credit Card
AMA-O11969,AMA-C8776,01/18/2025,Sports & Outdoors,3,90.53,Delivered,Amazon Pay
AMA-O7562,AMA-C2787,05/15/2024,Beauty,1,$6.46,Cancelled,Amazon Pay
AMA-O7697,AMA-C4918,06-Jul-2023,Home & Kitchen,4,145.42,Returned,Gift Card
AMA-O12979,AMA-C9719,2024-10-05,Books,2,37.4,Delivered,Gift Card
AMA-O9711,AMA-C2251,2023-05-19,Sports & Outdoors,2,$36.67,Delivered,Debit Card
AMA-O7135,AMA-C3600,23-Dec-2023,Home & Kitchen,5,225.12,Cancelled,UPI
AMA-O8511,AMA-C5055,01/20/2023,Grocery,5,10.79,,Credit Card
AMA-O6736,AMA-C2998,12/21/2025,Grocery,5,32.19,Cancelled,UPI
AMA-O14413,AMA-C3203,19-Jul-2025,Home & Kitchen,2,12.95,Shipped,Credit Card
AMA-O5186,AMA-C8289,2025-08-03,Apparel,2,42.97,Delivered,Gift Card
AMA-O13143,AMA-C8009,11/10/2024,Grocery,1,39.0,Shipped,Credit Card
AMA-O6279,AMA-C6388,10/14/2025,Home & Kitchen,3,277.01,Delivered,Amazon Pay
AMA-O12874,AMA-C9161,23-Feb-2025,Beauty,4,$63.12,Delivered,UPI
AMA-O11980,AMA-C6521,05/27/2023,Toys,1,15.4,Delivered,UPI
AMA-O9612,AMA-C8741,04-Dec-2025,Toys,-1,48.16,Delivered,Amazon Pay
AMA-O12097,AMA-C10197,10/21/2024,Home & Kitchen,4,211.14,Pending,Gift Card
AMA-O13803,AMA-C5998,04/29/2025,Sports & Outdoors,1,178.7,Returned,Amazon Pay
AMA-O13237,AMA-C7525,08-Aug-2025,Beauty,3,26.69,Delivered,Gift Card
AMA-O13780,AMA-C1987,12/18/2024,Electronics,4,697.69,Pending,Amazon Pay
AMA-O13266,AMA-C8111,05/19/2025,Books,3,18.58,Delivered,Debit Card
AMA-O5924,AMA-C3745,12-Jan-2024,Books,1,$20.62,Pending,Debit Card
AMA-O8012,AMA-C1500,13-Mar-2024,Sports & Outdoors,1,35.0,Returned,Amazon Pay
AMA-O6228,AMA-C2934,27-Mar-2023,Home & Kitchen,2,25.82,Delivered,Credit Card
AMA-O13420,AMA-C1351,2025-03-25,Beauty,1,52.51,Cancelled,Amazon Pay
AMA-O12722,AMA-C4226,2024-04-16,Electronics,4,768.16,Cancelled,UPI
AMA-O10321,AMA-C8526,31-May-2023,Toys,1,20.54,Delivered,UPI
AMA-O10431,AMA-C4203,2025-02-27,Home & Kitchen,1,57.01,Shipped,UPI
AMA-O6336,AMA-C7575,01-Mar-2024,Apparel,3,23.09,Cancelled,UPI
AMA-O13200,AMA-C8168,17-May-2023,Toys,1,27.64,Shipped,Amazon Pay
AMA-O13881,AMA-C6246,01/10/2024,Electronics,2,141.44,Delivered,UPI
AMA-O11184,AMA-C8519,23-Mar-2024,Beauty,2,50.0,Delivered,Debit Card
AMA-O14558,AMA-C2541,05/28/2024,Apparel,5,$34.50,Delivered,Debit Card
AMA-O8754,AMA-C2741,2024-05-30,Beauty,5,26.17,Cancelled,Debit Card
AMA-O6350,AMA-C5721,10-Mar-2023,Electronics,1,$346.39,Pending,Debit Card
AMA-O6142,AMA-C9523,2025-03-03,Grocery,2,52.58,Delivered,Amazon Pay
AMA-O5892,AMA-C10050,10-Oct-2024,Toys,2,$68.46,Delivered,UPI
AMA-O11586,AMA-C5603,04/12/2023,Apparel,4,84.99,Cancelled,UPI
AMA-O14177,AMA-C4000,2024-12-11,Grocery,3,26.47,Shipped,Debit Card
AMA-O13699,AMA-C2881,2025-09-08,Books,5,10.78,Delivered,Amazon Pay
AMA-O9188,AMA-C7522,2025-02-19,Electronics,3,218.77,Delivered,Debit Card
AMA-O14398,AMA-C10663,11-Aug-2024,Electronics,1,248.64,Cancelled,Credit Card
AMA-O10060,AMA-C5583,2023-02-01,Toys,5,17.63,Delivered,Amazon Pay
AMA-O7850,AMA-C2650,2024-12-09,Apparel,1,119.68,Shipped,UPI
AMA-O7064,AMA-C1602,27-Mar-2023,Apparel,3,63.72,Pending,Gift Card
AMA-O11345,AMA-C6070,2023-06-20,Beauty,5,78.94,Shipped,UPI
AMA-O8247,AMA-C7286,02/15/2024,Grocery,4,$28.56,Delivered,Amazon Pay
AMA-O9413,AMA-C2684,04/03/2023,Home & Kitchen,3,174.59,Delivered,Amazon Pay
AMA-O9656,AMA-C8303,08-Feb-2023,Sports & Outdoors,3,22.29,Returned,Debit Card
AMA-O5445,AMA-C1198,03/30/2024,Sports & Outdoors,1,$93.28,Pending,Debit Card
AMA-O6514,AMA-C2265,06/14/2024,Home & Kitchen,1,284.58,Delivered,Amazon Pay
AMA-O14724,AMA-C2585,04-Nov-2025,Sports & Outdoors,5,194.19,Returned,Debit Card
AMA-O8079,AMA-C3035,2025-02-15,Home & Kitchen,2,195.3,Cancelled,Debit Card
AMA-O13225,AMA-C1352,09-Oct-2023,Electronics,4,662.89,,UPI
AMA-O9220,AMA-C5615,16-Jul-2025,Grocery,5,3.27,Delivered,Debit Card
AMA-O9634,AMA-C4967,01-Aug-2024,Sports & Outdoors,3,45.81,Delivered,Gift Card
AMA-O8947,AMA-C3559,11/23/2023,Books,3,35.11,Delivered,Debit Card
AMA-O9523,AMA-C3490,01-Aug-2025,Sports & Outdoors,1,145.01,Shipped,Credit Card
AMA-O12943,AMA-C10753,25-May-2024,Sports & Outdoors,4,28.82,Returned,Credit Card
AMA-O11693,AMA-C9613,03/14/2025,Toys,3,28.18,Returned,Credit Card
AMA-O8312,AMA-C7303,01/10/2025,Toys,4,63.26,,Credit Card
AMA-O13230,AMA-C10523,06/28/2025,Grocery,3,33.29,Delivered,UPI
AMA-O13866,AMA-C1475,06-May-2025,Grocery,3,28.29,Cancelled,Credit Card
AMA-O8398,AMA-C7768,11-Aug-2024,Grocery,4,$52.17,Pending,UPI
AMA-O8424,AMA-C10057,21-Dec-2024,Grocery,5,53.12,Shipped,UPI
AMA-O9724,AMA-C7924,06-Aug-2023,Sports & Outdoors,2,62.69,Shipped,Credit Card
AMA-O8837,AMA-C10030,04/14/2025,Electronics,5,$317.27,Delivered,UPI
AMA-O11023,AMA-C5700,04/21/2024,Books,2,$8.07,Delivered,Credit Card
AMA-O13563,AMA-C9896,21-Apr-2023,Toys,2,75.61,Delivered,UPI
AMA-O11968,AMA-C2005,11-Dec-2024,Toys,4,$96.55,Delivered,Credit Card
AMA-O11400,AMA-C3183,2025-07-30,Beauty,3,40.1,Delivered,UPI
AMA-O7133,AMA-C10986,03/03/2025,Toys,3,73.62,Shipped,Credit Card
AMA-O12240,AMA-C5683,05/28/2023,Home & Kitchen,1,54.01,Cancelled,Amazon Pay
AMA-O5038,AMA-C5104,2023-05-07,Home & Kitchen,1,107.55,Delivered,UPI
AMA-O8915,AMA-C4180,24-Sep-2025,Grocery,1,31.41,Shipped,Gift Card
AMA-O11059,AMA-C1385,27-Oct-2023,Books,4,$27.38,Shipped,UPI
AMA-O8697,AMA-C6768,12/08/2023,Toys,2,27.46,Delivered,Credit Card
AMA-O12679,AMA-C6402,2023-02-21,Books,1,16.6,Cancelled,Credit Card
AMA-O9035,AMA-C9011,2025-07-20,Home & Kitchen,2,230.66,Pending,Gift Card
AMA-O6227,AMA-C8460,2025-02-26,Home & Kitchen,4,268.15,Delivered,Debit Card
AMA-O10301,AMA-C6938,10/04/2023,Electronics,5,609.32,Delivered,UPI
AMA-O13228,AMA-C9581,09/18/2025,Apparel,5,82.38,Delivered,Gift Card
AMA-O10044,AMA-C3839,15-Nov-2025,Toys,4,15.62,Returned,Amazon Pay
AMA-O10944,AMA-C2201,12/10/2023,Grocery,5,59.96,Returned,Gift Card
AMA-O12938,AMA-C8364,2024-12-23,Toys,1,$37.49,Delivered,Gift Card
AMA-O6135,AMA-C10486,2023-08-16,Home & Kitchen,4,105.58,Delivered,Debit Card
AMA-O12986,AMA-C6856,11/17/2024,Beauty,3,25.16,Delivered,Amazon Pay
AMA-O14437,AMA-C1224,06/16/2023,Sports & Outdoors,1,$153.63,Delivered,Gift Card
AMA-O13983,AMA-C8521,01-Apr-2023,Electronics,2,777.3,Cancelled,Credit Card
AMA-O7759,AMA-C8749,09/11/2025,Toys,3,81.79,Pending,Amazon Pay
AMA-O10644,AMA-C7310,2024-06-09,Books,1,13.72,Delivered,Gift Card
AMA-O7106,AMA-C2266,2025-08-27,Home & Kitchen,3,86.36,Delivered,Debit Card
AMA-O6132,AMA-C10421,04/06/2023,Books,3,29.95,Delivered,UPI
AMA-O10603,AMA-C2957,2024-10-08,Grocery,2,39.37,Pending,Amazon Pay
AMA-O5304,AMA-C4756,13-Feb-2024,Electronics,1,$784.64,Delivered,Credit Card
AMA-O9083,AMA-C1097,10/20/2025,Grocery,2,$38.61,,Debit Card
AMA-O9683,AMA-C1061,24-Mar-2023,Toys,4,84.48,Shipped,Credit Card
AMA-O6978,AMA-C3140,07-Jan-2024,Electronics,1,742.67,Delivered,Credit Card
AMA-O10110,AMA-C5011,11/03/2023,Beauty,4,5.08,Cancelled,Gift Card
AMA-O12165,AMA-C4902,14-Feb-2024,Grocery,2,21.78,Cancelled,UPI
AMA-O10982,AMA-C3902,10/10/2024,Apparel,5,$105.91,Returned,Debit Card
AMA-O12759,AMA-C9927,2023-09-29,Home & Kitchen,3,239.36,Shipped,UPI
AMA-O9435,AMA-C1183,09-Jun-2024,Apparel,3,$104.03,Returned,Credit Card
AMA-O13221,AMA-C8200,03/12/2025,Toys,1,63.32,Pending,UPI
AMA-O12981,AMA-C9560,03/07/2025,Toys,4,41.27,Delivered,Amazon Pay
AMA-O12674,AMA-C2433,10/20/2023,Grocery,1,$4.45,Delivered,Debit Card
AMA-O14780,AMA-C3412,05-Jul-2024,Apparel,3,37.54,Delivered,Debit Card
AMA-O7590,AMA-C7613,19-Oct-2023,Books,3,27.76,Delivered,Credit Card
AMA-O14392,AMA-C10211,2025-11-10,Apparel,2,20.21,Returned,Gift Card
AMA-O12850,AMA-C7253,17-Apr-2023,Sports & Outdoors,1,195.87,Returned,UPI
AMA-O9004,AMA-C5404,10/17/2023,Beauty,5,48.48,Delivered,Gift Card
AMA-O10867,AMA-C4214,06-Dec-2024,Toys,1,43.33,,Debit Card
AMA-O11141,AMA-C10578,08/28/2023,Sports & Outdoors,2,192.72,Shipped,UPI
AMA-O13850,AMA-C7762,2025-11-20,Books,2,28.96,Delivered,UPI
AMA-O13007,AMA-C2380,07-Dec-2024,Home & Kitchen,1,$92.33,Delivered,Credit Card
AMA-O11421,AMA-C5547,16-Jun-2025,Books,2,5.94,Cancelled,Gift Card
AMA-O14125,AMA-C6174,12-Aug-2024,Electronics,4,$187.98,Returned,Amazon Pay
AMA-O10782,AMA-C1519,15-Apr-2024,Books,2,6.23,Delivered,UPI
AMA-O5485,AMA-C5582,2025-12-11,Electronics,3,16.0,Returned,Debit Card
AMA-O14373,AMA-C7036,08-Apr-2025,Books,1,34.77,Delivered,UPI
AMA-O7522,AMA-C7196,24-Dec-2024,Books,5,8.3,Delivered,UPI
AMA-O10043,AMA-C3355,17-Aug-2024,Toys,3,99.75,Returned,UPI
AMA-O6198,AMA-C9874,02-Dec-2023,Toys,2,54.87,Cancelled,Amazon Pay
AMA-O5529,AMA-C1638,2025-11-07,Grocery,-3,38.44,Shipped,UPI
AMA-O13183,AMA-C6087,30-Sep-2023,Toys,5,79.09,Delivered,Amazon Pay
AMA-O6973,AMA-C1737,2023-08-12,Apparel,3,102.47,Cancelled,Credit Card
AMA-O9882,AMA-C6582,15-Dec-2024,Home & Kitchen,2,77.73,Cancelled,UPI
AMA-O7187,AMA-C10548,12/16/2025,Electronics,3,$726.26,Delivered,Credit Card
AMA-O5653,AMA-C1620,28-Mar-2024,Toys,5,78.72,Shipped,Debit Card
AMA-O14082,AMA-C10245,07/09/2024,Toys,1,83.0,Shipped,Debit Card
AMA-O14400,AMA-C4561,2024-05-19,Grocery,4,46.98,Delivered,Debit Card
AMA-O6397,AMA-C2320,2024-01-24,Apparel,-1,118.07,Pending,Debit Card
AMA-O12649,AMA-C6138,2025-03-25,Sports & Outdoors,3,75.92,Pending,Debit Card
AMA-O9807,AMA-C10978,16-Sep-2024,Home & Kitchen,4,253.06,Delivered,Credit Card
AMA-O12038,AMA-C9715,2023-03-25,Sports & Outdoors,2,160.46,Delivered,Amazon Pay
AMA-O11950,AMA-C6786,13-Apr-2023,Electronics,5,242.86,Cancelled,Credit Card
AMA-O6017,AMA-C9613,2024-04-19,Electronics,4,31.74,Delivered,Debit Card
AMA-O12190,AMA-C4021,2025-02-26,Sports & Outdoors,1,185.22,Delivered,Gift Card
AMA-O12022,AMA-C5781,2024-12-19,Sports & Outdoors,2,83.78,Delivered,Amazon Pay
AMA-O7163,AMA-C9714,2023-08-21,Electronics,1,609.21,Returned,Gift Card
AMA-O10360,AMA-C3443,29-Jun-2023,Beauty,2,41.98,Delivered,UPI
AMA-O7208,AMA-C6996,01-Apr-2025,Beauty,5,12.16,Shipped,Gift Card
AMA-O5295,AMA-C2665,02/24/2025,Books,1,14.5,Shipped,Debit Card
AMA-O8101,AMA-C1958,2023-11-10,Sports & Outdoors,5,233.3,Returned,Gift Card
AMA-O13883,AMA-C1041,11-Sep-2024,Home & Kitchen,5,109.51,Delivered,Debit Card
AMA-O14764,AMA-C9146,03/21/2024,Electronics,4,438.44,Delivered,Credit Card
AMA-O6322,AMA-C2171,2023-03-04,Beauty,2,78.57,Pending,UPI
AMA-O10009,AMA-C7157,07/17/2024,Apparel,1,$65.59,,Amazon Pay
AMA-O12125,AMA-C3606,2023-02-09,Sports & Outdoors,2,17.91,Returned,UPI
AMA-O13141,AMA-C9167,10/07/2023,Beauty,1,21.01,,UPI
AMA-O12295,AMA-C7478,2023-06-05,Home & Kitchen,3,54.28,Cancelled,Credit Card
AMA-O11920,AMA-C7998,29-Oct-2023,Toys,2,66.2,Returned,UPI
AMA-O10625,AMA-C6304,08/02/2025,Toys,5,43.04,Delivered,Amazon Pay
AMA-O14187,AMA-C3609,04/02/2025,Sports & Outdoors,2,213.98,Delivered,Gift Card
AMA-O13277,AMA-C3801,10-Sep-2023,Electronics,1,$679.41,Shipped,Gift Card
AMA-O6471,AMA-C9148,03/13/2025,Home & Kitchen,5,231.8,Shipped,Amazon Pay
AMA-O6385,AMA-C5516,2024-07-29,Books,1,5.09,Delivered,Debit Card
AMA-O5035,AMA-C2719,12/18/2025,Beauty,1,83.55,Returned,Credit Card
AMA-O7164,AMA-C3124,04/22/2024,Toys,2,99.45,Delivered,UPI
AMA-O8863,AMA-C6670,16-Oct-2023,Grocery,5,$13.68,Delivered,UPI
AMA-O10899,AMA-C9999,2023-12-01,Grocery,1,$16.51,Delivered,Credit Card
AMA-O5752,AMA-C8236,01/29/2023,Grocery,4,33.48,Delivered,Amazon Pay
AMA-O14153,AMA-C2205,2023-08-28,Books,5,14.51,Delivered,Amazon Pay
AMA-O6270,AMA-C10740,07/10/2024,Sports & Outdoors,4,44.75,Delivered,Amazon Pay
AMA-O11823,AMA-C5930,02-Jan-2023,Electronics,3,565.11,Cancelled,Gift Card
AMA-O14149,AMA-C2231,2024-05-12,Sports & Outdoors,5,179.93,Delivered,Debit Card
AMA-O10008,AMA-C5652,06-Oct-2025,Apparel,3,35.9,Shipped,Amazon Pay
AMA-O12650,AMA-C1769,2023-07-02,Toys,3,24.62,Delivered,Gift Card
AMA-O13647,AMA-C4157,18-Jan-2024,Apparel,4,84.58,Delivered,Credit Card
AMA-O12506,AMA-C6338,08/14/2025,Toys,1,$31.10,Shipped,Amazon Pay
AMA-O9246,AMA-C7117,17-Jun-2023,Grocery,2,$48.74,Cancelled,Amazon Pay
AMA-O6002,AMA-C2490,14-Dec-2024,Sports & Outdoors,3,116.31,Pending,UPI
AMA-O8436,AMA-C1124,12/20/2023,Electronics,4,548.61,,UPI
AMA-O7627,AMA-C1482,2024-09-15,Sports & Outdoors,4,226.89,Cancelled,UPI
AMA-O8145,AMA-C3324,28-Jan-2025,Toys,2,65.9,Cancelled,Gift Card
AMA-O10606,AMA-C1103,07-Apr-2023,Home & Kitchen,3,272.31,Delivered,Credit Card
AMA-O14951,AMA-C4494,21-Jul-2025,Electronics,5,$242.79,Delivered,Debit Card
AMA-O7884,AMA-C5862,2025-03-23,Electronics,-4,359.96,,UPI
AMA-O13663,AMA-C1243,23-Jan-2023,Electronics,4,$703.69,Delivered,UPI
AMA-O13724,AMA-C8538,06/26/2024,Apparel,2,110.2,Delivered,Amazon Pay
AMA-O7114,AMA-C3444,02/20/2024,Sports & Outdoors,4,$106.57,Pending,Gift Card
AMA-O12001,AMA-C2462,01/14/2023,Toys,4,$81.08,Delivered,Credit Card
AMA-O9172,AMA-C1961,12-Nov-2024,Sports & Outdoors,4,60.99,Cancelled,Debit Card
AMA-O14959,AMA-C5302,13-Jun-2023,Apparel,5,37.08,,Gift Card
AMA-O8955,AMA-C7607,06/20/2024,Apparel,5,73.32,Pending,Debit Card
AMA-O14557,AMA-C3659,24-Nov-2023,Sports & Outdoors,1,$19.51,,Amazon Pay
AMA-O13667,AMA-C5770,2023-07-17,Grocery,4,30.49,Cancelled,Credit Card
AMA-O5479,AMA-C2383,19-Dec-2023,Beauty,4,44.4,Shipped,Amazon Pay
AMA-O10222,AMA-C3153,10/16/2023,Beauty,5,62.1,Delivered,Amazon Pay
AMA-O14913,AMA-C7287,01/16/2023,Grocery,4,$37.31,Delivered,Debit Card
AMA-O7273,AMA-C4624,09-Nov-2025,Electronics,4,30.75,Returned,Debit Card
AMA-O12682,AMA-C3476,03/13/2024,Apparel,1,9.57,Shipped,Debit Card
AMA-O9394,AMA-C6814,2024-11-23,Electronics,4,420.5,Shipped,Amazon Pay
AMA-O11670,AMA-C6473,10-Jun-2023,Sports & Outdoors,3,$32.67,Returned,Debit Card
AMA-O10315,AMA-C5980,27-Dec-2025,Home & Kitchen,2,192.41,Delivered,Debit Card
AMA-O8474,AMA-C7689,09/03/2024,Electronics,2,379.11,Pending,UPI
AMA-O13441,AMA-C3264,11-Sep-2024,Toys,2,95.86,Pending,Debit Card
AMA-O14343,AMA-C1383,11/13/2023,Electronics,2,351.22,Delivered,UPI
AMA-O11636,AMA-C2737,2023-06-14,Toys,1,$89.42,Shipped,Gift Card
AMA-O7849,AMA-C2683,12/24/2025,Books,2,8.46,Delivered,Amazon Pay
AMA-O7504,AMA-C8291,10-Aug-2025,Beauty,2,64.55,Delivered,Credit Card
AMA-O5142,AMA-C5388,2023-10-03,Sports & Outdoors,4,248.06,Shipped,Amazon Pay
AMA-O11783,AMA-C8976,16-Mar-2023,Apparel,2,55.2,Cancelled,Debit Card
AMA-O14752,AMA-C4732,09-Oct-2023,Grocery,4,$31.69,Returned,UPI
AMA-O8738,AMA-C3197,07/23/2024,Toys,1,6.82,Pending,Gift Card
AMA-O7315,AMA-C5927,2023-03-08,Electronics,1,$158.04,Cancelled,Debit Card
AMA-O8554,AMA-C10964,2024-10-24,Apparel,3,49.81,Cancelled,Gift Card
AMA-O14980,AMA-C4172,19-Mar-2024,Beauty,2,43.05,Delivered,UPI
AMA-O14530,AMA-C1065,09/08/2025,Books,3,24.0,Delivered,Debit Card
AMA-O13328,AMA-C7439,2024-07-06,Apparel,2,115.4,,UPI
AMA-O9857,AMA-C1175,10/05/2025,Sports & Outdoors,5,98.03,Delivered,Amazon Pay
AMA-O10818,AMA-C3649,08/04/2023,Beauty,2,15.89,Delivered,Gift Card
AMA-O6447,AMA-C3048,03/05/2025,Electronics,1,762.36,Returned,Credit Card
AMA-O14823,AMA-C2449,03/21/2024,Electronics,5,334.29,Delivered,Gift Card
AMA-O12480,AMA-C4208,05/12/2023,Toys,4,21.03,Delivered,Credit Card
AMA-O10435,AMA-C6505,02/04/2025,Home & Kitchen,1,$75.64,Returned,Credit Card
AMA-O9696,AMA-C2160,10/26/2023,Books,1,29.6,Delivered,Debit Card
AMA-O10250,AMA-C8437,01/02/2024,Beauty,1,23.81,Delivered,Debit Card
AMA-O5619,AMA-C10932,15-Nov-2025,Toys,3,15.03,Delivered,Credit Card
AMA-O7802,AMA-C4636,03/07/2023,Electronics,3,477.23,Shipped,Gift Card
AMA-O9944,AMA-C10230,06-Jun-2023,Apparel,1,58.37,Delivered,Gift Card
AMA-O9839,AMA-C2787,2023-01-06,Grocery,4,$35.60,Delivered,Amazon Pay
AMA-O14547,AMA-C4087,05/27/2023,Toys,1,60.09,,Gift Card
AMA-O8633,AMA-C9337,08/30/2023,Electronics,1,291.31,Cancelled,Debit Card
AMA-O8167,AMA-C8372,2023-03-13,Grocery,1,9.85,Pending,Credit Card
AMA-O11324,AMA-C3173,01/14/2025,Books,4,13.14,Shipped,Gift Card
AMA-O5391,AMA-C3189,17-Jul-2025,Sports & Outdoors,3,73.6,Shipped,Debit Card
AMA-O8588,AMA-C9681,2025-01-18,Apparel,5,79.28,Delivered,UPI
AMA-O5650,AMA-C7950,11/02/2023,Home & Kitchen,2,53.33,Delivered,Amazon Pay
AMA-O6125,AMA-C6232,30-Sep-2025,Sports & Outdoors,5,43.11,Shipped,Amazon Pay
AMA-O12212,AMA-C3444,09/10/2024,Beauty,1,$19.64,Delivered,UPI
AMA-O11649,AMA-C1809,27-Sep-2025,Sports & Outdoors,2,39.91,Pending,UPI
AMA-O5284,AMA-C1990,22-Oct-2024,Home & Kitchen,1,273.21,Delivered,Gift Card
AMA-O13689,AMA-C8549,2023-02-20,Electronics,2,$512.43,Delivered,Credit Card
AMA-O6399,AMA-C3282,2025-05-19,Books,2,39.92,Delivered,Debit Card
AMA-O6391,AMA-C4230,01-Nov-2023,Beauty,5,29.62,Cancelled,Debit Card
AMA-O12486,AMA-C4821,2024-01-23,Toys,3,$85.27,Cancelled,Gift Card
AMA-O14699,AMA-C9823,08/15/2023,Electronics,4,72.94,Delivered,Gift Card
AMA-O10722,AMA-C1743,26-Aug-2024,Grocery,5,54.31,Pending,Credit Card
AMA-O12743,AMA-C8530,2025-04-13,Apparel,5,50.46,Returned,UPI
AMA-O5774,AMA-C10859,07-Mar-2023,Books,1,$10.33,Delivered,Amazon Pay
AMA-O14380,AMA-C2532,03/16/2025,Beauty,5,30.46,Delivered,UPI
AMA-O11970,AMA-C2800,10/21/2024,Toys,3,82.65,Delivered,Debit Card
AMA-O14089,AMA-C3940,2023-08-07,Electronics,1,$359.85,Pending,Credit Card
AMA-O7556,AMA-C6569,22-Oct-2023,Grocery,4,45.44,Returned,Gift Card
AMA-O6816,AMA-C5769,10/08/2025,Apparel,3,106.11,Delivered,Credit Card
AMA-O9502,AMA-C5859,07-Mar-2025,Electronics,5,577.52,Delivered,Gift Card
AMA-O7465,AMA-C3970,05/20/2024,Sports & Outdoors,5,63.38,Delivered,Debit Card
AMA-O7609,AMA-C6687,2024-11-18,Home & Kitchen,2,$32.63,Delivered,Credit Card
AMA-O7278,AMA-C4508,30-Nov-2025,Sports & Outdoors,5,118.27,Shipped,Gift Card
AMA-O14412,AMA-C10281,04-Feb-2025,Home & Kitchen,3,$65.70,Cancelled,UPI
AMA-O14246,AMA-C8870,05/22/2024,Sports & Outdoors,5,221.19,Cancelled,Debit Card
AMA-O6591,AMA-C6419,09-Nov-2023,Apparel,3,52.85,Shipped,Credit Card
AMA-O12658,AMA-C9999,21-Jun-2023,Electronics,-1,490.79,Pending,Amazon Pay
AMA-O5316,AMA-C10886,2024-02-25,Home & Kitchen,3,196.22,Cancelled,Amazon Pay
AMA-O10652,AMA-C2484,2024-08-24,Apparel,2,67.25,Delivered,UPI
AMA-O12989,AMA-C4838,08/22/2024,Sports & Outdoors,2,160.04,Delivered,Debit Card
AMA-O5474,AMA-C9348,2025-04-01,Sports & Outdoors,2,$82.42,Shipped,Gift Card
AMA-O14139,AMA-C5475,05/26/2025,Home & Kitchen,5,287.55,Returned,Amazon Pay
AMA-O7201,AMA-C7430,16-Jun-2025,Home & Kitchen,5,$153.39,Shipped,Gift Card
AMA-O11063,AMA-C10848,09/02/2024,Apparel,5,50.34,Pending,Amazon Pay
AMA-O10519,AMA-C1211,01/06/2025,Electronics,1,625.07,Delivered,UPI
AMA-O7096,AMA-C4232,2024-03-09,Books,2,10.0,Shipped,Amazon Pay
AMA-O9385,AMA-C3224,26-Dec-2024,Electronics,3,275.13,Returned,Gift Card
AMA-O10813,AMA-C2875,08/17/2025,Electronics,3,161.21,Delivered,Credit Card
AMA-O5964,AMA-C7158,2024-02-23,Grocery,4,20.74,Delivered,Amazon Pay
AMA-O9526,AMA-C8503,01/21/2023,Sports & Outdoors,1,$11.05,Delivered,Amazon Pay
AMA-O9466,AMA-C3887,05-Oct-2025,Apparel,5,$27.06,,Credit Card
AMA-O7000,AMA-C9985,06/12/2024,Toys,1,43.89,Returned,Debit Card
AMA-O14933,AMA-C5417,02/07/2025,Toys,3,65.38,Returned,Amazon Pay
AMA-O7976,AMA-C9999,2025-03-03,Electronics,4,512.67,Cancelled,Gift Card
AMA-O7348,AMA-C6702,25-Oct-2024,Apparel,3,83.58,Delivered,Gift Card
AMA-O13932,AMA-C2418,25-May-2025,Sports & Outdoors,2,39.14,,Amazon Pay
AMA-O7901,AMA-C9429,24-Sep-2025,Toys,2,$9.07,Cancelled,Gift Card
AMA-O14253,AMA-C8080,2025-03-19,Books,4,11.71,Shipped,Amazon Pay
AMA-O6566,AMA-C7484,28-Dec-2025,Sports & Outdoors,3,196.87,Delivered,Amazon Pay
AMA-O10237,AMA-C9120,2024-07-11,Apparel,5,87.35,Shipped,Credit Card
AMA-O6095,AMA-C10052,12/20/2024,Toys,-4,23.42,Cancelled,Debit Card
AMA-O10117,AMA-C8123,08/15/2023,Apparel,3,15.55,Cancelled,Amazon Pay
AMA-O7909,AMA-C6282,03-Aug-2025,Grocery,2,22.21,Pending,Credit Card
AMA-O6961,AMA-C3886,30-Oct-2023,Grocery,4,10.31,Shipped,Credit Card
AMA-O14531,AMA-C10118,11/11/2025,Sports & Outdoors,1,32.33,Cancelled,UPI
AMA-O6042,AMA-C9146,07/21/2023,Books,3,22.82,Cancelled,Gift Card
AMA-O14694,AMA-C2626,2024-02-27,Toys,5,57.28,Delivered,Amazon Pay
AMA-O9701,AMA-C3689,07/06/2024,Apparel,2,109.06,Delivered,Debit Card
AMA-O14399,AMA-C6144,07/31/2024,Home & Kitchen,2,40.47,Delivered,Credit Card
AMA-O13119,AMA-C9576,2023-10-06,Beauty,1,$12.49,Shipped,Debit Card
AMA-O7598,AMA-C7089,2023-05-13,Home & Kitchen,1,235.02,Delivered,Debit Card
AMA-O10599,AMA-C5063,01/20/2024,Electronics,5,553.79,Returned,Debit Card
AMA-O5960,AMA-C7844,23-Mar-2023,Apparel,4,34.08,Pending,Credit Card
AMA-O12183,AMA-C1090,2023-10-23,Beauty,3,77.82,,Amazon Pay
AMA-O9156,AMA-C2279,12/21/2023,Beauty,3,83.54,Shipped,Credit Card
AMA-O6951,AMA-C9019,21-Dec-2024,Toys,3,31.73,Delivered,Gift Card
AMA-O6914,AMA-C3259,2023-07-22,Sports & Outdoors,3,28.96,Cancelled,Amazon Pay
AMA-O9152,AMA-C1853,2025-06-23,Toys,2,74.64,Delivered,Gift Card
AMA-O10441,AMA-C2395,19-Aug-2024,Beauty,4,86.12,Returned,Debit Card
AMA-O10149,AMA-C10112,2023-07-04,Books,4,14.47,Pending,UPI
AMA-O10104,AMA-C10595,2023-02-09,Toys,1,76.38,Delivered,Credit Card
AMA-O11032,AMA-C5751,09/26/2023,Grocery,2,$44.64,Returned,Credit Card
AMA-O11420,AMA-C9890,13-May-2024,Home & Kitchen,4,$212.47,Pending,UPI
AMA-O10758,AMA-C6202,2023-11-05,Apparel,2,98.42,Cancelled,UPI
AMA-O11539,AMA-C8095,07-Jan-2025,Sports & Outdoors,5,232.14,Returned,Credit Card
AMA-O5945,AMA-C4501,12-Apr-2023,Grocery,5,40.43,Delivered,Amazon Pay
AMA-O7225,AMA-C4974,03/25/2024,Toys,-2,18.19,Delivered,Credit Card
AMA-O13057,AMA-C7699,2023-08-28,Home & Kitchen,1,$55.23,Returned,Gift Card
AMA-O5496,AMA-C9192,15-Sep-2025,Apparel,4,98.41,Returned,Gift Card
AMA-O13066,AMA-C4941,02/08/2025,Toys,5,$91.36,Cancelled,Gift Card
AMA-O7741,AMA-C6579,12/04/2023,Electronics,4,111.29,Delivered,Gift Card
AMA-O12832,AMA-C8502,06-Feb-2025,Toys,5,75.38,Shipped,Debit Card
AMA-O13263,AMA-C3129,06/27/2024,Grocery,1,53.81,Returned,Amazon Pay
AMA-O5669,AMA-C1917,27-Aug-2023,Books,2,11.4,Shipped,UPI
AMA-O5808,AMA-C8235,2023-06-01,Beauty,2,$21.82,Delivered,UPI
AMA-O7930,AMA-C9879,02/02/2025,Books,3,6.47,Cancelled,Gift Card
AMA-O7358,AMA-C5036,12/28/2025,Home & Kitchen,4,91.61,Returned,UPI
AMA-O13160,AMA-C1192,2024-10-25,Sports & Outdoors,5,$233.82,Cancelled,Gift Card
AMA-O13197,AMA-C10533,2023-10-04,Home & Kitchen,5,107.29,Delivered,Credit Card
AMA-O8476,AMA-C9703,01/30/2023,Electronics,2,533.71,Cancelled,Gift Card
AMA-O12539,AMA-C10295,20-Apr-2025,Beauty,3,$10.99,Delivered,Gift Card
AMA-O9719,AMA-C1493,2024-10-19,Books,1,7.28,Delivered,Credit Card
AMA-O6353,AMA-C8111,29-Aug-2023,Sports & Outdoors,5,113.87,Delivered,Amazon Pay
AMA-O6959,AMA-C7278,2025-03-06,Sports & Outdoors,4,133.16,Delivered,Credit Card
AMA-O9274,AMA-C4422,16-Dec-2025,Beauty,3,80.76,,Amazon Pay
AMA-O12193,AMA-C8249,2025-12-22,Beauty,5,82.26,Pending,Amazon Pay
AMA-O8165,AMA-C10903,2025-03-17,Toys,3,5.12,Cancelled,UPI
AMA-O8434,AMA-C9747,10/18/2023,Books,1,7.68,Cancelled,UPI
AMA-O11712,AMA-C7368,09/28/2024,Apparel,5,40.71,Delivered,Debit Card
AMA-O5096,AMA-C3300,08/27/2025,Toys,5,25.64,Delivered,Amazon Pay
AMA-O14602,AMA-C5438,2023-08-20,Electronics,5,430.7,Shipped,Credit Card
AMA-O8003,AMA-C8507,31-Aug-2024,Beauty,2,42.0,Delivered,UPI
AMA-O10090,AMA-C2722,2024-06-23,Sports & Outdoors,4,107.57,Pending,Gift Card
AMA-O13305,AMA-C4166,13-Jun-2024,Toys,2,12.19,Returned,Credit Card
AMA-O6146,AMA-C4938,21-Sep-2023,Toys,1,45.78,Delivered,Credit Card
AMA-O8300,AMA-C10065,2023-01-02,Apparel,3,42.91,Returned,Debit Card
AMA-O8505,AMA-C8433,09-Oct-2025,Electronics,4,207.73,Shipped,UPI
AMA-O10539,AMA-C9495,10-Jun-2024,Toys,2,58.79,Cancelled,Credit Card
AMA-O13018,AMA-C3383,11/18/2025,Toys,4,17.06,Shipped,Amazon Pay
AMA-O11871,AMA-C10556,11/04/2025,Books,2,25.82,Cancelled,Debit Card
AMA-O8429,AMA-C9999,02/18/2023,Electronics,4,$67.33,Cancelled,UPI
AMA-O8723,AMA-C1118,06-Nov-2023,Apparel,2,88.99,Cancelled,Amazon Pay
AMA-O14976,AMA-C7160,14-Nov-2023,Grocery,4,45.86,Returned,Debit Card
AMA-O9067,AMA-C2688,05/07/2025,Apparel,4,$102.92,Delivered,UPI
AMA-O11657,AMA-C10631,2023-11-27,Grocery,5,46.83,Delivered,UPI
AMA-O5702,AMA-C2282,01/30/2024,Home & Kitchen,1,233.48,Shipped,Debit Card
AMA-O8614,AMA-C6164,2024-12-14,Toys,1,61.14,Cancelled,Amazon Pay
AMA-O11119,AMA-C9017,2024-02-25,Apparel,2,59.37,Pending,UPI
AMA-O12356,AMA-C5033,2025-08-27,Sports & Outdoors,1,45.64,Pending,Amazon Pay
AMA-O8164,AMA-C4920,11/01/2023,Toys,5,$75.59,Returned,Amazon Pay
AMA-O13786,AMA-C7957,08/30/2025,Electronics,3,106.91,Pending,UPI
AMA-O7634,AMA-C6244,05/13/2025,Beauty,3,55.83,Shipped,UPI
AMA-O7650,AMA-C9099,2025-03-27,Beauty,4,75.66,Delivered,UPI
AMA-O6124,AMA-C9124,10-Oct-2024,Toys,2,15.69,Cancelled,UPI
AMA-O14105,AMA-C8829,12/14/2025,Apparel,4,$67.85,Shipped,Credit Card
AMA-O8903,AMA-C3135,06-Jul-2023,Toys,5,9.72,Cancelled,Debit Card
AMA-O13736,AMA-C4584,10-Oct-2025,Toys,5,23.98,Delivered,Amazon Pay
AMA-O5044,AMA-C8416,02/20/2023,Electronics,3,186.88,Delivered,Credit Card
AMA-O12695,AMA-C3775,15-Mar-2025,Electronics,2,65.22,Returned,Amazon Pay
AMA-O12481,AMA-C4502,27-Sep-2025,Apparel,2,61.13,Delivered,Gift Card
AMA-O13616,AMA-C3052,2024-01-17,Home & Kitchen,2,$157.28,Delivered,Amazon Pay
AMA-O12309,AMA-C1235,13-Nov-2024,Sports & Outdoors,-3,228.45,Shipped,Amazon Pay
AMA-O9759,AMA-C7255,07/10/2023,Beauty,3,6.12,,Debit Card
AMA-O13058,AMA-C1562,2023-05-01,Toys,1,67.24,Delivered,UPI
AMA-O7693,AMA-C2385,15-Dec-2023,Grocery,2,$21.07,Delivered,Credit Card
AMA-O9782,AMA-C2480,19-Nov-2023,Grocery,4,19.5,Delivered,Gift Card
AMA-O9600,AMA-C9620,2024-08-09,Apparel,3,67.2,Shipped,Amazon Pay
AMA-O8255,AMA-C9999,26-Jul-2025,Books,-1,18.15,Delivered,Amazon Pay
AMA-O5683,AMA-C3706,2025-11-24,Toys,4,$8.16,Returned,Gift Card
AMA-O9863,AMA-C9690,09/19/2024,Apparel,4,80.84,Delivered,UPI
AMA-O14726,AMA-C8757,11-Nov-2023,Home & Kitchen,2,$146.02,Delivered,Amazon Pay
AMA-O13639,AMA-C5782,21-Nov-2024,Electronics,1,109.86,Delivered,Debit Card
AMA-O12673,AMA-C9970,2024-04-20,Books,5,5.03,Pending,Credit Card
AMA-O7946,AMA-C9603,01/07/2025,Sports & Outdoors,4,$228.35,Returned,Debit Card
AMA-O6890,AMA-C6744,26-Mar-2023,Grocery,5,$50.28,Shipped,Credit Card
AMA-O6673,AMA-C4154,03/26/2024,Apparel,5,82.6,Pending,Gift Card
AMA-O10723,AMA-C10430,07-Oct-2024,Grocery,4,$39.62,Cancelled,Amazon Pay
AMA-O12146,AMA-C4133,2025-09-08,Sports & Outdoors,3,51.18,Delivered,Gift Card
AMA-O5365,AMA-C9136,07/11/2025,Electronics,1,168.68,,UPI
AMA-O6826,AMA-C2136,2025-09-13,Electronics,1,408.28,Delivered,Amazon Pay
AMA-O10439,AMA-C10817,05-Feb-2025,Toys,2,$28.65,Delivered,Amazon Pay
AMA-O7192,AMA-C5712,03-Nov-2024,Home & Kitchen,4,224.97,Returned,Amazon Pay
AMA-O12530,AMA-C8152,05/23/2023,Apparel,4,42.71,Delivered,Amazon Pay
AMA-O13206,AMA-C6702,07-Sep-2023,Toys,4,14.72,Returned,UPI
AMA-O13817,AMA-C4780,08/25/2024,Home & Kitchen,5,296.69,Delivered,Credit Card
AMA-O8338,AMA-C5470,2023-10-20,Beauty,1,23.96,Delivered,Debit Card
AMA-O6172,AMA-C7385,2025-08-12,Apparel,1,49.72,Delivered,UPI
AMA-O5064,AMA-C3830,21-Aug-2023,Grocery,4,46.44,Delivered,Amazon Pay
AMA-O6477,AMA-C2785,24-Aug-2023,Toys,1,10.22,Cancelled,Amazon Pay
AMA-O11793,AMA-C4756,04/24/2025,Apparel,5,13.15,Delivered,Credit Card
AMA-O13258,AMA-C7411,05/24/2023,Toys,3,69.72,Pending,UPI
AMA-O14802,AMA-C4620,12-Jul-2023,Electronics,3,686.59,Pending,Debit Card
AMA-O11542,AMA-C7242,09/05/2024,Books,5,32.97,Cancelled,Debit Card
AMA-O12944,AMA-C3642,06/21/2024,Beauty,1,21.12,Pending,Debit Card
AMA-O5780,AMA-C4400,2023-12-18,Toys,1,93.5,Delivered,Gift Card
AMA-O13816,AMA-C7589,2025-02-27,Beauty,2,64.5,Delivered,Debit Card
AMA-O9470,AMA-C10401,17-Jun-2024,Apparel,5,82.31,Delivered,Credit Card
AMA-O13823,AMA-C2676,08/12/2025,Beauty,1,$39.45,Delivered,UPI
AMA-O8896,AMA-C1838,14-Nov-2023,Home & Kitchen,1,147.72,Delivered,Debit Card
AMA-O10593,AMA-C5530,15-Mar-2024,Apparel,5,9.84,Returned,Debit Card
AMA-O9440,AMA-C5176,02-Oct-2024,Toys,2,$58.32,Shipped,UPI
AMA-O8410,AMA-C2722,08/12/2024,Apparel,4,$75.80,Cancelled,Gift Card
AMA-O9579,AMA-C5582,02-Aug-2025,Electronics,4,457.48,Pending,UPI
AMA-O11962,AMA-C2392,2024-02-15,Toys,-1,85.07,Delivered,UPI
AMA-O7846,AMA-C5486,04/28/2024,Grocery,1,4.8,Delivered,Gift Card
AMA-O11991,AMA-C9273,2023-03-18,Sports & Outdoors,1,199.15,Cancelled,Debit Card
AMA-O12492,AMA-C7956,2023-09-01,Toys,1,63.66,Returned,Gift Card
AMA-O6911,AMA-C1797,2024-10-19,Toys,3,94.71,Returned,Credit Card
AMA-O8909,AMA-C10765,07/09/2024,Grocery,4,46.25,Delivered,UPI
AMA-O8823,AMA-C6893,09-Nov-2023,Books,2,8.3,Returned,Credit Card
AMA-O6909,AMA-C3485,01-May-2025,Sports & Outdoors,3,16.73,Shipped,Gift Card
AMA-O5486,AMA-C10207,2024-01-02,Home & Kitchen,1,$145.94,Returned,Debit Card
AMA-O10851,AMA-C1769,2024-08-05,Home & Kitchen,3,46.61,Cancelled,Credit Card
AMA-O12734,AMA-C7120,2024-10-06,Electronics,4,$631.93,Delivered,Debit Card
AMA-O10190,AMA-C9999,23-Nov-2023,Books,5,$25.65,Delivered,Amazon Pay
AMA-O11271,AMA-C3927,16-Apr-2025,Home & Kitchen,5,195.41,Pending,Gift Card
AMA-O14239,AMA-C3175,2024-09-14,Home & Kitchen,1,184.97,Delivered,Debit Card
AMA-O14838,AMA-C2845,2023-05-11,Apparel,2,111.37,Shipped,Amazon Pay
AMA-O12976,AMA-C10160,30-Sep-2023,Sports & Outdoors,2,187.6,Returned,Credit Card
AMA-O7100,AMA-C3077,2023-07-29,Sports & Outdoors,5,171.44,Shipped,UPI
AMA-O5394,AMA-C9486,27-Jan-2024,Grocery,2,$39.26,Delivered,UPI
AMA-O11171,AMA-C8885,03/13/2025,Sports & Outdoors,2,168.41,Cancelled,UPI
AMA-O14159,AMA-C7332,10/23/2023,Sports & Outdoors,5,165.56,Delivered,UPI
AMA-O10187,AMA-C2249,10/18/2024,Apparel,1,77.48,Shipped,Amazon Pay
AMA-O11570,AMA-C5620,17-May-2025,Books,3,39.61,Delivered,UPI
AMA-O14289,AMA-C8900,2023-10-16,Books,2,9.35,Delivered,UPI
AMA-O13963,AMA-C1905,2023-04-23,Books,3,34.44,Delivered,Credit Card
AMA-O12966,AMA-C1515,2024-12-01,Apparel,5,$82.46,Returned,Gift Card
AMA-O8212,AMA-C2365,17-May-2023,Books,1,9.58,Delivered,Debit Card
AMA-O12811,AMA-C10490,2023-11-18,Grocery,2,40.56,Delivered,UPI
AMA-O12479,AMA-C7508,08/18/2025,Beauty,5,$65.78,Shipped,Credit Card
AMA-O7991,AMA-C3493,11/04/2024,Home & Kitchen,1,14.8,Delivered,Debit Card
AMA-O9876,AMA-C1475,2024-05-19,Books,4,30.96,Cancelled,UPI
AMA-O13533,AMA-C6870,16-Sep-2024,Grocery,3,36.11,Pending,UPI
AMA-O7257,AMA-C3514,2025-08-31,Sports & Outdoors,5,234.64,Returned,UPI
AMA-O8479,AMA-C4866,2025-02-01,Books,5,12.08,Delivered,Debit Card
AMA-O6730,AMA-C1737,02-Mar-2024,Electronics,4,397.9,Pending,Credit Card
AMA-O11992,AMA-C2158,01/26/2023,Beauty,3,49.57,Delivered,UPI
AMA-O7334,AMA-C4810,21-Oct-2024,Sports & Outdoors,1,52.3,Pending,UPI
AMA-O14164,AMA-C5040,12-Jul-2024,Books,4,7.51,,UPI
AMA-O6107,AMA-C7601,06/27/2025,Books,1,16.05,Delivered,Amazon Pay
AMA-O10642,AMA-C3997,12/02/2023,Home & Kitchen,3,284.96,Pending,Debit Card
AMA-O10135,AMA-C7952,14-Apr-2025,Apparel,3,50.73,Shipped,Gift Card
AMA-O6848,AMA-C8600,08/11/2023,Sports & Outdoors,1,130.47,Returned,Debit Card
AMA-O5943,AMA-C8704,2025-05-02,Apparel,3,$43.59,Pending,Credit Card
AMA-O9908,AMA-C3465,07/03/2024,Beauty,1,85.78,Returned,Amazon Pay
AMA-O7574,AMA-C2592,2023-06-19,Toys,3,$92.91,Pending,Gift Card
AMA-O14454,AMA-C8155,23-Sep-2023,Books,2,9.69,Shipped,Debit Card
AMA-O11252,AMA-C3757,12-Oct-2024,Beauty,4,25.66,Cancelled,Gift Card
AMA-O13997,AMA-C8697,2023-09-23,Books,3,$18.03,Returned,Gift Card
AMA-O11892,AMA-C5768,2025-10-09,Toys,5,$17.52,Shipped,Credit Card
AMA-O11137,AMA-C1126,01/10/2025,Sports & Outdoors,3,158.98,Cancelled,Debit Card
AMA-O12884,AMA-C3071,16-Oct-2023,Toys,2,83.99,Shipped,Credit Card
AMA-O10881,AMA-C5247,2024-06-23,Home & Kitchen,2,217.7,Cancelled,UPI
AMA-O7659,AMA-C3977,2024-04-12,Sports & Outdoors,4,144.45,Delivered,Debit Card
AMA-O5355,AMA-C5391,09/28/2025,Books,1,14.5,Returned,Amazon Pay
AMA-O14608,AMA-C2390,15-Jun-2023,Grocery,5,$30.32,Pending,Credit Card
AMA-O11116,AMA-C2241,11/05/2024,Books,5,10.97,Shipped,Debit Card
AMA-O12182,AMA-C3285,03/19/2024,Books,3,12.71,Shipped,UPI
AMA-O8188,AMA-C3200,2024-06-26,Sports & Outdoors,2,184.21,Delivered,Gift Card
AMA-O8707,AMA-C3220,2024-12-29,Sports & Outdoors,1,60.68,Delivered,Gift Card
AMA-O5983,AMA-C5091,2024-04-12,Home & Kitchen,3,100.97,Shipped,Credit Card
AMA-O8339,AMA-C3018,05/20/2025,Electronics,4,708.58,Delivered,Debit Card
AMA-O6935,AMA-C4670,02/29/2024,Grocery,4,$11.46,Pending,Gift Card
AMA-O10643,AMA-C9127,03/28/2023,Grocery,1,$56.89,Shipped,Debit Card
AMA-O6546,AMA-C1959,04/04/2023,Apparel,2,38.06,Delivered,Amazon Pay
AMA-O5597,AMA-C7136,2025-07-17,Books,3,$16.80,Shipped,Debit Card
AMA-O9373,AMA-C8503,2023-12-08,Sports & Outdoors,4,143.61,Shipped,Amazon Pay
AMA-O5020,AMA-C5280,2023-12-28,Beauty,2,6.36,Cancelled,Debit Card
AMA-O13904,AMA-C2983,02/01/2024,Books,1,5.84,Returned,Amazon Pay
AMA-O5713,AMA-C9564,29-Dec-2025,Grocery,1,$38.66,Delivered,Amazon Pay
AMA-O9717,AMA-C3524,08/18/2025,Home & Kitchen,2,94.41,,Amazon Pay
AMA-O14859,AMA-C4748,2023-05-08,Beauty,1,87.84,,Gift Card
AMA-O14128,AMA-C8597,2024-02-16,Grocery,4,40.9,,Debit Card
AMA-O11213,AMA-C7804,19-Oct-2024,Home & Kitchen,3,274.33,Pending,Amazon Pay
AMA-O7772,AMA-C1058,2023-02-13,Grocery,1,24.24,Delivered,Debit Card
AMA-O9789,AMA-C6800,2025-08-29,Books,5,$32.18,Returned,UPI
AMA-O5382,AMA-C1957,04/22/2025,Beauty,3,$13.86,Cancelled,UPI
AMA-O14773,AMA-C7781,30-Sep-2023,Home & Kitchen,2,123.28,Cancelled,UPI
AMA-O9265,AMA-C6938,24-Apr-2023,Beauty,1,12.01,Delivered,Amazon Pay
AMA-O6974,AMA-C1403,2024-03-08,Home & Kitchen,1,$284.40,Delivered,Amazon Pay
AMA-O13257,AMA-C2495,01-Mar-2025,Apparel,3,79.4,Shipped,Amazon Pay
AMA-O9013,AMA-C1259,05-May-2025,Grocery,4,29.88,Returned,Amazon Pay
AMA-O8683,AMA-C9141,06/22/2024,Beauty,1,45.37,,Amazon Pay
AMA-O9649,AMA-C1619,06/12/2024,Sports & Outdoors,2,72.7,Returned,Credit Card
AMA-O5658,AMA-C9999,09/17/2024,Grocery,1,57.6,Delivered,Credit Card
AMA-O14478,AMA-C1003,07-Dec-2025,Toys,-2,78.75,Cancelled,Gift Card
AMA-O10796,AMA-C5996,12/15/2023,Home & Kitchen,2,290.61,Cancelled,Credit Card
AMA-O12526,AMA-C8270,05/17/2023,Grocery,4,18.36,Shipped,UPI
AMA-O13812,AMA-C7424,06-Aug-2024,Electronics,5,444.67,Delivered,Gift Card
AMA-O6854,AMA-C4333,03-Jan-2025,Electronics,2,686.41,Returned,Amazon Pay
AMA-O6583,AMA-C4121,2025-09-16,Toys,5,22.72,Pending,UPI
AMA-O8449,AMA-C9433,11/19/2023,Beauty,1,80.86,Returned,Gift Card
AMA-O13291,AMA-C3747,04/28/2024,Grocery,2,23.48,Returned,Debit Card
AMA-O14801,AMA-C4093,2025-04-14,Apparel,2,96.47,Shipped,UPI
AMA-O9507,AMA-C7159,06-May-2024,Sports & Outdoors,2,$178.89,Delivered,Gift Card
AMA-O14332,AMA-C3236,09/11/2024,Grocery,5,48.2,Cancelled,Credit Card
AMA-O7425,AMA-C10670,12-Aug-2024,Home & Kitchen,5,201.26,Delivered,Credit Card
AMA-O10896,AMA-C10661,15-Dec-2023,Electronics,5,669.31,Delivered,UPI
AMA-O9196,AMA-C1195,05-Jul-2023,Grocery,4,$36.18,,Debit Card
AMA-O8185,AMA-C8532,2023-09-29,Grocery,3,36.55,Pending,Debit Card
AMA-O12254,AMA-C7352,2023-09-18,Books,1,22.44,Pending,Debit Card
AMA-O5471,AMA-C8970,2024-02-22,Sports & Outdoors,5,$245.33,Cancelled,UPI
AMA-O6981,AMA-C9999,10/23/2023,Books,2,$13.16,Pending,Debit Card
AMA-O8463,AMA-C5072,2025-10-22,Electronics,3,234.72,Returned,Credit Card
AMA-O8456,AMA-C9616,2023-07-12,Grocery,5,$9.27,Delivered,Gift Card
AMA-O7935,AMA-C9117,2023-07-09,Home & Kitchen,1,187.24,Delivered,Credit Card
AMA-O11221,AMA-C3993,08/02/2024,Grocery,2,$46.58,Returned,Credit Card
AMA-O7099,AMA-C1417,17-Sep-2024,Beauty,3,66.21,Delivered,Debit Card
AMA-O14360,AMA-C6269,2024-01-16,Toys,5,5.86,Shipped,Debit Card
AMA-O10659,AMA-C1984,2025-12-14,Apparel,5,119.1,Delivered,Amazon Pay
AMA-O6254,AMA-C3404,07-Dec-2025,Toys,1,$28.93,Shipped,UPI
AMA-O12018,AMA-C10016,2024-12-05,Sports & Outdoors,3,113.39,Returned,Gift Card
AMA-O11047,AMA-C10763,13-Oct-2024,Books,4,8.2,Returned,Gift Card
AMA-O10213,AMA-C9569,2025-05-25,Toys,5,46.02,Pending,Amazon Pay
AMA-O13293,AMA-C6080,11-Jan-2023,Books,4,$30.16,Cancelled,Credit Card
AMA-O12279,AMA-C3889,06/14/2025,Electronics,3,494.44,Cancelled,Debit Card
AMA-O7138,AMA-C6522,11-Oct-2023,Apparel,2,16.02,Shipped,Debit Card
AMA-O7029,AMA-C10198,06/09/2025,Beauty,2,8.94,Delivered,UPI
AMA-O6138,AMA-C1409,2024-05-19,Beauty,4,78.86,Pending,Debit Card
AMA-O12503,AMA-C2959,02/01/2024,Home & Kitchen,2,$169.96,Delivered,Debit Card
AMA-O7404,AMA-C10955,11-May-2024,Toys,4,41.35,Shipped,Credit Card
AMA-O11054,AMA-C1426,2024-03-07,Electronics,2,334.46,Returned,Credit Card
AMA-O5147,AMA-C7772,03/03/2025,Beauty,3,$74.06,Cancelled,Gift Card
AMA-O10384,AMA-C8457,05/22/2023,Electronics,1,358.76,Pending,Credit Card
AMA-O11996,AMA-C5019,01/07/2024,Apparel,1,114.43,Returned,Gift Card
AMA-O5926,AMA-C5836,2025-10-13,Apparel,3,19.63,Delivered,Credit Card
AMA-O5164,AMA-C3672,23-Sep-2025,Books,5,5.04,Returned,Gift Card
AMA-O5421,AMA-C3730,07-May-2024,Electronics,1,638.19,Delivered,Credit Card
AMA-O8919,AMA-C9222,24-Oct-2025,Home & Kitchen,5,$213.01,Cancelled,Debit Card
AMA-O10930,AMA-C3477,03/24/2023,Home & Kitchen,2,231.92,Delivered,Gift Card
AMA-O10167,AMA-C3711,01-Oct-2025,Apparel,4,42.29,Pending,UPI
AMA-O6745,AMA-C1558,17-Nov-2025,Books,1,$31.92,Delivered,Credit Card
AMA-O6069,AMA-C4656,10/10/2025,Home & Kitchen,2,120.06,Pending,Amazon Pay
AMA-O14875,AMA-C4164,2023-05-18,Home & Kitchen,2,290.8,Shipped,Gift Card
AMA-O13338,AMA-C7505,2023-09-03,Sports & Outdoors,3,$154.71,Delivered,Debit Card
AMA-O6825,AMA-C10258,10/04/2025,Home & Kitchen,5,281.63,Shipped,Debit Card
AMA-O7308,AMA-C4971,02-Mar-2023,Sports & Outdoors,1,81.42,Delivered,Debit Card
AMA-O9448,AMA-C9238,2024-02-26,Sports & Outdoors,1,77.49,Shipped,Debit Card
AMA-O8888,AMA-C1135,08/11/2024,Electronics,3,$56.03,,Credit Card
AMA-O14584,AMA-C4434,2025-06-05,Books,2,34.52,Returned,Credit Card
AMA-O12960,AMA-C2532,12/25/2025,Apparel,4,103.4,Delivered,Gift Card
AMA-O5016,AMA-C3196,2025-01-21,Beauty,3,44.05,Shipped,Credit Card
AMA-O10634,AMA-C7795,06/24/2024,Grocery,5,22.2,Cancelled,Amazon Pay
AMA-O6886,AMA-C6746,10/31/2025,Books,4,13.17,Shipped,Credit Card
AMA-O11891,AMA-C8954,22-Sep-2024,Apparel,2,111.87,Cancelled,Amazon Pay
AMA-O5803,AMA-C9993,2025-02-28,Grocery,5,6.71,Shipped,UPI
AMA-O12141,AMA-C9688,2024-05-07,Electronics,5,470.09,,Debit Card
AMA-O8649,AMA-C9859,2024-11-09,Apparel,1,60.8,Cancelled,Credit Card
AMA-O6503,AMA-C4008,06/07/2025,Apparel,5,41.89,Pending,Debit Card
AMA-O12059,AMA-C3185,12-Mar-2023,Apparel,1,88.51,Delivered,Debit Card
AMA-O10714,AMA-C4771,03-Dec-2025,Electronics,1,$132.59,Shipped,Credit Card
AMA-O13309,AMA-C2069,05/14/2023,Beauty,2,16.98,Shipped,Credit Card
AMA-O5547,AMA-C8126,02/12/2023,Books,3,$24.83,Delivered,Credit Card
AMA-O6049,AMA-C9950,2023-05-18,Sports & Outdoors,1,$107.56,Pending,UPI
AMA-O14174,AMA-C7748,2024-05-06,Electronics,2,638.87,Shipped,Gift Card
AMA-O7224,AMA-C1429,01/06/2023,Toys,4,50.17,Pending,UPI
AMA-O8413,AMA-C6477,03/27/2024,Toys,1,53.29,Delivered,UPI
AMA-O6035,AMA-C3632,04/22/2023,Toys,1,93.02,Shipped,Amazon Pay
AMA-O11925,AMA-C3019,2025-12-25,Apparel,3,54.43,Pending,Credit Card
AMA-O11368,AMA-C9983,15-Jul-2025,Books,2,8.09,Delivered,Amazon Pay
AMA-O6407,AMA-C8110,13-Feb-2023,Apparel,3,18.04,Delivered,Gift Card
AMA-O13306,AMA-C4282,11/08/2024,Beauty,4,71.4,Pending,Credit Card
AMA-O12271,AMA-C3428,01/08/2023,Toys,1,$27.32,Delivered,Amazon Pay
AMA-O5608,AMA-C6803,16-Feb-2024,Grocery,5,40.75,Delivered,UPI
AMA-O6733,AMA-C3669,2024-11-18,Home & Kitchen,1,275.78,Delivered,Debit Card
AMA-O8634,AMA-C5518,25-Feb-2023,Apparel,4,$49.11,Cancelled,Amazon Pay
AMA-O5006,AMA-C9315,29-Apr-2024,Beauty,3,$69.55,Cancelled,Credit Card
AMA-O11908,AMA-C10606,09/07/2023,Beauty,5,$14.45,Pending,Debit Card
AMA-O7190,AMA-C2215,2023-07-31,Sports & Outdoors,4,158.15,Delivered,UPI
AMA-O13489,AMA-C10485,02/23/2023,Toys,3,62.73,Delivered,Gift Card
AMA-O13158,AMA-C5232,28-Apr-2025,Beauty,1,67.98,Delivered,Gift Card
AMA-O9996,AMA-C8297,16-Sep-2024,Apparel,5,32.73,Returned,Credit Card
AMA-O8945,AMA-C10732,04/26/2023,Sports & Outdoors,5,103.85,Delivered,Credit Card
AMA-O14012,AMA-C2348,03/04/2023,Home & Kitchen,5,128.97,Cancelled,Amazon Pay
AMA-O9814,AMA-C7021,09-Apr-2025,Books,3,9.15,,Debit Card
AMA-O11557,AMA-C3283,2023-09-09,Apparel,1,36.31,Delivered,Debit Card
AMA-O13938,AMA-C1758,06/25/2023,Grocery,2,31.25,Cancelled,Debit Card
AMA-O5308,AMA-C9999,30-Apr-2024,Electronics,5,$351.39,Pending,Gift Card
AMA-O5622,AMA-C10034,07/11/2023,Sports & Outdoors,2,102.29,Delivered,Credit Card
AMA-O8375,AMA-C1988,2025-10-11,Toys,1,$43.17,Delivered,UPI
AMA-O7690,AMA-C10815,01-Sep-2024,Grocery,5,21.63,Delivered,Gift Card
AMA-O14405,AMA-C9439,01/28/2023,Home & Kitchen,2,57.74,Shipped,Credit Card
AMA-O11002,AMA-C2692,19-May-2023,Grocery,3,34.17,Shipped,Debit Card
AMA-O5522,AMA-C10065,2025-12-21,Electronics,-4,239.64,Pending,Amazon Pay
AMA-O9301,AMA-C6449,2024-12-24,Beauty,4,86.76,Cancelled,UPI
AMA-O7362,AMA-C9999,2023-03-01,Beauty,2,46.86,Shipped,Credit Card
AMA-O8689,AMA-C2017,17-Apr-2025,Beauty,1,$58.68,Delivered,UPI
AMA-O9409,AMA-C10735,31-May-2024,Beauty,1,48.12,Delivered,Credit Card
AMA-O10607,AMA-C2414,12/21/2025,Electronics,4,447.6,Delivered,Credit Card
AMA-O7349,AMA-C7592,2023-08-22,Electronics,4,134.68,Delivered,Amazon Pay
AMA-O8090,AMA-C9924,2025-04-14,Toys,5,6.42,Returned,Debit Card
AMA-O5398,AMA-C4179,2024-08-25,Sports & Outdoors,4,129.37,Delivered,Credit Card
AMA-O10789,AMA-C2962,01-Sep-2023,Home & Kitchen,5,$293.21,Delivered,UPI
AMA-O11332,AMA-C4718,13-Apr-2025,Electronics,5,681.07,Delivered,UPI
AMA-O10152,AMA-C3178,03/17/2024,Beauty,1,7.67,Delivered,Amazon Pay
AMA-O13946,AMA-C6529,02/18/2024,Apparel,1,41.36,,Debit Card
AMA-O13241,AMA-C9025,06/27/2023,Home & Kitchen,4,57.07,Delivered,Credit Card
AMA-O6707,AMA-C7861,2024-05-31,Sports & Outdoors,4,108.1,Returned,Amazon Pay
AMA-O10737,AMA-C7756,12/14/2024,Electronics,4,$706.49,Pending,Gift Card
AMA-O5475,AMA-C6261,09/26/2023,Apparel,1,54.9,Returned,Amazon Pay
AMA-O6403,AMA-C2297,04/06/2025,Sports & Outdoors,3,80.39,Delivered,Credit Card
AMA-O7816,AMA-C6384,2023-09-06,Beauty,4,42.74,Shipped,Credit Card
AMA-O11191,AMA-C8732,07/31/2025,Electronics,1,233.53,Delivered,Gift Card
AMA-O5352,AMA-C1095,2024-05-17,Apparel,1,$85.75,Pending,Gift Card
AMA-O8335,AMA-C2152,2025-06-11,Books,4,12.51,Cancelled,Amazon Pay
AMA-O13116,AMA-C2948,07/31/2025,Electronics,3,709.11,Returned,Amazon Pay
AMA-O12604,AMA-C5097,23-Jan-2024,Books,2,28.89,Returned,Gift Card
AMA-O7093,AMA-C4190,05/17/2025,Beauty,3,36.85,Delivered,UPI
AMA-O8243,AMA-C7094,05/10/2024,Grocery,5,$53.07,Cancelled,Gift Card
AMA-O8709,AMA-C6731,09/12/2025,Books,1,$5.37,Shipped,Gift Card
AMA-O9499,AMA-C6755,11-Mar-2024,Apparel,5,73.72,Pending,Amazon Pay
AMA-O13223,AMA-C10408,28-Jan-2025,Home & Kitchen,3,99.66,Cancelled,Gift Card
AMA-O9157,AMA-C5017,14-Aug-2024,Home & Kitchen,2,286.08,Pending,Gift Card
AMA-O5656,AMA-C8773,04-Feb-2025,Beauty,5,$39.71,Returned,UPI
AMA-O11239,AMA-C5463,2024-11-30,Grocery,2,18.28,Pending,UPI
AMA-O9583,AMA-C6042,05/03/2025,Toys,-5,45.46,Delivered,Credit Card
AMA-O5291,AMA-C4639,12/28/2023,Books,1,$37.57,Returned,Gift Card
AMA-O6328,AMA-C4815,2025-11-05,Sports & Outdoors,2,124.61,Returned,Gift Card
AMA-O12388,AMA-C9081,17-Jul-2024,Home & Kitchen,3,172.61,Delivered,Debit Card
AMA-O7546,AMA-C7452,16-Jun-2025,Electronics,4,268.99,Delivered,UPI
AMA-O6401,AMA-C5510,26-Jan-2024,Sports & Outdoors,1,$49.53,Delivered,Amazon Pay
AMA-O11232,AMA-C9395,2023-04-24,Beauty,3,28.42,Pending,Debit Card
AMA-O13068,AMA-C10243,11/18/2024,Electronics,2,211.61,Delivered,Gift Card
AMA-O5231,AMA-C2002,2025-05-18,Books,4,8.93,Delivered,Gift Card
AMA-O10605,AMA-C3504,13-May-2023,Apparel,5,$12.17,Delivered,Debit Card
AMA-O11495,AMA-C10420,2023-05-31,Sports & Outdoors,4,222.14,Delivered,Amazon Pay
AMA-O7805,AMA-C7622,01/28/2025,Toys,3,63.76,Cancelled,Credit Card
AMA-O10042,AMA-C8505,21-Nov-2024,Sports & Outdoors,4,78.88,Returned,Credit Card
AMA-O5124,AMA-C3901,2025-10-28,Home & Kitchen,5,117.58,Returned,Amazon Pay
AMA-O14739,AMA-C9535,02/21/2023,Beauty,3,38.14,Shipped,Gift Card
AMA-O14328,AMA-C1482,2023-12-27,Sports & Outdoors,1,239.14,Delivered,Credit Card
AMA-O7907,AMA-C8925,2025-11-18,Grocery,4,54.54,Delivered,Gift Card
AMA-O6686,AMA-C4144,09/17/2024,Grocery,5,12.92,Delivered,Credit Card
AMA-O14814,AMA-C4045,08/04/2023,Beauty,5,59.39,Shipped,Debit Card
AMA-O5722,AMA-C7510,2023-11-26,Home & Kitchen,4,124.78,Cancelled,Debit Card
AMA-O10901,AMA-C9916,2024-02-28,Grocery,1,5.97,Returned,Credit Card
AMA-O12096,AMA-C5406,11/25/2025,Beauty,3,84.93,Pending,UPI
AMA-O10626,AMA-C2176,22-Aug-2024,Grocery,5,56.86,Delivered,UPI
AMA-O9915,AMA-C2917,15-Dec-2025,Grocery,2,49.18,Delivered,UPI
AMA-O13124,AMA-C5847,05-Dec-2025,Apparel,3,$53.14,Returned,Gift Card
AMA-O6624,AMA-C10477,12/03/2025,Electronics,5,$456.50,Delivered,Credit Card
AMA-O8852,AMA-C10648,09/04/2023,Grocery,2,5.94,Cancelled,UPI
AMA-O5169,AMA-C7115,25-Aug-2024,Home & Kitchen,3,25.55,Cancelled,Amazon Pay
AMA-O11033,AMA-C9362,2023-02-25,Sports & Outdoors,5,69.56,Shipped,Amazon Pay
AMA-O12625,AMA-C3015,2025-07-11,Apparel,1,52.83,Delivered,Gift Card
AMA-O5149,AMA-C2771,07/01/2023,Electronics,2,309.27,Cancelled,Gift Card
AMA-O13033,AMA-C6639,06-May-2023,Grocery,3,$12.12,Pending,Amazon Pay
AMA-O9539,AMA-C7534,2025-04-01,Apparel,5,31.64,Delivered,Credit Card
AMA-O8350,AMA-C6497,27-Oct-2025,Grocery,3,27.07,Pending,Amazon Pay
AMA-O12339,AMA-C6580,03-Mar-2024,Grocery,4,39.0,Shipped,Debit Card
AMA-O13224,AMA-C2049,12-Jun-2025,Beauty,2,70.0,Delivered,Amazon Pay
AMA-O7189,AMA-C9999,01-Oct-2025,Electronics,1,791.45,Delivered,Gift Card
AMA-O11508,AMA-C2438,2023-02-25,Books,5,35.09,,Gift Card
AMA-O10024,AMA-C4560,2025-12-10,Beauty,1,56.82,Cancelled,Credit Card
AMA-O14805,AMA-C9296,02-May-2024,Beauty,1,88.57,Delivered,Amazon Pay
AMA-O7655,AMA-C1099,02-Nov-2023,Apparel,1,42.46,Delivered,Gift Card
AMA-O12238,AMA-C4565,10-May-2025,Toys,4,19.44,Delivered,Gift Card
AMA-O12912,AMA-C3119,12/28/2025,Beauty,4,50.8,Pending,Gift Card
AMA-O13239,AMA-C1577,12-Jan-2024,Home & Kitchen,-2,271.64,Delivered,Amazon Pay
AMA-O7677,AMA-C2805,09/23/2023,Electronics,3,678.67,Pending,Credit Card
AMA-O7127,AMA-C5620,2023-06-25,Books,-3,28.48,Shipped,UPI
AMA-O10040,AMA-C6853,09/01/2025,Grocery,3,56.56,Delivered,Credit Card
AMA-O14888,AMA-C4194,25-Oct-2024,Electronics,4,$474.80,Shipped,Debit Card
AMA-O11522,AMA-C5225,12/09/2025,Toys,1,54.11,Delivered,UPI
AMA-O7909,AMA-C6282,03-Aug-2025,Grocery,2,22.21,Pending,Credit Card
AMA-O6873,AMA-C6059,01-Jun-2025,Sports & Outdoors,4,172.34,Delivered,Credit Card
AMA-O8371,AMA-C10380,05/27/2023,Home & Kitchen,3,238.21,Delivered,Debit Card
AMA-O10393,AMA-C6524,11/04/2023,Beauty,2,$49.36,Delivered,Credit Card
AMA-O12510,AMA-C2625,2023-06-28,Home & Kitchen,5,24.38,Delivered,Debit Card
AMA-O8342,AMA-C5528,2025-07-02,Home & Kitchen,3,273.67,Cancelled,Gift Card
AMA-O12605,AMA-C8660,29-Aug-2023,Apparel,3,69.92,Delivered,Credit Card
AMA-O12061,AMA-C5240,22-Nov-2025,Toys,5,52.53,Returned,Gift Card
AMA-O8604,AMA-C9846,03/22/2023,Toys,-1,68.65,Delivered,Gift Card
AMA-O5031,AMA-C10768,07/22/2024,Electronics,5,401.36,Returned,Gift Card
AMA-O13189,AMA-C2765,12/06/2025,Home & Kitchen,4,295.77,Returned,Amazon Pay
AMA-O6484,AMA-C7729,2025-07-12,Apparel,3,46.42,Delivered,Gift Card
AMA-O14909,AMA-C5416,2024-04-16,Grocery,1,43.55,Delivered,Gift Card
AMA-O12166,AMA-C3438,20-Jan-2023,Grocery,2,$21.57,Pending,Amazon Pay
AMA-O6785,AMA-C9703,11/03/2024,Toys,4,36.66,Shipped,UPI
AMA-O10571,AMA-C2884,2023-06-09,Apparel,3,17.35,Shipped,Gift Card
AMA-O11852,AMA-C5971,05/19/2023,Beauty,2,46.1,Delivered,Debit Card
AMA-O6858,AMA-C10231,04/24/2023,Sports & Outdoors,1,84.3,Pending,UPI
AMA-O7584,AMA-C6209,2025-01-17,Sports & Outdoors,2,$162.44,Cancelled,Gift Card
AMA-O11256,AMA-C7284,12/13/2023,Books,1,14.88,Returned,Amazon Pay
AMA-O9750,AMA-C10703,25-Aug-2023,Electronics,3,$645.41,Pending,Credit Card
AMA-O11814,AMA-C6833,11/20/2024,Apparel,1,60.68,Delivered,Credit Card
AMA-O11233,AMA-C5685,18-Nov-2023,Sports & Outdoors,4,184.84,Shipped,Credit Card
AMA-O11563,AMA-C8200,03/16/2025,Toys,2,$44.31,Delivered,Amazon Pay
AMA-O6451,AMA-C9160,01/24/2024,Grocery,3,4.35,Cancelled,Debit Card
AMA-O5269,AMA-C1196,11/01/2023,Toys,4,$49.03,Delivered,Amazon Pay
AMA-O10768,AMA-C5109,22-May-2024,Toys,1,12.93,Delivered,Credit Card
AMA-O11129,AMA-C10868,2024-03-30,Apparel,3,20.2,Pending,Credit Card
AMA-O13935,AMA-C2351,2024-11-05,Apparel,5,55.47,Delivered,UPI
AMA-O9455,AMA-C7632,05/18/2023,Grocery,4,19.02,Cancelled,UPI
AMA-O12323,AMA-C9393,2024-08-15,Grocery,3,33.83,Delivered,Credit Card
AMA-O14947,AMA-C1730,2023-11-10,Sports & Outdoors,3,51.23,Delivered,Debit Card
AMA-O13498,AMA-C2171,05/25/2023,Grocery,5,57.89,Delivered,Gift Card
AMA-O8664,AMA-C3089,13-Jul-2025,Home & Kitchen,3,58.26,Delivered,Credit Card
AMA-O12612,AMA-C7029,01-Dec-2024,Apparel,1,$33.89,Delivered,Amazon Pay
AMA-O6761,AMA-C2055,21-Mar-2023,Toys,1,27.52,Pending,Credit Card
AMA-O14359,AMA-C4786,03/22/2023,Apparel,2,115.44,Delivered,UPI
AMA-O6956,AMA-C4990,12/15/2025,Beauty,2,73.19,Cancelled,UPI
AMA-O10194,AMA-C7601,12/21/2025,Books,-2,8.14,Shipped,UPI
AMA-O6177,AMA-C8764,2024-04-23,Home & Kitchen,4,$188.52,Cancelled,Debit Card
AMA-O6165,AMA-C9150,11/16/2023,Grocery,2,31.95,Cancelled,UPI
AMA-O8376,AMA-C4318,17-Dec-2025,Books,3,27.9,Returned,Gift Card
AMA-O5374,AMA-C8237,19-Jan-2023,Beauty,2,5.49,Delivered,Credit Card
AMA-O14878,AMA-C10269,09-Nov-2024,Grocery,4,$5.48,Cancelled,Gift Card
AMA-O13510,AMA-C8826,12-Jan-2023,Sports & Outdoors,1,$13.74,Pending,Debit Card
AMA-O5132,AMA-C3536,02/05/2025,Beauty,1,43.13,Delivered,Amazon Pay
AMA-O11210,AMA-C6948,30-Dec-2024,Books,4,39.43,Delivered,UPI
AMA-O10127,AMA-C1105,01/06/2025,Grocery,2,$8.88,Cancelled,Gift Card
AMA-O9826,AMA-C10074,02-Oct-2023,Sports & Outdoors,2,59.86,,Debit Card
AMA-O5432,AMA-C10876,01/19/2025,Sports & Outdoors,5,94.6,Cancelled,Debit Card
AMA-O5947,AMA-C6277,02-Aug-2024,Beauty,1,46.06,Shipped,Debit Card
AMA-O7752,AMA-C5377,2023-07-12,Sports & Outdoors,1,$109.86,Delivered,Amazon Pay
AMA-O8163,AMA-C9419,2024-08-21,Grocery,2,3.3,Delivered,Gift Card
AMA-O13235,AMA-C9480,2023-09-25,Books,3,13.86,Shipped,UPI
AMA-O11471,AMA-C6585,05-Mar-2025,Beauty,5,42.83,Delivered,Amazon Pay
AMA-O13347,AMA-C8967,09/30/2024,Home & Kitchen,4,101.26,,UPI
AMA-O6964,AMA-C4516,14-Dec-2024,Toys,5,$77.17,Shipped,UPI
AMA-O7070,AMA-C4717,2024-05-08,Beauty,4,17.43,Returned,Gift Card
AMA-O11188,AMA-C10354,12/02/2023,Home & Kitchen,2,188.6,Delivered,Debit Card
AMA-O10172,AMA-C5762,2023-07-27,Books,2,14.11,Delivered,Credit Card
AMA-O8048,AMA-C9549,07/27/2025,Books,3,28.32,Delivered,Credit Card
AMA-O10794,AMA-C3113,19-Aug-2023,Apparel,5,38.29,Delivered,UPI
AMA-O14119,AMA-C1722,2025-04-01,Beauty,5,57.96,Delivered,Amazon Pay
AMA-O10747,AMA-C3299,02/28/2024,Books,2,20.23,Cancelled,UPI
AMA-O12032,AMA-C3042,03-Jul-2023,Electronics,1,394.4,Pending,UPI
AMA-O6934,AMA-C9734,2025-07-28,Electronics,2,519.33,Pending,Amazon Pay
AMA-O14226,AMA-C9089,13-Aug-2024,Electronics,1,730.63,Delivered,UPI
AMA-O5777,AMA-C4602,06-Aug-2025,Home & Kitchen,5,166.47,Delivered,Debit Card
AMA-O10290,AMA-C8036,03/28/2025,Electronics,5,$494.89,Pending,Amazon Pay
AMA-O6200,AMA-C8053,21-Jun-2024,Electronics,4,359.52,Cancelled,Amazon Pay
AMA-O8677,AMA-C6228,10/11/2025,Sports & Outdoors,2,134.93,Delivered,Debit Card
AMA-O11178,AMA-C4991,30-Dec-2024,Books,2,18.42,Delivered,UPI
AMA-O9404,AMA-C3600,2023-10-01,Apparel,1,9.48,Cancelled,UPI
AMA-O13976,AMA-C4028,06/02/2023,Grocery,5,21.8,Shipped,Amazon Pay
AMA-O6289,AMA-C4376,2025-05-29,Home & Kitchen,4,$158.28,Shipped,Debit Card
AMA-O14767,AMA-C7957,01-Apr-2023,Toys,2,18.96,Shipped,UPI
AMA-O6936,AMA-C1640,18-Feb-2023,Toys,3,$26.39,Delivered,Debit Card
AMA-O13632,AMA-C5964,31-Mar-2023,Grocery,5,12.24,Pending,UPI
AMA-O8820,AMA-C3322,05-Mar-2024,Grocery,3,7.22,Delivered,Credit Card
AMA-O12630,AMA-C7945,2023-09-30,Books,5,$34.55,Delivered,Credit Card
AMA-O14561,AMA-C7370,2023-10-23,Electronics,4,565.25,,UPI
AMA-O8931,AMA-C2877,2023-07-18,Electronics,2,465.18,Delivered,Credit Card
AMA-O12849,AMA-C6493,2025-03-28,Beauty,2,35.82,Delivered,Debit Card
AMA-O8591,AMA-C1554,09/11/2024,Toys,2,21.94,Delivered,Debit Card
AMA-O9595,AMA-C5249,2024-07-30,Beauty,3,$44.64,Shipped,Gift Card
AMA-O6143,AMA-C5984,2023-01-23,Books,4,27.87,Pending,Gift Card
AMA-O13247,AMA-C1159,2023-12-23,Sports & Outdoors,1,172.03,Cancelled,UPI
AMA-O11642,AMA-C1791,17-Sep-2025,Home & Kitchen,2,264.49,Delivered,UPI
AMA-O14936,AMA-C3369,13-Feb-2023,Sports & Outdoors,4,214.49,,Gift Card
AMA-O10048,AMA-C1269,28-Sep-2025,Beauty,2,27.86,Shipped,Debit Card
AMA-O13553,AMA-C8175,11/12/2024,Toys,2,60.89,Delivered,Debit Card
AMA-O8821,AMA-C10436,11/04/2023,Books,5,24.07,Delivered,UPI
AMA-O10353,AMA-C9420,2023-07-12,Toys,2,75.52,Delivered,Gift Card
AMA-O13693,AMA-C7728,01/02/2025,Electronics,1,274.49,Pending,Debit Card
AMA-O7937,AMA-C8434,02/27/2023,Beauty,3,87.53,Delivered,Gift Card
AMA-O10088,AMA-C9952,2023-08-05,Home & Kitchen,1,104.69,Delivered,Gift Card
AMA-O5151,AMA-C1599,2025-09-02,Sports & Outdoors,3,$16.62,Cancelled,UPI
AMA-O7626,AMA-C5615,2023-08-06,Home & Kitchen,2,$223.98,Returned,Gift Card
AMA-O8775,AMA-C8657,06-Apr-2025,Electronics,1,122.34,Pending,Debit Card
AMA-O13902,AMA-C1866,12/06/2025,Home & Kitchen,3,198.7,Cancelled,UPI
AMA-O11938,AMA-C3096,2025-11-25,Sports & Outdoors,2,155.09,Delivered,Gift Card
AMA-O7560,AMA-C3486,30-Jul-2025,Electronics,2,735.99,Delivered,Debit Card
AMA-O5425,AMA-C5793,28-Jun-2023,Sports & Outdoors,4,76.59,,Amazon Pay
AMA-O6027,AMA-C10446,2025-03-16,Sports & Outdoors,5,126.01,Delivered,Debit Card
AMA-O8421,AMA-C2046,07/07/2023,Apparel,5,64.73,Cancelled,Credit Card
AMA-O6405,AMA-C8301,2025-05-09,Home & Kitchen,2,$266.89,Delivered,Credit Card
AMA-O7206,AMA-C9819,06-Sep-2024,Sports & Outdoors,2,113.96,Pending,Amazon Pay
AMA-O14490,AMA-C6121,02-Jun-2024,Beauty,5,23.74,Delivered,Amazon Pay
AMA-O11122,AMA-C2807,2024-07-15,Grocery,2,28.99,Returned,Amazon Pay
AMA-O8771,AMA-C9277,2023-11-20,Books,1,36.79,Shipped,Debit Card
AMA-O11931,AMA-C2908,03/06/2024,Apparel,4,$12.19,Pending,Gift Card
AMA-O14922,AMA-C3478,03/13/2023,Beauty,3,12.2,Shipped,Amazon Pay
AMA-O11757,AMA-C10749,2025-02-13,Beauty,5,73.17,Shipped,Debit Card
AMA-O7212,AMA-C5924,02-Apr-2025,Beauty,3,71.4,Cancelled,Debit Card
AMA-O13055,AMA-C4142,2023-02-25,Electronics,2,792.93,Delivered,Gift Card
AMA-O10159,AMA-C3581,12/10/2024,Apparel,5,32.0,Pending,UPI
AMA-O14353,AMA-C5308,04/20/2025,Sports & Outdoors,1,32.56,Returned,Gift Card
AMA-O9937,AMA-C4926,10/04/2025,Toys,2,6.37,Delivered,UPI
AMA-O11292,AMA-C2382,01-Oct-2024,Apparel,2,55.19,Returned,Amazon Pay
AMA-O8595,AMA-C8086,09-Feb-2024,Apparel,3,16.68,Delivered,Debit Card
AMA-O11817,AMA-C5071,2024-09-10,Electronics,2,$156.53,Delivered,Amazon Pay
AMA-O14806,AMA-C10742,11/20/2025,Beauty,3,29.05,Cancelled,Credit Card
AMA-O8675,AMA-C2967,22-Sep-2023,Books,2,22.12,Cancelled,Credit Card
AMA-O7878,AMA-C1936,25-Apr-2023,Electronics,4,738.01,Delivered,Credit Card
AMA-O6534,AMA-C5222,06/28/2024,Electronics,2,$524.58,Returned,UPI
AMA-O5568,AMA-C2024,12-Dec-2023,Toys,2,28.19,Returned,Amazon Pay
AMA-O7956,AMA-C3769,28-Oct-2025,Home & Kitchen,5,54.93,Returned,Gift Card
AMA-O9332,AMA-C2892,2024-02-06,Toys,2,80.18,Pending,Credit Card
AMA-O14994,AMA-C7805,2023-06-07,Beauty,3,$18.61,Delivered,UPI
AMA-O13315,AMA-C2640,2023-11-03,Home & Kitchen,1,47.53,Delivered,Debit Card
AMA-O7415,AMA-C10429,08/27/2023,Home & Kitchen,5,74.45,Delivered,Amazon Pay
AMA-O7589,AMA-C8431,20-Jul-2023,Toys,3,28.09,Returned,Gift Card
AMA-O6654,AMA-C8581,07/22/2024,Grocery,3,50.24,Delivered,UPI
AMA-O6408,AMA-C8070,2023-09-11,Sports & Outdoors,1,216.89,Returned,Credit Card
AMA-O10960,AMA-C3343,01/26/2024,Apparel,1,$8.15,,Debit Card
AMA-O9040,AMA-C2903,02/24/2024,Books,3,9.66,Shipped,Credit Card
AMA-O13660,AMA-C9187,10-Jun-2023,Toys,2,$77.68,Delivered,Amazon Pay
AMA-O5951,AMA-C10962,2025-07-06,Apparel,1,$112.49,Delivered,Gift Card
AMA-O5795,AMA-C8849,2024-06-20,Home & Kitchen,5,273.58,Returned,Gift Card
AMA-O14984,AMA-C3762,21-Jul-2023,Sports & Outdoors,5,235.01,Delivered,Debit Card
AMA-O12920,AMA-C5529,2024-03-17,Toys,2,$97.61,Cancelled,Debit Card
AMA-O7740,AMA-C10127,05/01/2025,Sports & Outdoors,2,160.87,Returned,Debit Card
AMA-O7925,AMA-C7822,2024-03-25,Grocery,3,58.14,Returned,Gift Card
AMA-O14479,AMA-C7530,2025-05-03,Apparel,-3,$114.21,Returned,Debit Card
AMA-O7774,AMA-C7778,20-May-2024,Books,3,33.89,Delivered,UPI
AMA-O9610,AMA-C8082,04/19/2023,Books,5,28.16,Pending,Debit Card
AMA-O11384,AMA-C2382,06-Apr-2023,Toys,2,$72.64,Delivered,UPI
AMA-O7595,AMA-C9999,25-Feb-2025,Beauty,4,56.94,Delivered,Debit Card
AMA-O12188,AMA-C8627,27-Aug-2024,Apparel,4,119.12,Pending,Credit Card
AMA-O7495,AMA-C6829,05-Nov-2025,Apparel,4,9.66,Pending,Gift Card
AMA-O14776,AMA-C9161,2023-01-13,Apparel,1,115.92,Delivered,UPI
AMA-O14659,AMA-C7942,2023-10-18,Grocery,2,11.77,Returned,Debit Card
AMA-O12516,AMA-C7585,10/24/2024,Grocery,3,8.19,Cancelled,UPI
AMA-O5376,AMA-C10546,2023-11-13,Electronics,2,111.52,Pending,UPI
AMA-O7809,AMA-C2852,2025-09-25,Books,3,11.03,Delivered,Debit Card
AMA-O14060,AMA-C3630,2024-09-06,Books,5,8.4,Pending,Amazon Pay
AMA-O13909,AMA-C3303,12-Jun-2023,Apparel,2,102.29,Cancelled,Gift Card
AMA-O11107,AMA-C10476,2024-05-25,Electronics,4,260.05,Returned,Debit Card
AMA-O9168,AMA-C8828,08/13/2024,Grocery,2,42.1,Returned,Credit Card
AMA-O12833,AMA-C1019,2024-02-20,Grocery,3,19.39,Delivered,Gift Card
AMA-O14279,AMA-C9918,2024-07-27,Grocery,5,5.41,Shipped,Gift Card
AMA-O8056,AMA-C9238,01/03/2025,Sports & Outdoors,1,235.33,Shipped,Amazon Pay
AMA-O8219,AMA-C6859,09/04/2025,Apparel,2,15.51,Shipped,Debit Card
AMA-O7060,AMA-C3729,07-Sep-2023,Grocery,1,44.91,Cancelled,UPI
AMA-O5253,AMA-C7750,2024-03-08,Apparel,2,$105.64,Pending,Gift Card
AMA-O8210,AMA-C10076,27-Apr-2023,Beauty,1,30.16,Returned,Amazon Pay
AMA-O6110,AMA-C10495,06-Oct-2025,Sports & Outdoors,5,230.22,Delivered,Amazon Pay
AMA-O11981,AMA-C1221,01-Feb-2025,Books,2,28.76,Shipped,Amazon Pay
AMA-O12524,AMA-C3295,2024-08-09,Electronics,3,$92.66,Returned,Gift Card
AMA-O8458,AMA-C5263,2025-01-04,Home & Kitchen,3,260.43,Pending,UPI
AMA-O5925,AMA-C10395,06/10/2023,Electronics,-4,435.03,Shipped,Gift Card
AMA-O5905,AMA-C6985,29-Mar-2025,Home & Kitchen,2,218.52,Shipped,Debit Card
AMA-O5885,AMA-C10822,2023-07-02,Grocery,5,32.2,Delivered,Debit Card
AMA-O14932,AMA-C3960,02/16/2023,Toys,1,39.74,Shipped,Credit Card
AMA-O6423,AMA-C3999,18-Aug-2024,Home & Kitchen,4,$45.71,Delivered,Debit Card
AMA-O12731,AMA-C3783,15-Jul-2024,Books,4,$8.68,Delivered,Credit Card
AMA-O10925,AMA-C1198,29-Aug-2023,Beauty,1,42.11,Delivered,UPI
AMA-O8170,AMA-C1088,2025-09-15,Electronics,3,53.21,Shipped,Amazon Pay
AMA-O8737,AMA-C3853,06/14/2025,Sports & Outdoors,2,199.9,Returned,Amazon Pay
AMA-O11429,AMA-C7400,28-Nov-2023,Apparel,4,21.41,,Amazon Pay
AMA-O11163,AMA-C2239,2023-11-27,Electronics,2,116.48,Cancelled,Amazon Pay
AMA-O8887,AMA-C5633,09/21/2023,Sports & Outdoors,5,16.36,Returned,Debit Card
AMA-O12041,AMA-C2832,07/10/2023,Books,5,$27.51,,Credit Card
AMA-O13886,AMA-C2424,01/29/2023,Beauty,5,89.6,,Gift Card
AMA-O7074,AMA-C2847,06/26/2023,Toys,5,54.74,Delivered,Amazon Pay
AMA-O5868,AMA-C6592,2023-01-07,Grocery,2,19.8,,Gift Card
AMA-O12402,AMA-C3792,01/25/2025,Books,4,12.34,Delivered,Amazon Pay
AMA-O5772,AMA-C5863,02/02/2023,Books,5,34.03,Delivered,Credit Card
AMA-O6452,AMA-C4211,01/14/2025,Books,3,5.77,,Gift Card
AMA-O8792,AMA-C5562,27-Aug-2025,Books,1,$32.90,Pending,UPI
AMA-O9362,AMA-C9894,09/30/2024,Sports & Outdoors,2,139.47,Delivered,UPI
AMA-O14367,AMA-C10149,02/29/2024,Beauty,3,81.43,Delivered,Gift Card
AMA-O13587,AMA-C1333,11-Sep-2023,Books,3,35.2,Cancelled,Gift Card
AMA-O6693,AMA-C10966,2023-09-01,Electronics,2,295.03,Delivered,Gift Card
AMA-O11536,AMA-C9082,09-Aug-2024,Apparel,1,112.47,Cancelled,Gift Card
AMA-O8063,AMA-C1058,10-Sep-2025,Home & Kitchen,4,268.98,Delivered,Debit Card
AMA-O14553,AMA-C1866,2025-02-13,Toys,2,82.87,Returned,UPI
AMA-O14319,AMA-C6492,25-Oct-2024,Home & Kitchen,3,22.42,Delivered,UPI
AMA-O11630,AMA-C7891,30-Dec-2023,Home & Kitchen,3,172.15,Returned,Debit Card
AMA-O8071,AMA-C6862,2024-03-02,Grocery,1,9.51,Delivered,Debit Card
AMA-O5809,AMA-C3125,05/06/2024,Books,1,12.32,Delivered,Gift Card
AMA-O8496,AMA-C5923,03-Aug-2023,Sports & Outdoors,5,96.77,Delivered,UPI
AMA-O10847,AMA-C8580,09/15/2025,Electronics,2,73.16,Delivered,Credit Card
AMA-O9657,AMA-C6558,13-Feb-2024,Grocery,4,$34.39,Shipped,Gift Card
AMA-O6856,AMA-C6371,2025-07-09,Books,4,$19.13,Delivered,Credit Card
AMA-O9968,AMA-C6781,2025-03-24,Grocery,5,24.49,Shipped,UPI
AMA-O14285,AMA-C5621,15-Nov-2023,Grocery,1,38.29,Shipped,Debit Card
AMA-O12869,AMA-C1765,05-Mar-2024,Toys,1,$98.13,Delivered,Amazon Pay
AMA-O8195,AMA-C10810,04/13/2023,Grocery,3,36.69,Returned,Gift Card
AMA-O10702,AMA-C7027,09/19/2024,Home & Kitchen,4,69.9,Delivered,Gift Card
AMA-O12700,AMA-C2372,02-May-2024,Electronics,3,797.39,Returned,Credit Card
AMA-O10767,AMA-C9417,01/14/2024,Electronics,5,694.5,Delivered,Credit Card
AMA-O5577,AMA-C9136,10/19/2024,Books,1,$25.14,Cancelled,UPI
AMA-O11507,AMA-C9256,06/14/2025,Sports & Outdoors,1,157.79,Pending,Gift Card
AMA-O10153,AMA-C5831,09/30/2023,Beauty,4,87.23,Shipped,UPI
AMA-O6205,AMA-C4860,2025-08-11,Sports & Outdoors,2,188.78,Delivered,Credit Card
AMA-O10053,AMA-C3826,09/10/2024,Grocery,4,48.14,Shipped,UPI
AMA-O13934,AMA-C2133,2023-06-18,Electronics,3,551.24,Cancelled,Gift Card
AMA-O10093,AMA-C9191,07/30/2025,Apparel,2,67.15,Delivered,Credit Card
AMA-O14190,AMA-C6122,2024-06-13,Books,1,18.48,Cancelled,Debit Card
AMA-O14219,AMA-C2628,04/13/2023,Electronics,4,455.37,Cancelled,Debit Card
AMA-O5815,AMA-C10166,05-Jun-2023,Electronics,1,131.4,Delivered,Credit Card
AMA-O8134,AMA-C2364,01/23/2024,Beauty,5,33.17,Shipped,UPI
AMA-O12432,AMA-C5524,2024-03-15,Electronics,2,298.94,Cancelled,Credit Card
AMA-O8518,AMA-C2778,2024-01-23,Home & Kitchen,2,101.39,Returned,Gift Card
AMA-O8938,AMA-C9999,2023-02-18,Apparel,1,118.17,Delivered,Debit Card
AMA-O9931,AMA-C3431,2023-10-23,Toys,-5,$20.47,Shipped,Amazon Pay
AMA-O10445,AMA-C6995,11/27/2025,Books,3,19.59,Delivered,UPI
AMA-O12576,AMA-C3444,07/04/2023,Electronics,5,79.29,Delivered,Credit Card
AMA-O6802,AMA-C3898,23-Mar-2024,Electronics,1,408.52,Returned,UPI
AMA-O9493,AMA-C10722,2025-08-25,Books,3,$10.40,Delivered,Gift Card
AMA-O10398,AMA-C8264,03-Mar-2025,Toys,4,$76.64,Pending,Gift Card
AMA-O11469,AMA-C5720,08-Jul-2024,Apparel,2,$106.07,Delivered,Credit Card
AMA-O5743,AMA-C8986,27-Jul-2025,Toys,2,$59.07,,UPI
AMA-O6967,AMA-C4488,02/28/2025,Home & Kitchen,1,$189.28,Delivered,Gift Card
AMA-O14664,AMA-C1504,06/19/2023,Sports & Outdoors,2,23.36,Delivered,Credit Card
AMA-O14895,AMA-C8197,12/20/2025,Grocery,5,18.26,Delivered,Credit Card
AMA-O11625,AMA-C8242,10-Sep-2024,Apparel,4,80.57,Returned,Debit Card
AMA-O9956,AMA-C4724,02-Dec-2025,Apparel,1,26.82,Delivered,UPI
AMA-O8130,AMA-C4891,18-Apr-2023,Sports & Outdoors,5,85.18,Delivered,Gift Card
AMA-O7066,AMA-C5259,01/13/2024,Electronics,4,$383.06,Delivered,UPI
AMA-O13393,AMA-C6632,12/29/2024,Beauty,4,41.68,,Debit Card
AMA-O11887,AMA-C10790,2023-11-01,Books,5,38.64,Cancelled,Debit Card
AMA-O9219,AMA-C6970,01/31/2025,Apparel,3,43.91,,Gift Card
AMA-O13340,AMA-C6736,2024-02-15,Beauty,4,41.87,Delivered,Amazon Pay
AMA-O10967,AMA-C6363,12/15/2023,Books,2,22.21,Returned,Debit Card
AMA-O11550,AMA-C8917,2025-10-15,Books,5,20.16,Returned,Amazon Pay
AMA-O7054,AMA-C1410,15-Dec-2023,Beauty,5,69.79,Cancelled,UPI
AMA-O6929,AMA-C2228,2025-08-24,Apparel,5,102.58,Delivered,Gift Card
AMA-O7977,AMA-C10099,2025-02-22,Toys,4,$9.52,Delivered,Debit Card
AMA-O9886,AMA-C7361,09-Jan-2025,Sports & Outdoors,1,38.73,Delivered,Credit Card
AMA-O9670,AMA-C10698,2025-03-04,Grocery,4,$13.79,Returned,UPI
AMA-O11863,AMA-C9757,26-Dec-2023,Apparel,3,38.55,Delivered,Credit Card
AMA-O8657,AMA-C6108,2023-03-30,Apparel,1,$99.43,Pending,Debit Card
AMA-O8866,AMA-C9343,2025-01-08,Home & Kitchen,1,13.2,Pending,Amazon Pay
AMA-O7271,AMA-C4235,04/01/2023,Toys,1,88.56,Delivered,UPI
AMA-O9966,AMA-C1037,2025-05-06,Toys,5,16.0,Pending,Gift Card
AMA-O6871,AMA-C6834,2023-09-15,Home & Kitchen,2,295.95,Cancelled,Credit Card
AMA-O7244,AMA-C10869,11/04/2023,Toys,4,85.13,Delivered,Credit Card
AMA-O9723,AMA-C9938,02-Jun-2023,Home & Kitchen,1,124.8,Cancelled,Credit Card
AMA-O8912,AMA-C5572,20-Mar-2025,Grocery,4,$3.90,Pending,Debit Card
AMA-O13400,AMA-C5324,06/03/2024,Sports & Outdoors,1,94.61,Pending,Debit Card
AMA-O9776,AMA-C2759,09/12/2025,Electronics,5,658.0,Delivered,Credit Card
AMA-O13395,AMA-C8145,2025-11-11,Home & Kitchen,4,181.87,Delivered,UPI
AMA-O12791,AMA-C4196,2023-06-09,Beauty,2,$80.02,Shipped,Amazon Pay
AMA-O12678,AMA-C10655,03/12/2023,Electronics,1,33.91,Delivered,UPI
AMA-O9992,AMA-C3057,01-Feb-2025,Home & Kitchen,2,120.5,Returned,Gift Card
AMA-O6963,AMA-C9956,2023-09-14,Toys,5,$29.58,Returned,Debit Card
AMA-O5085,AMA-C4457,08/17/2025,Sports & Outdoors,4,107.03,Delivered,Amazon Pay
AMA-O9650,AMA-C8899,10/30/2025,Apparel,1,112.14,Cancelled,Credit Card
AMA-O5576,AMA-C6608,2024-08-18,Home & Kitchen,4,152.75,Pending,UPI
AMA-O9709,AMA-C10188,07/30/2025,Books,1,5.36,Shipped,Debit Card
AMA-O11589,AMA-C3189,2024-01-28,Beauty,1,63.43,Delivered,Credit Card
AMA-O9359,AMA-C10945,2025-09-29,Grocery,5,19.07,Returned,UPI
AMA-O5324,AMA-C10143,12/18/2024,Grocery,3,8.24,,Gift Card
AMA-O7270,AMA-C7691,09/05/2024,Sports & Outdoors,3,151.6,Cancelled,Debit Card
AMA-O8907,AMA-C5437,15-Aug-2024,Home & Kitchen,4,$36.54,Delivered,Credit Card
AMA-O7446,AMA-C1538,04-May-2023,Sports & Outdoors,4,82.55,Cancelled,Amazon Pay
AMA-O8036,AMA-C7928,15-Sep-2025,Home & Kitchen,5,$252.92,Returned,Debit Card
AMA-O9982,AMA-C5778,13-Mar-2025,Home & Kitchen,3,190.3,Pending,Debit Card
AMA-O13729,AMA-C9230,2025-05-28,Toys,5,75.31,Delivered,UPI
AMA-O10346,AMA-C9999,04/01/2023,Toys,1,20.11,Pending,UPI
AMA-O14414,AMA-C1020,13-Oct-2024,Home & Kitchen,2,229.74,,UPI
AMA-O5322,AMA-C1835,2024-06-03,Books,5,32.11,Shipped,Gift Card
AMA-O8975,AMA-C5705,04-Nov-2025,Electronics,4,265.86,Delivered,Gift Card
AMA-O14002,AMA-C4875,2023-05-12,Sports & Outdoors,1,26.61,Cancelled,Debit Card
AMA-O8007,AMA-C3299,10/13/2024,Grocery,2,54.04,Returned,UPI
AMA-O11427,AMA-C6076,14-Nov-2025,Toys,3,$49.88,Shipped,UPI
AMA-O12371,AMA-C10039,2024-07-26,Beauty,3,$49.71,Delivered,Credit Card
AMA-O6011,AMA-C5391,2023-09-23,Beauty,2,27.1,Cancelled,Debit Card
AMA-O14096,AMA-C2166,22-Jun-2023,Books,2,36.36,Pending,Gift Card
AMA-O14402,AMA-C5646,2023-05-25,Apparel,2,93.56,Delivered,UPI
AMA-O9846,AMA-C8956,10/13/2024,Toys,5,7.73,Delivered,Credit Card
AMA-O9374,AMA-C8590,2023-06-22,Books,2,12.51,Cancelled,Debit Card
AMA-O7021,AMA-C3875,2023-10-30,Electronics,1,569.01,Cancelled,Credit Card
AMA-O13273,AMA-C1502,23-Dec-2024,Books,3,27.21,Shipped,Amazon Pay
AMA-O14747,AMA-C9721,10-Nov-2024,Toys,4,65.62,Delivered,Gift Card
AMA-O5992,AMA-C9917,08/17/2023,Books,-4,24.88,Shipped,Debit Card
AMA-O14799,AMA-C10549,21-Dec-2025,Grocery,3,33.57,Delivered,Debit Card
AMA-O10379,AMA-C3335,02/15/2023,Toys,1,18.25,Delivered,UPI
AMA-O14949,AMA-C10205,2025-06-22,Books,2,21.7,Delivered,Credit Card
AMA-O10596,AMA-C6378,2025-05-23,Grocery,4,25.52,Delivered,UPI
AMA-O5731,AMA-C6036,02-Jul-2023,Electronics,2,$669.22,Delivered,Gift Card
AMA-O12394,AMA-C2780,01/25/2023,Beauty,3,89.19,,Gift Card
AMA-O11521,AMA-C2634,30-Oct-2023,Sports & Outdoors,4,$60.55,Delivered,Amazon Pay
AMA-O14745,AMA-C4481,2025-04-02,Grocery,2,47.31,Returned,Amazon Pay
AMA-O9581,AMA-C3551,07/10/2023,Grocery,4,30.4,Shipped,Amazon Pay
AMA-O6960,AMA-C2663,05-Jan-2024,Electronics,1,155.26,Delivered,Amazon Pay
AMA-O11987,AMA-C8256,2025-11-12,Toys,2,$62.10,Pending,UPI
AMA-O6524,AMA-C2050,06/27/2025,Home & Kitchen,1,294.13,,Amazon Pay
AMA-O6444,AMA-C1721,05/07/2023,Books,2,14.44,Returned,Debit Card
AMA-O12363,AMA-C1938,2024-12-23,Beauty,5,15.41,Cancelled,Credit Card
AMA-O10415,AMA-C1041,08/09/2023,Grocery,4,53.72,Delivered,Amazon Pay
AMA-O11747,AMA-C5206,01-Dec-2025,Sports & Outdoors,2,$151.35,Pending,Amazon Pay
AMA-O10997,AMA-C6750,18-Mar-2023,Electronics,2,368.22,Delivered,Amazon Pay
AMA-O7700,AMA-C7942,01/26/2023,Toys,2,41.61,Delivered,Amazon Pay
AMA-O10351,AMA-C7409,2024-10-03,Books,3,21.57,Shipped,UPI
AMA-O11909,AMA-C7482,2024-11-04,Grocery,5,31.95,Delivered,Gift Card
AMA-O13640,AMA-C4554,03/25/2023,Toys,2,49.64,Cancelled,Amazon Pay
AMA-O11641,AMA-C10007,05/25/2023,Books,5,11.03,Returned,UPI
AMA-O13653,AMA-C9968,2023-04-04,Toys,5,31.83,Delivered,Gift Card
AMA-O6611,AMA-C4579,2024-06-25,Sports & Outdoors,2,146.24,Delivered,Credit Card
AMA-O12923,AMA-C9376,2023-11-07,Sports & Outdoors,5,244.55,Shipped,Gift Card
AMA-O5493,AMA-C5254,2025-07-04,Electronics,4,$270.53,Pending,Credit Card
AMA-O5534,AMA-C8065,11/30/2025,Sports & Outdoors,5,57.7,Pending,Gift Card
AMA-O13179,AMA-C9792,18-Sep-2024,Electronics,-5,497.97,Pending,Debit Card
AMA-O8427,AMA-C4764,01/13/2025,Grocery,3,2.2,Returned,Debit Card
AMA-O10262,AMA-C7448,2023-10-17,Home & Kitchen,2,68.55,Cancelled,UPI
AMA-O6975,AMA-C9196,2024-08-17,Grocery,5,43.26,Shipped,Gift Card
AMA-O6173,AMA-C5397,06-Jan-2024,Sports & Outdoors,5,233.79,Delivered,Amazon Pay
AMA-O8061,AMA-C7154,10/16/2023,Beauty,3,16.14,Delivered,Debit Card
AMA-O6678,AMA-C10977,07-Jul-2024,Toys,3,$7.78,Delivered,Credit Card
AMA-O12423,AMA-C9999,2025-03-10,Beauty,5,17.91,Delivered,Amazon Pay
AMA-O8425,AMA-C10305,2025-07-19,Books,3,$29.59,Pending,Gift Card
AMA-O9160,AMA-C7230,18-May-2025,Apparel,4,12.52,Delivered,Credit Card
AMA-O8030,AMA-C4788,05/16/2025,Grocery,1,53.6,Shipped,Gift Card
AMA-O10292,AMA-C4449,08/23/2024,Books,2,17.05,Delivered,Credit Card
AMA-O14793,AMA-C7515,04/30/2024,Sports & Outdoors,1,49.18,Delivered,Credit Card
AMA-O12288,AMA-C6078,06-Dec-2023,Electronics,1,$692.30,Delivered,Debit Card
AMA-O6867,AMA-C10134,2023-06-18,Books,5,21.12,Delivered,Credit Card
AMA-O11562,AMA-C6870,03-Sep-2023,Home & Kitchen,1,92.45,Delivered,Gift Card
AMA-O11412,AMA-C6336,09-Jul-2025,Apparel,1,99.37,Delivered,Debit Card
AMA-O5610,AMA-C6513,07/03/2024,Toys,5,30.63,Delivered,Debit Card
AMA-O12313,AMA-C9999,01/27/2024,Electronics,5,40.51,Cancelled,Amazon Pay
AMA-O8703,AMA-C1828,09/07/2023,Electronics,5,471.43,Delivered,Credit Card
AMA-O8103,AMA-C2247,2024-09-09,Apparel,5,20.73,Delivered,Amazon Pay
AMA-O5171,AMA-C5158,01-Sep-2025,Home & Kitchen,2,266.58,Cancelled,Gift Card
AMA-O6627,AMA-C2110,17-Apr-2023,Home & Kitchen,1,$32.34,Delivered,UPI
AMA-O11272,AMA-C1892,21-Aug-2023,Books,4,14.78,Shipped,Amazon Pay
AMA-O12598,AMA-C1149,02/15/2024,Beauty,1,71.93,Returned,Amazon Pay
AMA-O9216,AMA-C3222,30-Dec-2025,Electronics,1,494.76,Delivered,Gift Card
AMA-O12571,AMA-C7105,2024-11-09,Toys,4,92.5,Delivered,Credit Card
AMA-O5000,AMA-C4273,2023-02-05,Toys,5,77.76,Delivered,Amazon Pay
AMA-O9737,AMA-C6438,10/19/2023,Toys,3,10.17,Delivered,Amazon Pay
AMA-O6512,AMA-C2095,08/05/2024,Apparel,3,$112.27,Delivered,UPI
AMA-O7175,AMA-C8010,2024-06-24,Apparel,5,23.85,Delivered,UPI
AMA-O10730,AMA-C5009,2025-09-10,Beauty,2,6.72,Returned,Gift Card
AMA-O11750,AMA-C3149,15-Oct-2023,Grocery,5,55.99,Pending,Debit Card
AMA-O8353,AMA-C6538,07/24/2025,Beauty,-1,19.14,Cancelled,Debit Card
AMA-O13675,AMA-C1413,2024-07-17,Home & Kitchen,5,213.97,Delivered,Credit Card
AMA-O9051,AMA-C4370,08/02/2023,Books,4,$26.95,Delivered,Gift Card
AMA-O12727,AMA-C7576,2023-02-21,Apparel,3,19.29,Pending,Debit Card
AMA-O11704,AMA-C7574,28-Sep-2023,Sports & Outdoors,5,193.58,Delivered,Credit Card
AMA-O13771,AMA-C3811,2024-01-02,Sports & Outdoors,-4,207.17,Delivered,Gift Card
AMA-O9056,AMA-C7773,12/08/2025,Toys,1,93.02,Delivered,Debit Card
AMA-O5813,AMA-C6886,2025-07-06,Apparel,1,$14.09,Delivered,UPI
AMA-O14827,AMA-C4480,2023-03-15,Apparel,3,33.44,Delivered,UPI
AMA-O6768,AMA-C4809,18-Mar-2025,Books,2,37.57,Returned,Debit Card
AMA-O12201,AMA-C10190,11/07/2025,Grocery,1,2.97,Pending,UPI
AMA-O12967,AMA-C9867,01/21/2023,Apparel,3,28.25,Shipped,Amazon Pay
AMA-O13920,AMA-C10807,2024-09-10,Home & Kitchen,1,68.63,Returned,Debit Card
AMA-O12326,AMA-C9525,09/08/2024,Toys,5,49.05,Shipped,Gift Card
AMA-O12942,AMA-C5901,2023-04-20,Beauty,3,8.1,Delivered,Debit Card
AMA-O8325,AMA-C10447,09/08/2024,Books,5,$21.88,Delivered,Gift Card
AMA-O6641,AMA-C10108,21-Jun-2023,Sports & Outdoors,4,143.84,,UPI
AMA-O9942,AMA-C4605,22-Mar-2025,Electronics,2,435.42,,Gift Card
AMA-O13100,AMA-C5788,06/21/2024,Home & Kitchen,4,136.31,Shipped,Credit Card
AMA-O9767,AMA-C2844,2025-10-20,Beauty,4,86.65,Cancelled,Amazon Pay
AMA-O7750,AMA-C7940,18-Nov-2023,Electronics,2,624.83,Delivered,Amazon Pay
AMA-O14562,AMA-C10699,2025-07-21,Apparel,4,104.77,Cancelled,Amazon Pay
AMA-O13148,AMA-C1868,2025-11-15,Toys,1,66.35,Shipped,Amazon Pay
AMA-O8606,AMA-C8807,01/30/2025,Books,3,18.05,Delivered,Amazon Pay
AMA-O12783,AMA-C1983,2024-11-08,Home & Kitchen,3,86.21,Delivered,Gift Card
AMA-O6773,AMA-C2206,2024-02-19,Apparel,3,54.54,Pending,Debit Card
AMA-O7149,AMA-C5048,2023-09-21,Electronics,5,483.56,Delivered,Credit Card
AMA-O5911,AMA-C8382,09/14/2024,Books,3,12.61,Shipped,Amazon Pay
AMA-O10148,AMA-C7827,2025-03-19,Apparel,4,109.82,Pending,Debit Card
AMA-O10834,AMA-C6396,2024-03-22,Grocery,4,$28.09,Delivered,Debit Card
AMA-O14446,AMA-C3756,2024-03-13,Home & Kitchen,4,215.14,Pending,UPI
AMA-O5599,AMA-C10888,14-Jul-2023,Books,5,34.23,Returned,Gift Card
AMA-O10161,AMA-C6814,2023-05-07,Grocery,2,$18.97,Pending,UPI
AMA-O6675,AMA-C5927,2025-07-06,Beauty,2,89.34,Pending,Amazon Pay
AMA-O7882,AMA-C7997,26-Jan-2024,Books,1,24.67,Delivered,Amazon Pay
AMA-O9077,AMA-C5606,2025-03-05,Toys,1,$49.55,Delivered,Debit Card
AMA-O14377,AMA-C9542,25-May-2025,Books,1,$28.51,Returned,UPI
AMA-O13531,AMA-C1806,2023-01-06,Sports & Outdoors,4,149.52,Delivered,Credit Card
AMA-O11055,AMA-C9445,12-Sep-2023,Grocery,3,$18.38,Shipped,Gift Card
AMA-O5018,AMA-C8165,12/23/2024,Grocery,1,34.49,Delivered,UPI
AMA-O8940,AMA-C10740,2023-01-16,Toys,2,5.96,Delivered,Gift Card
AMA-O5631,AMA-C9125,2023-04-04,Books,5,$24.71,Returned,Gift Card
AMA-O10490,AMA-C10889,28-Aug-2024,Beauty,5,$87.09,Returned,Debit Card
AMA-O6283,AMA-C6260,08/01/2023,Beauty,2,15.11,Returned,UPI
AMA-O13610,AMA-C10470,2024-01-17,Books,5,32.48,Returned,Gift Card
AMA-O9155,AMA-C4568,2025-06-05,Electronics,3,721.85,Cancelled,Amazon Pay
AMA-O13163,AMA-C3907,2025-08-19,Electronics,3,201.15,Pending,Gift Card
AMA-O9163,AMA-C5437,26-Nov-2023,Apparel,2,73.32,Shipped,Gift Card
AMA-O11235,AMA-C10599,04/11/2023,Toys,4,95.94,Delivered,UPI
AMA-O7651,AMA-C6504,2024-11-15,Sports & Outdoors,5,50.45,Delivered,UPI
AMA-O6892,AMA-C7384,22-Jan-2025,Books,1,5.63,Cancelled,UPI
AMA-O14537,AMA-C5590,06-Jan-2023,Books,4,27.13,Cancelled,Credit Card
AMA-O6601,AMA-C8312,2024-06-20,Apparel,-1,$27.88,Shipped,Credit Card
AMA-O13029,AMA-C7575,12/11/2025,Home & Kitchen,5,216.53,Delivered,Gift Card
AMA-O7973,AMA-C4173,11/12/2024,Grocery,3,39.03,Delivered,Amazon Pay
AMA-O5511,AMA-C9908,09/11/2024,Apparel,4,$60.52,Delivered,Gift Card
AMA-O11117,AMA-C7311,01/24/2023,Toys,2,44.82,Cancelled,Amazon Pay
AMA-O7923,AMA-C2998,03/05/2025,Home & Kitchen,4,253.22,Delivered,Amazon Pay
AMA-O11600,AMA-C10027,06/17/2023,Sports & Outdoors,4,95.27,Returned,Credit Card
AMA-O5679,AMA-C10655,2023-09-20,Toys,4,96.78,Delivered,Gift Card
AMA-O12009,AMA-C10267,18-Jul-2024,Beauty,3,79.37,Shipped,Debit Card
AMA-O5688,AMA-C2027,09/12/2024,Sports & Outdoors,2,85.95,Delivered,Credit Card
AMA-O6844,AMA-C4369,10-Dec-2024,Grocery,4,53.13,Returned,UPI
AMA-O5351,AMA-C9099,25-Oct-2023,Books,5,21.06,Cancelled,Amazon Pay
AMA-O8682,AMA-C9999,11/27/2024,Home & Kitchen,2,$270.19,Cancelled,Credit Card
AMA-O14710,AMA-C1944,2025-11-16,Books,2,20.04,Pending,Gift Card
AMA-O7252,AMA-C3874,09-Jun-2025,Apparel,2,82.84,Delivered,Credit Card
AMA-O10124,AMA-C2288,11/13/2025,Electronics,4,72.38,Pending,Credit Card
AMA-O6455,AMA-C6107,2024-11-18,Apparel,5,$54.48,Pending,Gift Card
AMA-O7979,AMA-C3375,20-Feb-2023,Books,3,29.34,Shipped,Debit Card
AMA-O8508,AMA-C10712,2025-05-11,Sports & Outdoors,4,99.6,Shipped,Amazon Pay
AMA-O10700,AMA-C1181,18-May-2023,Sports & Outdoors,2,170.95,Shipped,Amazon Pay
AMA-O9838,AMA-C1944,07/15/2024,Toys,3,86.84,,UPI
AMA-O14960,AMA-C1209,04/27/2023,Electronics,5,93.39,Returned,Amazon Pay
AMA-O14034,AMA-C7817,2025-07-01,Books,2,17.39,Returned,Debit Card
AMA-O13727,AMA-C10076,06/14/2024,Sports & Outdoors,4,$166.34,Cancelled,Debit Card
AMA-O11914,AMA-C4238,09-Apr-2024,Apparel,1,48.97,Delivered,Debit Card
AMA-O13744,AMA-C3618,2025-11-14,Electronics,1,675.63,Delivered,Debit Card
AMA-O8386,AMA-C3604,16-Sep-2023,Beauty,5,52.44,,Gift Card
AMA-O7198,AMA-C3374,10/16/2025,Home & Kitchen,2,$280.94,Returned,Credit Card
AMA-O12978,AMA-C8166,02/14/2024,Electronics,5,508.46,Pending,Credit Card
AMA-O13588,AMA-C2787,07/20/2024,Electronics,3,331.52,Returned,Debit Card
AMA-O13476,AMA-C9372,2025-09-24,Sports & Outdoors,2,178.61,Delivered,Debit Card
AMA-O10889,AMA-C7900,2024-03-07,Books,2,14.69,Pending,Gift Card
AMA-O6231,AMA-C2530,03-Dec-2024,Apparel,4,$34.67,Returned,Debit Card
AMA-O6862,AMA-C8544,2025-05-03,Toys,5,38.16,Shipped,Gift Card
AMA-O14230,AMA-C1419,2023-05-14,Home & Kitchen,2,275.15,Delivered,Credit Card
AMA-O10481,AMA-C8649,23-Jul-2023,Toys,2,21.49,Delivered,Amazon Pay
AMA-O12037,AMA-C8356,05-May-2023,Books,4,13.77,Cancelled,Gift Card
AMA-O12771,AMA-C4375,14-Jun-2024,Books,2,7.31,Cancelled,Amazon Pay
AMA-O8390,AMA-C8758,26-Dec-2023,Grocery,1,51.92,Delivered,Credit Card
AMA-O8714,AMA-C6894,08/16/2024,Grocery,2,$6.93,,Amazon Pay
AMA-O6038,AMA-C1589,2023-05-16,Grocery,2,49.99,Returned,Credit Card
AMA-O13959,AMA-C7910,25-Oct-2024,Electronics,5,385.4,Delivered,Credit Card
AMA-O14503,AMA-C3078,01/10/2023,Electronics,2,653.89,Pending,Debit Card
AMA-O12475,AMA-C1116,2023-11-02,Apparel,4,54.48,Delivered,Gift Card
AMA-O9898,AMA-C2506,04/04/2025,Electronics,1,236.74,Cancelled,Gift Card
AMA-O11266,AMA-C10365,12/31/2024,Books,4,22.0,Delivered,Gift Card
AMA-O8132,AMA-C8052,2025-09-25,Toys,1,61.06,Pending,Credit Card
AMA-O9975,AMA-C9938,2023-07-28,Grocery,2,46.11,Delivered,Amazon Pay
AMA-O11485,AMA-C4732,08-Aug-2025,Beauty,5,$75.97,Delivered,Credit Card
AMA-O11898,AMA-C1246,08-Jan-2025,Sports & Outdoors,4,$213.75,Shipped,Debit Card
AMA-O7519,AMA-C1977,2023-04-20,Books,3,29.63,Pending,Credit Card
AMA-O9263,AMA-C6240,2024-02-21,Electronics,1,$217.20,Cancelled,Amazon Pay
AMA-O5839,AMA-C1492,07/29/2023,Sports & Outdoors,1,106.62,Delivered,Debit Card
AMA-O11812,AMA-C4536,17-May-2024,Books,3,19.82,Delivered,Credit Card
AMA-O6982,AMA-C4934,21-Feb-2025,Toys,2,44.73,Pending,Amazon Pay
AMA-O8478,AMA-C5242,11/09/2025,Books,3,$24.25,,UPI
AMA-O11388,AMA-C1095,2025-10-01,Electronics,3,130.63,Delivered,Credit Card
AMA-O13457,AMA-C8068,11-May-2024,Beauty,4,74.6,Shipped,Gift Card
AMA-O7507,AMA-C1539,07-Feb-2024,Electronics,2,$139.12,Returned,Credit Card
AMA-O6012,AMA-C6680,12/20/2024,Grocery,2,7.24,Returned,Credit Card
AMA-O9697,AMA-C7545,2025-03-29,Beauty,5,48.78,Returned,UPI
AMA-O12148,AMA-C4143,2024-09-10,Home & Kitchen,1,$285.78,,Debit Card
AMA-O6925,AMA-C4202,07/21/2024,Books,5,33.62,Delivered,Amazon Pay
AMA-O14364,AMA-C9322,2025-08-12,Home & Kitchen,2,48.42,Delivered,Amazon Pay
AMA-O10179,AMA-C10629,09/17/2023,Books,2,36.31,Delivered,Credit Card
AMA-O5166,AMA-C8057,27-Jun-2023,Toys,2,37.1,Pending,Gift Card
AMA-O8395,AMA-C6124,2024-11-18,Toys,1,32.12,Pending,Amazon Pay
AMA-O10611,AMA-C9247,22-Apr-2024,Toys,5,40.58,Returned,UPI
AMA-O11900,AMA-C9373,04/05/2025,Electronics,4,$263.51,Delivered,Debit Card
AMA-O8741,AMA-C2194,04/16/2024,Home & Kitchen,-2,$222.92,Delivered,Debit Card
AMA-O10947,AMA-C10831,15-Sep-2023,Sports & Outdoors,1,218.06,Returned,Credit Card
AMA-O6531,AMA-C10732,11/07/2023,Sports & Outdoors,-2,130.35,Delivered,Credit Card
AMA-O7709,AMA-C6938,21-Aug-2025,Grocery,3,2.91,Returned,UPI
AMA-O8647,AMA-C7603,04-Dec-2025,Home & Kitchen,3,232.07,Delivered,Amazon Pay
AMA-O6518,AMA-C2000,12/10/2024,Home & Kitchen,4,44.33,Delivered,Credit Card
AMA-O8447,AMA-C3556,2025-09-03,Apparel,4,16.1,Shipped,Credit Card
AMA-O11518,AMA-C2221,11/18/2023,Electronics,3,569.71,Cancelled,Credit Card
AMA-O5627,AMA-C3290,07-Jan-2024,Electronics,1,$223.12,Delivered,UPI
AMA-O6337,AMA-C4551,2024-03-14,Books,-2,5.06,Pending,Credit Card
AMA-O13954,AMA-C6533,25-Jun-2025,Apparel,1,26.55,Delivered,UPI
AMA-O14687,AMA-C10719,2024-05-19,Electronics,5,356.72,Returned,Amazon Pay
AMA-O11399,AMA-C8156,29-Aug-2024,Home & Kitchen,1,273.16,Cancelled,Credit Card
AMA-O9228,AMA-C2979,10/19/2024,Grocery,4,32.67,Delivered,UPI
AMA-O6409,AMA-C10856,29-Oct-2024,Sports & Outdoors,5,$168.39,Delivered,Credit Card
AMA-O5219,AMA-C2510,03/20/2025,Toys,2,48.17,Pending,Amazon Pay
AMA-O8315,AMA-C5809,2024-01-12,Grocery,4,32.93,Cancelled,Gift Card
AMA-O13539,AMA-C3260,22-Sep-2023,Sports & Outdoors,5,52.58,Delivered,UPI
AMA-O9792,AMA-C1843,02-Feb-2025,Grocery,4,37.74,Cancelled,UPI
AMA-O11740,AMA-C4013,2025-06-21,Books,2,10.54,Delivered,Credit Card
AMA-O13129,AMA-C2734,03/19/2025,Books,2,$33.99,Pending,Amazon Pay
AMA-O7395,AMA-C9999,2023-03-29,Sports & Outdoors,5,107.5,Delivered,Debit Card
AMA-O9037,AMA-C5884,08-Dec-2024,Grocery,-2,7.25,Delivered,UPI
AMA-O7523,AMA-C3335,2024-10-31,Toys,2,98.92,Delivered,Credit Card
AMA-O11279,AMA-C8036,12/26/2024,Electronics,2,202.53,Delivered,Debit Card
AMA-O14526,AMA-C4831,15-Jan-2025,Books,5,38.37,Delivered,UPI
AMA-O6075,AMA-C7940,2024-09-12,Electronics,3,643.83,Pending,Gift Card
AMA-O6499,AMA-C1411,07/04/2025,Books,3,6.95,Cancelled,Debit Card
AMA-O13550,AMA-C1379,2023-08-05,Books,3,6.88,Delivered,UPI
AMA-O5489,AMA-C2979,23-Nov-2023,Sports & Outdoors,4,17.85,Delivered,Debit Card
AMA-O9242,AMA-C4028,14-Jan-2025,Toys,4,$75.01,,Amazon Pay
AMA-O13543,AMA-C1977,2025-03-12,Beauty,4,69.56,Shipped,UPI
AMA-O14267,AMA-C9575,2023-11-14,Home & Kitchen,1,118.36,Pending,UPI
AMA-O14104,AMA-C2331,2024-08-23,Apparel,3,42.39,Cancelled,Credit Card
AMA-O13483,AMA-C4539,2024-04-17,Home & Kitchen,2,248.16,Delivered,Credit Card
AMA-O12236,AMA-C9890,2024-12-15,Grocery,2,56.51,Cancelled,UPI
AMA-O13000,AMA-C6402,2025-08-04,Toys,5,10.93,Delivered,Amazon Pay
AMA-O14293,AMA-C6450,12/24/2024,Books,4,14.73,Delivered,Amazon Pay
AMA-O7776,AMA-C4153,2024-06-29,Home & Kitchen,4,$15.54,Delivered,Amazon Pay
AMA-O13276,AMA-C3795,08/18/2024,Books,3,$25.17,Cancelled,Credit Card
AMA-O9424,AMA-C2723,06-Dec-2023,Grocery,1,15.2,Shipped,Debit Card
AMA-O10645,AMA-C7561,05-Nov-2024,Sports & Outdoors,4,73.05,Shipped,Credit Card
AMA-O6241,AMA-C5304,07-Jan-2025,Sports & Outdoors,2,95.85,Pending,Debit Card
AMA-O11742,AMA-C6514,19-Jul-2024,Home & Kitchen,4,91.73,Delivered,UPI
AMA-O13041,AMA-C5592,09-Sep-2025,Grocery,2,29.72,Pending,Debit Card
AMA-O6466,AMA-C7048,29-Dec-2024,Toys,5,16.39,Shipped,Debit Card
AMA-O10442,AMA-C10188,11/20/2023,Beauty,5,22.66,Cancelled,UPI
AMA-O8085,AMA-C9812,31-Aug-2025,Apparel,4,$93.62,Pending,Debit Card
AMA-O6750,AMA-C3825,2024-12-21,Beauty,1,71.22,Delivered,Debit Card
AMA-O8062,AMA-C3179,2024-10-12,Beauty,1,$79.66,Cancelled,UPI
AMA-O13766,AMA-C6614,11/08/2023,Toys,1,$17.20,Delivered,Gift Card
AMA-O11829,AMA-C5254,2023-12-14,Books,4,5.81,Delivered,Amazon Pay
AMA-O10800,AMA-C5191,14-Dec-2025,Beauty,3,8.92,Delivered,Amazon Pay
AMA-O5397,AMA-C6794,2025-03-31,Apparel,2,$77.96,Shipped,Amazon Pay
AMA-O13450,AMA-C4274,12/06/2024,Home & Kitchen,3,211.42,Delivered,Credit Card
AMA-O12149,AMA-C10916,2024-04-27,Beauty,4,51.35,Pending,Gift Card
AMA-O10595,AMA-C7514,2023-01-22,Books,5,15.02,Delivered,Gift Card
AMA-O11899,AMA-C5999,07/11/2023,Electronics,1,139.43,Returned,Debit Card
AMA-O14009,AMA-C8094,17-Apr-2024,Grocery,2,$58.84,Shipped,Credit Card
AMA-O12828,AMA-C9611,11/07/2024,Home & Kitchen,4,$295.73,Delivered,Credit Card
AMA-O10035,AMA-C4539,2025-08-12,Beauty,4,26.56,Cancelled,Debit Card
AMA-O8460,AMA-C2025,2023-01-29,Sports & Outdoors,4,144.03,Cancelled,Credit Card
AMA-O13256,AMA-C10387,21-Nov-2025,Beauty,1,$65.20,Delivered,UPI
AMA-O5192,AMA-C6261,2024-03-09,Books,5,24.41,Shipped,Gift Card
AMA-O12809,AMA-C2148,2025-12-18,Apparel,1,72.93,Cancelled,Credit Card
AMA-O5502,AMA-C1946,05/02/2024,Beauty,1,6.54,Delivered,Gift Card
AMA-O9029,AMA-C9999,29-Apr-2024,Beauty,2,86.56,Cancelled,Amazon Pay
AMA-O9290,AMA-C8684,10-Mar-2025,Home & Kitchen,-2,161.23,Delivered,UPI
AMA-O14902,AMA-C4607,2023-09-10,Electronics,4,468.22,Pending,UPI
AMA-O11223,AMA-C2270,01-Feb-2023,Electronics,1,746.51,Returned,Credit Card
AMA-O12819,AMA-C4471,2023-03-06,Beauty,4,23.02,Delivered,Credit Card
AMA-O6851,AMA-C4210,2024-09-29,Beauty,5,58.89,Delivered,Credit Card
AMA-O11635,AMA-C8546,11/13/2023,Sports & Outdoors,4,217.74,Cancelled,UPI
AMA-O12448,AMA-C9811,2023-07-30,Toys,2,38.67,Delivered,UPI
AMA-O14926,AMA-C3207,11-Apr-2025,Home & Kitchen,4,180.51,Shipped,Gift Card
AMA-O8019,AMA-C2878,2025-11-02,Home & Kitchen,2,$192.54,Returned,Amazon Pay
AMA-O5338,AMA-C4542,13-Jan-2025,Home & Kitchen,2,120.28,Delivered,UPI
AMA-O12296,AMA-C6992,2025-09-13,Apparel,3,$115.51,Delivered,Credit Card
AMA-O13176,AMA-C3643,18-Jun-2025,Apparel,4,13.11,Shipped,UPI
AMA-O13753,AMA-C1641,18-Oct-2023,Beauty,5,$20.74,Delivered,Gift Card
AMA-O6855,AMA-C4281,2025-10-18,Home & Kitchen,3,$107.97,,UPI
AMA-O6149,AMA-C6247,01/07/2023,Toys,3,19.68,Delivered,Amazon Pay
AMA-O8803,AMA-C5623,08-Jul-2024,Grocery,3,34.11,Cancelled,UPI
AMA-O12980,AMA-C9077,28-Sep-2024,Sports & Outdoors,2,193.93,Shipped,Credit Card
AMA-O10793,AMA-C4798,10/12/2023,Sports & Outdoors,1,201.64,Cancelled,Credit Card
AMA-O8435,AMA-C7901,20-Aug-2024,Sports & Outdoors,3,37.55,Delivered,Gift Card
AMA-O13574,AMA-C2533,25-Jan-2023,Books,1,22.36,Delivered,Credit Card
AMA-O11159,AMA-C8811,03/12/2024,Beauty,3,25.11,Cancelled,Debit Card
AMA-O8051,AMA-C5639,2025-05-29,Grocery,1,$31.33,Shipped,Credit Card
AMA-O6978,AMA-C3140,07-Jan-2024,Electronics,1,742.67,Delivered,Credit Card
AMA-O5510,AMA-C3745,04/10/2024,Beauty,4,5.09,Delivered,Credit Card
AMA-O12527,AMA-C4421,2023-07-11,Books,3,27.9,Delivered,Credit Card
AMA-O8291,AMA-C3891,08/20/2025,Apparel,5,39.49,Delivered,UPI
AMA-O11072,AMA-C1230,2023-08-07,Sports & Outdoors,4,88.27,Returned,Gift Card
AMA-O12266,AMA-C4756,2025-07-12,Books,4,22.23,Pending,Amazon Pay
AMA-O8174,AMA-C4643,13-May-2024,Electronics,4,$674.87,Delivered,Gift Card
AMA-O7108,AMA-C1155,02-Jun-2025,Grocery,3,2.07,Delivered,Gift Card
AMA-O9113,AMA-C3902,2023-10-02,Grocery,3,46.29,Cancelled,Amazon Pay
AMA-O12975,AMA-C6846,04/05/2025,Electronics,3,24.3,Delivered,UPI
AMA-O8117,AMA-C4149,06-Apr-2025,Apparel,4,15.12,Delivered,Amazon Pay
AMA-O14685,AMA-C8809,15-Dec-2024,Apparel,4,80.27,Shipped,Credit Card
AMA-O9111,AMA-C10670,04/18/2024,Toys,3,$43.14,Pending,Credit Card
AMA-O10018,AMA-C9779,26-Nov-2025,Apparel,4,$69.18,Returned,UPI
AMA-O12868,AMA-C4768,07/27/2025,Sports & Outdoors,1,$98.00,Returned,Credit Card
AMA-O9890,AMA-C7069,2024-10-14,Toys,3,41.31,Delivered,Credit Card
AMA-O7136,AMA-C9960,12/22/2023,Grocery,3,$44.08,Shipped,Gift Card
AMA-O8405,AMA-C7509,04-Nov-2025,Home & Kitchen,3,$104.21,Cancelled,Gift Card
AMA-O9257,AMA-C6685,2024-03-13,Grocery,4,$12.61,Pending,Amazon Pay
AMA-O14447,AMA-C4487,08/19/2023,Books,5,$22.39,Delivered,UPI
AMA-O10666,AMA-C9931,25-Jan-2024,Sports & Outdoors,2,$47.09,Delivered,Gift Card
AMA-O13761,AMA-C6138,04-Jul-2025,Sports & Outdoors,2,24.12,Shipped,UPI
AMA-O7416,AMA-C6298,11/13/2023,Books,4,$25.95,Delivered,UPI
AMA-O7351,AMA-C9696,01/06/2024,Home & Kitchen,4,121.44,Delivered,Gift Card
AMA-O9348,AMA-C4109,01/20/2024,Grocery,3,52.15,Delivered,Amazon Pay
AMA-O13841,AMA-C10862,2023-04-29,Beauty,2,69.17,Delivered,Gift Card
AMA-O13669,AMA-C1868,04/07/2025,Home & Kitchen,3,$299.50,Delivered,Amazon Pay
AMA-O12437,AMA-C3954,26-Aug-2023,Toys,1,54.84,Returned,Credit Card
AMA-O9783,AMA-C4997,2025-10-20,Books,4,29.49,Delivered,UPI
AMA-O14258,AMA-C9139,2023-01-28,Sports & Outdoors,3,$195.03,Pending,Gift Card
AMA-O11729,AMA-C9999,25-Jan-2025,Beauty,3,53.84,Shipped,Gift Card
AMA-O13611,AMA-C7102,2023-10-27,Books,2,$31.56,Returned,Debit Card
AMA-O8275,AMA-C10588,03/29/2024,Beauty,2,$22.48,Pending,Credit Card
AMA-O5261,AMA-C9577,2025-08-31,Toys,2,23.65,Pending,Gift Card
AMA-O10921,AMA-C3163,26-Mar-2023,Apparel,1,21.97,Delivered,UPI
AMA-O12940,AMA-C2697,26-Oct-2023,Electronics,4,66.72,Delivered,Amazon Pay
AMA-O10094,AMA-C7907,2024-05-09,Beauty,3,54.54,Delivered,UPI
AMA-O8564,AMA-C9109,23-Jan-2025,Sports & Outdoors,2,86.47,Pending,UPI
AMA-O9967,AMA-C5700,2025-10-15,Sports & Outdoors,1,180.6,Shipped,Gift Card
AMA-O9377,AMA-C6044,04-Dec-2025,Beauty,5,19.76,Shipped,UPI
AMA-O11732,AMA-C6154,21-Apr-2023,Books,1,24.71,Pending,Debit Card
AMA-O13178,AMA-C6469,2025-05-27,Electronics,5,$509.19,Pending,Gift Card
AMA-O9477,AMA-C9880,2024-10-08,Sports & Outdoors,3,$171.02,,Credit Card
AMA-O13857,AMA-C3750,12/16/2025,Home & Kitchen,5,$120.05,Delivered,Credit Card
AMA-O13916,AMA-C3753,10/15/2023,Toys,3,45.05,Pending,UPI
AMA-O7186,AMA-C7368,06-Jul-2023,Grocery,2,57.25,Delivered,Credit Card
AMA-O10016,AMA-C6824,23-Aug-2025,Apparel,5,54.57,Cancelled,Credit Card
AMA-O10456,AMA-C6087,06/16/2023,Home & Kitchen,5,16.72,Pending,Amazon Pay
AMA-O5443,AMA-C1200,2025-11-30,Toys,1,91.13,Cancelled,Amazon Pay
AMA-O8577,AMA-C4118,12-Jul-2025,Electronics,1,223.73,Delivered,Debit Card
AMA-O14031,AMA-C4062,06/03/2024,Books,3,8.74,Delivered,Gift Card
AMA-O10249,AMA-C6000,2023-03-11,Apparel,1,75.29,Delivered,Amazon Pay
AMA-O14636,AMA-C2110,12-Jan-2024,Beauty,5,24.33,Shipped,Amazon Pay
AMA-O14583,AMA-C7858,2023-04-05,Home & Kitchen,5,120.51,Delivered,Amazon Pay
AMA-O13621,AMA-C7915,05/26/2024,Toys,5,67.27,Delivered,Gift Card
AMA-O14018,AMA-C3048,2024-01-09,Apparel,2,72.65,Shipped,Debit Card
AMA-O12415,AMA-C7026,2023-10-28,Books,5,12.56,Delivered,Amazon Pay
AMA-O8534,AMA-C9999,20-Dec-2024,Toys,5,47.73,Delivered,Amazon Pay
AMA-O8897,AMA-C10935,2023-04-08,Toys,5,65.95,Delivered,Credit Card
AMA-O10501,AMA-C5030,15-Oct-2023,Sports & Outdoors,3,184.7,Delivered,Gift Card
AMA-O11972,AMA-C1974,12/26/2025,Home & Kitchen,3,$289.62,Shipped,Debit Card
AMA-O13737,AMA-C8066,03-Sep-2023,Books,1,11.62,Returned,Debit Card
AMA-O13096,AMA-C4346,04-Jun-2025,Sports & Outdoors,3,184.67,Cancelled,UPI
AMA-O6312,AMA-C4610,12/31/2024,Books,5,25.41,Delivered,Amazon Pay
AMA-O11883,AMA-C1842,2024-12-25,Sports & Outdoors,3,$68.75,Returned,Credit Card
AMA-O13419,AMA-C10855,12/06/2024,Apparel,2,47.7,Returned,Amazon Pay
AMA-O8687,AMA-C8760,2024-04-02,Grocery,2,16.87,Delivered,Gift Card
AMA-O5769,AMA-C6284,10-Jul-2025,Grocery,4,35.02,Shipped,Debit Card
AMA-O8954,AMA-C1765,11/14/2024,Toys,5,24.46,Shipped,UPI
AMA-O13047,AMA-C1687,06/24/2024,Beauty,4,79.96,Returned,Amazon Pay
AMA-O7232,AMA-C9736,18-Feb-2024,Toys,1,41.15,Shipped,Credit Card
AMA-O7103,AMA-C1470,08/20/2025,Beauty,1,80.02,Cancelled,Gift Card
AMA-O7366,AMA-C5906,28-Mar-2024,Toys,5,$52.88,Returned,UPI
AMA-O7508,AMA-C10447,12-Nov-2024,Grocery,5,46.37,Returned,UPI
AMA-O6698,AMA-C1094,27-Oct-2025,Apparel,5,78.09,Cancelled,Debit Card
AMA-O7757,AMA-C10855,2023-08-17,Grocery,3,$15.78,Delivered,Amazon Pay
AMA-O7938,AMA-C7897,05/13/2024,Grocery,3,26.13,Delivered,Debit Card
AMA-O8552,AMA-C3251,12-May-2025,Electronics,3,36.51,Delivered,Credit Card
AMA-O7173,AMA-C9999,21-Nov-2024,Grocery,5,57.84,Returned,UPI
AMA-O14532,AMA-C2001,10/15/2023,Beauty,3,47.08,Delivered,Amazon Pay
AMA-O9793,AMA-C2512,2024-09-16,Beauty,1,$31.69,Delivered,Gift Card
AMA-O9976,AMA-C8457,2023-06-10,Grocery,2,11.21,Delivered,Gift Card
AMA-O8162,AMA-C10889,02-Oct-2025,Books,4,39.29,Pending,Amazon Pay
AMA-O8850,AMA-C8088,06/17/2023,Electronics,4,278.78,Pending,UPI
AMA-O7678,AMA-C5331,2024-02-22,Electronics,5,329.07,Shipped,Amazon Pay
AMA-O13981,AMA-C4385,09/20/2023,Electronics,4,525.11,Cancelled,Amazon Pay
AMA-O10328,AMA-C9999,2024-05-26,Toys,4,76.67,Shipped,Gift Card
AMA-O5937,AMA-C9871,07-Jun-2025,Home & Kitchen,5,29.71,Shipped,Amazon Pay
AMA-O5170,AMA-C8809,29-Oct-2024,Books,5,16.07,Pending,UPI
AMA-O5662,AMA-C6641,25-May-2023,Electronics,3,336.09,Pending,UPI
AMA-O6356,AMA-C10780,19-Feb-2024,Sports & Outdoors,5,$105.59,Cancelled,Gift Card
AMA-O7194,AMA-C9128,2024-01-06,Sports & Outdoors,4,138.81,Shipped,Debit Card
AMA-O8698,AMA-C3044,01-Mar-2023,Books,1,5.42,Shipped,Debit Card
AMA-O12903,AMA-C1399,13-Apr-2025,Home & Kitchen,4,293.19,,Credit Card
AMA-O13695,AMA-C8802,2025-02-14,Grocery,1,$25.96,Shipped,UPI
AMA-O6771,AMA-C9394,2024-09-29,Home & Kitchen,5,$149.36,Pending,Debit Card
AMA-O5279,AMA-C6988,2025-05-30,Sports & Outdoors,2,101.15,Delivered,Credit Card
AMA-O6180,AMA-C8347,10-Aug-2024,Home & Kitchen,4,224.2,,Debit Card
AMA-O12597,AMA-C8169,01/13/2024,Apparel,2,43.89,Pending,Gift Card
AMA-O13579,AMA-C10326,11/09/2023,Electronics,1,$355.44,Cancelled,Credit Card
AMA-O5426,AMA-C3049,2025-08-10,Grocery,1,41.38,Delivered,Credit Card
AMA-O14523,AMA-C10884,11/05/2025,Apparel,5,46.39,Shipped,UPI
AMA-O11848,AMA-C6956,02/02/2024,Grocery,3,3.87,Shipped,Amazon Pay
AMA-O10976,AMA-C10812,23-Jun-2024,Apparel,4,108.5,Pending,Credit Card
AMA-O9422,AMA-C3814,09-Aug-2025,Grocery,5,51.8,Cancelled,Gift Card
AMA-O11075,AMA-C2803,2023-07-29,Grocery,3,4.22,Shipped,Amazon Pay
AMA-O8399,AMA-C9080,12-Dec-2025,Apparel,4,$27.98,Cancelled,Debit Card
AMA-O13348,AMA-C7483,18-Jun-2025,Grocery,4,4.14,Returned,Gift Card
AMA-O8874,AMA-C9943,2024-12-07,Grocery,2,44.61,Shipped,Debit Card
AMA-O9638,AMA-C7662,07/18/2024,Electronics,3,$535.35,Shipped,Gift Card
AMA-O10192,AMA-C9300,2024-11-24,Books,1,22.49,,UPI
AMA-O8693,AMA-C1918,2025-10-02,Apparel,3,102.16,,Debit Card
AMA-O6091,AMA-C3357,09/07/2023,Grocery,2,$4.69,Cancelled,Debit Card
AMA-O12444,AMA-C4259,28-Mar-2023,Sports & Outdoors,4,15.33,Pending,Debit Card
AMA-O5682,AMA-C2946,06/03/2025,Books,4,$7.60,Pending,Credit Card
AMA-O8961,AMA-C2178,2024-12-09,Electronics,4,134.21,Delivered,Amazon Pay
AMA-O7808,AMA-C2597,17-Dec-2023,Toys,4,93.23,Delivered,UPI
AMA-O8401,AMA-C10071,24-Oct-2025,Sports & Outdoors,2,238.25,Pending,Debit Card
AMA-O9479,AMA-C4171,23-Sep-2023,Toys,5,89.06,Delivered,Gift Card
AMA-O9244,AMA-C4931,14-Apr-2023,Home & Kitchen,3,258.52,Delivered,Debit Card
AMA-O11353,AMA-C1244,14-Aug-2024,Books,4,25.43,Pending,Credit Card
AMA-O11700,AMA-C4226,2023-07-13,Toys,4,52.1,Shipped,Debit Card
AMA-O12197,AMA-C5870,2024-12-16,Toys,1,30.07,Delivered,Credit Card
AMA-O12153,AMA-C1758,2025-08-09,Sports & Outdoors,1,$48.71,Delivered,UPI
AMA-O14052,AMA-C8777,07/28/2023,Home & Kitchen,1,129.36,Delivered,Debit Card
AMA-O7396,AMA-C9549,03/17/2024,Apparel,3,55.48,Cancelled,UPI
AMA-O11261,AMA-C2072,07-Apr-2024,Books,1,29.79,Shipped,UPI
AMA-O10828,AMA-C2211,01/13/2024,Sports & Outdoors,2,$50.57,Returned,UPI
AMA-O8044,AMA-C7218,25-May-2025,Home & Kitchen,3,53.41,Returned,Amazon Pay
AMA-O12750,AMA-C2499,2025-11-30,Books,1,11.52,Cancelled,Debit Card
AMA-O6819,AMA-C2956,2025-02-12,Apparel,4,72.3,Cancelled,Debit Card
AMA-O8082,AMA-C9999,06-Feb-2025,Grocery,1,9.34,Delivered,Credit Card
AMA-O7701,AMA-C3183,2024-11-17,Toys,3,$98.61,Returned,UPI
AMA-O5829,AMA-C9071,05/13/2025,Apparel,-3,67.69,Delivered,UPI
AMA-O9104,AMA-C9466,17-Aug-2025,Grocery,1,4.77,Shipped,Amazon Pay
AMA-O8153,AMA-C8817,2025-08-10,Electronics,1,172.36,Delivered,Debit Card
AMA-O14301,AMA-C5481,2023-10-28,Grocery,5,$27.65,Pending,Credit Card
AMA-O14591,AMA-C1356,2023-10-08,Beauty,2,89.56,,UPI
AMA-O14303,AMA-C1419,17-Feb-2023,Books,3,36.29,Delivered,Gift Card
AMA-O13561,AMA-C7714,06/18/2025,Books,3,25.17,Shipped,Gift Card
AMA-O5923,AMA-C1060,2025-11-19,Home & Kitchen,1,295.14,Shipped,Credit Card
AMA-O9294,AMA-C10532,02/12/2023,Apparel,3,31.9,Delivered,Gift Card
AMA-O9190,AMA-C1090,01/18/2025,Sports & Outdoors,3,246.1,Delivered,Amazon Pay
AMA-O14712,AMA-C8479,04/10/2023,Grocery,3,25.7,Delivered,Debit Card
AMA-O9103,AMA-C5819,2024-09-01,Electronics,4,368.21,Pending,Amazon Pay
AMA-O9622,AMA-C8202,2024-03-13,Electronics,4,114.36,Pending,Gift Card
AMA-O9976,AMA-C8457,2023-06-10,Grocery,2,11.21,Delivered,Gift Card
AMA-O13468,AMA-C9013,2025-11-17,Toys,1,43.29,Pending,Gift Card
AMA-O7292,AMA-C1542,2023-05-15,Books,4,20.01,Shipped,UPI
AMA-O6081,AMA-C6660,10/09/2023,Grocery,3,$33.30,Pending,Gift Card
AMA-O9687,AMA-C1974,2025-05-18,Home & Kitchen,3,150.5,Delivered,Debit Card
AMA-O11132,AMA-C7413,03/30/2023,Electronics,3,$434.62,Delivered,Credit Card
AMA-O14917,AMA-C9385,11/29/2024,Books,5,11.71,Cancelled,UPI
AMA-O14075,AMA-C4936,06/23/2023,Beauty,1,58.27,Pending,Credit Card
AMA-O10991,AMA-C4540,12/10/2025,Electronics,2,159.43,Returned,UPI
AMA-O8717,AMA-C5546,25-May-2025,Sports & Outdoors,3,232.15,Shipped,UPI
AMA-O14982,AMA-C2691,04/10/2024,Apparel,2,12.26,Shipped,UPI
AMA-O9921,AMA-C1669,11-Sep-2025,Electronics,2,702.77,,Debit Card
AMA-O6575,AMA-C1179,2025-05-30,Books,1,23.63,Cancelled,Credit Card
AMA-O8895,AMA-C8919,2025-12-06,Toys,2,84.85,Delivered,Debit Card
AMA-O14229,AMA-C6002,01/24/2025,Electronics,3,555.97,Delivered,UPI
AMA-O12080,AMA-C8461,10/21/2023,Beauty,5,48.05,Pending,Amazon Pay
AMA-O10191,AMA-C6575,11-Aug-2023,Electronics,4,$406.38,Delivered,Amazon Pay
AMA-O13019,AMA-C6533,18-Sep-2023,Books,5,26.86,Shipped,Credit Card
AMA-O8228,AMA-C5723,2024-04-02,Grocery,4,25.21,Returned,Amazon Pay
AMA-O6869,AMA-C6780,01/17/2023,Beauty,4,88.18,Pending,Gift Card
AMA-O11226,AMA-C5568,2024-07-08,Electronics,3,56.86,Returned,Amazon Pay
AMA-O12328,AMA-C9202,06/25/2024,Sports & Outdoors,5,$74.39,Delivered,Credit Card
AMA-O12341,AMA-C3237,25-Sep-2023,Toys,4,38.42,Pending,Amazon Pay
AMA-O10111,AMA-C10316,2023-05-05,Beauty,2,10.55,Delivered,Debit Card
AMA-O14594,AMA-C7984,16-May-2024,Beauty,5,26.55,Cancelled,Gift Card
AMA-O9742,AMA-C1256,2025-11-09,Grocery,5,50.8,Returned,UPI
AMA-O7681,AMA-C8162,11/06/2023,Toys,2,75.18,Delivered,Amazon Pay
AMA-O9560,AMA-C1342,2023-08-03,Apparel,2,16.96,Delivered,UPI
AMA-O11838,AMA-C9371,10-Feb-2023,Sports & Outdoors,5,207.88,Delivered,Credit Card
AMA-O13750,AMA-C4146,14-Aug-2025,Sports & Outdoors,-1,133.12,,Gift Card
AMA-O6084,AMA-C8383,2023-11-21,Toys,2,76.53,Delivered,Credit Card
AMA-O12421,AMA-C1286,19-Sep-2023,Sports & Outdoors,3,$56.16,Delivered,Debit Card
AMA-O7727,AMA-C10540,03/23/2025,Grocery,2,45.49,Returned,Credit Card
AMA-O6721,AMA-C1923,2023-08-26,Beauty,4,64.37,Delivered,Debit Card
AMA-O13185,AMA-C4048,13-Mar-2024,Grocery,2,15.56,Returned,Gift Card
AMA-O11418,AMA-C2551,12/25/2024,Beauty,2,17.32,Shipped,Credit Card
AMA-O7775,AMA-C6403,11/26/2024,Apparel,2,39.93,Pending,Credit Card
AMA-O6664,AMA-C6506,02-Jan-2023,Home & Kitchen,2,29.72,Cancelled,Credit Card
AMA-O10475,AMA-C1269,03/27/2025,Beauty,1,$31.24,Delivered,Gift Card
AMA-O14661,AMA-C9448,2025-03-27,Sports & Outdoors,3,52.18,Pending,Debit Card
AMA-O9096,AMA-C5450,06/28/2025,Home & Kitchen,5,18.36,Delivered,Amazon Pay
AMA-O5747,AMA-C7146,08/18/2023,Grocery,2,35.02,Delivered,Gift Card
AMA-O5139,AMA-C4262,2024-10-09,Toys,3,98.29,Delivered,Amazon Pay
AMA-O9971,AMA-C10579,30-Nov-2023,Grocery,4,52.56,Delivered,UPI
AMA-O10451,AMA-C6179,01/14/2023,Home & Kitchen,1,138.32,Delivered,UPI
AMA-O5191,AMA-C7294,11/15/2023,Toys,4,53.59,Cancelled,Credit Card
AMA-O11037,AMA-C8377,2024-05-08,Books,5,$11.20,Cancelled,Debit Card
AMA-O14559,AMA-C5447,2024-10-03,Beauty,4,29.4,Returned,Credit Card
AMA-O11152,AMA-C8983,03-Mar-2023,Toys,1,35.93,Shipped,Credit Card
AMA-O11537,AMA-C8108,2023-07-14,Grocery,2,26.63,Returned,Credit Card
AMA-O14055,AMA-C1446,07/09/2023,Apparel,5,27.66,Cancelled,UPI
AMA-O10468,AMA-C3536,2024-10-22,Sports & Outdoors,4,$96.16,Shipped,UPI
AMA-O8760,AMA-C2536,22-Jul-2025,Electronics,1,462.6,Pending,Gift Card
AMA-O11404,AMA-C10495,02/18/2024,Books,4,14.95,Delivered,Credit Card
AMA-O7442,AMA-C9621,2024-12-21,Home & Kitchen,3,97.72,Delivered,Amazon Pay
AMA-O11136,AMA-C10061,15-Dec-2023,Books,3,26.58,,UPI
AMA-O5028,AMA-C3761,10/26/2025,Toys,4,76.33,Delivered,UPI
AMA-O8747,AMA-C1358,20-Oct-2024,Home & Kitchen,2,$101.22,Delivered,Credit Card
AMA-O13020,AMA-C6463,2023-06-20,Home & Kitchen,3,178.92,Delivered,UPI
AMA-O10763,AMA-C6107,2025-01-29,Home & Kitchen,3,$43.13,Cancelled,Debit Card
AMA-O10063,AMA-C1759,07/04/2023,Apparel,-3,23.79,Delivered,UPI
AMA-O10663,AMA-C6372,2025-06-27,Toys,4,71.65,Delivered,UPI
AMA-O8652,AMA-C4898,02-May-2025,Electronics,1,203.71,Returned,Gift Card
AMA-O12550,AMA-C4889,2025-05-16,Apparel,4,78.76,Cancelled,Gift Card
AMA-O7866,AMA-C1069,15-Jul-2024,Beauty,3,9.55,Cancelled,UPI
AMA-O7179,AMA-C5392,2024-06-19,Books,2,19.9,Delivered,Gift Card
AMA-O11433,AMA-C2707,22-May-2023,Apparel,4,33.98,Cancelled,UPI
AMA-O7045,AMA-C2916,2025-11-26,Grocery,3,35.81,Delivered,UPI
AMA-O12308,AMA-C2902,04/17/2023,Grocery,5,28.76,Delivered,Gift Card
AMA-O10833,AMA-C8052,11-Mar-2025,Toys,5,32.87,Pending,Credit Card
AMA-O7467,AMA-C9320,02/20/2025,Beauty,1,76.72,Cancelled,Debit Card
AMA-O13131,AMA-C6360,2023-07-05,Grocery,3,40.18,Delivered,Gift Card
AMA-O14014,AMA-C10200,26-Jun-2025,Books,1,$36.85,Delivered,Gift Card
AMA-O14213,AMA-C5432,03/19/2024,Sports & Outdoors,4,188.82,Delivered,UPI
AMA-O5970,AMA-C9117,09-Jul-2024,Electronics,5,$350.34,Returned,Gift Card
AMA-O5257,AMA-C4189,06-Mar-2023,Sports & Outdoors,3,70.18,Cancelled,Debit Card
AMA-O14579,AMA-C9099,06/13/2024,Electronics,1,487.29,,Debit Card
AMA-O13325,AMA-C6636,29-Jun-2023,Apparel,5,83.26,Delivered,UPI
AMA-O13880,AMA-C6920,2024-04-27,Grocery,3,42.98,Delivered,UPI
AMA-O12894,AMA-C9105,05/16/2025,Beauty,2,43.01,Delivered,Gift Card
AMA-O8354,AMA-C2922,02/04/2024,Sports & Outdoors,1,$28.60,Pending,Amazon Pay
AMA-O8641,AMA-C8100,03-Nov-2025,Toys,2,7.93,Delivered,Gift Card
AMA-O5893,AMA-C2343,12/29/2025,Sports & Outdoors,4,239.23,Delivered,Credit Card
AMA-O8531,AMA-C9161,24-Jan-2024,Apparel,5,$50.75,Delivered,Credit Card
AMA-O5896,AMA-C4358,2024-02-05,Toys,5,18.79,Shipped,Debit Card
AMA-O14719,AMA-C2037,23-Jan-2025,Apparel,2,111.61,Pending,Gift Card
AMA-O7545,AMA-C10816,2023-11-10,Sports & Outdoors,1,59.98,Delivered,Gift Card
AMA-O8918,AMA-C5184,04-Jul-2024,Apparel,3,37.07,Delivered,Gift Card
AMA-O12047,AMA-C10581,07/24/2025,Toys,1,9.6,Shipped,Credit Card
AMA-O5595,AMA-C4269,2023-04-19,Home & Kitchen,1,$197.52,Cancelled,Gift Card
AMA-O12056,AMA-C7639,06-Dec-2025,Electronics,1,$112.20,Delivered,Gift Card
AMA-O5243,AMA-C5624,2024-10-13,Apparel,2,54.64,Shipped,Debit Card
AMA-O9715,AMA-C2601,2024-07-04,Grocery,2,58.08,Delivered,UPI
AMA-O8928,AMA-C10338,22-May-2023,Beauty,3,$5.66,Cancelled,UPI
AMA-O7806,AMA-C1922,22-Dec-2023,Home & Kitchen,2,75.43,Shipped,Gift Card
AMA-O8092,AMA-C7736,2025-09-21,Grocery,2,$48.69,Cancelled,Amazon Pay
AMA-O10724,AMA-C9746,03/26/2024,Books,4,10.76,Returned,UPI
AMA-O11891,AMA-C8954,22-Sep-2024,Apparel,2,111.87,Cancelled,Amazon Pay
AMA-O13133,AMA-C7499,10/08/2025,Home & Kitchen,5,149.36,Delivered,Amazon Pay
AMA-O6558,AMA-C1721,30-Dec-2025,Electronics,3,260.47,Pending,Amazon Pay
AMA-O13309,AMA-C2069,05/14/2023,Beauty,2,16.98,Shipped,Credit Card
AMA-O14433,AMA-C3173,10/25/2024,Apparel,4,$105.83,Shipped,Gift Card
AMA-O14634,AMA-C9023,06/04/2024,Books,3,16.94,Cancelled,Amazon Pay
AMA-O12178,AMA-C1193,23-May-2023,Books,4,36.51,Delivered,Amazon Pay
AMA-O13281,AMA-C1755,2023-08-29,Books,3,$35.13,Delivered,UPI
AMA-O14074,AMA-C4028,2024-06-15,Toys,5,93.01,Returned,Amazon Pay
AMA-O5021,AMA-C4591,2025-12-02,Sports & Outdoors,4,195.46,Returned,UPI
AMA-O10679,AMA-C10271,2025-01-30,Apparel,4,55.48,Delivered,Credit Card
AMA-O14496,AMA-C2794,2025-12-02,Grocery,2,37.03,Delivered,Amazon Pay
AMA-O8184,AMA-C8712,07/28/2025,Books,3,10.91,Delivered,Debit Card
AMA-O11109,AMA-C3496,02/14/2025,Apparel,4,83.36,Cancelled,Debit Card
AMA-O8365,AMA-C8582,19-Nov-2025,Apparel,-2,26.99,Pending,Credit Card
AMA-O11488,AMA-C5866,2025-01-11,Grocery,3,45.61,Delivered,UPI
AMA-O5334,AMA-C8725,2024-11-28,Books,2,16.37,Returned,Debit Card
AMA-O12399,AMA-C2222,2025-02-08,Home & Kitchen,2,107.52,Delivered,Gift Card
AMA-O6063,AMA-C9905,02/28/2024,Home & Kitchen,2,186.67,Delivered,Debit Card
AMA-O7646,AMA-C6896,2024-07-08,Beauty,3,6.56,Cancelled,Amazon Pay
AMA-O12491,AMA-C8046,01/03/2023,Electronics,-2,371.63,Cancelled,Gift Card
AMA-O9673,AMA-C7810,09-Jun-2025,Sports & Outdoors,-4,$67.78,Delivered,Debit Card
AMA-O8149,AMA-C2553,2024-05-27,Books,1,17.96,Delivered,Gift Card
AMA-O13024,AMA-C5529,2023-07-01,Apparel,3,99.35,Delivered,Gift Card
AMA-O10182,AMA-C5938,2024-08-08,Beauty,2,70.67,Shipped,Credit Card
AMA-O8923,AMA-C4169,20-Dec-2023,Sports & Outdoors,1,39.59,Pending,Debit Card
AMA-O8138,AMA-C6705,03/09/2023,Apparel,2,24.45,Shipped,Amazon Pay
AMA-O5103,AMA-C2843,2023-04-10,Electronics,-2,396.1,Delivered,Credit Card
AMA-O6285,AMA-C10862,2023-10-30,Home & Kitchen,1,254.96,Delivered,Debit Card
AMA-O14498,AMA-C9666,10/24/2024,Electronics,4,431.17,Returned,Amazon Pay
AMA-O12229,AMA-C3582,18-Sep-2023,Home & Kitchen,1,65.55,Returned,UPI
AMA-O8734,AMA-C3651,2025-02-20,Sports & Outdoors,2,205.55,Returned,Credit Card
AMA-O9617,AMA-C1549,2023-03-05,Books,4,38.18,Returned,Amazon Pay
AMA-O14630,AMA-C3378,2025-10-24,Electronics,5,141.39,Delivered,Amazon Pay
AMA-O13595,AMA-C8171,06/14/2025,Sports & Outdoors,2,$185.80,Returned,Debit Card
AMA-O7611,AMA-C4228,2023-08-11,Toys,5,32.65,Delivered,Gift Card
AMA-O11001,AMA-C10597,09/11/2023,Sports & Outdoors,5,137.93,Delivered,Amazon Pay
AMA-O13557,AMA-C7835,10-Aug-2024,Home & Kitchen,4,80.67,Returned,UPI
AMA-O9133,AMA-C3494,11-Aug-2025,Apparel,4,71.51,Delivered,Gift Card
AMA-O13317,AMA-C5069,2025-01-15,Beauty,2,52.17,Returned,Debit Card
AMA-O9000,AMA-C10737,2023-11-19,Home & Kitchen,3,270.49,Delivered,UPI
AMA-O9093,AMA-C8362,06-Feb-2023,Apparel,4,98.71,Pending,Amazon Pay
AMA-O5949,AMA-C1969,14-Nov-2025,Books,5,8.7,Returned,Gift Card
AMA-O7412,AMA-C9637,27-Mar-2023,Books,5,$31.73,Shipped,UPI
AMA-O7111,AMA-C1398,19-Aug-2025,Grocery,4,49.61,Returned,Gift Card
AMA-O14629,AMA-C7902,2025-07-24,Books,5,22.7,Shipped,Debit Card
AMA-O12076,AMA-C5429,09/03/2025,Beauty,2,64.83,Delivered,Debit Card
AMA-O9480,AMA-C7930,24-Apr-2024,Sports & Outdoors,3,202.12,Delivered,Debit Card
AMA-O6378,AMA-C3463,13-Jun-2025,Grocery,4,$56.34,Shipped,UPI
AMA-O13167,AMA-C10802,2023-12-12,Apparel,5,64.57,Pending,Debit Card
AMA-O7457,AMA-C2289,2024-11-07,Books,1,39.95,Cancelled,Gift Card
AMA-O5884,AMA-C7462,23-Dec-2025,Electronics,1,407.16,Delivered,Gift Card
AMA-O14175,AMA-C10351,09/28/2023,Beauty,3,89.3,Delivered,Amazon Pay
AMA-O9110,AMA-C7639,2025-04-08,Books,5,$21.68,Shipped,UPI
AMA-O13613,AMA-C4056,2024-11-23,Books,2,22.78,Delivered,UPI
AMA-O9324,AMA-C2645,2025-11-16,Apparel,1,$85.31,Delivered,Credit Card
AMA-O7447,AMA-C8195,11/25/2023,Electronics,3,260.63,Returned,Credit Card
AMA-O9381,AMA-C6114,2024-06-19,Sports & Outdoors,5,171.09,Returned,Amazon Pay
AMA-O10677,AMA-C7425,04-May-2023,Toys,4,64.61,Shipped,Amazon Pay
AMA-O9019,AMA-C4805,06/07/2023,Electronics,5,63.13,Delivered,Amazon Pay
AMA-O10990,AMA-C8728,04/11/2025,Grocery,4,46.37,Returned,Credit Card
AMA-O5529,AMA-C1638,2025-11-07,Grocery,-3,38.44,Shipped,UPI
AMA-O12115,AMA-C10073,2023-02-02,Grocery,2,49.84,Delivered,Debit Card
AMA-O12830,AMA-C2468,16-Jan-2025,Electronics,5,316.63,Delivered,Amazon Pay
AMA-O6277,AMA-C8297,2025-06-08,Grocery,5,48.93,Delivered,Credit Card
AMA-O13876,AMA-C2779,17-Jan-2023,Books,5,38.57,Pending,UPI
AMA-O13993,AMA-C1552,02-Feb-2023,Sports & Outdoors,4,177.82,Delivered,Gift Card
AMA-O13765,AMA-C1160,12/13/2024,Grocery,3,45.82,Delivered,UPI
AMA-O12870,AMA-C9900,2025-03-22,Sports & Outdoors,1,156.84,Pending,Credit Card
AMA-O12622,AMA-C3047,2024-02-03,Sports & Outdoors,1,240.52,Delivered,Amazon Pay
AMA-O10860,AMA-C9371,04/25/2025,Electronics,1,$727.47,,UPI
AMA-O5835,AMA-C3724,2025-03-11,Electronics,2,309.29,Cancelled,Gift Card
AMA-O9727,AMA-C7399,2024-11-16,Sports & Outdoors,4,89.35,Cancelled,Gift Card
AMA-O10725,AMA-C3616,2025-03-10,Electronics,2,239.75,,Gift Card
AMA-O14988,AMA-C10137,21-Sep-2024,Beauty,2,$42.16,Returned,Credit Card
AMA-O12738,AMA-C6469,07/01/2023,Beauty,1,20.93,Delivered,Amazon Pay
AMA-O9080,AMA-C2105,18-Feb-2024,Toys,1,37.05,Delivered,Gift Card
AMA-O8618,AMA-C2655,02-Oct-2024,Electronics,4,$639.72,Returned,Amazon Pay
AMA-O6117,AMA-C9553,07/29/2025,Home & Kitchen,5,289.32,Cancelled,Credit Card
AMA-O8348,AMA-C7341,18-May-2024,Books,5,$36.15,Delivered,Gift Card
AMA-O9918,AMA-C2632,06-Oct-2023,Books,4,14.34,Delivered,UPI
AMA-O10371,AMA-C6225,09-Mar-2024,Toys,1,40.41,Pending,Debit Card
AMA-O7157,AMA-C5624,2024-04-01,Toys,5,12.69,,UPI
AMA-O8838,AMA-C8354,2024-08-08,Electronics,4,$688.65,Delivered,Debit Card
AMA-O9322,AMA-C7929,2025-12-11,Apparel,5,20.9,Delivered,Debit Card
AMA-O7945,AMA-C7819,21-Mar-2023,Apparel,3,37.98,Pending,Credit Card
AMA-O11344,AMA-C1861,14-Dec-2025,Electronics,3,83.12,Delivered,Amazon Pay
AMA-O9268,AMA-C2370,12/06/2024,Electronics,4,$623.88,Delivered,Credit Card
AMA-O13013,AMA-C9422,2024-03-03,Apparel,1,$55.02,Delivered,Debit Card
AMA-O5448,AMA-C5642,01/25/2023,Toys,5,87.17,Pending,Credit Card
AMA-O10773,AMA-C2251,01/01/2025,Beauty,1,54.16,Shipped,Gift Card
AMA-O14775,AMA-C2251,2024-08-07,Home & Kitchen,5,145.9,Delivered,Debit Card
AMA-O14181,AMA-C10066,06-Oct-2025,Apparel,2,90.74,Cancelled,Amazon Pay
AMA-O13320,AMA-C3860,14-Oct-2024,Apparel,3,82.83,Cancelled,Debit Card
AMA-O8023,AMA-C10403,2025-08-18,Grocery,2,3.44,Shipped,Gift Card
AMA-O7342,AMA-C10247,02-Jul-2025,Books,4,39.71,,Debit Card
AMA-O8209,AMA-C7070,25-Dec-2025,Home & Kitchen,-2,226.33,Cancelled,Credit Card
AMA-O9728,AMA-C7432,03/10/2025,Home & Kitchen,2,$125.60,Delivered,UPI
AMA-O7371,AMA-C8843,2023-10-29,Beauty,3,$86.20,Delivered,Gift Card
AMA-O11306,AMA-C8157,18-Nov-2025,Books,4,$30.68,Delivered,Credit Card
AMA-O8453,AMA-C6126,2023-05-18,Home & Kitchen,1,253.89,Returned,UPI
AMA-O11858,AMA-C9276,16-Jun-2023,Home & Kitchen,3,214.99,Pending,Gift Card
AMA-O7904,AMA-C3889,2025-01-02,Beauty,5,26.56,Cancelled,Amazon Pay
AMA-O10338,AMA-C5372,09-Jul-2023,Apparel,1,$41.47,Delivered,UPI
AMA-O5413,AMA-C8829,2023-08-11,Apparel,4,100.19,Shipped,Gift Card
AMA-O6461,AMA-C3315,2023-01-14,Electronics,4,$356.54,Pending,Debit Card
AMA-O7474,AMA-C10204,2023-02-03,Sports & Outdoors,3,45.67,Delivered,Debit Card
AMA-O8311,AMA-C8674,12/02/2025,Beauty,5,37.48,Delivered,Amazon Pay
AMA-O8094,AMA-C2086,06/12/2023,Sports & Outdoors,4,$64.00,Pending,Amazon Pay
AMA-O8202,AMA-C3684,01-Apr-2025,Apparel,3,88.73,Delivered,Amazon Pay
AMA-O11351,AMA-C1471,2024-12-06,Electronics,3,643.25,Delivered,Debit Card
AMA-O8381,AMA-C5401,10/25/2025,Electronics,4,657.73,Delivered,Amazon Pay
AMA-O8501,AMA-C4855,2023-07-24,Toys,4,56.11,Pending,Gift Card
AMA-O11572,AMA-C9609,06/13/2024,Electronics,5,633.4,Shipped,UPI
AMA-O14789,AMA-C4251,29-Dec-2025,Apparel,3,54.86,Cancelled,Gift Card
AMA-O8805,AMA-C7886,06-Jan-2023,Beauty,1,$19.49,Delivered,Amazon Pay
AMA-O10309,AMA-C9322,2025-12-27,Electronics,5,662.1,Shipped,Credit Card
AMA-O13123,AMA-C7585,04/19/2025,Books,3,$31.27,Delivered,Gift Card
AMA-O6903,AMA-C5815,2024-08-16,Toys,5,$19.52,Delivered,Gift Card
AMA-O10586,AMA-C1582,08-May-2023,Home & Kitchen,5,$83.24,Pending,Amazon Pay
AMA-O14256,AMA-C5870,2024-12-06,Sports & Outdoors,3,142.94,Pending,Gift Card
AMA-O8328,AMA-C2546,08/24/2025,Sports & Outdoors,3,97.71,Returned,Debit Card
AMA-O6533,AMA-C7002,2024-06-08,Books,4,18.03,Delivered,Credit Card
AMA-O10132,AMA-C6709,09-Jul-2025,Grocery,1,29.93,Shipped,UPI
AMA-O11241,AMA-C2612,2025-06-09,Grocery,5,47.79,Cancelled,Debit Card
AMA-O6393,AMA-C8665,29-Apr-2024,Beauty,2,8.07,Delivered,Credit Card
AMA-O7378,AMA-C9641,2025-01-05,Toys,4,18.25,Pending,Credit Card
AMA-O14294,AMA-C10898,11/26/2023,Toys,2,39.09,Cancelled,Debit Card
AMA-O7819,AMA-C5481,07/26/2025,Grocery,4,19.16,Pending,UPI
AMA-O6941,AMA-C1254,23-Jul-2023,Electronics,3,429.42,Delivered,Amazon Pay
AMA-O5314,AMA-C9558,2023-10-14,Books,1,30.4,Delivered,Gift Card
AMA-O11531,AMA-C9603,30-Jul-2024,Electronics,3,393.48,Returned,Credit Card
AMA-O8936,AMA-C10445,2024-08-05,Books,3,32.13,Returned,UPI
AMA-O9072,AMA-C5664,14-Jan-2023,Toys,4,45.97,Cancelled,UPI
AMA-O8560,AMA-C1846,01/23/2025,Electronics,1,46.86,Delivered,Credit Card
AMA-O14916,AMA-C3676,2025-03-21,Toys,3,38.74,Delivered,Amazon Pay
AMA-O10454,AMA-C2428,2025-05-12,Grocery,5,21.15,Delivered,Debit Card
AMA-O5319,AMA-C9999,12-Mar-2025,Grocery,-3,51.87,Pending,Credit Card
AMA-O6728,AMA-C2529,05/01/2025,Toys,4,$69.56,Pending,Gift Card
AMA-O8383,AMA-C2378,05-May-2024,Apparel,3,33.71,Delivered,Gift Card
AMA-O8207,AMA-C7491,19-Jan-2025,Electronics,1,429.5,Shipped,Amazon Pay
AMA-O6351,AMA-C7153,23-May-2025,Electronics,3,185.5,Returned,Debit Card
AMA-O9981,AMA-C1875,18-Oct-2023,Electronics,4,228.9,Cancelled,Gift Card
AMA-O13852,AMA-C2840,03/16/2023,Apparel,1,92.36,Cancelled,Amazon Pay
AMA-O12684,AMA-C1077,02/13/2025,Grocery,1,20.79,Shipped,UPI
AMA-O5530,AMA-C3406,21-Sep-2025,Grocery,1,14.04,Delivered,Credit Card
AMA-O13251,AMA-C10570,03-Sep-2025,Apparel,1,43.15,Delivered,UPI
AMA-O13609,AMA-C4799,28-Nov-2024,Electronics,1,161.58,Returned,UPI
AMA-O13484,AMA-C1559,04/20/2025,Beauty,4,27.98,Shipped,Credit Card
AMA-O11108,AMA-C6142,04/09/2024,Toys,1,54.6,Pending,Gift Card
AMA-O12572,AMA-C1654,07-Feb-2025,Books,5,$9.10,Delivered,Gift Card
AMA-O7081,AMA-C6895,03-May-2023,Sports & Outdoors,4,80.11,Pending,UPI
AMA-O10068,AMA-C5564,03/29/2024,Electronics,1,315.71,Delivered,UPI
AMA-O6119,AMA-C8947,08/16/2023,Toys,2,49.7,Shipped,Credit Card
AMA-O11045,AMA-C5684,2023-08-26,Toys,3,78.89,Shipped,Gift Card
AMA-O10079,AMA-C1220,11/11/2025,Electronics,3,62.08,Pending,Gift Card
AMA-O12798,AMA-C7472,18-Apr-2025,Books,4,5.19,Cancelled,Debit Card
AMA-O7583,AMA-C6151,03/17/2025,Books,3,$5.41,,Debit Card
AMA-O14408,AMA-C10044,07/03/2025,Beauty,1,62.47,Cancelled,UPI
AMA-O6554,AMA-C6589,10-Feb-2025,Apparel,1,17.67,Delivered,UPI
AMA-O13086,AMA-C8234,09-Dec-2023,Home & Kitchen,4,60.62,Pending,Amazon Pay
AMA-O13715,AMA-C7272,09-Jan-2025,Sports & Outdoors,1,93.27,Delivered,Credit Card
AMA-O12311,AMA-C3958,29-May-2023,Home & Kitchen,-3,$54.80,Shipped,UPI
AMA-O12082,AMA-C9163,2024-05-18,Books,2,18.73,Delivered,Debit Card
AMA-O6103,AMA-C8442,2023-03-09,Grocery,4,43.68,Delivered,Credit Card
AMA-O12832,AMA-C8502,06-Feb-2025,Toys,5,75.38,Shipped,Debit Card
AMA-O10484,AMA-C4688,04-Apr-2025,Grocery,4,27.23,Delivered,Debit Card
AMA-O10520,AMA-C1486,01/30/2025,Toys,1,99.57,Delivered,Debit Card
AMA-O13227,AMA-C9686,13-Mar-2023,Toys,5,93.87,Delivered,Amazon Pay
AMA-O9285,AMA-C10219,23-Jul-2024,Grocery,1,27.15,Pending,Debit Card
AMA-O13279,AMA-C7210,03/07/2025,Grocery,5,5.48,Shipped,Credit Card
AMA-O8378,AMA-C3419,10/07/2023,Home & Kitchen,2,45.92,Cancelled,Credit Card
AMA-O8128,AMA-C2995,06-Jun-2024,Electronics,2,490.3,Returned,Credit Card
AMA-O13671,AMA-C1980,22-Jul-2024,Apparel,4,116.16,Returned,Amazon Pay
AMA-O5114,AMA-C5053,12/04/2025,Grocery,1,50.28,Delivered,Amazon Pay
AMA-O9559,AMA-C3030,2024-02-15,Home & Kitchen,1,$186.81,Delivered,UPI
AMA-O5864,AMA-C6391,06-Jan-2023,Toys,1,72.86,Delivered,Credit Card
AMA-O6388,AMA-C5877,14-Nov-2024,Beauty,5,29.03,Returned,Gift Card
AMA-O9003,AMA-C6757,25-Jul-2025,Beauty,5,$86.79,Delivered,Gift Card
AMA-O10229,AMA-C8694,02/05/2025,Toys,2,50.19,Shipped,Amazon Pay
AMA-O7260,AMA-C8456,2024-10-12,Electronics,1,70.56,Delivered,Debit Card
AMA-O14447,AMA-C4487,08/19/2023,Books,5,$22.39,Delivered,UPI
AMA-O9640,AMA-C3546,06-Aug-2025,Sports & Outdoors,5,102.29,Delivered,Credit Card
AMA-O14238,AMA-C10429,2023-03-17,Home & Kitchen,1,155.86,Delivered,Debit Card
AMA-O14592,AMA-C1637,17-Jul-2023,Toys,3,76.56,Delivered,UPI
AMA-O13343,AMA-C5149,2024-07-05,Toys,5,55.22,Shipped,Amazon Pay
AMA-O8984,AMA-C4424,03-Mar-2024,Electronics,4,798.08,Delivered,Credit Card
AMA-O12887,AMA-C1601,01/23/2024,Beauty,1,40.51,Delivered,Debit Card
AMA-O14690,AMA-C5576,2023-01-02,Home & Kitchen,3,266.94,Delivered,Gift Card
AMA-O8295,AMA-C5300,2024-06-24,Apparel,1,$91.40,Returned,Credit Card
AMA-O5850,AMA-C5355,08-Jan-2024,Books,1,25.19,Delivered,Gift Card
AMA-O13827,AMA-C1693,01-Dec-2024,Toys,2,77.72,Cancelled,Debit Card
AMA-O5773,AMA-C7235,2025-10-07,Electronics,3,37.71,Delivered,Credit Card
AMA-O9166,AMA-C9599,07/08/2024,Grocery,3,23.46,Delivered,Debit Card
AMA-O13577,AMA-C7111,2023-01-14,Toys,5,8.53,Returned,UPI
AMA-O13031,AMA-C10632,11-Oct-2023,Home & Kitchen,3,$35.58,Cancelled,Amazon Pay
AMA-O13292,AMA-C1314,2023-09-27,Home & Kitchen,5,116.21,Delivered,Amazon Pay
AMA-O14979,AMA-C10308,16-Nov-2024,Toys,3,5.75,Shipped,UPI
AMA-O12067,AMA-C6149,14-Nov-2024,Beauty,2,25.55,Pending,Credit Card
AMA-O10622,AMA-C2514,08/31/2024,Toys,1,90.36,Cancelled,Gift Card
AMA-O6891,AMA-C10385,11/26/2025,Home & Kitchen,5,253.95,Pending,Debit Card
AMA-O9939,AMA-C1717,02/06/2024,Toys,1,70.2,Pending,Credit Card
AMA-O10750,AMA-C7235,2024-05-04,Grocery,5,12.59,Delivered,Gift Card
AMA-O13191,AMA-C4894,2025-09-08,Apparel,1,$24.19,Delivered,Credit Card
AMA-O14619,AMA-C7355,2023-09-14,Toys,5,50.81,Delivered,UPI
AMA-O11534,AMA-C9455,2025-06-23,Toys,3,16.51,Delivered,UPI
AMA-O8507,AMA-C5102,01-Mar-2023,Beauty,-5,11.6,Delivered,Credit Card
AMA-O12898,AMA-C3080,2024-06-24,Home & Kitchen,3,179.03,Pending,Credit Card
AMA-O6616,AMA-C5569,26-Jul-2025,Home & Kitchen,4,251.12,Delivered,Amazon Pay
AMA-O13614,AMA-C10175,18-Aug-2024,Books,3,28.03,Delivered,UPI
AMA-O13740,AMA-C10678,30-May-2025,Electronics,4,89.87,Delivered,Credit Card
AMA-O14199,AMA-C6164,2025-08-14,Sports & Outdoors,3,193.77,Shipped,Debit Card
AMA-O12965,AMA-C6711,28-Oct-2025,Grocery,5,8.26,Delivered,Gift Card
AMA-O6606,AMA-C10899,22-Jun-2025,Books,5,38.82,Pending,UPI
AMA-O9788,AMA-C9999,2024-03-05,Home & Kitchen,2,$284.32,Delivered,Amazon Pay
AMA-O7491,AMA-C6500,2025-04-23,Electronics,5,279.75,Shipped,Gift Card
AMA-O12187,AMA-C9999,2024-10-24,Books,-1,11.45,Pending,Gift Card
AMA-O9543,AMA-C5195,2023-11-22,Home & Kitchen,2,121.91,Shipped,Amazon Pay
AMA-O9627,AMA-C10249,03-Sep-2023,Toys,5,64.16,Cancelled,UPI
AMA-O8871,AMA-C4477,02-Jul-2024,Electronics,2,18.35,Shipped,Debit Card
AMA-O10026,AMA-C7102,01/26/2023,Sports & Outdoors,5,$241.12,,Amazon Pay
AMA-O11276,AMA-C3402,12/29/2023,Beauty,2,7.91,Delivered,Credit Card
AMA-O7389,AMA-C8437,2024-02-20,Toys,1,72.07,Delivered,Amazon Pay
AMA-O11621,AMA-C7267,09/29/2023,Electronics,4,718.77,Delivered,Amazon Pay
AMA-O11912,AMA-C9123,2025-09-29,Home & Kitchen,2,255.52,Delivered,Credit Card
AMA-O11602,AMA-C7272,2023-11-21,Books,5,34.06,Cancelled,Gift Card
AMA-O12713,AMA-C9999,2024-12-04,Books,3,$26.18,Shipped,Credit Card
AMA-O7993,AMA-C8994,07-Jul-2023,Home & Kitchen,2,160.46,Shipped,Debit Card
AMA-O8142,AMA-C3913,11/18/2023,Grocery,2,43.4,Delivered,UPI
AMA-O14554,AMA-C1709,30-May-2025,Electronics,1,173.45,Cancelled,Gift Card
AMA-O10775,AMA-C10581,07/14/2024,Apparel,-5,108.4,Pending,Debit Card
AMA-O8971,AMA-C2139,25-Oct-2023,Beauty,4,59.08,Returned,Credit Card
AMA-O11225,AMA-C7779,25-Jan-2024,Electronics,5,$396.74,Shipped,Amazon Pay
AMA-O11007,AMA-C6363,27-Aug-2025,Apparel,1,87.02,Pending,Gift Card
AMA-O11765,AMA-C7677,25-Jan-2023,Apparel,3,75.05,,Amazon Pay
AMA-O12297,AMA-C1818,12/14/2024,Apparel,4,78.39,Shipped,UPI
AMA-O8765,AMA-C1175,07/17/2025,Apparel,4,76.82,Delivered,Debit Card
AMA-O5248,AMA-C8586,2025-12-22,Electronics,3,428.22,Pending,Amazon Pay
AMA-O11438,AMA-C1351,14-May-2024,Grocery,3,40.33,Cancelled,UPI
AMA-O10051,AMA-C1090,07/12/2025,Electronics,1,639.42,Pending,Debit Card
AMA-O13711,AMA-C3578,13-Aug-2023,Books,2,28.8,Returned,Credit Card
AMA-O6532,AMA-C7493,03/15/2025,Electronics,3,468.99,Delivered,Amazon Pay
AMA-O10568,AMA-C7721,08/24/2025,Home & Kitchen,3,$273.29,Returned,Credit Card
AMA-O6297,AMA-C4210,08/17/2024,Books,1,35.94,Delivered,Amazon Pay
AMA-O6646,AMA-C3660,05/30/2023,Toys,1,52.92,Shipped,Amazon Pay
AMA-O5659,AMA-C10041,10/28/2023,Toys,2,7.4,Returned,Debit Card
AMA-O14305,AMA-C1344,08-Jul-2023,Home & Kitchen,2,128.7,Shipped,Credit Card
AMA-O8027,AMA-C3441,10-Nov-2025,Grocery,3,59.1,Delivered,Amazon Pay
AMA-O7485,AMA-C2824,08/10/2024,Sports & Outdoors,5,158.0,Delivered,UPI
AMA-O11698,AMA-C6743,04/02/2025,Toys,4,91.65,Returned,Amazon Pay
AMA-O8750,AMA-C8248,2025-05-04,Sports & Outdoors,1,$72.39,Returned,Debit Card
AMA-O11409,AMA-C2890,10-May-2023,Books,2,27.16,,Amazon Pay
AMA-O5403,AMA-C10204,21-Sep-2023,Beauty,2,6.89,Delivered,Amazon Pay
AMA-O6209,AMA-C7385,08/09/2023,Toys,4,65.23,Pending,Debit Card
AMA-O12696,AMA-C5481,28-May-2023,Home & Kitchen,1,$167.64,Delivered,Amazon Pay
AMA-O14721,AMA-C1023,12/25/2024,Books,3,28.24,Cancelled,Amazon Pay
AMA-O13777,AMA-C9778,26-Sep-2025,Toys,4,95.31,Delivered,UPI
AMA-O6061,AMA-C2268,2023-11-27,Apparel,2,62.91,Returned,Debit Card
AMA-O7038,AMA-C4325,31-Dec-2025,Electronics,2,15.27,Pending,Debit Card
AMA-O12440,AMA-C1343,15-Jun-2023,Home & Kitchen,5,187.63,Pending,Credit Card
AMA-O6720,AMA-C5224,2023-06-06,Electronics,4,455.93,Pending,Amazon Pay
AMA-O10900,AMA-C7405,10/25/2025,Books,4,14.95,Pending,Amazon Pay
AMA-O6343,AMA-C10455,11-Jun-2025,Grocery,1,6.69,Cancelled,Credit Card
AMA-O8870,AMA-C1949,09/03/2024,Electronics,2,158.57,Delivered,Amazon Pay
AMA-O6847,AMA-C8791,2023-12-17,Beauty,4,20.41,,Amazon Pay
AMA-O8317,AMA-C10157,2025-05-06,Books,3,$23.49,Delivered,Gift Card
AMA-O11098,AMA-C9423,2025-03-22,Apparel,5,34.08,Pending,UPI
AMA-O14299,AMA-C3043,13-Jun-2025,Books,4,$16.87,Delivered,Debit Card
AMA-O9693,AMA-C8247,02-May-2025,Sports & Outdoors,1,121.47,Pending,Debit Card
AMA-O7852,AMA-C9937,06/23/2024,Sports & Outdoors,4,$181.06,Delivered,Amazon Pay
AMA-O10422,AMA-C5092,2024-09-27,Home & Kitchen,4,163.8,Returned,UPI
AMA-O9922,AMA-C7059,2025-02-09,Home & Kitchen,4,136.35,Delivered,UPI
AMA-O13383,AMA-C1274,2024-12-10,Toys,1,52.46,,Amazon Pay
AMA-O10458,AMA-C1234,12/21/2025,Toys,5,75.88,Shipped,Amazon Pay
AMA-O6668,AMA-C6338,2025-06-03,Toys,3,7.04,Shipped,Amazon Pay
AMA-O13819,AMA-C5892,28-Jan-2024,Grocery,3,4.67,Delivered,UPI
AMA-O10273,AMA-C9999,2024-06-20,Electronics,5,676.72,Delivered,UPI
AMA-O12587,AMA-C1963,10/23/2024,Beauty,1,54.05,Delivered,Gift Card
AMA-O6167,AMA-C4294,04/13/2024,Beauty,4,89.14,Pending,UPI
AMA-O5342,AMA-C6005,2025-02-24,Toys,4,$52.06,Cancelled,Amazon Pay
AMA-O9593,AMA-C8441,12/07/2025,Books,5,7.07,Delivered,Credit Card
AMA-O8935,AMA-C5328,20-Nov-2024,Home & Kitchen,4,13.24,Cancelled,Amazon Pay
AMA-O11154,AMA-C6557,2025-08-09,Books,5,15.32,Delivered,Debit Card
AMA-O9363,AMA-C2985,11/26/2023,Toys,5,24.52,Shipped,Amazon Pay
AMA-O13951,AMA-C6584,2025-04-11,Toys,2,25.75,Delivered,UPI
AMA-O14099,AMA-C5868,08/29/2025,Apparel,2,104.53,Cancelled,Amazon Pay
AMA-O14131,AMA-C4661,05/23/2025,Grocery,2,53.1,Delivered,UPI
AMA-O8940,AMA-C10740,2023-01-16,Toys,2,5.96,Delivered,Gift Card
AMA-O9125,AMA-C10072,2023-08-30,Grocery,3,47.88,Delivered,Credit Card
AMA-O12858,AMA-C3418,2024-08-08,Home & Kitchen,3,193.15,Pending,UPI
AMA-O14185,AMA-C3221,12/08/2023,Toys,3,$42.40,Delivered,Debit Card
AMA-O9233,AMA-C1321,28-Nov-2025,Electronics,3,478.79,Shipped,Gift Card
AMA-O12685,AMA-C2302,2023-09-19,Home & Kitchen,-3,96.24,Pending,UPI
AMA-O6505,AMA-C6412,05/30/2025,Toys,2,89.63,Delivered,Debit Card
AMA-O14569,AMA-C3682,04-May-2023,Apparel,2,89.64,Delivered,Amazon Pay
AMA-O11882,AMA-C1150,19-Apr-2025,Grocery,1,$59.89,Shipped,Amazon Pay
AMA-O8642,AMA-C1584,2024-06-09,Home & Kitchen,1,$153.62,Delivered,Amazon Pay
AMA-O9181,AMA-C2931,11-Oct-2023,Toys,3,90.79,Returned,UPI
AMA-O14411,AMA-C3597,10/12/2024,Books,4,32.81,Delivered,Credit Card
AMA-O8384,AMA-C6801,09/18/2025,Apparel,1,$34.40,Pending,Credit Card
AMA-O12019,AMA-C5935,12/16/2024,Beauty,5,88.71,Shipped,Credit Card
AMA-O5933,AMA-C1882,2025-01-25,Home & Kitchen,4,$247.48,Cancelled,Amazon Pay
AMA-O8558,AMA-C9999,2024-07-23,Sports & Outdoors,4,$70.64,Delivered,UPI
AMA-O14084,AMA-C9575,19-May-2023,Electronics,4,514.58,Delivered,UPI
AMA-O9109,AMA-C7209,11-Jul-2023,Electronics,2,$702.16,Delivered,Gift Card
AMA-O5840,AMA-C3103,19-Jan-2024,Books,3,24.77,Delivered,Credit Card
AMA-O11089,AMA-C4592,03/19/2025,Books,2,14.63,Shipped,Gift Card
AMA-O12267,AMA-C2690,05-Mar-2025,Electronics,2,578.01,Cancelled,Amazon Pay
AMA-O13071,AMA-C10604,2025-02-16,Grocery,3,37.34,Delivered,Debit Card
AMA-O13267,AMA-C2659,08-Mar-2024,Grocery,4,35.66,Delivered,Amazon Pay
AMA-O7264,AMA-C6668,01-Dec-2024,Beauty,2,48.46,Cancelled,Credit Card
AMA-O12595,AMA-C6756,2023-02-02,Books,3,35.08,Delivered,Gift Card
AMA-O14750,AMA-C8215,11/02/2023,Grocery,4,55.99,Returned,Debit Card
AMA-O10146,AMA-C6019,12/18/2024,Electronics,1,615.03,Pending,Gift Card
AMA-O9389,AMA-C3315,2023-12-29,Books,3,39.31,Delivered,Amazon Pay
AMA-O12081,AMA-C6400,09/22/2023,Books,3,24.97,Delivered,Gift Card
AMA-O9884,AMA-C9864,09-Oct-2025,Grocery,1,$15.66,Returned,Gift Card
AMA-O14028,AMA-C1974,2024-07-12,Home & Kitchen,4,183.73,Delivered,Gift Card
AMA-O5959,AMA-C5636,09/04/2024,Beauty,3,88.9,Cancelled,UPI
AMA-O13598,AMA-C7079,07/09/2024,Electronics,1,$106.18,Cancelled,Amazon Pay
AMA-O13706,AMA-C3851,28-Dec-2023,Grocery,3,4.52,Cancelled,UPI
AMA-O6483,AMA-C10757,06/30/2023,Home & Kitchen,4,57.44,Pending,Gift Card
AMA-O13387,AMA-C4142,09/05/2024,Beauty,1,84.57,,Credit Card
AMA-O8700,AMA-C7248,2025-08-15,Books,5,6.66,Delivered,Debit Card
AMA-O13238,AMA-C7414,10-Feb-2023,Books,2,18.84,Cancelled,Debit Card
AMA-O5090,AMA-C8363,07/23/2025,Books,2,23.11,Shipped,Amazon Pay
AMA-O10038,AMA-C3457,06/04/2024,Sports & Outdoors,4,$157.40,Returned,Credit Card
AMA-O7235,AMA-C8181,05-Nov-2024,Apparel,5,65.71,Delivered,Amazon Pay
AMA-O9009,AMA-C10172,15-Dec-2025,Sports & Outdoors,2,185.34,Delivered,UPI
AMA-O14046,AMA-C8317,22-Sep-2025,Toys,5,68.03,Delivered,UPI
AMA-O11448,AMA-C1335,09/24/2024,Books,4,17.96,Delivered,UPI
AMA-O9018,AMA-C2479,07/16/2023,Home & Kitchen,2,235.91,Cancelled,Debit Card
AMA-O6633,AMA-C7311,2023-08-17,Home & Kitchen,1,54.84,Shipped,Credit Card
AMA-O8259,AMA-C3497,18-Aug-2025,Home & Kitchen,5,31.4,Pending,Debit Card
AMA-O10221,AMA-C2743,22-Dec-2024,Toys,3,23.42,Delivered,UPI
AMA-O10254,AMA-C2406,10/08/2025,Electronics,3,184.67,Pending,Credit Card
AMA-O13094,AMA-C8081,21-Jun-2025,Electronics,3,486.04,Pending,Debit Card
AMA-O13869,AMA-C10439,16-Jan-2025,Grocery,4,$2.62,Shipped,Credit Card
AMA-O11359,AMA-C1770,04/06/2024,Grocery,1,$36.28,Delivered,Credit Card
AMA-O5353,AMA-C4938,21-Feb-2024,Grocery,3,$27.42,Delivered,UPI
AMA-O11383,AMA-C5283,03/06/2025,Toys,1,75.4,Delivered,Debit Card
AMA-O12542,AMA-C6012,13-Jun-2024,Apparel,1,$9.99,Returned,Debit Card
AMA-O6454,AMA-C8351,10-Jun-2023,Apparel,-1,26.93,Cancelled,UPI
AMA-O14552,AMA-C7240,2023-07-16,Apparel,5,96.09,Delivered,Gift Card
AMA-O14585,AMA-C8584,2024-02-28,Apparel,3,79.53,Pending,Debit Card
AMA-O10956,AMA-C3558,2025-03-12,Home & Kitchen,4,43.4,Pending,Credit Card
AMA-O5075,AMA-C7667,13-Jun-2023,Beauty,4,84.9,Shipped,Amazon Pay
AMA-O13030,AMA-C2247,16-Aug-2025,Books,4,15.02,Delivered,Debit Card
AMA-O5549,AMA-C8443,03/13/2023,Beauty,5,82.24,Delivered,Debit Card
AMA-O6786,AMA-C9059,03/11/2025,Electronics,1,630.68,Delivered,Gift Card
AMA-O5620,AMA-C9322,2025-12-26,Toys,1,$57.28,Delivered,Debit Card
AMA-O13061,AMA-C4928,2023-08-14,Sports & Outdoors,4,230.35,Delivered,Amazon Pay
AMA-O11052,AMA-C8529,04/03/2025,Books,3,33.71,Delivered,Gift Card
AMA-O9496,AMA-C1552,2024-08-16,Beauty,4,$57.18,Pending,Credit Card
AMA-O10460,AMA-C10153,11/15/2025,Electronics,5,720.43,Pending,UPI
AMA-O7803,AMA-C5641,02/26/2023,Home & Kitchen,5,$11.20,Cancelled,Credit Card
AMA-O8570,AMA-C8273,2023-02-14,Grocery,4,17.14,Delivered,UPI
AMA-O12561,AMA-C9999,2025-02-25,Sports & Outdoors,4,67.54,Delivered,Gift Card
AMA-O10134,AMA-C5438,05/23/2025,Grocery,3,50.45,Delivered,Gift Card
AMA-O9558,AMA-C8879,2024-08-07,Home & Kitchen,4,29.33,Delivered,Credit Card
AMA-O10770,AMA-C6214,06/18/2024,Electronics,4,277.36,Cancelled,Credit Card
AMA-O13878,AMA-C9069,05/05/2023,Beauty,2,$20.07,,UPI
AMA-O13522,AMA-C7148,2025-02-03,Electronics,5,$410.51,Shipped,UPI
AMA-O11039,AMA-C10161,04-Feb-2025,Home & Kitchen,4,155.97,Returned,Credit Card
AMA-O10260,AMA-C9999,2024-07-18,Toys,2,53.04,Delivered,UPI
AMA-O10058,AMA-C6069,2023-06-23,Sports & Outdoors,2,$247.09,Cancelled,Gift Card
AMA-O7532,AMA-C9999,05/05/2024,Home & Kitchen,1,13.02,Delivered,Debit Card
AMA-O7824,AMA-C2996,2024-10-16,Apparel,1,37.99,,Gift Card
AMA-O8307,AMA-C4093,01/31/2023,Grocery,1,24.23,Cancelled,Credit Card
AMA-O9760,AMA-C1685,2024-02-17,Apparel,5,50.78,Returned,Debit Card
AMA-O10370,AMA-C5563,14-Dec-2025,Books,3,33.74,Pending,Credit Card
AMA-O14421,AMA-C2950,18-Jul-2025,Apparel,-2,39.96,Cancelled,Credit Card
AMA-O7016,AMA-C8172,2025-08-16,Grocery,2,$12.13,Returned,Credit Card
AMA-O14037,AMA-C9999,22-Jul-2024,Books,3,5.13,Delivered,Debit Card
AMA-O13921,AMA-C6329,2023-11-14,Toys,2,70.56,Delivered,Credit Card
AMA-O11560,AMA-C2717,17-Nov-2024,Books,3,26.39,Pending,UPI
AMA-O11460,AMA-C10611,01/14/2024,Electronics,2,$654.46,Delivered,Amazon Pay
AMA-O9568,AMA-C4024,2024-11-30,Home & Kitchen,2,210.97,Returned,Credit Card
AMA-O11016,AMA-C1635,2024-11-24,Toys,5,32.19,Shipped,Debit Card
AMA-O10805,AMA-C3911,2025-06-21,Sports & Outdoors,1,150.81,Delivered,Debit Card
AMA-O14346,AMA-C8393,2024-04-07,Grocery,3,$17.43,Pending,Amazon Pay
AMA-O7569,AMA-C3206,2023-04-10,Sports & Outdoors,3,54.15,Pending,UPI
AMA-O11853,AMA-C5137,2023-02-13,Electronics,4,421.9,Cancelled,UPI
AMA-O5742,AMA-C4356,06/26/2024,Electronics,1,118.58,Delivered,Gift Card
AMA-O5080,AMA-C1223,09/02/2024,Books,1,16.43,Cancelled,Amazon Pay
AMA-O7982,AMA-C4988,2025-04-04,Electronics,3,310.94,Returned,Credit Card
AMA-O13300,AMA-C2550,10/02/2024,Sports & Outdoors,2,29.4,Shipped,Amazon Pay
AMA-O6013,AMA-C5288,2025-06-20,Apparel,4,98.7,Delivered,Debit Card
AMA-O12544,AMA-C10878,2024-12-24,Apparel,1,$85.76,Returned,Credit Card
AMA-O7285,AMA-C6622,02/05/2025,Books,-2,23.71,Delivered,Credit Card
AMA-O5877,AMA-C6788,2023-07-22,Apparel,5,23.68,Delivered,Credit Card
AMA-O8812,AMA-C6422,10/22/2024,Sports & Outdoors,2,92.34,Delivered,Amazon Pay
AMA-O5148,AMA-C5100,2024-07-09,Beauty,2,77.26,Delivered,UPI
AMA-O14533,AMA-C9872,2023-08-07,Sports & Outdoors,1,190.78,Delivered,Debit Card
AMA-O6348,AMA-C3267,03/21/2024,Home & Kitchen,3,276.65,Shipped,Credit Card
AMA-O12514,AMA-C8178,2024-09-07,Books,5,12.59,Delivered,Amazon Pay
AMA-O5842,AMA-C5220,09-Feb-2023,Grocery,1,$51.23,Delivered,Credit Card
AMA-O10824,AMA-C6774,2023-12-28,Sports & Outdoors,2,$119.51,Delivered,Credit Card
AMA-O12226,AMA-C9290,19-Mar-2023,Grocery,2,27.62,Delivered,UPI
AMA-O14535,AMA-C9999,24-Mar-2023,Books,1,23.85,Returned,Amazon Pay
AMA-O8457,AMA-C5478,02/28/2024,Grocery,5,50.41,,Credit Card
AMA-O9633,AMA-C1583,09/14/2025,Toys,4,21.78,Delivered,Debit Card
AMA-O6380,AMA-C2687,09/08/2023,Books,4,23.88,Delivered,Gift Card
AMA-O9441,AMA-C10549,2023-05-01,Beauty,3,49.66,Delivered,Debit Card
AMA-O11291,AMA-C4270,08/15/2023,Home & Kitchen,1,91.26,Delivered,Gift Card
AMA-O14288,AMA-C8464,2023-05-30,Home & Kitchen,3,$213.15,Returned,UPI
AMA-O6206,AMA-C1553,02/05/2023,Books,2,21.62,Delivered,Credit Card
AMA-O5300,AMA-C6190,17-Sep-2025,Home & Kitchen,1,$87.40,Returned,Debit Card
AMA-O10032,AMA-C2767,2024-01-03,Grocery,3,52.31,Pending,Gift Card
AMA-O10861,AMA-C10061,2023-09-06,Grocery,1,13.75,Returned,Gift Card
AMA-O10388,AMA-C7324,04/22/2025,Sports & Outdoors,4,202.44,Delivered,Amazon Pay
AMA-O11157,AMA-C6290,2023-03-09,Sports & Outdoors,3,180.05,Delivered,Amazon Pay
AMA-O13924,AMA-C8741,2023-10-16,Electronics,4,233.02,Delivered,Amazon Pay
AMA-O13682,AMA-C5111,29-Nov-2024,Grocery,1,14.4,Delivered,Credit Card
AMA-O5634,AMA-C4507,01/18/2025,Sports & Outdoors,1,$77.03,Delivered,Credit Card
AMA-O13134,AMA-C3358,06/02/2023,Home & Kitchen,1,292.35,Delivered,UPI
AMA-O6672,AMA-C1920,2024-07-05,Home & Kitchen,5,$220.60,Pending,Amazon Pay
AMA-O13053,AMA-C4116,09-Feb-2023,Electronics,4,455.2,Delivered,UPI
AMA-O11607,AMA-C7802,09-Oct-2023,Toys,4,92.33,Delivered,UPI
AMA-O11331,AMA-C7926,25-Dec-2023,Grocery,2,56.93,Delivered,Credit Card
AMA-O9827,AMA-C7038,10-Jan-2025,Apparel,4,$119.60,Delivered,UPI
AMA-O7992,AMA-C6666,11/14/2025,Sports & Outdoors,1,90.48,Shipped,Credit Card
AMA-O5765,AMA-C5815,09/05/2023,Beauty,5,22.08,Returned,Amazon Pay
AMA-O11322,AMA-C7777,06/02/2023,Sports & Outdoors,3,181.37,Pending,Debit Card
AMA-O6204,AMA-C9196,16-Dec-2024,Grocery,5,34.49,Returned,Credit Card
AMA-O13195,AMA-C6997,2024-07-26,Sports & Outdoors,4,14.5,Delivered,Gift Card
AMA-O8213,AMA-C5257,2025-05-07,Books,1,14.79,Delivered,Debit Card
AMA-O13332,AMA-C5243,11/29/2024,Beauty,2,22.19,Delivered,Amazon Pay
AMA-O6674,AMA-C8931,31-Mar-2024,Apparel,1,34.03,Delivered,UPI
AMA-O9860,AMA-C1867,2023-12-08,Grocery,5,$46.75,Pending,UPI
AMA-O5955,AMA-C10246,10/21/2024,Apparel,3,66.27,Delivered,Gift Card
AMA-O10204,AMA-C4019,2023-12-16,Electronics,1,420.26,Delivered,Credit Card
AMA-O6324,AMA-C2468,2025-10-09,Toys,2,81.34,Returned,Amazon Pay
AMA-O13039,AMA-C2075,12/04/2025,Grocery,2,46.98,Delivered,Amazon Pay
AMA-O7744,AMA-C6992,2024-12-02,Home & Kitchen,1,120.27,Delivered,Debit Card
AMA-O7870,AMA-C2266,23-Aug-2024,Grocery,4,21.82,Pending,Debit Card
AMA-O8387,AMA-C3075,2023-04-15,Books,2,7.09,Shipped,Amazon Pay
AMA-O7526,AMA-C6913,2023-09-19,Books,3,22.16,Shipped,UPI
AMA-O5536,AMA-C9184,2025-01-07,Grocery,1,12.08,Shipped,Gift Card
AMA-O11689,AMA-C3619,17-Apr-2025,Beauty,4,18.36,Returned,Amazon Pay
AMA-O9159,AMA-C1216,01/18/2024,Electronics,3,761.96,Pending,UPI
AMA-O5193,AMA-C10720,01/29/2023,Sports & Outdoors,3,239.63,,Amazon Pay
AMA-O12340,AMA-C6719,06/07/2024,Electronics,2,336.7,Pending,Amazon Pay
AMA-O13402,AMA-C6447,31-Jul-2024,Toys,3,$76.64,Delivered,Gift Card
AMA-O7989,AMA-C7232,21-Mar-2024,Apparel,5,8.77,Pending,Amazon Pay
AMA-O10004,AMA-C10718,12/11/2025,Grocery,2,55.43,Returned,Debit Card
AMA-O9202,AMA-C6316,2024-03-08,Grocery,3,6.04,Pending,UPI
AMA-O6550,AMA-C8705,07/06/2024,Books,4,27.67,Delivered,UPI
AMA-O7420,AMA-C7775,02/09/2025,Electronics,3,643.67,Cancelled,Credit Card
AMA-O10602,AMA-C2472,06/27/2025,Apparel,2,20.46,Pending,Amazon Pay
AMA-O9873,AMA-C3424,26-Feb-2023,Beauty,4,$28.50,Pending,UPI
AMA-O5431,AMA-C1639,12/05/2025,Grocery,1,6.99,Shipped,Credit Card
AMA-O5689,AMA-C1980,22-Nov-2025,Home & Kitchen,3,261.53,Delivered,Amazon Pay
AMA-O5317,AMA-C8890,25-May-2023,Toys,4,95.43,Shipped,Credit Card
AMA-O6509,AMA-C7649,01/11/2024,Home & Kitchen,1,107.51,Delivered,Gift Card
AMA-O10440,AMA-C3619,2025-06-04,Beauty,3,42.1,Delivered,UPI
AMA-O8468,AMA-C3408,09-Sep-2025,Beauty,1,52.31,Returned,Gift Card
AMA-O11463,AMA-C2683,2025-10-19,Toys,3,7.6,Delivered,Debit Card
AMA-O12653,AMA-C2436,2024-04-25,Books,2,21.35,Cancelled,UPI
AMA-O7679,AMA-C3493,26-Jul-2023,Toys,2,39.16,Shipped,Amazon Pay
AMA-O11348,AMA-C1924,09-Sep-2024,Toys,5,$64.19,Delivered,UPI
AMA-O5335,AMA-C4649,02/08/2023,Home & Kitchen,1,60.83,Cancelled,Amazon Pay
AMA-O7542,AMA-C9694,2023-05-23,Beauty,2,30.16,Shipped,Debit Card
AMA-O9987,AMA-C7048,10/01/2023,Apparel,4,106.54,Delivered,Credit Card
AMA-O12655,AMA-C5260,03/05/2024,Toys,1,16.34,Delivered,Credit Card
AMA-O5578,AMA-C9650,05-Jan-2024,Home & Kitchen,5,23.41,Delivered,UPI
AMA-O6962,AMA-C2032,2024-07-29,Beauty,5,$60.73,Returned,UPI
AMA-O14512,AMA-C4559,2023-05-25,Sports & Outdoors,3,93.14,Returned,Amazon Pay
AMA-O10906,AMA-C7175,22-Jun-2023,Books,3,17.97,Returned,UPI
AMA-O9147,AMA-C6126,10/17/2023,Beauty,2,38.95,Delivered,Credit Card
AMA-O5553,AMA-C1584,03/24/2023,Sports & Outdoors,1,86.2,Shipped,Amazon Pay
AMA-O9533,AMA-C2631,2025-05-03,Books,2,16.95,Delivered,Amazon Pay
AMA-O7332,AMA-C3055,2025-08-13,Home & Kitchen,1,48.77,Delivered,Debit Card
AMA-O6258,AMA-C9040,2023-04-25,Books,4,17.86,Cancelled,Amazon Pay
AMA-O14115,AMA-C7250,20-Jul-2025,Electronics,5,$533.57,Delivered,UPI
AMA-O14509,AMA-C4899,2023-07-16,Apparel,5,105.49,Delivered,Credit Card
AMA-O7880,AMA-C4746,04/05/2024,Grocery,3,14.6,Delivered,Amazon Pay
AMA-O9128,AMA-C5951,03/04/2025,Books,1,$17.52,Delivered,Amazon Pay
AMA-O10753,AMA-C8760,02-Jan-2024,Beauty,5,$22.00,Returned,Debit Card
AMA-O7427,AMA-C4361,2025-02-27,Toys,1,$92.08,Shipped,UPI
AMA-O6361,AMA-C3335,2024-03-15,Toys,2,68.42,Shipped,Debit Card
AMA-O7817,AMA-C8924,06-Nov-2025,Apparel,5,$103.76,Delivered,Gift Card
AMA-O13370,AMA-C9999,03/09/2025,Beauty,3,81.19,Delivered,Amazon Pay
AMA-O13477,AMA-C8894,02/16/2024,Apparel,4,46.76,,Amazon Pay
AMA-O13846,AMA-C9407,26-Oct-2024,Toys,3,$47.43,Delivered,UPI
AMA-O5490,AMA-C1777,15-Oct-2023,Apparel,4,22.05,Delivered,Debit Card
AMA-O12495,AMA-C6325,05-Oct-2024,Home & Kitchen,3,292.49,Delivered,Amazon Pay
AMA-O5986,AMA-C4460,2025-12-01,Home & Kitchen,1,115.69,Delivered,Gift Card
AMA-O5188,AMA-C2971,07/08/2025,Grocery,-5,$24.73,Delivered,Amazon Pay
AMA-O5223,AMA-C8063,10/30/2025,Toys,5,78.04,Delivered,Credit Card
AMA-O10514,AMA-C10500,2023-05-07,Electronics,3,453.58,Pending,Gift Card
AMA-O13548,AMA-C5240,08/14/2024,Sports & Outdoors,5,97.45,Returned,Credit Card
AMA-O5976,AMA-C10488,08-Apr-2025,Beauty,3,65.8,Pending,Amazon Pay
AMA-O14541,AMA-C9756,28-Apr-2024,Electronics,5,323.32,Pending,Amazon Pay
AMA-O5267,AMA-C8738,2025-05-27,Sports & Outdoors,3,247.56,Pending,Gift Card
AMA-O7160,AMA-C3426,09-Oct-2025,Sports & Outdoors,2,182.01,Pending,Gift Card
AMA-O10863,AMA-C3192,2024-12-23,Electronics,2,787.0,Pending,UPI
AMA-O6757,AMA-C2504,07-Aug-2024,Home & Kitchen,3,74.96,Delivered,UPI
AMA-O5488,AMA-C3033,02/05/2024,Electronics,2,90.0,Delivered,Credit Card
AMA-O13045,AMA-C4652,2023-06-11,Sports & Outdoors,2,212.95,Shipped,Credit Card
AMA-O12135,AMA-C1840,22-Jan-2023,Grocery,3,16.86,Delivered,Gift Card
AMA-O7751,AMA-C3818,11/16/2024,Home & Kitchen,1,213.2,Delivered,Gift Card
AMA-O13628,AMA-C7715,29-May-2024,Apparel,1,$50.01,Delivered,Gift Card
AMA-O12383,AMA-C8657,18-Apr-2023,Toys,2,11.09,Returned,Amazon Pay
AMA-O13336,AMA-C8814,2024-03-11,Books,3,11.61,Delivered,UPI
AMA-O13082,AMA-C9999,11-Jun-2025,Apparel,1,64.85,Pending,UPI
AMA-O12863,AMA-C10919,10/03/2025,Books,4,19.03,Returned,UPI
AMA-O12723,AMA-C9133,02/04/2025,Apparel,2,$8.41,Delivered,Gift Card
AMA-O12857,AMA-C2741,04-Aug-2025,Home & Kitchen,2,271.54,Delivered,Credit Card
AMA-O9395,AMA-C5987,11/18/2023,Books,3,23.25,Delivered,Debit Card
AMA-O12285,AMA-C4799,12/25/2025,Grocery,1,$21.77,Delivered,Amazon Pay
AMA-O11919,AMA-C7644,2024-03-29,Beauty,1,$71.73,Delivered,Gift Card
AMA-O5439,AMA-C4862,21-Feb-2023,Beauty,2,$6.05,Returned,UPI
AMA-O6170,AMA-C1728,08-Nov-2025,Toys,3,27.64,Delivered,Amazon Pay
AMA-O5885,AMA-C10822,2023-07-02,Grocery,5,32.2,Delivered,Debit Card
AMA-O13147,AMA-C3751,12/13/2025,Electronics,3,$172.30,Delivered,Debit Card
AMA-O8322,AMA-C10592,05/25/2024,Beauty,5,$73.91,Delivered,UPI
AMA-O12169,AMA-C7666,04/09/2024,Apparel,1,115.01,Cancelled,Credit Card
AMA-O10034,AMA-C10080,06-Apr-2023,Grocery,4,51.4,Shipped,UPI
AMA-O11639,AMA-C5394,04-May-2023,Apparel,4,63.62,Shipped,UPI
AMA-O8567,AMA-C4104,06/06/2024,Grocery,-1,23.47,Cancelled,Gift Card
AMA-O10868,AMA-C2724,11-Aug-2023,Electronics,3,733.76,Delivered,Gift Card
AMA-O14231,AMA-C8117,2023-10-17,Grocery,2,$7.57,Returned,Amazon Pay
AMA-O14865,AMA-C4239,2025-09-29,Home & Kitchen,4,63.19,Returned,Debit Card
AMA-O8150,AMA-C10231,10/08/2023,Sports & Outdoors,2,$101.04,Delivered,UPI
AMA-O5573,AMA-C6394,06/08/2024,Electronics,3,507.45,Delivered,Debit Card
AMA-O9209,AMA-C3482,06/29/2025,Home & Kitchen,1,95.81,Cancelled,Debit Card
AMA-O9045,AMA-C8950,06-Nov-2025,Books,1,$16.85,Delivered,Credit Card
AMA-O7698,AMA-C1574,2025-05-16,Electronics,4,456.54,Pending,Credit Card
AMA-O12453,AMA-C8084,2023-09-23,Toys,4,78.55,Delivered,UPI
AMA-O9452,AMA-C9462,16-Feb-2025,Home & Kitchen,2,288.9,Pending,Credit Card
AMA-O11222,AMA-C7211,02-Dec-2024,Toys,4,34.82,Pending,Gift Card
AMA-O6711,AMA-C10813,2024-11-20,Apparel,3,23.77,Cancelled,Credit Card
AMA-O11915,AMA-C4886,10/03/2025,Books,3,26.21,Pending,UPI
AMA-O6937,AMA-C2847,24-Nov-2025,Toys,3,25.02,Delivered,Credit Card
AMA-O5862,AMA-C10586,2024-11-19,Sports & Outdoors,3,96.46,,Gift Card
AMA-O11647,AMA-C2916,2024-12-26,Grocery,5,49.72,Delivered,Credit Card
AMA-O5932,AMA-C2095,23-Jun-2025,Apparel,4,16.43,Delivered,Debit Card
AMA-O10375,AMA-C10328,2023-04-21,Apparel,4,89.46,Shipped,UPI
AMA-O11475,AMA-C9999,2024-12-19,Sports & Outdoors,4,34.37,Delivered,UPI
AMA-O8197,AMA-C3470,2024-12-03,Beauty,5,53.91,Returned,Gift Card
AMA-O14157,AMA-C5086,2025-10-08,Toys,1,$82.72,Cancelled,Amazon Pay
AMA-O10515,AMA-C5452,2023-09-12,Grocery,1,51.21,Returned,Amazon Pay
AMA-O8882,AMA-C8603,14-Jan-2023,Home & Kitchen,2,59.29,Returned,Debit Card
AMA-O6467,AMA-C2668,2023-12-20,Grocery,3,45.62,Returned,UPI
AMA-O13735,AMA-C8797,23-Mar-2025,Apparel,1,95.24,Delivered,Credit Card
AMA-O8368,AMA-C2384,2025-12-31,Home & Kitchen,5,277.9,Cancelled,Debit Card
AMA-O10491,AMA-C3986,2024-04-02,Electronics,3,471.51,Shipped,Credit Card
AMA-O7539,AMA-C8253,02/24/2023,Electronics,2,267.25,Delivered,UPI
AMA-O9639,AMA-C9627,24-Feb-2023,Apparel,3,$89.39,Cancelled,Debit Card
AMA-O11957,AMA-C9999,18-Jul-2023,Electronics,5,$57.17,Returned,Gift Card
AMA-O6316,AMA-C10414,04-Nov-2023,Home & Kitchen,4,196.3,Delivered,Credit Card
AMA-O12474,AMA-C3896,2023-08-11,Apparel,5,43.71,Cancelled,Gift Card
AMA-O7565,AMA-C9999,11-Nov-2025,Apparel,3,52.94,Delivered,UPI
AMA-O10109,AMA-C8298,10-Jun-2024,Beauty,1,83.8,Shipped,Amazon Pay
AMA-O5617,AMA-C5624,05/11/2023,Apparel,5,79.27,Cancelled,Gift Card
AMA-O5664,AMA-C9035,09-Aug-2024,Home & Kitchen,4,$24.78,Delivered,Credit Card
AMA-O8830,AMA-C3317,2023-05-13,Beauty,5,12.7,Returned,Credit Card
AMA-O13202,AMA-C8635,08-Aug-2025,Sports & Outdoors,4,146.75,Delivered,Credit Card
AMA-O9635,AMA-C10142,2023-03-31,Home & Kitchen,3,13.57,Delivered,Gift Card
AMA-O9999,AMA-C9999,03-Aug-2025,Home & Kitchen,1,287.5,Delivered,Credit Card
AMA-O7018,AMA-C6270,21-Nov-2025,Sports & Outdoors,2,$71.15,Delivered,Gift Card
AMA-O5753,AMA-C3885,2024-08-10,Beauty,4,83.21,Delivered,Credit Card
AMA-O12719,AMA-C7783,2023-12-25,Electronics,4,329.57,Delivered,Amazon Pay
AMA-O7368,AMA-C10813,30-Apr-2024,Beauty,4,$47.09,Returned,Debit Card
AMA-O5462,AMA-C4680,10/03/2025,Home & Kitchen,1,166.61,Shipped,UPI
AMA-O12130,AMA-C5886,03/12/2023,Toys,3,$25.16,Pending,UPI
AMA-O11464,AMA-C6788,03/01/2025,Toys,1,90.68,,UPI
AMA-O9801,AMA-C9708,2024-11-24,Grocery,5,$6.59,Delivered,Debit Card
AMA-O14268,AMA-C2880,2023-06-05,Electronics,2,$635.93,Delivered,UPI
AMA-O12111,AMA-C3330,2023-02-11,Electronics,1,502.93,Delivered,Amazon Pay
AMA-O9664,AMA-C4428,26-Jun-2025,Electronics,2,77.67,Pending,Credit Card
AMA-O14209,AMA-C4601,25-Dec-2025,Home & Kitchen,5,142.06,,Amazon Pay
AMA-O14911,AMA-C5067,2023-05-25,Electronics,2,$449.39,Pending,UPI
AMA-O11552,AMA-C9123,2025-01-31,Toys,1,69.66,Delivered,Debit Card
AMA-O12366,AMA-C6171,07-Jan-2025,Beauty,2,71.49,Delivered,Debit Card
AMA-O6003,AMA-C9999,21-Oct-2024,Apparel,5,53.54,Returned,Amazon Pay
AMA-O11901,AMA-C9471,13-Sep-2025,Grocery,4,$12.58,Returned,Amazon Pay
AMA-O14197,AMA-C1014,24-Jul-2023,Sports & Outdoors,2,$241.20,Delivered,Debit Card
AMA-O11556,AMA-C3924,2025-02-02,Sports & Outdoors,1,221.41,Delivered,Amazon Pay
AMA-O6183,AMA-C7706,2025-06-20,Home & Kitchen,2,128.34,Shipped,Debit Card
AMA-O13194,AMA-C3064,2023-03-10,Sports & Outdoors,4,133.2,Returned,Gift Card
AMA-O12949,AMA-C4749,2024-08-23,Home & Kitchen,4,91.38,Delivered,Amazon Pay
AMA-O13218,AMA-C5311,08/24/2023,Home & Kitchen,1,225.58,Pending,Credit Card
AMA-O8973,AMA-C5273,23-Feb-2025,Toys,2,$47.39,Delivered,Debit Card
AMA-O14005,AMA-C1556,2024-07-23,Apparel,1,69.32,Delivered,UPI
AMA-O7917,AMA-C1750,09-Sep-2025,Books,3,9.68,,Gift Card
AMA-O8192,AMA-C2551,02/03/2025,Electronics,4,232.96,Delivered,Amazon Pay
AMA-O10070,AMA-C3207,10/11/2024,Electronics,2,395.82,Cancelled,Gift Card
AMA-O8049,AMA-C7859,11/11/2023,Apparel,1,64.72,Delivered,UPI
AMA-O9732,AMA-C1692,12/22/2023,Apparel,4,111.48,Cancelled,Credit Card
AMA-O8543,AMA-C9916,09/29/2024,Apparel,2,11.87,Delivered,Credit Card
AMA-O5063,AMA-C5201,02-Nov-2025,Beauty,5,$64.80,Cancelled,Amazon Pay
AMA-O13366,AMA-C6968,10-Oct-2024,Sports & Outdoors,3,12.8,Cancelled,Debit Card
AMA-O11960,AMA-C8017,07/18/2024,Apparel,3,115.66,Shipped,Credit Card
AMA-O7950,AMA-C10805,01-Feb-2024,Beauty,4,65.01,Cancelled,Gift Card
AMA-O11426,AMA-C8063,2025-07-08,Toys,4,98.57,Cancelled,UPI
AMA-O11035,AMA-C9982,17-Oct-2025,Books,3,35.63,Returned,Gift Card
AMA-O14544,AMA-C8164,06-Apr-2023,Sports & Outdoors,3,74.06,,Credit Card
AMA-O13426,AMA-C1941,2024-05-03,Beauty,2,69.39,Pending,Gift Card
AMA-O8229,AMA-C5579,12/28/2024,Books,3,13.15,Delivered,Amazon Pay
AMA-O8900,AMA-C1588,11/30/2023,Toys,5,55.95,Returned,Credit Card
AMA-O5939,AMA-C4636,12-Jan-2023,Electronics,5,$348.74,Returned,Amazon Pay
AMA-O9616,AMA-C3973,09/14/2024,Grocery,2,8.35,Pending,Debit Card
AMA-O7205,AMA-C2095,08-Dec-2024,Grocery,2,7.41,Delivered,Gift Card
AMA-O5167,AMA-C2306,08/01/2025,Toys,5,61.63,Returned,UPI
AMA-O12915,AMA-C10123,03/09/2023,Grocery,2,48.51,Delivered,Debit Card
AMA-O10251,AMA-C7999,18-Aug-2023,Grocery,2,16.28,,UPI
AMA-O12496,AMA-C1252,2025-11-11,Home & Kitchen,4,243.41,Pending,Amazon Pay
AMA-O5790,AMA-C9078,02/16/2025,Grocery,2,3.44,Returned,Credit Card
AMA-O8374,AMA-C5849,16-Aug-2023,Books,2,$14.22,Delivered,UPI
AMA-O6004,AMA-C4009,05/22/2024,Electronics,1,402.44,Delivered,Credit Card
AMA-O14515,AMA-C4104,2024-06-16,Grocery,1,30.15,Cancelled,Gift Card
AMA-O6118,AMA-C2142,09-Feb-2023,Sports & Outdoors,3,180.86,Cancelled,UPI
AMA-O13102,AMA-C4998,04/05/2025,Books,2,10.62,Delivered,Gift Card
AMA-O12468,AMA-C1024,2024-01-10,Electronics,3,41.94,Delivered,Debit Card
AMA-O7636,AMA-C5353,10/22/2023,Books,3,20.31,Shipped,Gift Card
AMA-O11113,AMA-C10422,03/26/2025,Beauty,4,$23.57,Delivered,UPI
AMA-O10065,AMA-C4164,06-Sep-2025,Toys,3,$83.63,Delivered,Credit Card
AMA-O12984,AMA-C5679,06/04/2025,Toys,-4,$21.83,Shipped,Gift Card
AMA-O6354,AMA-C6457,2023-09-05,Apparel,2,$39.13,Returned,Gift Card
AMA-O13870,AMA-C4615,2023-03-23,Sports & Outdoors,4,223.23,Shipped,Credit Card
AMA-O9161,AMA-C10492,06/26/2023,Grocery,1,$49.68,Cancelled,Credit Card
AMA-O12861,AMA-C9904,2023-09-14,Apparel,3,114.72,Shipped,Gift Card
AMA-O5341,AMA-C5211,2025-07-01,Sports & Outdoors,4,122.07,Delivered,Credit Card
AMA-O13015,AMA-C7815,24-Sep-2025,Books,5,28.8,Cancelled,Gift Card
AMA-O12805,AMA-C4936,2023-07-18,Apparel,5,$17.23,Returned,UPI
AMA-O14749,AMA-C10494,11/04/2023,Sports & Outdoors,2,210.52,Cancelled,Amazon Pay
AMA-O11724,AMA-C3636,04/17/2025,Toys,5,$56.52,Pending,Gift Card
AMA-O11766,AMA-C7843,26-Nov-2025,Grocery,3,$7.67,Delivered,Credit Card
AMA-O8426,AMA-C10057,29-Dec-2025,Electronics,1,$147.27,,Gift Card
AMA-O9542,AMA-C7038,2023-01-27,Home & Kitchen,4,73.23,Returned,Debit Card
AMA-O7250,AMA-C5533,29-Sep-2023,Apparel,3,108.33,Shipped,UPI
AMA-O5241,AMA-C5632,28-Feb-2024,Toys,1,42.23,Delivered,Credit Card
AMA-O8549,AMA-C5645,2025-05-19,Apparel,3,93.71,Cancelled,Amazon Pay
AMA-O14598,AMA-C9640,06/14/2025,Grocery,4,22.93,Delivered,UPI
AMA-O8702,AMA-C10831,21-Feb-2025,Sports & Outdoors,5,$111.77,Delivered,Credit Card
AMA-O8222,AMA-C3200,28-Dec-2025,Home & Kitchen,2,146.17,Delivered,UPI
AMA-O12139,AMA-C6727,2023-02-27,Home & Kitchen,1,197.43,Cancelled,UPI
AMA-O12968,AMA-C5735,11/03/2023,Beauty,4,43.91,,Gift Card
AMA-O11070,AMA-C2712,07-Apr-2023,Apparel,4,43.06,Cancelled,Debit Card
AMA-O12664,AMA-C6821,2025-08-25,Electronics,5,110.75,Shipped,Credit Card
AMA-O5915,AMA-C5506,11/21/2023,Apparel,4,10.13,Returned,UPI
AMA-O14465,AMA-C5413,2023-07-11,Beauty,1,24.52,Returned,Credit Card
AMA-O14339,AMA-C4842,19-Apr-2023,Toys,5,81.01,Pending,Credit Card
AMA-O12215,AMA-C3456,2024-11-20,Sports & Outdoors,3,$78.50,Delivered,Debit Card
AMA-O13296,AMA-C3255,08-Nov-2025,Apparel,2,101.2,Returned,Gift Card
AMA-O7375,AMA-C6451,02-Apr-2023,Books,4,35.67,Delivered,Amazon Pay
AMA-O14513,AMA-C9974,2025-05-17,Electronics,5,$652.08,Delivered,Debit Card
AMA-O11725,AMA-C10784,15-Nov-2024,Beauty,1,82.56,Delivered,Gift Card
AMA-O12533,AMA-C3756,22-Jun-2023,Apparel,4,73.8,Delivered,UPI
AMA-O5698,AMA-C5320,10/08/2025,Grocery,1,$41.85,Returned,Gift Card
AMA-O7426,AMA-C10898,02-Jan-2025,Toys,1,36.99,Delivered,UPI
AMA-O9158,AMA-C10174,11/19/2023,Electronics,1,103.31,Delivered,UPI
AMA-O12102,AMA-C4963,03/09/2023,Apparel,2,$116.91,Cancelled,UPI
AMA-O6832,AMA-C7455,01/29/2023,Electronics,2,61.15,Delivered,Debit Card
AMA-O14077,AMA-C5351,16-Feb-2024,Apparel,1,46.61,Returned,Debit Card
AMA-O11775,AMA-C10232,2024-11-15,Beauty,5,$60.55,Pending,Credit Card
AMA-O13035,AMA-C9179,07/18/2023,Sports & Outdoors,5,148.94,Delivered,UPI
AMA-O13987,AMA-C9977,12/15/2023,Apparel,1,$116.79,Shipped,Amazon Pay
AMA-O7577,AMA-C10111,18-Dec-2025,Sports & Outdoors,3,215.5,,Credit Card
AMA-O5881,AMA-C6177,01/13/2025,Sports & Outdoors,2,$209.35,Pending,Gift Card
AMA-O5708,AMA-C7705,2023-10-22,Books,3,29.94,,Debit Card
AMA-O5782,AMA-C8599,02/25/2023,Grocery,4,5.99,Returned,UPI
AMA-O9829,AMA-C8503,2024-10-12,Grocery,4,2.02,Returned,Amazon Pay
AMA-O8290,AMA-C3167,2023-07-14,Sports & Outdoors,1,84.08,Shipped,Credit Card
AMA-O12104,AMA-C2319,30-Nov-2023,Beauty,5,42.41,Delivered,Gift Card
AMA-O14203,AMA-C10350,31-May-2023,Sports & Outdoors,4,118.22,Returned,Credit Card
AMA-O14791,AMA-C10847,08/29/2023,Grocery,2,59.04,Returned,Debit Card
AMA-O7184,AMA-C9297,09/07/2024,Sports & Outdoors,4,35.21,Returned,Gift Card
AMA-O6694,AMA-C8557,01/22/2025,Home & Kitchen,3,107.07,Delivered,Credit Card
AMA-O13368,AMA-C5010,15-Nov-2024,Beauty,2,5.81,Delivered,Credit Card
AMA-O13362,AMA-C9634,04/22/2025,Home & Kitchen,5,100.24,Delivered,UPI
AMA-O6083,AMA-C8821,2023-05-25,Sports & Outdoors,3,211.88,Cancelled,UPI
AMA-O11370,AMA-C2782,2025-05-15,Sports & Outdoors,3,239.92,Pending,Credit Card
AMA-O10355,AMA-C2889,10/21/2023,Books,1,6.66,Delivered,Gift Card
AMA-O7674,AMA-C8527,2025-01-26,Sports & Outdoors,5,14.16,Cancelled,UPI
AMA-O11411,AMA-C8308,01-Sep-2025,Toys,1,$87.10,Delivered,Gift Card
AMA-O14448,AMA-C9361,11-Oct-2024,Grocery,2,3.67,Delivered,Gift Card
AMA-O14276,AMA-C10163,28-Jul-2023,Toys,1,$35.14,,UPI
AMA-O7800,AMA-C1643,01/05/2025,Beauty,2,45.06,,Gift Card
AMA-O7209,AMA-C2533,15-Mar-2023,Beauty,2,42.07,Delivered,Credit Card
AMA-O6113,AMA-C6364,2024-10-27,Apparel,2,109.85,Delivered,Debit Card
AMA-O10729,AMA-C9119,2024-12-04,Books,3,17.15,Delivered,Amazon Pay
AMA-O6464,AMA-C2821,2025-01-10,Sports & Outdoors,1,109.06,Delivered,Gift Card
AMA-O14854,AMA-C9375,02/25/2023,Grocery,5,32.26,Delivered,Credit Card
AMA-O9050,AMA-C2744,03/22/2024,Toys,2,99.85,Delivered,Amazon Pay
AMA-O5746,AMA-C6918,13-Dec-2025,Toys,1,76.9,Shipped,Amazon Pay
AMA-O14520,AMA-C8996,2025-11-12,Home & Kitchen,5,173.82,Shipped,Debit Card
AMA-O12914,AMA-C8254,22-Jun-2025,Beauty,5,53.2,Pending,Debit Card
AMA-O10473,AMA-C6569,01/15/2023,Books,3,37.49,Pending,UPI
AMA-O6849,AMA-C3887,31-Jul-2023,Sports & Outdoors,4,223.62,,UPI
AMA-O11083,AMA-C2132,13-Jun-2024,Beauty,5,$41.65,Pending,UPI
AMA-O8623,AMA-C5080,06/14/2025,Toys,3,17.15,Returned,Amazon Pay
AMA-O8958,AMA-C9797,09/28/2025,Sports & Outdoors,2,35.33,Delivered,Credit Card
AMA-O14550,AMA-C4863,06/08/2023,Toys,-2,38.02,Returned,Debit Card
AMA-O14781,AMA-C8191,01/05/2023,Electronics,3,164.72,Shipped,Debit Card
AMA-O9974,AMA-C3180,09-Sep-2025,Apparel,3,80.83,Pending,Credit Card
AMA-O11592,AMA-C8525,04/29/2024,Home & Kitchen,5,289.96,Shipped,Credit Card
AMA-O5371,AMA-C6912,07/09/2025,Electronics,4,497.59,Returned,Debit Card
AMA-O11818,AMA-C3078,12/22/2025,Home & Kitchen,5,$229.04,Returned,Debit Card
AMA-O13475,AMA-C10109,05/11/2025,Grocery,2,59.17,Returned,Gift Card
AMA-O5495,AMA-C5692,2024-03-26,Sports & Outdoors,4,151.2,Pending,Gift Card
AMA-O6389,AMA-C7527,03-Sep-2025,Toys,3,$52.75,Cancelled,Debit Card
AMA-O9745,AMA-C10980,2025-12-21,Beauty,-2,11.52,Returned,Amazon Pay
AMA-O6645,AMA-C9672,02/05/2024,Toys,1,$87.61,Returned,Debit Card
AMA-O8972,AMA-C7685,15-Apr-2023,Home & Kitchen,2,106.99,Delivered,Gift Card
AMA-O12736,AMA-C10638,14-Sep-2024,Beauty,4,$76.74,Delivered,Debit Card
AMA-O5963,AMA-C4238,09-Dec-2024,Beauty,5,18.28,Delivered,UPI
AMA-O11029,AMA-C6053,10/31/2024,Home & Kitchen,1,184.75,Delivered,Credit Card
AMA-O10178,AMA-C10137,2023-05-08,Books,2,20.15,Pending,UPI
AMA-O10011,AMA-C4438,02/24/2023,Books,4,$12.05,Cancelled,UPI
AMA-O14956,AMA-C4178,11/09/2023,Electronics,2,451.04,Shipped,Credit Card
AMA-O12951,AMA-C10974,06-Feb-2024,Books,5,33.91,Delivered,Credit Card
AMA-O9903,AMA-C4045,2024-06-22,Home & Kitchen,3,$13.33,Delivered,Debit Card
AMA-O9144,AMA-C4763,15-Jan-2023,Apparel,5,119.96,Delivered,Amazon Pay
AMA-O12521,AMA-C9930,2024-02-14,Grocery,3,10.39,Cancelled,Gift Card
AMA-O11143,AMA-C6231,2024-02-13,Toys,5,99.62,Shipped,Amazon Pay
AMA-O13318,AMA-C6748,09/03/2025,Home & Kitchen,5,$48.62,Delivered,Gift Card
AMA-O9357,AMA-C10961,15-Jul-2024,Sports & Outdoors,4,28.14,Delivered,Credit Card
AMA-O10518,AMA-C8563,07-May-2023,Toys,5,20.58,Returned,Debit Card
AMA-O12043,AMA-C8524,17-Aug-2023,Sports & Outdoors,5,10.87,Shipped,Credit Card
AMA-O11362,AMA-C4965,04-Dec-2024,Sports & Outdoors,4,215.61,Shipped,UPI
AMA-O5173,AMA-C4775,2025-08-04,Apparel,2,37.25,Shipped,Debit Card
AMA-O12801,AMA-C4047,2024-12-13,Electronics,-3,153.9,Returned,Gift Card
AMA-O6493,AMA-C9435,2023-03-09,Sports & Outdoors,1,216.19,Cancelled,Gift Card
AMA-O7825,AMA-C6032,24-May-2025,Apparel,1,83.32,Returned,Debit Card
AMA-O11410,AMA-C9403,2025-01-03,Grocery,1,33.68,Delivered,Debit Card
AMA-O11130,AMA-C2783,12/24/2023,Home & Kitchen,3,256.93,Pending,Amazon Pay
AMA-O5593,AMA-C7811,31-Mar-2024,Electronics,3,592.11,Delivered,Debit Card
AMA-O9881,AMA-C9999,06/12/2023,Sports & Outdoors,4,211.31,Shipped,UPI
AMA-O11228,AMA-C3021,27-Mar-2023,Books,3,23.44,Returned,UPI
AMA-O10933,AMA-C4466,02-Jan-2024,Grocery,4,22.19,Delivered,UPI
AMA-O8320,AMA-C5159,04-Mar-2025,Grocery,2,23.4,Delivered,UPI
AMA-O7147,AMA-C9777,2024-11-10,Sports & Outdoors,1,176.95,Delivered,Amazon Pay
AMA-O7928,AMA-C9999,2024-10-10,Apparel,5,27.17,Delivered,Credit Card
AMA-O14643,AMA-C10157,06/15/2023,Apparel,5,$91.13,Delivered,Debit Card
AMA-O9842,AMA-C9217,2023-03-30,Books,5,8.88,Pending,Amazon Pay
AMA-O11227,AMA-C2935,2024-07-06,Books,1,6.23,Shipped,Credit Card
AMA-O6147,AMA-C6182,2024-10-03,Grocery,2,38.38,Pending,UPI
AMA-O12347,AMA-C2748,09-Feb-2024,Home & Kitchen,2,152.4,Pending,Debit Card
AMA-O11478,AMA-C9811,06/03/2023,Electronics,2,$567.70,Delivered,Gift Card
AMA-O10320,AMA-C8788,21-Jul-2024,Electronics,1,121.96,Delivered,Debit Card
AMA-O7411,AMA-C7544,2025-03-15,Toys,3,78.68,Pending,Debit Card
AMA-O5121,AMA-C8764,2023-09-01,Toys,4,61.25,Delivered,Gift Card
AMA-O5349,AMA-C10041,2025-12-21,Electronics,2,291.44,Delivered,Debit Card
AMA-O7606,AMA-C8077,02/15/2024,Sports & Outdoors,3,34.94,Returned,UPI
AMA-O14468,AMA-C9914,2025-08-03,Sports & Outdoors,3,162.62,Returned,Gift Card
AMA-O6842,AMA-C8974,2023-07-26,Apparel,2,98.73,Delivered,Credit Card
AMA-O7183,AMA-C2852,23-Aug-2023,Toys,5,65.92,Delivered,Amazon Pay
AMA-O12935,AMA-C6412,23-Oct-2025,Toys,3,90.79,,Debit Card
AMA-O5788,AMA-C10156,12/16/2025,Toys,1,$63.07,Cancelled,Gift Card
AMA-O6120,AMA-C6684,2023-11-03,Grocery,5,46.97,Returned,Amazon Pay
AMA-O11663,AMA-C8364,2025-04-06,Apparel,-3,86.91,Delivered,Credit Card
AMA-O8548,AMA-C9356,2024-04-18,Sports & Outdoors,2,135.93,Returned,Amazon Pay
AMA-O12964,AMA-C3678,13-Jul-2024,Books,2,$33.10,Returned,Credit Card
AMA-O14741,AMA-C6967,2023-03-17,Beauty,2,72.51,Delivered,UPI
AMA-O9022,AMA-C9340,27-Jan-2025,Home & Kitchen,5,83.84,Delivered,UPI
AMA-O5759,AMA-C9016,2025-04-27,Toys,2,17.58,Delivered,Gift Card
AMA-O7548,AMA-C7192,2024-07-24,Sports & Outdoors,3,158.97,Pending,Debit Card
AMA-O5981,AMA-C5664,07/24/2023,Sports & Outdoors,2,210.48,Pending,Gift Card
AMA-O9528,AMA-C7912,03/04/2024,Home & Kitchen,1,17.86,Delivered,Gift Card
AMA-O10031,AMA-C3573,23-Oct-2023,Toys,2,91.71,Pending,Amazon Pay
AMA-O10692,AMA-C1049,25-Apr-2024,Books,2,11.78,Returned,Amazon Pay
AMA-O11301,AMA-C1084,14-Jul-2023,Books,-5,9.95,Pending,Gift Card
AMA-O6193,AMA-C5706,2024-09-01,Grocery,3,4.42,Pending,Credit Card
AMA-O14950,AMA-C3562,05/07/2023,Books,4,38.08,Cancelled,Debit Card
AMA-O14866,AMA-C1343,10-Oct-2024,Toys,3,94.31,Delivered,Gift Card
AMA-O14833,AMA-C8288,2025-02-24,Sports & Outdoors,5,164.1,Cancelled,UPI
AMA-O12425,AMA-C6230,2023-08-13,Books,3,11.48,Pending,Gift Card
AMA-O11555,AMA-C9107,08-Sep-2024,Sports & Outdoors,3,43.14,Delivered,Debit Card
AMA-O6048,AMA-C3862,11/07/2025,Toys,5,31.56,Returned,UPI
AMA-O13259,AMA-C3464,12/31/2025,Toys,1,66.94,Cancelled,Gift Card
AMA-O7180,AMA-C2045,29-Nov-2024,Books,5,36.99,Cancelled,Gift Card
AMA-O7223,AMA-C8158,2025-12-11,Sports & Outdoors,1,172.89,Delivered,Gift Card
AMA-O8046,AMA-C10903,2024-12-26,Beauty,3,21.73,Returned,Debit Card
AMA-O7369,AMA-C3625,07/22/2023,Grocery,4,7.55,Delivered,UPI
AMA-O5957,AMA-C6860,2023-10-24,Sports & Outdoors,5,36.66,Delivered,UPI
AMA-O7972,AMA-C10852,2024-06-27,Grocery,4,31.64,Delivered,Gift Card
AMA-O13431,AMA-C3797,05-Apr-2025,Home & Kitchen,2,$59.61,Delivered,Credit Card
AMA-O6560,AMA-C10960,2025-09-01,Electronics,2,$721.89,Cancelled,Amazon Pay
