revenue_id,order_id,payment_date,amount_paid_usd,payment_status,refund_amount_usd
AMA-R10960,AMA-O9716,18-Dec-2023,87.45,Paid,0.0
AMA-R13271,AMA-O8226,24-Jul-2024,525.87,Paid,0.0
AMA-R16831,AMA-O14976,14-Nov-2023,183.44,Paid,183.44
AMA-R12291,AMA-O14824,2023-08-27,76.53,Paid,76.53
AMA-R15811,AMA-O8182,14-Jul-2025,412.11,Pending,0.0
AMA-R9497,AMA-O10461,2023-11-02,200.88,Paid,0.0
AMA-R16815,AMA-O8165,2025-03-17,15.36,Refunded,0.0
AMA-R10795,AMA-O9016,08/18/2025,75.87,Paid,0.0
AMA-R18228,AMA-O8259,18-Aug-2025,157.0,Pending,0.0
AMA-R15342,AMA-O13087,2025-07-10,78.6,Paid,0.0
AMA-R17379,AMA-O9776,09/12/2025,3290.0,Paid,0.0
AMA-R10030,AMA-O10305,2025-11-15,11.5,Paid,0.0
AMA-R16351,AMA-O14053,12-Jul-2024,1001.56,Paid,0.0
AMA-R16703,AMA-O14752,09-Oct-2023,126.76,Paid,126.76
AMA-R14720,AMA-O14090,12/14/2024,69.42,Paid,69.42
AMA-R11544,AMA-O14117,2023-01-17,,Paid,18.81
AMA-R15255,AMA-O10156,05/19/2025,678.3,Pending,0.0
AMA-R14774,AMA-O13506,10-Nov-2025,724.06,Refunded,0.0
AMA-R14163,AMA-O14441,28-Oct-2025,17.76,Paid,0.0
AMA-R15113,AMA-O5396,07/27/2025,70.6,Paid,0.0
AMA-R18168,AMA-O9922,2025-02-09,,Paid,0.0
AMA-R14034,AMA-O6912,2025-03-02,215.64,Refunded,0.0
AMA-R10894,AMA-O7947,05/22/2023,735.42,Paid,0.0
AMA-R9735,AMA-O10085,2023-05-01,165.92,Paid,165.92
AMA-R13295,AMA-O8842,01-Jan-2023,375.4,Paid,0.0
AMA-R9631,AMA-O7838,2023-05-15,36.54,Paid,0.0
AMA-R10849,AMA-O11267,02-Mar-2025,74.97,Paid,0.0
AMA-R9553,AMA-O8716,21-Aug-2024,197.68,Refunded,0.0
AMA-R15910,AMA-O11449,2025-10-06,678.43,Refunded,0.0
AMA-R15693,AMA-O5797,2024-08-17,158.67,Paid,0.0
AMA-R15733,AMA-O10352,2023-05-07,498.66,Pending,0.0
AMA-R9433,AMA-O7283,14-Apr-2025,167.56,Paid,0.0
AMA-R18394,AMA-O12863,10/03/2025,76.12,Paid,76.12
AMA-R11845,AMA-O11019,04/14/2025,109.3,Paid,0.0
AMA-R17391,AMA-O5324,12/18/2024,24.72,Paid,0.0
AMA-R9451,AMA-O12070,01/05/2025,,Refunded,28.94
AMA-R18137,AMA-O13711,13-Aug-2023,57.6,Paid,57.6
AMA-R14725,AMA-O7761,2025-11-04,1637.31,Paid,1637.31
AMA-R12735,AMA-O7191,2023-09-27,40.69,Paid,0.0
AMA-R12681,AMA-O11028,2024-08-30,16.32,Pending,0.0
AMA-R14090,AMA-O8609,03/04/2023,65.32,Refunded,0.0
AMA-R17407,AMA-O14096,22-Jun-2023,72.72,Paid,0.0
AMA-R15761,AMA-O8808,03/07/2025,65.67,Paid,0.0
AMA-R18258,AMA-O10058,2023-06-23,494.18,Refunded,0.0
AMA-R10988,AMA-O8402,01-Nov-2023,458.45,Paid,0.0
AMA-R15164,AMA-O8037,02-Aug-2024,125.74,Refunded,0.0
AMA-R13346,AMA-O8742,2023-01-31,,Refunded,0.0
AMA-R10115,AMA-O8104,05/27/2025,831.14,Paid,0.0
AMA-R17271,AMA-O7495,05-Nov-2025,38.64,Pending,0.0
AMA-R9208,AMA-O12218,03/11/2023,67.96,Paid,0.0
AMA-R17638,AMA-O13766,11/08/2023,17.2,Paid,0.0
AMA-R11181,AMA-O14358,15-Jul-2023,2906.84,Paid,0.0
AMA-R17603,AMA-O14687,2024-05-19,1783.6,Paid,1783.6
AMA-R12959,AMA-O13298,2025-01-29,69.72,Paid,0.0
AMA-R16097,AMA-O10903,06/28/2025,255.72,Paid,0.0
AMA-R9472,AMA-O14065,01/10/2025,,Paid,0.0
AMA-R15950,AMA-O9278,27-Oct-2024,57.78,Paid,0.0
AMA-R12867,AMA-O10975,2023-05-14,85.74,Paid,0.0
AMA-R16820,AMA-O8003,31-Aug-2024,84.0,Paid,0.0
AMA-R13514,AMA-O12429,01/15/2024,113.22,Paid,0.0
AMA-R15216,AMA-O8883,2023-12-27,154.1,Refunded,0.0
AMA-R12891,AMA-O14957,07-Jul-2023,246.9,Paid,0.0
AMA-R15933,AMA-O13849,2024-11-12,3667.55,Paid,0.0
AMA-R11689,AMA-O13433,2024-06-16,168.54,Paid,0.0
AMA-R16492,AMA-O5724,18-Dec-2023,273.25,Paid,0.0
AMA-R15073,AMA-O12511,13-Apr-2024,1247.4,Paid,0.0
AMA-R17239,AMA-O14353,04/20/2025,32.56,Paid,32.56
AMA-R14673,AMA-O12068,2025-07-17,547.89,Refunded,0.0
AMA-R15673,AMA-O12959,2023-07-03,2051.72,Paid,0.0
AMA-R15057,AMA-O12119,11-Aug-2024,42.88,Paid,0.0
AMA-R15685,AMA-O11309,07/01/2024,199.92,Paid,0.0
AMA-R9222,AMA-O10199,02/22/2025,1137.24,Paid,0.0
AMA-R15641,AMA-O14904,02/10/2023,106.47,Paid,0.0
AMA-R14543,AMA-O12140,11-Apr-2025,6.62,Paid,0.0
AMA-R16329,AMA-O9107,09-Aug-2023,287.64,Paid,0.0
AMA-R15664,AMA-O7300,2024-07-11,65.91,Paid,0.0
AMA-R10769,AMA-O8843,20-Jul-2023,442.35,Paid,0.0
AMA-R12191,AMA-O10616,15-Nov-2024,73.83,Refunded,0.0
AMA-R14718,AMA-O8423,30-Jul-2025,382.6,Paid,382.6
AMA-R11262,AMA-O14403,01-Jul-2024,2836.08,Paid,0.0
AMA-R16294,AMA-O12725,2024-03-15,89.28,Paid,89.28
AMA-R13761,AMA-O6274,03/23/2024,25.64,Paid,0.0
AMA-R15247,AMA-O6525,06-Jul-2025,150.81,Paid,0.0
AMA-R18595,AMA-O12521,2024-02-14,31.17,Refunded,0.0
AMA-R13244,AMA-O12221,08-Nov-2024,26.93,Paid,26.93
AMA-R12373,AMA-O7490,2023-10-23,326.8,Paid,0.0
AMA-R10203,AMA-O8527,09/12/2025,109.0,Paid,109.0
AMA-R14207,AMA-O8131,2024-10-09,923.16,Paid,0.0
AMA-R16727,AMA-O6125,30-Sep-2025,215.55,Paid,0.0
AMA-R15426,AMA-O5723,01/18/2023,275.96,Paid,275.96
AMA-R14795,AMA-O6703,21-Feb-2023,300.88,Paid,0.0
AMA-R14366,AMA-O7538,01/09/2023,180.95,Paid,0.0
AMA-R17070,AMA-O13946,02/18/2024,41.36,Paid,0.0
AMA-R15498,AMA-O8087,16-Oct-2023,890.28,Paid,0.0
AMA-R14814,AMA-O14354,05/01/2023,38.62,Paid,0.0
AMA-R11912,AMA-O10136,2023-03-16,128.78,Paid,0.0
AMA-R9731,AMA-O14903,10/31/2023,78.56,Paid,78.56
AMA-R13830,AMA-O8509,08/03/2023,283.1,Paid,0.0
AMA-R14030,AMA-O11166,06-Sep-2025,30.76,Refunded,0.0
AMA-R12225,AMA-O11985,2025-12-30,49.6,Paid,0.0
AMA-R12170,AMA-O7764,06-Nov-2023,,Paid,0.0
AMA-R9420,AMA-O13495,2024-01-20,354.39,Paid,0.0
AMA-R13337,AMA-O13845,2024-02-15,226.65,Paid,226.65
AMA-R9155,AMA-O14204,12-Apr-2023,76.18,Paid,0.0
AMA-R14905,AMA-O11376,2024-06-07,793.59,Refunded,0.0
AMA-R10527,AMA-O6793,2024-08-13,209.76,Paid,0.0
AMA-R10974,AMA-O8391,2024-10-09,223.97,Paid,0.0
AMA-R14886,AMA-O8147,06-Jul-2024,106.08,Paid,0.0
AMA-R17559,AMA-O10481,23-Jul-2023,42.98,Paid,0.0
AMA-R17851,AMA-O11418,12/25/2024,34.64,Paid,0.0
AMA-R15163,AMA-O13962,12/08/2025,66.36,Paid,0.0
AMA-R12792,AMA-O11355,08/31/2024,355.0,Paid,0.0
AMA-R15183,AMA-O5469,08/18/2023,19.47,Paid,0.0
AMA-R10144,AMA-O13156,2023-08-06,1080.35,Paid,0.0
AMA-R9084,AMA-O9870,18-Oct-2025,12.5,Paid,0.0
AMA-R10950,AMA-O12752,2023-04-20,208.28,Paid,0.0
AMA-R9235,AMA-O8445,2023-01-11,284.3,Paid,0.0
AMA-R9777,AMA-O14905,2023-10-04,161.48,Paid,161.48
AMA-R13238,AMA-O9241,06/29/2024,265.6,Paid,0.0
AMA-R10751,AMA-O12436,22-Mar-2024,25.78,Paid,0.0
AMA-R17881,AMA-O11433,22-May-2023,135.92,Refunded,31.98
AMA-R9991,AMA-O5244,11/04/2023,,Paid,1823.19
AMA-R15562,AMA-O6220,12-Feb-2024,27.15,Paid,0.0
AMA-R14860,AMA-O6006,10/01/2023,436.2,Paid,0.0
AMA-R9020,AMA-O9313,2024-08-11,208.13,Paid,0.0
AMA-R15332,AMA-O9232,03/20/2024,769.85,Paid,0.0
AMA-R15352,AMA-O7444,2023-11-07,112.89,Paid,112.89
AMA-R17255,AMA-O6408,2023-09-11,216.89,Paid,216.89
AMA-R14011,AMA-O10936,20-Aug-2024,274.57,Paid,0.0
AMA-R15488,AMA-O5232,2023-04-02,125.19,Paid,125.19
AMA-R15520,AMA-O13322,01-Jun-2023,20.77,Paid,0.0
AMA-R14413,AMA-O12360,20-Aug-2025,18.04,Paid,0.0
AMA-R10884,AMA-O6607,2024-11-28,76.17,Paid,0.0
AMA-R15041,AMA-O5366,12/10/2023,108.96,Paid,0.0
AMA-R13201,AMA-O8118,2024-07-15,32.84,Paid,32.84
AMA-R17895,AMA-O5893,12/29/2025,956.92,Paid,0.0
AMA-R18528,AMA-O7375,02-Apr-2023,142.68,Paid,0.0
AMA-R9618,AMA-O5053,02/26/2023,102.69,Paid,0.0
AMA-R12473,AMA-O14130,2024-05-24,31.2,Paid,0.0
AMA-R13483,AMA-O10276,23-Jun-2024,18.27,Paid,18.27
AMA-R16841,AMA-O7650,2025-03-27,302.64,Paid,0.0
AMA-R12112,AMA-O8013,05-Dec-2024,907.16,Paid,0.0
AMA-R11609,AMA-O7600,24-Oct-2025,55.01,Paid,0.0
AMA-R11538,AMA-O13417,02/13/2024,268.0,Paid,268.0
AMA-R17794,AMA-O12153,2025-08-09,48.71,Paid,0.0
AMA-R11968,AMA-O5286,2024-02-17,446.1,Paid,0.0
AMA-R15004,AMA-O14695,01/08/2025,29.88,Refunded,0.0
AMA-R14538,AMA-O12121,13-Nov-2023,247.75,Paid,0.0
AMA-R9833,AMA-O7227,11-Nov-2025,133.72,Paid,0.0
AMA-R11130,AMA-O11454,2023-08-25,386.3,Refunded,0.0
AMA-R16283,AMA-O14176,26-Oct-2025,2285.94,Paid,0.0
AMA-R12521,AMA-O10238,11/30/2025,553.7,Paid,0.0
AMA-R14678,AMA-O6271,2023-12-14,166.38,Paid,0.0
AMA-R11134,AMA-O14472,2023-04-07,46.28,Paid,0.0
AMA-R17628,AMA-O13276,08/18/2024,75.51,Refunded,0.0
AMA-R10446,AMA-O6116,23-Dec-2025,313.9,Paid,313.9
AMA-R17768,AMA-O5279,2025-05-30,202.3,Paid,0.0
AMA-R16743,AMA-O9502,07-Mar-2025,,Paid,0.0
AMA-R11591,AMA-O8024,07-Mar-2025,,Paid,0.0
AMA-R9131,AMA-O13234,08/07/2025,28.02,Paid,0.0
AMA-R18364,AMA-O7880,04/05/2024,43.8,Paid,0.0
AMA-R11349,AMA-O13607,2023-07-04,797.7,Paid,0.0
AMA-R13758,AMA-O13217,26-Jul-2023,12.78,Paid,0.0
AMA-R17308,AMA-O5772,02/02/2023,,Paid,0.0
AMA-R18450,AMA-O12130,03/12/2023,75.48,Pending,0.0
AMA-R16941,AMA-O11116,11/05/2024,54.85,Paid,0.0
AMA-R13383,AMA-O12680,2023-04-01,64.84,Paid,0.0
AMA-R10920,AMA-O14605,31-Mar-2023,1104.03,Refunded,0.0
AMA-R16748,AMA-O6591,09-Nov-2023,158.55,Paid,0.0
AMA-R11726,AMA-O14654,09/18/2025,119.55,Paid,0.0
AMA-R13746,AMA-O9286,2023-05-06,779.68,Refunded,0.0
AMA-R11587,AMA-O9247,2025-10-04,188.08,Paid,0.0
AMA-R13210,AMA-O12078,03-Jun-2024,367.2,Paid,0.0
AMA-R14845,AMA-O14282,2023-08-17,10.22,Paid,0.0
AMA-R10517,AMA-O6028,12-Aug-2023,113.36,Paid,0.0
AMA-R16849,AMA-O13616,2024-01-17,314.56,Paid,0.0
AMA-R12785,AMA-O5179,2025-02-22,285.32,Pending,0.0
AMA-R17782,AMA-O8693,2025-10-02,306.48,Paid,0.0
AMA-R16287,AMA-O12995,11/18/2023,25.37,Pending,0.0
AMA-R9600,AMA-O9689,27-Dec-2024,100.19,Paid,0.0
AMA-R11851,AMA-O11527,17-Dec-2023,3.6,Paid,0.0
AMA-R13003,AMA-O8941,01/25/2024,99.03,Paid,0.0
AMA-R9226,AMA-O12255,03/14/2023,262.03,Paid,0.0
AMA-R12432,AMA-O9488,21-Oct-2025,57.0,Pending,15.25
AMA-R12096,AMA-O11413,19-Apr-2023,165.54,Paid,0.0
AMA-R17959,AMA-O7447,11/25/2023,781.89,Paid,781.89
AMA-R10809,AMA-O11864,05-May-2025,345.2,Refunded,0.0
AMA-R9522,AMA-O10628,08/17/2023,20.07,Refunded,0.0
AMA-R11316,AMA-O5833,10/31/2024,119.94,Refunded,0.0
AMA-R15335,AMA-O6426,04/01/2023,75.7,Paid,0.0
AMA-R12695,AMA-O7049,12/31/2024,9.07,Paid,0.0
AMA-R9077,AMA-O6900,2023-05-09,76.66,Paid,0.0
AMA-R18020,AMA-O10586,08-May-2023,416.2,Pending,0.0
AMA-R15615,AMA-O11156,07/25/2023,217.5,Refunded,0.0
AMA-R17197,AMA-O11178,30-Dec-2024,36.84,Paid,0.0
AMA-R9498,AMA-O7213,2024-07-18,53.0,Paid,0.0
AMA-R11174,AMA-O13083,2023-09-27,76.08,Refunded,0.0
AMA-R10853,AMA-O5182,06/03/2025,467.95,Paid,0.0
AMA-R11743,AMA-O9778,28-Dec-2023,145.16,Paid,0.0
AMA-R10082,AMA-O7730,2025-12-23,276.38,Paid,90.49
AMA-R13640,AMA-O9571,06/18/2023,225.6,Paid,0.0
AMA-R14112,AMA-O14610,2023-01-29,47.28,Paid,0.0
AMA-R15109,AMA-O9798,2024-06-03,1075.85,Paid,0.0
AMA-R17936,AMA-O8734,2025-02-20,411.1,Paid,411.1
AMA-R12858,AMA-O7402,08/20/2025,1050.48,Paid,0.0
AMA-R9300,AMA-O11206,10/05/2024,315.6,Paid,0.0
AMA-R15707,AMA-O14056,2024-08-05,86.14,Paid,0.0
AMA-R16331,AMA-O5128,02/23/2024,716.01,Paid,0.0
AMA-R9666,AMA-O5591,2025-10-11,1568.08,Paid,1568.08
AMA-R16588,AMA-O13983,01-Apr-2023,1554.6,Refunded,0.0
AMA-R16502,AMA-O5008,04/17/2023,167.07,Paid,0.0
AMA-R11702,AMA-O7210,07/18/2023,471.16,Pending,0.0
AMA-R15866,AMA-O9465,2023-05-30,235.6,Paid,0.0
AMA-R10043,AMA-O5929,08/27/2024,284.68,Paid,0.0
AMA-R12488,AMA-O7255,17-Sep-2024,70.95,Refunded,0.0
AMA-R17363,AMA-O10967,12/15/2023,44.42,Paid,44.42
AMA-R10784,AMA-O6330,03/19/2025,142.68,Paid,0.0
AMA-R17302,AMA-O8887,09/21/2023,81.8,Paid,81.8
AMA-R14993,AMA-O7053,11/10/2024,285.12,Paid,285.12
AMA-R9032,AMA-O10544,2024-01-06,170.15,Refunded,0.0
AMA-R17224,AMA-O13902,12/06/2025,596.1,Refunded,0.0
AMA-R15150,AMA-O11320,14-Jan-2024,1028.8,Paid,0.0
AMA-R14934,AMA-O13127,18-Oct-2024,161.5,Paid,161.5
AMA-R9597,AMA-O13930,2023-02-21,625.48,Paid,0.0
AMA-R13323,AMA-O7915,2024-11-12,156.4,Pending,37.24
AMA-R16943,AMA-O8188,2024-06-26,368.42,Paid,0.0
AMA-R16318,AMA-O8962,07/12/2024,521.4,Paid,0.0
AMA-R9734,AMA-O7238,03-Sep-2025,45.0,Pending,0.0
AMA-R18579,AMA-O5371,07/09/2025,1990.36,Paid,1990.36
AMA-R16876,AMA-O11793,04/24/2025,65.75,Paid,0.0
AMA-R17804,AMA-O5829,05/13/2025,203.07,Paid,0.0
AMA-R13913,AMA-O13261,12/23/2023,,Paid,0.0
AMA-R13328,AMA-O5054,2025-12-24,398.84,Paid,0.0
AMA-R17654,AMA-O9029,29-Apr-2024,173.12,Refunded,0.0
AMA-R13410,AMA-O6665,05-Jun-2024,5.71,Paid,0.0
AMA-R17697,AMA-O10666,25-Jan-2024,94.18,Paid,0.0
AMA-R17580,AMA-O13457,11-May-2024,,Paid,0.0
AMA-R17856,AMA-O5747,08/18/2023,70.04,Paid,0.0
AMA-R15876,AMA-O9706,2024-02-09,,Pending,0.0
AMA-R10386,AMA-O7970,16-Feb-2024,29.49,Pending,0.0
AMA-R13382,AMA-O10096,2024-07-08,235.83,Paid,0.0
AMA-R13205,AMA-O10738,27-May-2025,,Paid,0.0
AMA-R11599,AMA-O7031,03/09/2025,854.2,Paid,0.0
AMA-R14598,AMA-O14992,03/26/2023,19.12,Paid,0.0
AMA-R13345,AMA-O12247,04/21/2023,11.83,Paid,0.0
AMA-R17013,AMA-O14875,2023-05-18,581.6,Paid,0.0
AMA-R11653,AMA-O11100,2023-09-28,174.58,Paid,0.0
AMA-R16044,AMA-O6288,16-Sep-2025,78.96,Paid,0.0
AMA-R16422,AMA-O14170,02/19/2024,247.54,Pending,0.0
AMA-R10520,AMA-O6602,02-Jul-2025,947.45,Paid,0.0
AMA-R18589,AMA-O10178,2023-05-08,40.3,Paid,0.0
AMA-R12468,AMA-O10121,2024-01-19,373.08,Pending,0.0
AMA-R9532,AMA-O14010,01/07/2024,71.4,Paid,0.0
AMA-R16327,AMA-O13486,09-Jan-2024,1311.25,Paid,0.0
AMA-R14327,AMA-O12478,05/03/2024,57.95,Paid,0.0
AMA-R9142,AMA-O6032,2025-02-06,25.95,Paid,0.0
AMA-R13168,AMA-O6153,21-Apr-2025,63.55,Paid,0.0
AMA-R18578,AMA-O11592,04/29/2024,1449.8,Paid,0.0
AMA-R15405,AMA-O11849,2024-03-14,126.33,Paid,126.33
AMA-R16267,AMA-O13947,2023-03-07,209.08,Paid,0.0
AMA-R11203,AMA-O13215,08/03/2023,104.3,Paid,0.0
AMA-R16068,AMA-O6875,13-Oct-2024,645.9,Paid,0.0
AMA-R12714,AMA-O8684,2024-04-14,,Paid,33.66
AMA-R12213,AMA-O13421,04-Mar-2025,31.27,Paid,0.0
AMA-R15919,AMA-O5156,20-Jan-2023,477.4,Paid,0.0
AMA-R14855,AMA-O8905,06/04/2024,126.09,Paid,126.09
AMA-R18079,AMA-O14447,08/19/2023,111.95,Paid,0.0
AMA-R11910,AMA-O5641,09/19/2025,105.4,Paid,0.0
AMA-R12080,AMA-O5607,12/21/2024,97.14,Paid,0.0
AMA-R14439,AMA-O14961,24-Feb-2024,821.26,Paid,821.26
AMA-R14183,AMA-O9055,12/12/2025,72.86,Pending,0.0
AMA-R13326,AMA-O9565,09-Mar-2024,367.6,Paid,0.0
AMA-R15002,AMA-O7380,11/21/2024,185.16,Paid,0.0
AMA-R11430,AMA-O11198,10/28/2024,150.26,Paid,0.0
AMA-R11993,AMA-O8524,07/29/2023,425.7,Paid,0.0
AMA-R17835,AMA-O6869,01/17/2023,352.72,Pending,0.0
AMA-R14638,AMA-O11025,06-Aug-2023,217.16,Paid,217.16
AMA-R16404,AMA-O8512,12/31/2024,285.76,Pending,0.0
AMA-R14384,AMA-O10711,01/09/2024,263.96,Paid,0.0
AMA-R11287,AMA-O10887,26-Jul-2023,992.05,Paid,0.0
AMA-R13110,AMA-O12177,25-May-2024,794.67,Pending,0.0
AMA-R12104,AMA-O5812,08/05/2024,71.0,Paid,71.0
AMA-R11026,AMA-O7943,2023-03-06,337.5,Paid,0.0
AMA-R11492,AMA-O5306,20-Oct-2023,32.46,Pending,0.0
AMA-R16842,AMA-O6124,10-Oct-2024,31.38,Refunded,0.0
AMA-R18446,AMA-O5753,2024-08-10,332.84,Paid,0.0
AMA-R13155,AMA-O11911,26-Jun-2024,70.98,Refunded,0.0
AMA-R12245,AMA-O9585,17-Feb-2024,67.14,Refunded,0.0
AMA-R12682,AMA-O6427,23-Dec-2023,1179.15,Paid,0.0
AMA-R13136,AMA-O13879,2024-12-17,147.39,Paid,0.0
AMA-R16700,AMA-O7504,10-Aug-2025,129.1,Paid,0.0
AMA-R9146,AMA-O9293,09/25/2025,172.22,Paid,0.0
AMA-R16416,AMA-O12250,09/27/2023,,Paid,0.0
AMA-R17201,AMA-O14767,01-Apr-2023,37.92,Paid,0.0
AMA-R14412,AMA-O14883,12/21/2023,16.31,Paid,0.0
AMA-R12258,AMA-O6302,11-Apr-2025,448.6,Paid,0.0
AMA-R17843,AMA-O9560,2023-08-03,33.92,Paid,0.0
AMA-R13338,AMA-O6515,11/10/2024,88.8,Paid,0.0
AMA-R11253,AMA-O5024,2025-05-28,48.35,Refunded,0.0
AMA-R14828,AMA-O8100,2025-08-09,1395.21,Paid,0.0
AMA-R14006,AMA-O14436,04-May-2023,13.3,Paid,0.0
AMA-R9693,AMA-O7460,2023-01-02,153.12,Paid,153.12
AMA-R13656,AMA-O11123,03/27/2024,88.25,Refunded,0.0
AMA-R11216,AMA-O9872,15-Jul-2023,58.12,Paid,0.0
AMA-R18306,AMA-O13134,06/02/2023,292.35,Paid,0.0
AMA-R11852,AMA-O11512,11/29/2024,1101.0,Paid,0.0
AMA-R9696,AMA-O9914,15-Oct-2023,2059.15,Paid,0.0
AMA-R11670,AMA-O12315,18-May-2024,41.52,Paid,41.52
AMA-R12339,AMA-O7842,12/12/2023,109.02,Paid,0.0
AMA-R17392,AMA-O7270,09/05/2024,454.8,Refunded,0.0
AMA-R9621,AMA-O13004,2024-12-29,435.16,Paid,435.16
AMA-R11658,AMA-O13572,07/15/2023,114.6,Pending,0.0
AMA-R15249,AMA-O14460,2025-03-15,206.84,Refunded,0.0
AMA-R17866,AMA-O10468,2024-10-22,384.64,Paid,0.0
AMA-R9638,AMA-O14334,03/29/2024,92.9,Refunded,0.0
AMA-R12115,AMA-O12066,09/06/2024,311.37,Paid,0.0
AMA-R14711,AMA-O11149,04/06/2023,56.05,Paid,56.05
AMA-R9903,AMA-O7174,2024-09-23,142.87,Paid,0.0
AMA-R9874,AMA-O13017,15-Aug-2024,265.1,Paid,0.0
AMA-R11344,AMA-O10521,05/23/2025,29.96,Paid,0.0
AMA-R16674,AMA-O8145,28-Jan-2025,,Refunded,0.0
AMA-R10227,AMA-O6342,2023-07-28,22.17,Paid,8.15
AMA-R17166,AMA-O6761,21-Mar-2023,27.52,Paid,0.0
AMA-R10841,AMA-O8695,2025-06-21,81.35,Pending,0.0
AMA-R17338,AMA-O10093,07/30/2025,134.3,Paid,0.0
AMA-R15353,AMA-O8997,24-Sep-2023,210.1,Paid,0.0
AMA-R11804,AMA-O5580,12/17/2024,92.46,Paid,0.0
AMA-R16148,AMA-O7616,2024-08-17,,Refunded,0.0
AMA-R17285,AMA-O5253,2024-03-08,211.28,Pending,0.0
AMA-R13261,AMA-O14679,02/16/2025,127.6,Paid,18.3
AMA-R15038,AMA-O11185,03/24/2024,64.74,Paid,0.0
AMA-R13611,AMA-O9364,22-May-2025,77.65,Pending,0.0
AMA-R16085,AMA-O12781,07/28/2024,42.4,Paid,0.0
AMA-R14498,AMA-O14974,2023-12-19,,Refunded,0.0
AMA-R9033,AMA-O12631,05/08/2024,91.52,Paid,91.52
AMA-R9754,AMA-O12027,10/28/2023,331.52,Pending,0.0
AMA-R10710,AMA-O11690,2023-02-13,738.27,Paid,0.0
AMA-R15281,AMA-O6991,05/25/2024,89.88,Paid,0.0
AMA-R15465,AMA-O11236,08/24/2023,19.44,Pending,0.0
AMA-R18475,AMA-O8543,09/29/2024,,Paid,0.0
AMA-R14162,AMA-O10471,25-Mar-2023,53.75,Pending,0.0
AMA-R14160,AMA-O11994,2024-10-07,250.41,Pending,0.0
AMA-R16971,AMA-O12526,05/17/2023,73.44,Paid,0.0
AMA-R15112,AMA-O10333,12/21/2023,445.74,Refunded,0.0
AMA-R12067,AMA-O5776,2024-03-08,278.04,Paid,0.0
AMA-R10942,AMA-O6195,16-Sep-2025,148.68,Pending,0.0
AMA-R17397,AMA-O13729,2025-05-28,376.55,Paid,0.0
AMA-R13284,AMA-O7705,2023-03-26,43.58,Paid,17.23
AMA-R13097,AMA-O10443,20-Feb-2023,175.16,Paid,0.0
AMA-R10488,AMA-O5962,2025-12-21,705.87,Paid,0.0
AMA-R11332,AMA-O7865,27-Sep-2025,107.19,Paid,0.0
AMA-R11175,AMA-O8855,2024-05-31,89.16,Paid,0.0
AMA-R16164,AMA-O7581,23-Nov-2023,339.76,Pending,0.0
AMA-R13957,AMA-O12361,02/23/2023,,Paid,0.0
AMA-R16577,AMA-O12679,2023-02-21,16.6,Refunded,0.0
AMA-R12679,AMA-O8550,13-Dec-2023,98.73,Paid,0.0
AMA-R14593,AMA-O5828,03/28/2024,125.92,Refunded,0.0
AMA-R17643,AMA-O12149,2024-04-27,205.4,Pending,0.0
AMA-R11927,AMA-O13437,2023-01-27,,Paid,0.0
AMA-R13816,AMA-O9509,19-Jul-2023,45.88,Pending,0.0
AMA-R18328,AMA-O5536,2025-01-07,12.08,Paid,0.0
AMA-R16987,AMA-O11221,08/02/2024,93.16,Paid,93.16
AMA-R11842,AMA-O5525,05/02/2023,104.15,Paid,104.15
AMA-R10129,AMA-O12871,2023-08-29,205.28,Paid,0.0
AMA-R12589,AMA-O11184,23-Mar-2024,100.0,Paid,0.0
AMA-R17941,AMA-O13557,10-Aug-2024,322.68,Paid,322.68
AMA-R10373,AMA-O8052,2023-06-23,1206.7,Paid,0.0
AMA-R14896,AMA-O13444,2023-11-17,7.18,Refunded,0.0
AMA-R12045,AMA-O7669,27-Feb-2023,218.06,Paid,0.0
AMA-R17653,AMA-O5502,05/02/2024,6.54,Paid,0.0
AMA-R10055,AMA-O14646,09/21/2025,104.64,Paid,0.0
AMA-R11683,AMA-O10381,02/26/2023,88.25,Paid,0.0
AMA-R12012,AMA-O5655,01/23/2024,175.96,Paid,0.0
AMA-R16578,AMA-O9035,2025-07-20,461.32,Paid,0.0
AMA-R16333,AMA-O10092,07/18/2025,999.33,Paid,0.0
AMA-R13384,AMA-O9969,25-Aug-2023,27.22,Paid,0.0
AMA-R18522,AMA-O12664,2025-08-25,553.75,Paid,0.0
AMA-R12630,AMA-O6066,28-Oct-2024,78.18,Paid,0.0
AMA-R17765,AMA-O12903,13-Apr-2025,1172.76,Paid,0.0
AMA-R11704,AMA-O10259,31-May-2024,383.46,Paid,0.0
AMA-R9026,AMA-O12993,10/10/2023,1845.04,Paid,1845.04
AMA-R9794,AMA-O5154,2023-05-10,380.13,Refunded,0.0
AMA-R13975,AMA-O11584,29-Mar-2025,87.6,Pending,0.0
AMA-R12294,AMA-O12557,07/25/2025,37.26,Paid,0.0
AMA-R12322,AMA-O14539,06-Sep-2024,243.96,Paid,0.0
AMA-R10759,AMA-O5289,01-Oct-2025,136.03,Paid,0.0
AMA-R15571,AMA-O11653,2025-05-22,42.21,Paid,0.0
AMA-R17092,AMA-O7546,16-Jun-2025,1075.96,Paid,0.0
AMA-R15955,AMA-O9289,2023-10-13,94.68,Paid,0.0
AMA-R15180,AMA-O11373,14-Jun-2024,160.76,Refunded,0.0
AMA-R14105,AMA-O9383,07/02/2025,231.28,Paid,0.0
AMA-R17608,AMA-O8315,2024-01-12,131.72,Refunded,0.0
AMA-R14833,AMA-O11249,2024-10-25,720.3,Paid,720.3
AMA-R16373,AMA-O12896,2025-05-26,156.92,Paid,0.0
AMA-R17422,AMA-O14745,2025-04-02,94.62,Paid,94.62
AMA-R15902,AMA-O6092,2025-09-26,239.48,Paid,239.48
AMA-R9598,AMA-O7919,2023-09-09,1816.44,Paid,0.0
AMA-R9655,AMA-O14797,05-Apr-2025,111.2,Paid,0.0
AMA-R16134,AMA-O14471,08/07/2025,173.55,Paid,0.0
AMA-R13609,AMA-O12157,2025-07-16,150.52,Paid,0.0
AMA-R9502,AMA-O12880,09/06/2024,676.92,Paid,0.0
AMA-R11053,AMA-O6614,2023-10-16,137.62,Paid,0.0
AMA-R17115,AMA-O5169,25-Aug-2024,76.65,Refunded,0.0
AMA-R9506,AMA-O6502,06/16/2025,2826.25,Paid,0.0
AMA-R15505,AMA-O14111,2024-04-29,167.45,Paid,0.0
AMA-R9234,AMA-O8592,15-Feb-2024,12.92,Paid,12.92
AMA-R18334,AMA-O7989,21-Mar-2024,43.85,Pending,0.0
AMA-R14823,AMA-O9167,2024-01-22,1415.9,Paid,0.0
AMA-R10277,AMA-O6905,2024-10-10,117.4,Paid,0.0
AMA-R14665,AMA-O9066,2024-07-16,,Pending,27.74
AMA-R9630,AMA-O8721,09/09/2024,536.8,Paid,0.0
AMA-R11011,AMA-O6067,15-Feb-2023,243.42,Paid,0.0
AMA-R11762,AMA-O8086,26-May-2025,1546.52,Paid,1546.52
AMA-R16113,AMA-O6039,25-Nov-2023,920.0,Paid,0.0
AMA-R11860,AMA-O9419,04/28/2024,92.04,Paid,92.04
AMA-R13393,AMA-O11264,2025-12-27,310.45,Refunded,0.0
AMA-R11451,AMA-O14228,2023-04-05,64.72,Paid,0.0
AMA-R17315,AMA-O11536,09-Aug-2024,112.47,Refunded,0.0
AMA-R17789,AMA-O9479,23-Sep-2023,445.3,Paid,0.0
AMA-R18420,AMA-O5862,2024-11-19,289.38,Paid,0.0
AMA-R11822,AMA-O12344,12/09/2024,97.05,Paid,97.05
AMA-R12105,AMA-O12261,05/15/2025,115.58,Paid,0.0
AMA-R9831,AMA-O9367,13-May-2025,23.91,Refunded,0.0
AMA-R14668,AMA-O11929,12/04/2024,261.56,Paid,0.0
AMA-R14719,AMA-O6585,2023-03-05,498.23,Paid,0.0
AMA-R16271,AMA-O9397,27-Oct-2024,,Paid,0.0
AMA-R12058,AMA-O6045,29-Oct-2025,96.84,Paid,0.0
AMA-R11988,AMA-O5225,10-Jul-2024,273.54,Paid,273.54
AMA-R12731,AMA-O10286,29-Jan-2024,113.4,Paid,113.4
AMA-R9882,AMA-O10420,20-Nov-2024,991.7,Paid,0.0
AMA-R14065,AMA-O5766,16-Jan-2025,9.34,Paid,0.0
AMA-R14078,AMA-O14245,2025-08-15,824.94,Refunded,281.51
AMA-R16655,AMA-O6471,03/13/2025,1159.0,Paid,0.0
AMA-R13414,AMA-O8646,2024-11-22,774.4,Paid,774.4
AMA-R15071,AMA-O5863,20-Dec-2023,69.1,Refunded,0.0
AMA-R9577,AMA-O14870,01/10/2024,337.04,Paid,0.0
AMA-R10830,AMA-O11529,14-Aug-2025,1172.7,Refunded,0.0
AMA-R16165,AMA-O7632,18-Sep-2024,626.43,Paid,626.43
AMA-R18203,AMA-O13071,2025-02-16,112.02,Paid,0.0
AMA-R17799,AMA-O8044,25-May-2025,,Paid,160.23
AMA-R11091,AMA-O14595,2023-02-23,173.68,Pending,0.0
AMA-R12416,AMA-O11503,2024-01-17,183.51,Paid,0.0
AMA-R11462,AMA-O8704,05/02/2023,71.62,Paid,0.0
AMA-R14096,AMA-O11247,2023-04-21,80.94,Refunded,0.0
AMA-R16384,AMA-O9500,07/09/2023,34.29,Paid,0.0
AMA-R10855,AMA-O14517,13-Nov-2023,374.8,Paid,374.8
AMA-R15567,AMA-O13913,2025-08-03,599.0,Paid,0.0
AMA-R15310,AMA-O9629,2024-01-04,6.03,Paid,0.0
AMA-R18344,AMA-O6509,01/11/2024,107.51,Paid,0.0
AMA-R15660,AMA-O12837,2023-01-11,943.08,Paid,943.08
AMA-R12659,AMA-O14194,10-Feb-2024,664.11,Paid,0.0
AMA-R17550,AMA-O8386,16-Sep-2023,262.2,Paid,0.0
AMA-R13565,AMA-O6441,08/20/2025,,Paid,0.0
AMA-R17707,AMA-O11729,25-Jan-2025,161.52,Paid,26.8
AMA-R18434,AMA-O11957,18-Jul-2023,285.85,Paid,285.85
AMA-R9865,AMA-O9758,04/02/2025,103.9,Paid,103.9
AMA-R9625,AMA-O10823,12/15/2024,1304.94,Refunded,0.0
AMA-R10110,AMA-O7307,2025-09-03,77.0,Paid,0.0
AMA-R12200,AMA-O13364,21-Jan-2024,33.19,Paid,33.19
AMA-R18126,AMA-O14554,30-May-2025,173.45,Refunded,0.0
AMA-R10163,AMA-O8108,2023-10-02,287.28,Paid,0.0
AMA-R18311,AMA-O9827,10-Jan-2025,478.4,Paid,0.0
AMA-R17037,AMA-O11368,15-Jul-2025,16.18,Paid,0.0
AMA-R12718,AMA-O10125,17-Jun-2023,57.16,Paid,0.0
AMA-R9488,AMA-O12042,10/28/2025,152.12,Paid,0.0
AMA-R9034,AMA-O11627,2024-09-30,497.88,Paid,0.0
AMA-R12188,AMA-O14638,2023-07-01,150.7,Paid,0.0
AMA-R16984,AMA-O8463,2025-10-22,704.16,Paid,704.16
AMA-R15433,AMA-O7860,06/15/2023,181.2,Paid,181.2
AMA-R16804,AMA-O7930,02/02/2025,19.41,Refunded,0.0
AMA-R18166,AMA-O7852,06/23/2024,724.24,Paid,0.0
AMA-R14283,AMA-O6442,14-Dec-2023,228.16,Refunded,0.0
AMA-R13008,AMA-O12162,16-Dec-2025,13.68,Refunded,0.0
AMA-R17192,AMA-O6934,2025-07-28,1038.66,Paid,0.0
AMA-R9440,AMA-O6373,11/26/2023,92.0,Paid,0.0
AMA-R15318,AMA-O13718,2023-06-25,112.65,Pending,0.0
AMA-R15030,AMA-O8072,04/18/2024,107.4,Paid,0.0
AMA-R10628,AMA-O7056,22-Nov-2025,71.04,Paid,0.0
AMA-R15741,AMA-O12065,08-Feb-2024,804.12,Pending,0.0
AMA-R9733,AMA-O13093,2024-07-16,114.25,Paid,0.0
AMA-R9944,AMA-O13571,01-Jun-2025,217.65,Pending,0.0
AMA-R11918,AMA-O5799,05-Oct-2024,879.86,Paid,879.86
AMA-R10103,AMA-O5884,23-Dec-2025,407.16,Paid,0.0
AMA-R13157,AMA-O8748,2025-08-24,106.12,Paid,106.12
AMA-R11360,AMA-O8593,03/01/2023,73.49,Pending,0.0
AMA-R17045,AMA-O11908,09/07/2023,72.25,Paid,0.0
AMA-R15586,AMA-O10401,2025-02-05,89.4,Paid,89.4
AMA-R15135,AMA-O13373,02-Jun-2023,252.2,Refunded,0.0
AMA-R13236,AMA-O8759,01/04/2024,100.56,Paid,0.0
AMA-R9888,AMA-O8452,2023-06-28,27.96,Paid,0.0
AMA-R12586,AMA-O14039,06/14/2025,144.38,Paid,0.0
AMA-R13612,AMA-O6718,2025-05-13,77.82,Paid,0.0
AMA-R12215,AMA-O6841,2024-03-20,206.76,Paid,0.0
AMA-R13823,AMA-O14161,2024-11-15,188.16,Paid,188.16
AMA-R10361,AMA-O6164,09/25/2023,178.72,Refunded,0.0
AMA-R14024,AMA-O9304,11/30/2024,123.68,Paid,0.0
AMA-R11081,AMA-O8582,03/23/2025,106.25,Paid,0.0
AMA-R17186,AMA-O10172,2023-07-27,28.22,Paid,0.0
AMA-R9320,AMA-O10257,2023-09-20,224.15,Paid,0.0
AMA-R9377,AMA-O13721,2024-04-21,3150.0,Paid,0.0
AMA-R13455,AMA-O10051,07/12/2025,639.42,Pending,0.0
AMA-R14377,AMA-O9131,04/17/2025,218.4,Paid,0.0
AMA-R13730,AMA-O13380,09/27/2024,407.25,Paid,0.0
AMA-R9357,AMA-O6948,06/26/2023,1947.69,Paid,0.0
AMA-R13954,AMA-O6791,06/08/2024,183.32,Paid,0.0
AMA-R10271,AMA-O7137,2025-09-06,23.21,Paid,0.0
AMA-R16527,AMA-O10431,2025-02-27,57.01,Paid,0.0
AMA-R15210,AMA-O13044,18-Mar-2024,134.03,Refunded,0.0
AMA-R11907,AMA-O14930,2023-12-12,,Paid,0.0
AMA-R17257,AMA-O9040,02/24/2024,28.98,Paid,0.0
AMA-R14491,AMA-O11065,25-Oct-2024,86.73,Paid,30.25
AMA-R15081,AMA-O6884,04/01/2024,100.52,Paid,0.0
AMA-R13399,AMA-O11062,10/08/2024,477.34,Paid,0.0
AMA-R11484,AMA-O12180,05-Jan-2024,183.82,Paid,0.0
AMA-R16212,AMA-O10988,2023-06-12,14.7,Paid,3.54
AMA-R11114,AMA-O13689,2023-02-20,1024.86,Paid,0.0
AMA-R14217,AMA-O5409,07/14/2025,252.27,Paid,252.27
AMA-R14758,AMA-O5655,01/23/2024,175.96,Paid,0.0
AMA-R14507,AMA-O7443,02/11/2024,27.53,Paid,0.0
AMA-R13791,AMA-O11780,09/27/2024,238.55,Paid,238.55
AMA-R16625,AMA-O6973,2023-08-12,307.41,Refunded,132.07
AMA-R17367,AMA-O9886,09-Jan-2025,38.73,Paid,0.0
AMA-R17771,AMA-O13579,11/09/2023,355.44,Refunded,0.0
AMA-R11242,AMA-O6695,06/24/2025,177.36,Paid,0.0
AMA-R14512,AMA-O10246,2025-12-17,95.36,Paid,0.0
AMA-R15703,AMA-O9458,2024-06-11,315.36,Paid,0.0
AMA-R13065,AMA-O12450,2023-10-25,117.92,Paid,0.0
AMA-R16872,AMA-O13817,08/25/2024,1483.45,Paid,0.0
AMA-R11142,AMA-O6543,05/03/2023,,Paid,0.0
AMA-R11604,AMA-O10448,19-May-2025,282.4,Paid,0.0
AMA-R9748,AMA-O9666,13-Jul-2023,94.76,Refunded,0.0
AMA-R10991,AMA-O9615,02/24/2025,56.64,Paid,0.0
AMA-R15329,AMA-O11138,01-Oct-2025,191.34,Refunded,0.0
AMA-R10528,AMA-O7493,31-May-2025,3142.48,Refunded,0.0
AMA-R17964,AMA-O5529,2025-11-07,115.32,Paid,0.0
AMA-R17385,AMA-O5085,08/17/2025,428.12,Paid,0.0
AMA-R12820,AMA-O10193,02/23/2025,,Paid,0.0
AMA-R17515,AMA-O5631,2023-04-04,123.55,Paid,123.55
AMA-R10995,AMA-O9360,04/11/2024,284.46,Paid,0.0
AMA-R9120,AMA-O13999,2024-11-19,202.76,Paid,0.0
AMA-R17567,AMA-O9898,04/04/2025,236.74,Refunded,0.0
AMA-R17086,AMA-O9157,14-Aug-2024,572.16,Pending,0.0
AMA-R13208,AMA-O7566,2024-02-25,752.7,Paid,0.0
AMA-R11735,AMA-O14051,11/29/2024,289.1,Refunded,0.0
AMA-R18361,AMA-O6258,2023-04-25,71.44,Refunded,0.0
AMA-R12961,AMA-O7430,08/03/2024,289.65,Paid,0.0
AMA-R17571,AMA-O11485,08-Aug-2025,379.85,Paid,0.0
AMA-R14464,AMA-O13122,11/10/2025,22.41,Paid,22.41
AMA-R17405,AMA-O12371,2024-07-26,149.13,Paid,0.0
AMA-R12737,AMA-O12091,08-Apr-2023,13.04,Paid,0.0
AMA-R11136,AMA-O5336,2025-03-03,357.48,Refunded,0.0
AMA-R15343,AMA-O9136,06/17/2024,136.98,Paid,0.0
AMA-R18505,AMA-O12861,2023-09-14,344.16,Paid,0.0
AMA-R14405,AMA-O9370,01/06/2024,58.4,Paid,0.0
AMA-R16417,AMA-O13260,10/12/2024,158.25,Refunded,0.0
AMA-R16026,AMA-O8547,08/16/2024,128.6,Paid,0.0
AMA-R11197,AMA-O7400,31-Aug-2024,545.92,Paid,0.0
AMA-R14395,AMA-O6082,2023-11-09,276.2,Paid,0.0
AMA-R13357,AMA-O6677,18-Apr-2023,,Paid,0.0
AMA-R14076,AMA-O6462,08/05/2024,588.91,Paid,0.0
AMA-R15387,AMA-O7035,2025-11-14,48.93,Paid,0.0
AMA-R11829,AMA-O14704,25-Nov-2025,816.8,Paid,0.0
AMA-R18352,AMA-O7542,2023-05-23,60.32,Paid,0.0
AMA-R11607,AMA-O14698,25-Jan-2024,65.06,Paid,0.0
AMA-R11396,AMA-O6636,2025-03-19,,Paid,0.0
AMA-R13429,AMA-O12757,03/13/2024,151.02,Paid,0.0
AMA-R18504,AMA-O9161,06/26/2023,49.68,Refunded,0.0
AMA-R16883,AMA-O9470,17-Jun-2024,411.55,Paid,0.0
AMA-R9634,AMA-O10047,05/14/2025,31.36,Paid,0.0
AMA-R16072,AMA-O5881,01/13/2025,418.7,Pending,0.0
AMA-R14765,AMA-O5209,08/12/2023,227.32,Paid,0.0
AMA-R15784,AMA-O6940,01/09/2023,91.25,Paid,0.0
AMA-R12769,AMA-O5566,03/27/2024,58.76,Paid,0.0
AMA-R16516,AMA-O11980,05/27/2023,15.4,Paid,0.0
AMA-R16506,AMA-O7697,06-Jul-2023,581.68,Paid,581.68
AMA-R15360,AMA-O9648,27-May-2023,142.08,Paid,0.0
AMA-R17378,AMA-O13400,06/03/2024,94.61,Paid,0.0
AMA-R12525,AMA-O14371,03/26/2025,53.25,Paid,0.0
AMA-R15415,AMA-O5942,02/03/2023,44.75,Paid,0.0
AMA-R11935,AMA-O12093,05/22/2023,728.52,Paid,728.52
AMA-R15780,AMA-O11437,24-Dec-2024,108.0,Paid,0.0
AMA-R9457,AMA-O12034,2025-04-04,19.82,Paid,0.0
AMA-R9434,AMA-O12643,05-Dec-2023,279.48,Paid,0.0
AMA-R10806,AMA-O5639,2025-12-01,70.13,Paid,0.0
AMA-R11632,AMA-O7927,01/21/2024,56.52,Paid,0.0
AMA-R13206,AMA-O8594,2023-03-08,372.2,Refunded,0.0
AMA-R15419,AMA-O7010,2025-11-04,22.52,Paid,0.0
AMA-R14615,AMA-O13808,04-Apr-2023,,Paid,0.0
AMA-R9867,AMA-O6217,2023-12-24,226.39,Paid,0.0
AMA-R18183,AMA-O8940,2023-01-16,11.92,Paid,0.0
AMA-R16008,AMA-O9738,27-Feb-2024,413.16,Paid,0.0
AMA-R10259,AMA-O12535,2025-11-08,174.82,Refunded,0.0
AMA-R13293,AMA-O9804,07-Sep-2023,129.45,Refunded,0.0
AMA-R10746,AMA-O10873,02/07/2025,73.24,Paid,0.0
AMA-R9859,AMA-O9431,2024-01-20,345.0,Paid,0.0
AMA-R16823,AMA-O6146,21-Sep-2023,45.78,Paid,0.0
AMA-R12381,AMA-O10268,05/08/2023,168.0,Paid,0.0
AMA-R13591,AMA-O10492,2024-01-30,60.34,Paid,60.34
AMA-R14098,AMA-O14560,20-Feb-2025,232.9,Refunded,0.0
AMA-R12324,AMA-O10920,2023-07-13,212.07,Paid,0.0
AMA-R18120,AMA-O7389,2024-02-20,72.07,Paid,0.0
AMA-R12627,AMA-O8960,01-Mar-2025,130.74,Pending,0.0
AMA-R15365,AMA-O12075,04/21/2024,513.76,Paid,0.0
AMA-R13229,AMA-O14972,2023-08-06,646.92,Paid,0.0
AMA-R9651,AMA-O7429,01/06/2023,2086.68,Refunded,0.0
AMA-R18367,AMA-O7427,2025-02-27,92.08,Paid,0.0
AMA-R17968,AMA-O13876,17-Jan-2023,192.85,Paid,0.0
AMA-R13004,AMA-O10617,2025-01-12,456.55,Pending,0.0
AMA-R18645,AMA-O14866,10-Oct-2024,282.93,Paid,0.0
AMA-R11007,AMA-O8385,07-Dec-2025,31.2,Paid,0.0
AMA-R17773,AMA-O11848,02/02/2024,11.61,Paid,0.0
AMA-R12022,AMA-O10397,03-Aug-2024,46.23,Paid,0.0
AMA-R11875,AMA-O7801,10/15/2023,15.66,Paid,0.0
AMA-R10052,AMA-O11751,2025-03-30,243.48,Paid,25.67
AMA-R9583,AMA-O12354,25-Oct-2023,192.9,Pending,0.0
AMA-R10104,AMA-O11640,03-Dec-2023,116.37,Paid,116.37
AMA-R15393,AMA-O8294,2024-09-27,1039.46,Paid,1039.46
AMA-R14008,AMA-O14962,07/23/2023,35.04,Paid,0.0
AMA-R10725,AMA-O12156,06-Jan-2025,102.69,Paid,0.0
AMA-R15828,AMA-O9671,2024-08-25,30.86,Paid,0.0
AMA-R17365,AMA-O6929,2025-08-24,512.9,Paid,0.0
AMA-R15662,AMA-O10459,2025-01-25,1409.78,Paid,0.0
AMA-R10501,AMA-O6994,05/12/2024,84.27,Pending,0.0
AMA-R9990,AMA-O10206,06-May-2023,18.14,Paid,0.0
AMA-R13587,AMA-O14794,2025-11-30,35.08,Paid,0.0
AMA-R10478,AMA-O11193,08-Sep-2025,230.58,Paid,0.0
AMA-R10581,AMA-O8988,06/30/2024,739.32,Refunded,0.0
AMA-R18378,AMA-O10514,2023-05-07,1360.74,Pending,0.0
AMA-R9065,AMA-O8504,20-Jan-2025,256.05,Paid,0.0
AMA-R14839,AMA-O7892,08/16/2025,205.71,Refunded,0.0
AMA-R15375,AMA-O13884,2024-01-22,38.02,Paid,0.0
AMA-R10050,AMA-O12062,12-Sep-2025,479.25,Paid,0.0
AMA-R15226,AMA-O13155,05/14/2024,12.72,Paid,0.0
AMA-R15169,AMA-O12924,2023-02-05,580.64,Pending,0.0
AMA-R11679,AMA-O13789,2024-09-11,49.12,Paid,0.0
AMA-R17785,AMA-O5682,06/03/2025,30.4,Pending,0.0
AMA-R10360,AMA-O9621,2024-04-17,57.02,Paid,0.0
AMA-R18642,AMA-O11301,14-Jul-2023,49.75,Paid,0.0
AMA-R12028,AMA-O14158,24-Jan-2025,1198.65,Paid,1198.65
AMA-R14649,AMA-O6190,2024-09-09,10.36,Paid,0.0
AMA-R15177,AMA-O7500,09-Dec-2025,64.89,Paid,0.0
AMA-R14442,AMA-O12749,21-May-2025,1029.76,Paid,0.0
AMA-R14131,AMA-O13760,09/10/2025,5.32,Refunded,0.0
AMA-R13360,AMA-O11881,15-Mar-2023,,Paid,0.0
AMA-R15964,AMA-O8179,2023-08-22,150.9,Paid,0.0
AMA-R16900,AMA-O10190,23-Nov-2023,128.25,Paid,0.0
AMA-R11792,AMA-O13725,09-Jul-2025,150.16,Pending,0.0
AMA-R13903,AMA-O12398,19-Apr-2023,28.52,Paid,0.0
AMA-R17099,AMA-O7805,01/28/2025,191.28,Refunded,0.0
AMA-R15439,AMA-O9938,08/21/2024,162.76,Paid,0.0
AMA-R9337,AMA-O9471,2023-05-16,173.29,Paid,173.29
AMA-R9287,AMA-O11652,2023-12-07,3097.65,Paid,0.0
AMA-R16627,AMA-O7187,12/16/2025,2178.78,Paid,0.0
AMA-R11338,AMA-O6527,02/25/2024,217.59,Paid,0.0
AMA-R9749,AMA-O13067,20-Feb-2025,383.6,Paid,0.0
AMA-R17629,AMA-O9424,06-Dec-2023,15.2,Paid,0.0
AMA-R15817,AMA-O11224,25-Sep-2023,149.32,Refunded,0.0
AMA-R16186,AMA-O11040,2023-03-20,111.38,Paid,0.0
AMA-R11849,AMA-O11934,04/27/2024,428.0,Paid,428.0
AMA-R11801,AMA-O13507,07-Sep-2023,459.86,Paid,0.0
AMA-R18060,AMA-O13715,09-Jan-2025,93.27,Paid,0.0
AMA-R10962,AMA-O14812,11-Aug-2024,58.65,Paid,0.0
AMA-R17324,AMA-O9657,13-Feb-2024,137.56,Paid,0.0
AMA-R11063,AMA-O5699,11-Aug-2023,14.92,Paid,0.0
AMA-R10452,AMA-O11567,02/21/2024,733.35,Paid,0.0
AMA-R15014,AMA-O9889,12/24/2024,582.62,Paid,0.0
AMA-R16809,AMA-O12539,20-Apr-2025,32.97,Paid,10.76
AMA-R14449,AMA-O13321,28-Mar-2023,90.66,Paid,0.0
AMA-R10635,AMA-O11833,2025-08-12,589.9,Paid,0.0
AMA-R15211,AMA-O10584,2025-02-20,274.46,Paid,0.0
AMA-R13580,AMA-O11327,10/11/2023,481.65,Paid,0.0
AMA-R16746,AMA-O14412,04-Feb-2025,197.1,Refunded,0.0
AMA-R16628,AMA-O5653,28-Mar-2024,393.6,Paid,0.0
AMA-R12516,AMA-O5052,07/20/2024,95.4,Refunded,0.0
AMA-R9994,AMA-O8906,2023-11-30,37.54,Refunded,0.0
AMA-R10296,AMA-O7995,03/10/2023,1551.8,Refunded,0.0
AMA-R9049,AMA-O7572,16-Feb-2023,474.96,Paid,474.96
AMA-R12397,AMA-O14338,2023-08-30,647.4,Refunded,0.0
AMA-R17474,AMA-O8353,07/24/2025,19.14,Refunded,0.0
AMA-R13762,AMA-O10494,2025-02-20,,Paid,150.72
AMA-R11476,AMA-O13745,05/07/2023,27.53,Paid,0.0
AMA-R13579,AMA-O14443,17-Jan-2024,156.9,Paid,0.0
AMA-R14252,AMA-O6341,02-Aug-2024,1228.85,Refunded,0.0
AMA-R17891,AMA-O13880,2024-04-27,128.94,Paid,0.0
AMA-R11953,AMA-O11299,2024-07-19,260.01,Paid,0.0
AMA-R13533,AMA-O8225,27-Jul-2025,153.05,Paid,0.0
AMA-R10557,AMA-O5066,2024-05-25,558.39,Paid,0.0
AMA-R14569,AMA-O12345,02/13/2025,443.56,Paid,0.0
AMA-R15044,AMA-O9980,2023-06-27,161.5,Paid,0.0
AMA-R14186,AMA-O5237,11-May-2025,233.86,Paid,0.0
AMA-R10095,AMA-O10285,2023-05-07,1191.42,Refunded,0.0
AMA-R15012,AMA-O10798,2023-01-21,1153.85,Pending,0.0
AMA-R17736,AMA-O13096,04-Jun-2025,554.01,Refunded,0.0
AMA-R16532,AMA-O14558,05/28/2024,172.5,Paid,0.0
AMA-R10696,AMA-O11250,17-Sep-2025,40.52,Paid,0.0
AMA-R12079,AMA-O14800,18-Apr-2023,81.81,Refunded,0.0
AMA-R11530,AMA-O5831,2025-07-13,71.92,Paid,0.0
AMA-R15815,AMA-O7720,21-Jan-2025,,Paid,0.0
AMA-R15463,AMA-O6438,2025-10-09,178.62,Paid,178.62
AMA-R15574,AMA-O14735,13-Dec-2023,120.1,Paid,0.0
AMA-R12124,AMA-O12702,11/04/2024,147.45,Paid,0.0
AMA-R16601,AMA-O12759,2023-09-29,718.08,Paid,0.0
AMA-R9225,AMA-O5677,17-Nov-2025,212.31,Paid,212.31
AMA-R11186,AMA-O14955,14-Aug-2024,138.16,Refunded,0.0
AMA-R11254,AMA-O8535,06/30/2024,45.28,Pending,0.0
AMA-R10910,AMA-O11714,28-Nov-2025,427.35,Paid,0.0
AMA-R12711,AMA-O10784,2024-04-16,336.08,Paid,336.08
AMA-R9762,AMA-O14023,02-Nov-2025,55.98,Paid,55.98
AMA-R11274,AMA-O10165,11/18/2023,71.9,Paid,0.0
AMA-R14571,AMA-O13726,05/08/2024,494.1,Paid,0.0
AMA-R10602,AMA-O9845,27-Oct-2025,3421.65,Paid,0.0
AMA-R15661,AMA-O12686,17-Jun-2023,45.82,Pending,0.0
AMA-R16919,AMA-O13533,16-Sep-2024,108.33,Paid,0.0
AMA-R11486,AMA-O10538,12/07/2025,28.59,Paid,0.0
AMA-R17619,AMA-O9242,14-Jan-2025,300.04,Paid,0.0
AMA-R13488,AMA-O10465,17-Sep-2024,966.5,Refunded,0.0
AMA-R9819,AMA-O11893,01/28/2023,778.88,Paid,0.0
AMA-R17593,AMA-O10947,15-Sep-2023,218.06,Paid,218.06
AMA-R16248,AMA-O13285,2025-02-03,85.07,Paid,85.07
AMA-R18389,AMA-O7751,11/16/2024,213.2,Paid,0.0
AMA-R13872,AMA-O8573,04/10/2025,117.26,Paid,0.0
AMA-R9124,AMA-O14890,17-Mar-2023,353.44,Paid,0.0
AMA-R9352,AMA-O9442,05/12/2025,308.68,Refunded,0.0
AMA-R13254,AMA-O5357,07/09/2025,54.76,Paid,54.76
AMA-R11268,AMA-O10978,2024-11-19,210.8,Paid,0.0
AMA-R11480,AMA-O9810,06/29/2023,3155.6,Paid,0.0
AMA-R12250,AMA-O10862,07-Sep-2025,55.32,Paid,0.0
AMA-R13498,AMA-O5106,11/01/2024,382.9,Paid,0.0
AMA-R17293,AMA-O5885,2023-07-02,161.0,Paid,0.0
AMA-R12973,AMA-O10548,05/10/2023,176.58,Paid,0.0
AMA-R11669,AMA-O8735,07/24/2024,148.66,Paid,0.0
AMA-R12727,AMA-O14686,10-Apr-2023,30.12,Paid,0.0
AMA-R12937,AMA-O9830,20-Jul-2024,76.33,Paid,0.0
AMA-R14627,AMA-O12607,16-Dec-2025,58.46,Paid,0.0
AMA-R14487,AMA-O14173,2025-11-06,16.7,Paid,0.0
AMA-R14424,AMA-O8016,02/24/2024,106.12,Paid,0.0
AMA-R17669,AMA-O6149,01/07/2023,59.04,Paid,0.0
AMA-R11240,AMA-O9132,04-May-2024,110.05,Pending,0.0
AMA-R13732,AMA-O7967,30-Mar-2023,107.32,Paid,107.32
AMA-R15683,AMA-O13698,21-Mar-2025,100.4,Refunded,0.0
AMA-R14997,AMA-O11859,28-Aug-2024,99.54,Paid,0.0
AMA-R10236,AMA-O7924,10-Aug-2023,259.11,Pending,0.0
AMA-R15019,AMA-O9200,13-Feb-2025,896.48,Refunded,0.0
AMA-R17992,AMA-O10773,01/01/2025,54.16,Paid,0.0
AMA-R16882,AMA-O13816,2025-02-27,129.0,Paid,0.0
AMA-R16493,AMA-O8173,10/08/2023,,Paid,0.0
AMA-R9368,AMA-O11342,2025-01-31,744.76,Paid,0.0
AMA-R16178,AMA-O13138,14-May-2025,574.95,Paid,0.0
AMA-R14739,AMA-O10476,2025-07-19,211.0,Paid,0.0
AMA-R10026,AMA-O5108,2025-01-02,709.05,Paid,0.0
AMA-R9529,AMA-O6579,07/01/2025,221.52,Refunded,0.0
AMA-R15682,AMA-O8963,09/12/2024,3716.0,Paid,465.15
AMA-R16233,AMA-O11581,2023-03-28,177.48,Paid,0.0
AMA-R16001,AMA-O13149,2023-01-01,,Paid,14.34
AMA-R15971,AMA-O9601,2024-11-27,583.35,Paid,0.0
AMA-R11518,AMA-O6753,06-Feb-2025,408.44,Paid,0.0
AMA-R9619,AMA-O8796,05/28/2024,9.2,Paid,0.0
AMA-R14182,AMA-O13969,2024-11-22,34.28,Refunded,0.0
AMA-R14794,AMA-O14395,10/18/2025,975.98,Paid,975.98
AMA-R10287,AMA-O7832,2023-08-18,191.08,Pending,0.0
AMA-R18347,AMA-O11463,2025-10-19,22.8,Paid,0.0
AMA-R12875,AMA-O8869,02/07/2023,164.56,Paid,0.0
AMA-R14248,AMA-O11467,02/01/2025,545.7,Paid,0.0
AMA-R14639,AMA-O6950,16-Nov-2023,8.41,Paid,0.0
AMA-R10479,AMA-O9213,02/02/2024,32.98,Paid,0.0
AMA-R11816,AMA-O8779,2024-06-17,258.1,Paid,0.0
AMA-R17673,AMA-O8435,20-Aug-2024,112.65,Paid,0.0
AMA-R11618,AMA-O12588,02/10/2024,293.92,Paid,0.0
AMA-R16060,AMA-O12028,01-Oct-2024,,Paid,0.0
AMA-R13906,AMA-O9177,20-Aug-2023,5.33,Pending,0.0
AMA-R9295,AMA-O8450,2025-03-02,89.73,Paid,0.0
AMA-R17986,AMA-O9322,2025-12-11,104.5,Paid,0.0
AMA-R12019,AMA-O7069,07-Sep-2023,67.92,Paid,0.0
AMA-R15541,AMA-O7564,12/31/2025,271.08,Paid,271.08
AMA-R17487,AMA-O12326,09/08/2024,245.25,Paid,0.0
AMA-R15551,AMA-O12209,22-Jan-2024,76.84,Paid,0.0
AMA-R16104,AMA-O7466,31-Aug-2025,68.31,Paid,0.0
AMA-R15537,AMA-O6901,07/27/2024,,Paid,0.0
AMA-R15458,AMA-O12945,2023-08-31,683.85,Paid,0.0
AMA-R15322,AMA-O9614,12/24/2023,69.74,Refunded,0.0
AMA-R11991,AMA-O8125,10/27/2025,233.0,Paid,0.0
AMA-R9718,AMA-O10428,2025-04-18,,Paid,0.0
AMA-R9380,AMA-O13953,23-Jul-2024,2460.6,Paid,556.78
AMA-R12370,AMA-O6156,2023-09-01,28.17,Paid,0.0
AMA-R10405,AMA-O12036,31-May-2024,42.35,Paid,0.0
AMA-R14747,AMA-O9972,2024-01-02,858.16,Refunded,0.0
AMA-R10045,AMA-O12692,09/03/2023,86.94,Paid,0.0
AMA-R12860,AMA-O9073,09/11/2025,340.8,Pending,0.0
AMA-R14920,AMA-O8073,2024-11-05,73.64,Paid,73.64
AMA-R16959,AMA-O7772,2023-02-13,24.24,Paid,0.0
AMA-R10207,AMA-O5923,2025-11-19,295.14,Paid,0.0
AMA-R11862,AMA-O6365,09/11/2025,307.52,Paid,0.0
AMA-R13623,AMA-O11515,02/04/2023,171.98,Paid,0.0
AMA-R10125,AMA-O13342,2024-01-19,267.2,Paid,0.0
AMA-R16158,AMA-O10158,09/25/2024,1040.64,Paid,0.0
AMA-R17682,AMA-O12266,2025-07-12,88.92,Pending,0.0
AMA-R9316,AMA-O5784,2024-11-03,72.26,Refunded,0.0
AMA-R15400,AMA-O5364,01/18/2024,75.87,Paid,16.11
AMA-R15047,AMA-O13501,29-Aug-2023,71.92,Refunded,0.0
AMA-R9098,AMA-O6545,2024-06-23,140.7,Refunded,0.0
AMA-R15088,AMA-O13612,16-Jun-2025,36.94,Refunded,0.0
AMA-R15103,AMA-O14923,23-Apr-2025,278.82,Paid,278.82
AMA-R14059,AMA-O11526,01/08/2024,91.8,Paid,0.0
AMA-R13739,AMA-O11497,02/20/2025,156.55,Paid,0.0
AMA-R13437,AMA-O12523,01-Sep-2024,2205.15,Refunded,0.0
AMA-R17770,AMA-O12597,01/13/2024,87.78,Pending,0.0
AMA-R16438,AMA-O9185,2025-12-03,29.55,Refunded,0.0
AMA-R16499,AMA-O11988,2023-01-15,712.74,Paid,0.0
AMA-R11660,AMA-O10027,12/27/2024,108.0,Paid,0.0
AMA-R11084,AMA-O9620,03/15/2024,69.28,Paid,0.0
AMA-R12871,AMA-O13389,2023-01-23,325.44,Paid,0.0
AMA-R15529,AMA-O14514,10/27/2023,1432.12,Paid,1432.12
AMA-R10430,AMA-O8274,07/01/2023,34.24,Paid,0.0
AMA-R15563,AMA-O14345,02/13/2024,146.95,Paid,0.0
AMA-R11622,AMA-O13679,2023-10-04,181.59,Refunded,0.0
AMA-R15040,AMA-O12564,17-May-2023,588.96,Paid,0.0
AMA-R10657,AMA-O6969,12-Jul-2023,,Refunded,0.0
AMA-R13006,AMA-O6163,10-Aug-2023,79.2,Paid,38.75
AMA-R12030,AMA-O5420,09-May-2025,70.67,Pending,0.0
AMA-R12178,AMA-O5602,25-Feb-2023,492.32,Paid,0.0
AMA-R9949,AMA-O11614,2023-11-20,884.78,Refunded,0.0
AMA-R12709,AMA-O11242,2024-11-14,,Paid,0.0
AMA-R13343,AMA-O10340,2024-03-06,118.44,Paid,0.0
AMA-R14234,AMA-O5504,12-Dec-2025,29.53,Paid,0.0
AMA-R12502,AMA-O13114,2025-01-25,51.67,Paid,0.0
AMA-R9478,AMA-O11199,08-Dec-2023,337.3,Paid,0.0
AMA-R17815,AMA-O9103,2024-09-01,1472.84,Paid,0.0
AMA-R15906,AMA-O9878,09/08/2025,164.92,Paid,0.0
AMA-R14454,AMA-O9314,02/09/2025,135.16,Paid,0.0
AMA-R11278,AMA-O5143,11/05/2023,113.27,Paid,0.0
AMA-R12090,AMA-O9850,2023-04-05,84.15,Paid,0.0
AMA-R13189,AMA-O8248,10-Jan-2024,125.84,Paid,0.0
AMA-R16738,AMA-O14380,03/16/2025,152.3,Paid,0.0
AMA-R18196,AMA-O5933,2025-01-25,989.92,Refunded,0.0
AMA-R12612,AMA-O10706,23-Dec-2023,356.74,Refunded,0.0
AMA-R9064,AMA-O8196,03/27/2023,66.54,Paid,16.37
AMA-R16990,AMA-O10659,2025-12-14,595.5,Paid,122.85
AMA-R10815,AMA-O12907,2025-07-08,1063.75,Refunded,0.0
AMA-R18164,AMA-O14299,13-Jun-2025,,Paid,25.19
AMA-R16312,AMA-O5603,13-Aug-2025,95.94,Paid,95.94
AMA-R11223,AMA-O11538,2024-03-10,157.35,Pending,25.05
AMA-R14954,AMA-O12710,05/01/2025,355.41,Paid,0.0
AMA-R13095,AMA-O6499,07/04/2025,20.85,Refunded,0.0
AMA-R10048,AMA-O13856,20-Aug-2023,290.07,Refunded,0.0
AMA-R13416,AMA-O8861,2024-03-18,229.7,Paid,0.0
AMA-R10703,AMA-O10446,2023-10-27,,Paid,0.0
AMA-R16662,AMA-O14153,2023-08-28,72.55,Paid,0.0
AMA-R9145,AMA-O11644,01-Apr-2023,,Paid,30.48
AMA-R12652,AMA-O5478,2024-09-10,27.88,Paid,0.0
AMA-R18084,AMA-O8984,03-Mar-2024,3192.32,Paid,0.0
AMA-R17692,AMA-O9890,2024-10-14,123.93,Paid,0.0
AMA-R14062,AMA-O6612,2024-09-27,42.78,Paid,0.0
AMA-R18435,AMA-O6316,04-Nov-2023,,Paid,0.0
AMA-R18478,AMA-O11960,07/18/2024,346.98,Paid,0.0
AMA-R11441,AMA-O10537,02/18/2023,171.28,Paid,0.0
AMA-R11929,AMA-O14103,07/28/2024,81.06,Paid,0.0
AMA-R12689,AMA-O5998,12/25/2024,800.56,Paid,0.0
AMA-R12348,AMA-O5002,2025-09-01,1516.08,Paid,0.0
AMA-R16739,AMA-O11970,10/21/2024,247.95,Paid,0.0
AMA-R17534,AMA-O12009,18-Jul-2024,238.11,Paid,0.0
AMA-R18549,AMA-O14791,08/29/2023,118.08,Paid,118.08
AMA-R17875,AMA-O10063,07/04/2023,71.37,Paid,0.0
AMA-R12675,AMA-O10078,2023-11-23,273.68,Paid,0.0
AMA-R14333,AMA-O12645,2023-06-02,105.88,Paid,0.0
AMA-R9563,AMA-O9098,2023-07-21,737.9,Refunded,0.0
AMA-R11055,AMA-O9756,09/25/2025,73.38,Paid,0.0
AMA-R10242,AMA-O9145,02/21/2025,22.39,Paid,0.0
AMA-R10636,AMA-O14309,05-Mar-2025,63.41,Paid,63.41
AMA-R16365,AMA-O5346,07-Dec-2025,80.94,Paid,0.0
AMA-R14528,AMA-O9932,02/15/2023,335.08,Paid,0.0
AMA-R18562,AMA-O6113,2024-10-27,219.7,Paid,0.0
AMA-R10764,AMA-O8397,11/12/2024,132.56,Paid,0.0
AMA-R13811,AMA-O9867,03/01/2025,1101.44,Paid,0.0
AMA-R15413,AMA-O9912,31-Mar-2023,1027.1,Paid,0.0
AMA-R16378,AMA-O11315,11/11/2023,523.5,Paid,0.0
AMA-R10926,AMA-O10326,2024-04-11,296.35,Paid,296.35
AMA-R16152,AMA-O7120,2025-08-31,698.56,Paid,0.0
AMA-R14879,AMA-O5940,09/11/2025,9.96,Paid,0.0
AMA-R17214,AMA-O10048,28-Sep-2025,55.72,Paid,0.0
AMA-R10149,AMA-O8506,2025-08-18,124.0,Paid,0.0
AMA-R9988,AMA-O9799,28-Mar-2025,,Refunded,0.0
AMA-R16335,AMA-O5552,08/13/2025,57.63,Paid,0.0
AMA-R10624,AMA-O13722,03/28/2025,280.25,Pending,0.0
AMA-R13431,AMA-O7353,03-Jul-2025,1138.55,Refunded,0.0
AMA-R14274,AMA-O13423,2024-01-29,2724.92,Paid,0.0
AMA-R12985,AMA-O13394,04/19/2023,65.88,Paid,0.0
AMA-R16744,AMA-O7465,05/20/2024,316.9,Paid,0.0
AMA-R18536,AMA-O6832,01/29/2023,122.3,Paid,0.0
AMA-R14612,AMA-O5684,09/01/2025,19.7,Paid,0.0
AMA-R10547,AMA-O12330,09-Aug-2023,645.44,Paid,0.0
AMA-R12788,AMA-O13860,2023-10-14,121.47,Refunded,0.0
AMA-R17424,AMA-O6960,05-Jan-2024,155.26,Paid,0.0
AMA-R17930,AMA-O10182,2024-08-08,141.34,Paid,0.0
AMA-R17151,AMA-O11256,12/13/2023,14.88,Paid,14.88
AMA-R18567,AMA-O5746,13-Dec-2025,76.9,Paid,8.59
AMA-R11562,AMA-O7122,03/10/2025,225.36,Refunded,0.0
AMA-R17728,AMA-O13621,05/26/2024,336.35,Paid,0.0
AMA-R15175,AMA-O12126,07/21/2024,1385.82,Pending,0.0
AMA-R18082,AMA-O14592,17-Jul-2023,,Paid,0.0
AMA-R16011,AMA-O12233,09/27/2025,97.02,Paid,0.0
AMA-R16069,AMA-O13976,06/02/2023,109.0,Paid,0.0
AMA-R12498,AMA-O14504,05/23/2024,573.99,Paid,0.0
AMA-R17640,AMA-O10800,14-Dec-2025,26.76,Paid,0.0
AMA-R9772,AMA-O12939,12/24/2025,62.27,Refunded,0.0
AMA-R16932,AMA-O14454,23-Sep-2023,19.38,Paid,0.0
AMA-R15487,AMA-O12322,03/30/2023,194.84,Paid,0.0
AMA-R14025,AMA-O5292,07/22/2023,391.48,Paid,0.0
AMA-R12908,AMA-O6422,2024-07-18,,Paid,0.0
AMA-R14552,AMA-O13440,2023-01-30,1422.87,Paid,0.0
AMA-R16873,AMA-O6172,2025-08-12,49.72,Paid,0.0
AMA-R11168,AMA-O5543,2024-08-28,21.44,Paid,0.0
AMA-R16998,AMA-O6138,2024-05-19,315.44,Paid,0.0
AMA-R13918,AMA-O5732,10/26/2023,62.61,Paid,0.0
AMA-R18300,AMA-O10032,2024-01-03,156.93,Pending,0.0
AMA-R12268,AMA-O8268,08/14/2024,26.58,Refunded,0.0
AMA-R17919,AMA-O11109,02/14/2025,333.44,Refunded,0.0
AMA-R9373,AMA-O13447,20-Jun-2025,36.8,Paid,0.0
AMA-R12941,AMA-O14440,2023-08-18,70.23,Paid,70.23
AMA-R15728,AMA-O5117,04/15/2025,31.56,Paid,31.56
AMA-R10553,AMA-O6240,02-Dec-2023,265.04,Paid,0.0
AMA-R9374,AMA-O6986,2025-07-16,285.54,Paid,285.54
AMA-R11757,AMA-O10304,2025-07-29,25.88,Paid,0.0
AMA-R16733,AMA-O6391,01-Nov-2023,148.1,Refunded,0.0
AMA-R15212,AMA-O12083,02/03/2023,,Paid,0.0
AMA-R10214,AMA-O8727,2025-11-16,96.25,Paid,0.0
AMA-R14363,AMA-O6794,10/10/2025,80.85,Refunded,0.0
AMA-R14375,AMA-O5916,2025-07-18,115.26,Paid,0.0
AMA-R16054,AMA-O14538,2025-10-04,331.72,Refunded,0.0
AMA-R9031,AMA-O5482,16-Dec-2024,66.14,Paid,0.0
AMA-R9698,AMA-O5150,2025-05-05,561.0,Refunded,0.0
AMA-R13939,AMA-O8615,2024-11-12,92.9,Paid,92.9
AMA-R14141,AMA-O12886,01-Mar-2023,984.76,Refunded,0.0
AMA-R16448,AMA-O6954,2025-05-07,385.55,Paid,0.0
AMA-R16755,AMA-O7201,16-Jun-2025,766.95,Paid,0.0
AMA-R12180,AMA-O13028,11-Apr-2024,48.92,Refunded,0.0
AMA-R13480,AMA-O6344,22-Mar-2025,,Paid,0.0
AMA-R14793,AMA-O14765,14-Feb-2023,34.92,Paid,0.0
AMA-R18055,AMA-O12798,18-Apr-2025,20.76,Refunded,0.0
AMA-R10733,AMA-O8758,2025-05-09,444.98,Paid,444.98
AMA-R14550,AMA-O12431,04/08/2024,356.12,Paid,0.0
AMA-R12034,AMA-O9841,01-Mar-2025,243.44,Paid,0.0
AMA-R10606,AMA-O7036,11-Mar-2024,1439.16,Refunded,0.0
AMA-R12254,AMA-O12796,07/20/2025,498.64,Paid,498.64
AMA-R9828,AMA-O8110,2023-12-10,,Paid,0.0
AMA-R14510,AMA-O13716,2024-01-31,177.82,Pending,0.0
AMA-R16821,AMA-O10090,2024-06-23,430.28,Pending,0.0
AMA-R13269,AMA-O14761,14-Apr-2025,60.3,Paid,60.3
AMA-R9840,AMA-O9189,23-Oct-2023,,Paid,0.0
AMA-R14231,AMA-O13971,16-Oct-2023,109.08,Paid,0.0
AMA-R13904,AMA-O9973,2023-11-30,25.2,Paid,0.0
AMA-R18163,AMA-O11098,2025-03-22,170.4,Paid,0.0
AMA-R18489,AMA-O12915,03/09/2023,97.02,Paid,0.0
AMA-R16429,AMA-O12293,10/16/2023,230.46,Pending,0.0
AMA-R15099,AMA-O12925,09-Jan-2024,492.24,Paid,492.24
AMA-R16687,AMA-O5479,19-Dec-2023,177.6,Paid,0.0
AMA-R17792,AMA-O11700,2023-07-13,208.4,Paid,0.0
AMA-R10435,AMA-O10006,11/16/2024,71.96,Paid,0.0
AMA-R16036,AMA-O12640,2025-09-06,3193.65,Pending,0.0
AMA-R12218,AMA-O7703,02-Jan-2025,52.41,Paid,0.0
AMA-R14219,AMA-O14452,30-Jul-2025,634.14,Paid,0.0
AMA-R18132,AMA-O12297,12/14/2024,313.56,Paid,0.0
AMA-R16604,AMA-O12981,03/07/2025,165.08,Paid,0.0
AMA-R12954,AMA-O11686,10-Apr-2025,220.04,Paid,0.0
AMA-R16214,AMA-O9240,26-May-2024,93.56,Paid,0.0
AMA-R9192,AMA-O11051,24-Apr-2025,120.96,Paid,0.0
AMA-R15133,AMA-O6578,08-Mar-2023,94.41,Paid,0.0
AMA-R17761,AMA-O5662,25-May-2023,1008.27,Pending,0.0
AMA-R12438,AMA-O12892,05/19/2024,45.52,Paid,0.0
AMA-R18121,AMA-O11621,09/29/2023,2875.08,Paid,0.0
AMA-R9327,AMA-O13757,15-Aug-2025,,Paid,241.3
AMA-R17039,AMA-O13306,11/08/2024,285.6,Paid,0.0
AMA-R13389,AMA-O6400,29-Mar-2024,66.35,Paid,0.0
AMA-R14732,AMA-O12623,05/17/2025,221.04,Paid,0.0
AMA-R12915,AMA-O8781,24-Oct-2024,236.72,Paid,0.0
AMA-R14012,AMA-O12629,06/15/2025,656.12,Paid,656.12
AMA-R9950,AMA-O8816,01/20/2024,46.68,Paid,0.0
AMA-R12556,AMA-O7984,11-Apr-2025,49.68,Paid,49.68
AMA-R17351,AMA-O11469,08-Jul-2024,212.14,Paid,0.0
AMA-R9592,AMA-O14507,05/24/2023,116.36,Paid,43.47
AMA-R16184,AMA-O13120,2025-12-13,285.63,Paid,0.0
AMA-R17323,AMA-O10847,09/15/2025,146.32,Paid,0.0
AMA-R12176,AMA-O9991,08/06/2024,77.52,Paid,0.0
AMA-R9977,AMA-O13334,21-May-2023,190.68,Paid,0.0
AMA-R10072,AMA-O12134,24-Apr-2025,974.9,Paid,0.0
AMA-R18372,AMA-O13846,26-Oct-2024,,Paid,0.0
AMA-R15867,AMA-O7664,2025-10-09,178.47,Paid,0.0
AMA-R12725,AMA-O11575,20-Dec-2024,1112.88,Paid,0.0
AMA-R11208,AMA-O14847,2023-08-19,111.75,Paid,0.0
AMA-R15296,AMA-O13108,09-Apr-2023,68.1,Paid,0.0
AMA-R18226,AMA-O9018,07/16/2023,,Refunded,0.0
AMA-R15869,AMA-O14907,04-Jan-2024,233.16,Paid,0.0
AMA-R14484,AMA-O8414,07/29/2024,72.24,Paid,0.0
AMA-R14689,AMA-O10279,12/10/2023,604.04,Paid,604.04
AMA-R15968,AMA-O9970,02/19/2024,423.34,Refunded,0.0
AMA-R10837,AMA-O8273,09/02/2024,50.16,Paid,0.0
AMA-R11795,AMA-O14663,01/21/2023,,Paid,0.0
AMA-R17443,AMA-O10262,2023-10-17,137.1,Refunded,0.0
AMA-R10999,AMA-O8237,14-Jun-2024,53.68,Refunded,0.0
AMA-R14312,AMA-O9315,10-Nov-2023,15.05,Refunded,0.0
AMA-R12006,AMA-O13977,25-May-2023,67.2,Refunded,0.0
AMA-R17844,AMA-O11838,10-Feb-2023,1039.4,Paid,0.0
AMA-R17080,AMA-O13116,07/31/2025,2127.33,Paid,2127.33
AMA-R15043,AMA-O13287,2023-01-01,211.71,Paid,0.0
AMA-R13882,AMA-O12446,08/20/2024,401.76,Paid,0.0
AMA-R14378,AMA-O13848,2023-04-17,394.24,Refunded,0.0
AMA-R15253,AMA-O5903,07/09/2025,783.7,Paid,0.0
AMA-R17418,AMA-O10596,2025-05-23,102.08,Paid,0.0
AMA-R18513,AMA-O9542,2023-01-27,292.92,Paid,292.92
AMA-R17055,AMA-O5622,07/11/2023,204.58,Paid,0.0
AMA-R11106,AMA-O8267,03/04/2024,324.96,Paid,0.0
AMA-R12156,AMA-O14882,2024-06-17,22.2,Paid,0.0
AMA-R16616,AMA-O14125,12-Aug-2024,751.92,Paid,751.92
AMA-R15317,AMA-O14925,28-Oct-2025,2736.2,Paid,0.0
AMA-R9166,AMA-O8669,19-May-2024,302.94,Paid,0.0
AMA-R17529,AMA-O5511,09/11/2024,242.08,Paid,0.0
AMA-R17591,AMA-O11900,04/05/2025,1054.04,Paid,0.0
AMA-R13849,AMA-O12094,02-Oct-2024,303.8,Paid,0.0
AMA-R11369,AMA-O11824,01-Feb-2024,70.5,Pending,0.0
AMA-R14726,AMA-O12464,2024-09-22,50.15,Paid,0.0
AMA-R16734,AMA-O12486,2024-01-23,255.81,Refunded,0.0
AMA-R15427,AMA-O7240,2023-01-09,10.91,Paid,10.91
AMA-R15418,AMA-O9112,2025-07-18,198.58,Pending,0.0
AMA-R10491,AMA-O7494,07-Feb-2024,104.82,Paid,0.0
AMA-R16290,AMA-O13494,08/08/2023,694.08,Paid,0.0
AMA-R14650,AMA-O11474,2023-10-03,688.02,Pending,284.95
AMA-R17893,AMA-O8354,02/04/2024,28.6,Pending,0.0
AMA-R17140,AMA-O12605,29-Aug-2023,209.76,Paid,0.0
AMA-R11731,AMA-O5562,08/08/2025,877.84,Paid,0.0
AMA-R13359,AMA-O12199,15-Mar-2025,258.52,Paid,0.0
AMA-R9471,AMA-O8601,2023-11-23,76.52,Refunded,0.0
AMA-R12492,AMA-O7239,2024-08-28,110.67,Paid,0.0
AMA-R12870,AMA-O11645,2025-09-25,33.1,Paid,0.0
AMA-R17242,AMA-O8595,09-Feb-2024,50.04,Paid,20.18
AMA-R18384,AMA-O10863,2024-12-23,1574.0,Paid,0.0
AMA-R16782,AMA-O7598,2023-05-13,235.02,Paid,0.0
AMA-R9501,AMA-O5906,19-Dec-2023,130.23,Paid,130.23
AMA-R13419,AMA-O10664,2025-10-28,171.68,Paid,0.0
AMA-R11170,AMA-O6182,10/12/2023,362.08,Paid,0.0
AMA-R15207,AMA-O7762,11/15/2023,55.16,Paid,0.0
AMA-R14046,AMA-O10785,08/31/2025,1260.24,Paid,0.0
AMA-R18039,AMA-O8383,05-May-2024,101.13,Paid,0.0
AMA-R13847,AMA-O8992,2025-08-12,702.68,Paid,0.0
AMA-R11213,AMA-O11164,20-May-2023,7.81,Paid,0.0
AMA-R18523,AMA-O5915,11/21/2023,40.52,Paid,40.52
AMA-R12760,AMA-O5407,08/15/2023,240.0,Pending,0.0
AMA-R10615,AMA-O5663,02/17/2023,505.41,Paid,0.0
AMA-R17681,AMA-O11072,2023-08-07,353.08,Paid,353.08
AMA-R13934,AMA-O6812,07-Jul-2023,227.04,Paid,0.0
AMA-R16420,AMA-O12525,11/04/2025,116.96,Paid,0.0
AMA-R11108,AMA-O14995,2024-09-22,38.84,Paid,0.0
AMA-R15791,AMA-O11192,10/25/2025,77.12,Pending,0.0
AMA-R10836,AMA-O12145,09/29/2023,266.3,Paid,0.0
AMA-R16644,AMA-O13883,11-Sep-2024,547.55,Paid,0.0
AMA-R11390,AMA-O7084,05/31/2023,1095.18,Refunded,0.0
AMA-R9947,AMA-O10350,07/03/2024,389.35,Paid,0.0
AMA-R12890,AMA-O7003,06/02/2023,,Paid,0.0
AMA-R16258,AMA-O8286,04/26/2025,258.96,Paid,0.0
AMA-R12567,AMA-O5032,03/11/2024,130.29,Paid,0.0
AMA-R18042,AMA-O9981,18-Oct-2023,915.6,Refunded,0.0
AMA-R11606,AMA-O12825,2025-12-18,44.26,Refunded,0.0
AMA-R10428,AMA-O7711,07/03/2023,239.46,Paid,239.46
AMA-R11313,AMA-O14722,08-Sep-2025,159.05,Paid,0.0
AMA-R17341,AMA-O5815,05-Jun-2023,131.4,Paid,0.0
AMA-R12993,AMA-O11705,03-Apr-2024,173.97,Paid,173.97
AMA-R9493,AMA-O10872,24-Mar-2023,545.1,Paid,0.0
AMA-R11909,AMA-O14921,2025-08-13,52.35,Paid,0.0
AMA-R12857,AMA-O6469,12/13/2023,620.2,Paid,0.0
AMA-R13132,AMA-O10966,11/02/2025,68.6,Paid,0.0
AMA-R15943,AMA-O5844,13-Dec-2024,127.79,Refunded,0.0
AMA-R15491,AMA-O14138,02/05/2023,360.04,Paid,0.0
AMA-R15881,AMA-O12245,2024-07-13,1410.68,Paid,1410.68
AMA-R9542,AMA-O7498,03/23/2025,40.5,Paid,0.0
AMA-R14817,AMA-O8589,06-Sep-2024,149.94,Paid,0.0
AMA-R10672,AMA-O9888,2025-05-07,175.49,Paid,0.0
AMA-R17398,AMA-O10346,04/01/2023,20.11,Paid,0.0
AMA-R13617,AMA-O11390,05/10/2025,51.16,Refunded,0.0
AMA-R11358,AMA-O5202,27-May-2024,455.35,Paid,455.35
AMA-R18288,AMA-O5842,09-Feb-2023,,Paid,0.0
AMA-R16719,AMA-O9839,2023-01-06,142.4,Paid,0.0
AMA-R17339,AMA-O14190,2024-06-13,18.48,Refunded,0.0
AMA-R16473,AMA-O10356,08-Jul-2023,66.58,Paid,0.0
AMA-R14301,AMA-O12452,08-Oct-2024,27.31,Refunded,0.0
AMA-R10656,AMA-O10620,2023-03-03,200.84,Paid,0.0
AMA-R17495,AMA-O14562,2025-07-21,419.08,Refunded,0.0
AMA-R13619,AMA-O11277,01/03/2024,29.2,Refunded,0.0
AMA-R16076,AMA-O6445,02/21/2023,37.12,Paid,0.0
AMA-R16188,AMA-O9618,2024-08-16,68.94,Refunded,0.0
AMA-R14637,AMA-O8987,21-Jan-2023,197.85,Paid,0.0
AMA-R10217,AMA-O7030,2024-11-18,46.05,Pending,0.0
AMA-R13570,AMA-O10979,05-Apr-2025,87.56,Paid,0.0
AMA-R12669,AMA-O7007,27-Sep-2024,149.28,Paid,0.0
AMA-R18260,AMA-O7824,2024-10-16,37.99,Paid,0.0
AMA-R16328,AMA-O13226,02/08/2023,282.52,Paid,0.0
AMA-R17243,AMA-O11817,2024-09-10,313.06,Paid,0.0
AMA-R9269,AMA-O7975,11/13/2023,216.32,Paid,216.32
AMA-R13933,AMA-O14249,2025-01-27,1863.76,Pending,0.0
AMA-R12287,AMA-O8176,2023-08-19,362.98,Paid,0.0
AMA-R10617,AMA-O13956,2025-07-08,276.6,Paid,0.0
AMA-R15816,AMA-O6367,2024-12-18,331.92,Paid,0.0
AMA-R15626,AMA-O8766,28-Aug-2025,,Paid,129.18
AMA-R14284,AMA-O6521,2024-09-21,86.44,Paid,86.44
AMA-R15560,AMA-O11257,16-Sep-2025,,Paid,0.0
AMA-R11415,AMA-O6660,22-Nov-2025,633.72,Paid,0.0
AMA-R11330,AMA-O11827,12/23/2023,53.34,Paid,0.0
AMA-R9663,AMA-O11659,2023-10-17,,Paid,0.0
AMA-R13842,AMA-O7994,29-Dec-2024,29.5,Paid,0.0
AMA-R9940,AMA-O12558,2025-03-12,71.24,Paid,0.0
AMA-R13098,AMA-O13596,04-Jun-2023,2502.24,Paid,0.0
AMA-R16139,AMA-O6215,2024-06-03,33.39,Paid,0.0
AMA-R12515,AMA-O12693,01/21/2023,99.0,Paid,0.0
AMA-R13557,AMA-O13135,05/12/2025,173.97,Paid,0.0
AMA-R15443,AMA-O9100,05/27/2023,486.2,Refunded,0.0
AMA-R16444,AMA-O13220,19-Sep-2024,42.05,Paid,0.0
AMA-R9441,AMA-O10235,2024-12-15,118.3,Pending,0.0
AMA-R16449,AMA-O12273,05-Jun-2023,401.9,Refunded,0.0
AMA-R12279,AMA-O12286,01/04/2025,417.12,Paid,0.0
AMA-R17983,AMA-O10371,09-Mar-2024,40.41,Pending,0.0
AMA-R16495,AMA-O11139,2025-05-28,140.62,Paid,0.0
AMA-R9342,AMA-O10101,07-Jan-2023,231.72,Paid,0.0
AMA-R13216,AMA-O10993,2024-05-03,,Pending,0.0
AMA-R17702,AMA-O13841,2023-04-29,138.34,Paid,0.0
AMA-R9791,AMA-O6605,2024-02-10,60.64,Paid,0.0
AMA-R15325,AMA-O6538,12/26/2023,283.7,Paid,0.0
AMA-R13953,AMA-O8000,09/17/2024,592.08,Paid,0.0
AMA-R9290,AMA-O12741,2025-06-13,322.11,Paid,0.0
AMA-R9612,AMA-O10559,10/30/2023,89.18,Paid,0.0
AMA-R15853,AMA-O13591,09/03/2023,22.81,Paid,0.0
AMA-R15461,AMA-O6243,2023-05-17,202.08,Paid,0.0
AMA-R10011,AMA-O6609,2025-05-21,55.45,Paid,0.0
AMA-R15956,AMA-O13825,27-May-2025,111.85,Paid,0.0
AMA-R15089,AMA-O10472,2023-07-15,20.37,Paid,0.0
AMA-R15765,AMA-O8696,29-Feb-2024,20.82,Paid,20.82
AMA-R15514,AMA-O7913,12-Apr-2023,454.58,Refunded,0.0
AMA-R15087,AMA-O12893,2024-03-26,226.6,Paid,0.0
AMA-R9758,AMA-O11813,2024-10-18,366.84,Paid,0.0
AMA-R11685,AMA-O11986,2023-11-08,100.8,Paid,100.8
AMA-R15575,AMA-O5872,2023-01-03,130.41,Paid,0.0
AMA-R18426,AMA-O10515,2023-09-12,,Paid,51.21
AMA-R15295,AMA-O11441,19-Apr-2024,168.5,Paid,36.85
AMA-R17332,AMA-O5577,10/19/2024,25.14,Refunded,0.0
AMA-R18240,AMA-O10956,2025-03-12,173.6,Pending,0.0
AMA-R13923,AMA-O10248,10-Jan-2025,533.49,Paid,0.0
AMA-R9404,AMA-O8098,2024-03-09,86.16,Paid,0.0
AMA-R11590,AMA-O11134,01/14/2024,28.71,Paid,0.0
AMA-R15471,AMA-O10303,24-Aug-2025,214.26,Paid,214.26
AMA-R14177,AMA-O14727,2025-10-13,839.4,Paid,0.0
AMA-R10899,AMA-O9302,03/06/2024,153.15,Paid,0.0
AMA-R12413,AMA-O9549,2024-03-12,878.79,Refunded,0.0
AMA-R11673,AMA-O11406,01-Dec-2023,362.0,Paid,362.0
AMA-R11329,AMA-O5966,12/18/2025,355.74,Paid,0.0
AMA-R17623,AMA-O13483,2024-04-17,496.32,Paid,0.0
AMA-R16629,AMA-O14082,07/09/2024,,Paid,0.0
AMA-R18402,AMA-O13147,12/13/2025,516.9,Paid,0.0
AMA-R18651,AMA-O7180,29-Nov-2024,,Refunded,0.0
AMA-R12582,AMA-O5696,2025-02-18,463.15,Paid,0.0
AMA-R10834,AMA-O5853,06/22/2025,99.52,Pending,0.0
AMA-R13875,AMA-O10739,13-May-2023,113.7,Paid,0.0
AMA-R12624,AMA-O12778,24-Mar-2023,140.13,Paid,0.0
AMA-R13931,AMA-O11779,10-Sep-2025,254.05,Paid,0.0
AMA-R15228,AMA-O13833,2024-07-03,174.88,Paid,0.0
AMA-R17508,AMA-O7882,26-Jan-2024,24.67,Paid,0.0
AMA-R9670,AMA-O6421,07/29/2025,149.54,Paid,0.0
AMA-R11559,AMA-O8939,07/11/2024,1364.92,Refunded,0.0
AMA-R10662,AMA-O5564,27-Jan-2024,83.42,Paid,0.0
AMA-R15697,AMA-O12488,04-Aug-2024,250.91,Pending,0.0
AMA-R18558,AMA-O11411,01-Sep-2025,,Paid,0.0
AMA-R18468,AMA-O8973,23-Feb-2025,94.78,Paid,0.0
AMA-R10324,AMA-O13350,2024-07-09,285.05,Paid,285.05
AMA-R13477,AMA-O13504,2024-11-24,93.28,Paid,0.0
AMA-R14004,AMA-O8813,11/26/2024,338.14,Paid,0.0
AMA-R13588,AMA-O7722,22-Dec-2025,91.76,Paid,0.0
AMA-R18499,AMA-O11113,03/26/2025,94.28,Paid,0.0
AMA-R10499,AMA-O14611,2025-02-12,430.2,Refunded,0.0
AMA-R17117,AMA-O12625,2025-07-11,52.83,Paid,0.0
AMA-R14630,AMA-O12992,2024-06-22,1071.3,Paid,0.0
AMA-R13959,AMA-O12618,2025-07-07,305.12,Refunded,0.0
AMA-R17222,AMA-O7626,2023-08-06,,Paid,447.96
AMA-R18496,AMA-O6118,09-Feb-2023,542.58,Refunded,0.0
AMA-R14698,AMA-O14455,12-Sep-2025,319.6,Paid,0.0
AMA-R9334,AMA-O6783,07/16/2025,466.58,Refunded,0.0
AMA-R16155,AMA-O11352,22-Nov-2024,238.9,Paid,0.0
AMA-R14448,AMA-O7242,03/24/2023,114.15,Paid,114.15
AMA-R13976,AMA-O12200,02-Mar-2023,128.52,Paid,0.0
AMA-R17655,AMA-O9290,10-Mar-2025,322.46,Paid,0.0
AMA-R11623,AMA-O7247,19-Dec-2025,152.15,Paid,0.0
AMA-R18107,AMA-O13614,18-Aug-2024,84.09,Paid,0.0
AMA-R12427,AMA-O6346,2023-11-29,156.06,Paid,0.0
AMA-R10007,AMA-O14840,04-Jun-2023,18.9,Refunded,0.0
AMA-R16906,AMA-O5394,27-Jan-2024,78.52,Paid,0.0
AMA-R15414,AMA-O11459,04/17/2024,49.04,Paid,0.0
AMA-R16436,AMA-O13908,2025-11-14,1080.16,Paid,1080.16
AMA-R11488,AMA-O12763,13-Apr-2024,125.65,Paid,0.0
AMA-R9763,AMA-O14702,15-Jan-2025,126.72,Paid,0.0
AMA-R9801,AMA-O5816,2025-04-07,3274.7,Paid,0.0
AMA-R18527,AMA-O13296,08-Nov-2025,202.4,Paid,202.4
AMA-R15367,AMA-O10748,02/04/2024,326.75,Paid,326.75
AMA-R14579,AMA-O8953,18-Nov-2024,290.64,Pending,0.0
AMA-R11560,AMA-O13713,2025-06-20,766.74,Paid,0.0
AMA-R16137,AMA-O13337,2025-05-11,842.34,Paid,0.0
AMA-R12626,AMA-O6480,11/27/2025,388.6,Paid,170.79
AMA-R16816,AMA-O8434,10/18/2023,7.68,Refunded,0.0
AMA-R9391,AMA-O8757,2025-10-22,171.68,Refunded,0.0
AMA-R10414,AMA-O9212,13-Nov-2024,70.23,Paid,0.0
AMA-R10967,AMA-O7259,01/28/2023,369.4,Pending,0.0
AMA-R9167,AMA-O9930,06-Oct-2023,457.74,Paid,0.0
AMA-R16439,AMA-O13101,12/14/2024,32.9,Paid,32.9
AMA-R13126,AMA-O5556,06/06/2025,157.17,Refunded,0.0
AMA-R15973,AMA-O10658,15-May-2025,,Paid,0.0
AMA-R12477,AMA-O10745,14-Dec-2024,1101.68,Refunded,0.0
AMA-R15082,AMA-O12011,2025-10-20,769.2,Paid,0.0
AMA-R10165,AMA-O12831,05/30/2025,28.6,Paid,28.6
AMA-R12666,AMA-O9184,2024-07-09,61.54,Paid,0.0
AMA-R17852,AMA-O7775,11/26/2024,79.86,Pending,0.0
AMA-R11963,AMA-O10417,2023-05-21,947.12,Paid,947.12
AMA-R12485,AMA-O10395,30-Jan-2024,100.9,Paid,0.0
AMA-R15855,AMA-O6923,30-Nov-2025,15.2,Refunded,0.0
AMA-R15219,AMA-O5239,07/16/2024,13.96,Paid,0.0
AMA-R18490,AMA-O10251,18-Aug-2023,32.56,Paid,0.0
AMA-R16296,AMA-O13396,03/17/2024,241.75,Paid,102.63
AMA-R15613,AMA-O9609,27-Sep-2025,159.52,Paid,0.0
AMA-R15589,AMA-O10457,2025-12-31,59.4,Paid,0.0
AMA-R16101,AMA-O9986,2024-09-25,91.14,Paid,0.0
AMA-R10712,AMA-O9191,2023-12-16,75.0,Paid,75.0
AMA-R11099,AMA-O5860,19-May-2023,318.69,Paid,0.0
AMA-R10966,AMA-O10712,09-Sep-2023,14.02,Paid,0.0
AMA-R12837,AMA-O14728,11-Jun-2023,43.36,Paid,43.36
AMA-R11473,AMA-O9347,01/29/2023,235.92,Paid,0.0
AMA-R18092,AMA-O13577,2023-01-14,42.65,Paid,42.65
AMA-R14341,AMA-O10715,08/13/2023,768.96,Paid,0.0
AMA-R14925,AMA-O11568,04/15/2025,,Paid,0.0
AMA-R18133,AMA-O8765,07/17/2025,307.28,Paid,0.0
AMA-R13010,AMA-O10503,08/06/2025,165.36,Paid,165.36
AMA-R18131,AMA-O11765,25-Jan-2023,225.15,Paid,0.0
AMA-R9792,AMA-O10335,10/28/2023,57.75,Refunded,0.0
AMA-R9968,AMA-O9958,2023-05-14,87.8,Pending,0.0
AMA-R9423,AMA-O9548,04-Nov-2023,123.44,Pending,0.0
AMA-R12975,AMA-O8283,2023-12-11,49.29,Paid,0.0
AMA-R16675,AMA-O10606,07-Apr-2023,816.93,Paid,0.0
AMA-R16193,AMA-O9210,10/31/2024,46.92,Paid,46.92
AMA-R15062,AMA-O7506,06/01/2024,157.17,Paid,0.0
AMA-R17050,AMA-O14012,03/04/2023,644.85,Refunded,0.0
AMA-R16181,AMA-O11999,2023-09-12,566.04,Paid,0.0
AMA-R10349,AMA-O12957,2024-11-29,364.02,Refunded,0.0
AMA-R18571,AMA-O6849,31-Jul-2023,894.48,Paid,0.0
AMA-R14450,AMA-O14742,2024-01-07,347.31,Paid,0.0
AMA-R17981,AMA-O8348,18-May-2024,180.75,Paid,0.0
AMA-R9539,AMA-O14906,2025-02-06,120.54,Paid,0.0
AMA-R15037,AMA-O14577,2025-02-09,21.62,Pending,0.0
AMA-R13502,AMA-O12919,2025-01-08,28.32,Refunded,0.0
AMA-R14165,AMA-O6732,11/03/2025,163.77,Paid,163.77
AMA-R11403,AMA-O11317,13-Nov-2023,149.76,Paid,149.76
AMA-R16742,AMA-O6816,10/08/2025,318.33,Paid,0.0
AMA-R16585,AMA-O6135,2023-08-16,422.32,Paid,0.0
AMA-R10789,AMA-O8605,15-Feb-2024,88.29,Paid,0.0
AMA-R10353,AMA-O9540,2024-07-20,125.35,Paid,125.35
AMA-R16877,AMA-O13258,05/24/2023,209.16,Paid,0.0
AMA-R13219,AMA-O13005,29-May-2024,10.38,Paid,0.0
AMA-R10694,AMA-O6508,15-Jun-2024,580.25,Paid,0.0
AMA-R15917,AMA-O11940,10/16/2025,93.85,Paid,0.0
AMA-R16434,AMA-O10698,12/10/2025,928.36,Paid,0.0
AMA-R16775,AMA-O6961,30-Oct-2023,41.24,Paid,0.0
AMA-R10785,AMA-O11492,09-Apr-2025,723.04,Paid,0.0
AMA-R12306,AMA-O7513,30-Mar-2024,19.97,Refunded,0.0
AMA-R15585,AMA-O10779,2024-11-04,17.6,Paid,17.6
AMA-R9614,AMA-O8692,02-Feb-2024,168.3,Paid,0.0
AMA-R18191,AMA-O8642,2024-06-09,153.62,Paid,0.0
AMA-R10949,AMA-O7767,01/31/2023,618.53,Paid,0.0
AMA-R14721,AMA-O10778,18-Jan-2023,145.35,Paid,0.0
AMA-R17290,AMA-O8458,2025-01-04,781.29,Paid,0.0
AMA-R9280,AMA-O6638,02-Oct-2024,234.25,Paid,0.0
AMA-R15010,AMA-O9354,16-Aug-2025,1322.45,Paid,0.0
AMA-R15217,AMA-O14620,09/09/2024,83.64,Paid,0.0
AMA-R10669,AMA-O13804,2023-10-27,106.75,Paid,106.75
AMA-R14295,AMA-O7931,2023-08-08,988.48,Paid,988.48
AMA-R16710,AMA-O10818,08/04/2023,31.78,Paid,0.0
AMA-R14780,AMA-O12333,16-Jun-2025,1481.8,Paid,0.0
AMA-R17124,AMA-O7189,01-Oct-2025,791.45,Paid,0.0
AMA-R9973,AMA-O6273,04-Mar-2024,84.52,Paid,0.0
AMA-R14175,AMA-O12256,15-Mar-2024,155.4,Paid,0.0
AMA-R10655,AMA-O13479,11/04/2023,1554.7,Paid,0.0
AMA-R18617,AMA-O11227,2024-07-06,6.23,Paid,0.0
AMA-R17263,AMA-O7740,05/01/2025,,Paid,321.74
AMA-R14423,AMA-O11974,2023-04-11,668.25,Paid,0.0
AMA-R12729,AMA-O5748,12/22/2023,529.4,Refunded,0.0
AMA-R13395,AMA-O12881,02/09/2024,55.92,Paid,0.0
AMA-R13439,AMA-O12338,07-Jun-2025,142.3,Paid,0.0
AMA-R9635,AMA-O11114,02/28/2025,1359.5,Paid,0.0
AMA-R14917,AMA-O5081,02/04/2025,29.46,Paid,0.0
AMA-R9817,AMA-O14774,01/20/2024,506.95,Paid,0.0
AMA-R16817,AMA-O11712,09/28/2024,203.55,Paid,0.0
AMA-R9121,AMA-O10774,23-Oct-2024,260.04,Refunded,0.0
AMA-R11976,AMA-O13731,10-Aug-2024,214.0,Refunded,0.0
AMA-R11375,AMA-O6689,2023-11-12,120.48,Paid,120.48
AMA-R10310,AMA-O6804,2025-10-18,1460.3,Paid,0.0
AMA-R13434,AMA-O7575,2025-10-17,216.24,Paid,216.24
AMA-R14037,AMA-O7452,2023-11-13,179.95,Paid,0.0
AMA-R11014,AMA-O7269,2025-11-17,36.22,Paid,0.0
AMA-R14393,AMA-O13456,12/30/2024,200.7,Paid,0.0
AMA-R12694,AMA-O5029,2025-06-04,759.96,Refunded,0.0
AMA-R15208,AMA-O10668,2023-04-25,73.52,Paid,0.0
AMA-R15069,AMA-O12173,03/20/2024,587.2,Paid,0.0
AMA-R15191,AMA-O7197,12/08/2024,151.35,Pending,0.0
AMA-R12968,AMA-O8787,12/26/2024,84.78,Paid,0.0
AMA-R10240,AMA-O11103,09/17/2023,170.34,Refunded,0.0
AMA-R10025,AMA-O14093,10-Apr-2024,225.96,Pending,0.0
AMA-R9781,AMA-O12795,30-Dec-2023,34.55,Paid,0.0
AMA-R15803,AMA-O14606,2024-08-26,547.11,Paid,0.0
AMA-R15966,AMA-O5005,11/15/2024,70.08,Refunded,0.0
AMA-R9642,AMA-O11796,2024-03-16,66.62,Paid,66.62
AMA-R17624,AMA-O12236,2024-12-15,113.02,Refunded,0.0
AMA-R15016,AMA-O7541,12/16/2025,534.8,Paid,0.0
AMA-R9747,AMA-O13344,09-Feb-2024,211.89,Paid,0.0
AMA-R17554,AMA-O13476,2025-09-24,357.22,Paid,0.0
AMA-R12947,AMA-O8705,2024-04-15,6.29,Pending,0.0
AMA-R15676,AMA-O7658,07/16/2023,39.35,Paid,0.0
AMA-R9010,AMA-O13329,03-Jan-2025,115.62,Paid,115.62
AMA-R11301,AMA-O7167,06/22/2025,280.68,Paid,280.68
AMA-R9102,AMA-O11571,08/17/2025,,Refunded,0.0
AMA-R17060,AMA-O5522,2025-12-21,,Paid,0.0
AMA-R9507,AMA-O8977,11/02/2023,303.75,Paid,98.85
AMA-R15670,AMA-O13070,06/07/2023,2118.16,Paid,0.0
AMA-R14249,AMA-O13837,01-May-2023,665.6,Paid,665.6
AMA-R16963,AMA-O9265,24-Apr-2023,12.01,Paid,0.0
AMA-R13648,AMA-O11733,06/23/2024,23.79,Paid,0.0
AMA-R18010,AMA-O8202,01-Apr-2025,266.19,Paid,0.0
AMA-R18298,AMA-O6206,02/05/2023,43.24,Paid,0.0
AMA-R11265,AMA-O5220,12/08/2025,675.69,Paid,675.69
AMA-R10673,AMA-O11086,2024-10-30,1349.5,Paid,1349.5
AMA-R15548,AMA-O12982,11-Apr-2023,73.4,Refunded,20.44
AMA-R15369,AMA-O8516,12/22/2023,185.1,Paid,0.0
AMA-R13166,AMA-O6806,2025-01-27,545.84,Paid,545.84
AMA-R16953,AMA-O13904,02/01/2024,5.84,Paid,5.84
AMA-R15889,AMA-O14783,20-Nov-2024,1157.12,Refunded,0.0
AMA-R11248,AMA-O7729,23-Jan-2023,59.1,Refunded,0.0
AMA-R13080,AMA-O6507,2025-01-28,149.58,Pending,0.0
AMA-R13804,AMA-O14748,2023-03-10,350.8,Paid,0.0
AMA-R9627,AMA-O11506,2023-04-27,153.16,Paid,153.16
AMA-R12249,AMA-O14755,30-May-2024,80.23,Paid,0.0
AMA-R15242,AMA-O5527,03-Oct-2025,33.92,Paid,33.92
AMA-R13702,AMA-O10151,06/08/2024,152.92,Refunded,0.0
AMA-R15429,AMA-O9248,2024-11-23,17.68,Paid,0.0
AMA-R12765,AMA-O7792,12-Nov-2025,104.67,Paid,0.0
AMA-R17121,AMA-O8350,27-Oct-2025,,Pending,0.0
AMA-R14349,AMA-O6610,2024-07-20,17.04,Refunded,0.0
AMA-R12907,AMA-O9589,17-Dec-2024,103.4,Paid,0.0
AMA-R9251,AMA-O11158,2024-03-07,231.76,Paid,0.0
AMA-R16893,AMA-O12492,2023-09-01,63.66,Paid,63.66
AMA-R9695,AMA-O13408,08-Oct-2025,86.88,Paid,86.88
AMA-R14240,AMA-O6296,01/05/2025,2247.52,Paid,0.0
AMA-R15230,AMA-O12195,2024-05-22,237.55,Paid,0.0
AMA-R13650,AMA-O10095,2023-08-20,194.9,Paid,0.0
AMA-R11118,AMA-O10772,2025-03-24,133.48,Paid,0.0
AMA-R12228,AMA-O8337,13-Aug-2024,3048.5,Refunded,0.0
AMA-R15214,AMA-O9514,05/22/2023,1341.25,Paid,0.0
AMA-R14264,AMA-O14467,2023-07-20,102.34,Paid,102.34
AMA-R13280,AMA-O14782,06/11/2025,17.11,Paid,0.0
AMA-R11903,AMA-O13079,24-Jul-2023,347.9,Paid,0.0
AMA-R15695,AMA-O7339,01/21/2024,927.56,Refunded,0.0
AMA-R11926,AMA-O11387,2023-02-08,29.2,Paid,29.2
AMA-R9333,AMA-O11106,2025-03-28,77.12,Refunded,0.0
AMA-R12906,AMA-O10341,10/22/2025,26.18,Paid,0.0
AMA-R17995,AMA-O13320,14-Oct-2024,248.49,Refunded,0.0
AMA-R17344,AMA-O8518,2024-01-23,202.78,Paid,202.78
AMA-R14496,AMA-O6495,2023-12-05,101.76,Paid,0.0
AMA-R12977,AMA-O13286,10-Nov-2024,158.56,Paid,0.0
AMA-R17428,AMA-O12363,2024-12-23,77.05,Refunded,0.0
AMA-R18076,AMA-O9003,25-Jul-2025,433.95,Paid,0.0
AMA-R10447,AMA-O14965,17-Dec-2024,229.6,Paid,0.0
AMA-R10246,AMA-O9688,12-Oct-2025,132.58,Refunded,0.0
AMA-R16565,AMA-O9724,06-Aug-2023,125.38,Paid,0.0
AMA-R10761,AMA-O9415,2023-10-09,154.38,Paid,154.38
AMA-R15651,AMA-O14475,2023-10-06,454.43,Refunded,0.0
AMA-R13850,AMA-O13193,03/10/2024,339.0,Paid,339.0
AMA-R18497,AMA-O13102,04/05/2025,21.24,Paid,0.0
AMA-R17618,AMA-O5489,23-Nov-2023,71.4,Paid,0.0
AMA-R18294,AMA-O6380,09/08/2023,95.52,Paid,0.0
AMA-R11807,AMA-O13830,2023-01-27,196.0,Paid,0.0
AMA-R15453,AMA-O7328,07/24/2025,184.17,Pending,0.0
AMA-R14812,AMA-O9790,2023-08-25,301.75,Paid,0.0
AMA-R17997,AMA-O7342,02-Jul-2025,158.84,Paid,0.0
AMA-R17880,AMA-O7179,2024-06-19,39.8,Paid,0.0
AMA-R13257,AMA-O12033,09/07/2023,213.76,Paid,0.0
AMA-R17148,AMA-O6785,11/03/2024,146.64,Paid,0.0
AMA-R17667,AMA-O13753,18-Oct-2023,103.7,Paid,0.0
AMA-R10193,AMA-O6030,23-Jan-2023,42.44,Paid,0.0
AMA-R14503,AMA-O10895,10/01/2024,850.85,Paid,0.0
AMA-R16285,AMA-O14713,14-Aug-2023,30.98,Paid,0.0
AMA-R17033,AMA-O7224,01/06/2023,200.68,Paid,0.0
AMA-R14704,AMA-O13943,10/22/2023,23.0,Paid,0.0
AMA-R13085,AMA-O10550,11/05/2023,3935.1,Paid,0.0
AMA-R12166,AMA-O12303,15-Sep-2025,5.12,Paid,0.0
AMA-R17651,AMA-O5192,2024-03-09,122.05,Paid,0.0
AMA-R14990,AMA-O13617,15-Dec-2024,481.14,Refunded,0.0
AMA-R16735,AMA-O14699,08/15/2023,291.76,Paid,0.0
AMA-R17251,AMA-O13315,2023-11-03,47.53,Paid,0.0
AMA-R12541,AMA-O7670,26-Oct-2023,44.74,Paid,0.0
AMA-R17547,AMA-O13727,06/14/2024,665.36,Refunded,0.0
AMA-R16779,AMA-O9701,07/06/2024,218.12,Paid,0.0
AMA-R10496,AMA-O6260,02/28/2025,861.96,Paid,861.96
AMA-R18041,AMA-O6351,23-May-2025,556.5,Paid,556.5
AMA-R10178,AMA-O7477,2025-07-20,323.9,Paid,0.0
AMA-R11436,AMA-O14817,2025-02-17,73.55,Paid,73.55
AMA-R9495,AMA-O14566,15-Jul-2025,,Refunded,150.47
AMA-R14309,AMA-O14223,04-Jan-2025,,Paid,0.0
AMA-R12169,AMA-O10400,2025-11-15,36.96,Paid,0.0
AMA-R15812,AMA-O7076,19-Mar-2025,45.9,Paid,0.0
AMA-R10891,AMA-O14488,17-Jan-2024,20.82,Paid,20.82
AMA-R9042,AMA-O6136,05-Dec-2024,138.84,Paid,0.0
AMA-R16838,AMA-O8164,11/01/2023,377.95,Paid,377.95
AMA-R9700,AMA-O13970,2023-05-10,15.55,Refunded,0.0
AMA-R13450,AMA-O10886,06/27/2025,8.44,Paid,0.0
AMA-R13666,AMA-O8152,02/03/2024,,Paid,0.0
AMA-R10758,AMA-O6813,2024-01-12,77.28,Refunded,0.0
AMA-R9025,AMA-O10627,2024-06-28,2008.48,Paid,0.0
AMA-R13628,AMA-O5855,12/16/2025,153.45,Paid,0.0
AMA-R16776,AMA-O14531,11/11/2025,32.33,Refunded,5.75
AMA-R15970,AMA-O8075,2025-09-14,116.6,Paid,0.0
AMA-R16150,AMA-O11737,11/23/2024,568.47,Refunded,0.0
AMA-R15554,AMA-O7113,05/10/2025,179.88,Paid,0.0
AMA-R16310,AMA-O12948,2024-09-30,33.58,Paid,0.0
AMA-R14564,AMA-O7313,2024-01-09,26.22,Paid,0.0
AMA-R11074,AMA-O13842,28-Nov-2023,37.14,Pending,0.0
AMA-R14199,AMA-O5714,16-Feb-2025,124.75,Paid,0.0
AMA-R14727,AMA-O8822,26-Oct-2025,72.12,Paid,0.0
AMA-R15464,AMA-O8767,2025-07-23,176.85,Paid,0.0
AMA-R9897,AMA-O14001,2025-05-03,123.92,Paid,0.0
AMA-R12448,AMA-O12251,2025-04-22,23.66,Paid,0.0
AMA-R16869,AMA-O10439,05-Feb-2025,57.3,Paid,0.0
AMA-R15522,AMA-O14136,09/15/2024,110.49,Pending,0.0
AMA-R13440,AMA-O7672,25-Apr-2024,34.18,Paid,0.0
AMA-R9743,AMA-O14098,11/08/2025,480.0,Paid,0.0
AMA-R15153,AMA-O8512,12/31/2024,285.76,Pending,0.0
AMA-R10098,AMA-O14918,24-Sep-2024,309.65,Paid,309.65
AMA-R16711,AMA-O6447,03/05/2025,762.36,Paid,762.36
AMA-R14425,AMA-O5483,11/24/2025,36.24,Paid,0.0
AMA-R11835,AMA-O6410,2025-02-17,106.08,Paid,0.0
AMA-R17258,AMA-O13660,10-Jun-2023,155.36,Paid,0.0
AMA-R10057,AMA-O11253,10/13/2023,1078.04,Refunded,0.0
AMA-R12129,AMA-O8663,2024-01-17,248.49,Paid,0.0
AMA-R17787,AMA-O7808,17-Dec-2023,372.92,Paid,0.0
AMA-R16654,AMA-O13277,10-Sep-2023,679.41,Paid,0.0
AMA-R16938,AMA-O7659,2024-04-12,577.8,Paid,0.0
AMA-R18382,AMA-O5267,2025-05-27,742.68,Pending,0.0
AMA-R12433,AMA-O7505,07/16/2024,59.16,Paid,0.0
AMA-R11065,AMA-O5246,06-Oct-2024,,Paid,0.0
AMA-R14408,AMA-O12934,05/07/2023,143.6,Refunded,0.0
AMA-R15931,AMA-O6043,09-Mar-2024,273.64,Paid,273.64
AMA-R16901,AMA-O11271,16-Apr-2025,977.05,Pending,0.0
AMA-R11541,AMA-O6590,12-Aug-2025,66.25,Paid,0.0
AMA-R13186,AMA-O12864,12/11/2025,1046.56,Paid,1046.56
AMA-R15050,AMA-O5700,2025-05-26,525.6,Paid,0.0
AMA-R13631,AMA-O8216,18-Nov-2024,443.5,Paid,0.0
AMA-R9118,AMA-O10971,2023-09-23,724.95,Paid,0.0
AMA-R15678,AMA-O14940,17-Jun-2023,649.47,Paid,0.0
AMA-R13550,AMA-O11917,2025-11-17,2111.88,Paid,0.0
AMA-R16324,AMA-O6145,13-Sep-2024,31.48,Paid,0.0
AMA-R13312,AMA-O9141,2025-11-04,47.03,Refunded,0.0
AMA-R14452,AMA-O7123,2024-09-13,140.62,Paid,0.0
AMA-R12822,AMA-O9511,06/18/2025,14.24,Paid,0.0
AMA-R14706,AMA-O6926,17-Jan-2024,362.19,Paid,0.0
AMA-R15758,AMA-O10802,18-Oct-2025,214.5,Paid,0.0
AMA-R10895,AMA-O13233,03/22/2024,111.88,Refunded,0.0
AMA-R14482,AMA-O14844,2024-05-29,,Paid,0.0
AMA-R18027,AMA-O14294,11/26/2023,78.18,Refunded,0.0
AMA-R11159,AMA-O11465,05/04/2023,160.07,Paid,0.0
AMA-R12135,AMA-O7911,12/27/2025,103.2,Paid,0.0
AMA-R10466,AMA-O11283,11-Dec-2025,412.4,Paid,0.0
AMA-R9567,AMA-O14818,11-Jul-2025,205.85,Paid,0.0
AMA-R9139,AMA-O8800,01-Dec-2024,274.8,Paid,0.0
AMA-R11135,AMA-O13050,05-Jun-2024,76.47,Paid,0.0
AMA-R10930,AMA-O8469,13-Sep-2023,329.48,Paid,0.0
AMA-R13859,AMA-O12088,02/25/2023,87.88,Paid,0.0
AMA-R15622,AMA-O8608,12-Sep-2025,62.62,Paid,0.0
AMA-R15957,AMA-O7078,12/02/2024,60.54,Paid,0.0
AMA-R15504,AMA-O9733,2025-04-05,2798.28,Paid,0.0
AMA-R13835,AMA-O5505,08-Sep-2024,60.22,Refunded,0.0
AMA-R16484,AMA-O8514,08-Sep-2025,207.68,Paid,0.0
AMA-R15268,AMA-O13515,2023-10-26,,Paid,0.0
AMA-R10464,AMA-O14943,13-Apr-2023,305.92,Paid,0.0
AMA-R15349,AMA-O12372,23-Dec-2023,15.98,Paid,0.0
AMA-R18313,AMA-O5765,09/05/2023,110.4,Paid,110.4
AMA-R13479,AMA-O10708,03/25/2024,168.91,Paid,0.0
AMA-R11082,AMA-O5957,2023-10-24,183.3,Paid,0.0
AMA-R14803,AMA-O10347,15-Sep-2023,111.58,Paid,0.0
AMA-R15287,AMA-O5337,2025-10-26,72.65,Paid,72.65
AMA-R9766,AMA-O8129,03/19/2025,609.48,Refunded,0.0
AMA-R9231,AMA-O9871,10/26/2024,241.68,Paid,0.0
AMA-R13709,AMA-O12038,2023-03-25,320.92,Paid,0.0
AMA-R17181,AMA-O11471,05-Mar-2025,214.15,Paid,0.0
AMA-R9262,AMA-O11288,2024-02-05,3178.6,Paid,3178.6
AMA-R16343,AMA-O8587,14-Nov-2024,123.4,Paid,0.0
AMA-R13292,AMA-O5755,13-May-2024,191.25,Pending,0.0
AMA-R16999,AMA-O12503,02/01/2024,339.92,Paid,0.0
AMA-R11783,AMA-O6662,24-May-2024,380.2,Pending,0.0
AMA-R15813,AMA-O6811,02/04/2024,31.1,Pending,0.0
AMA-R13160,AMA-O8679,2025-10-14,32.29,Paid,0.0
AMA-R10842,AMA-O8146,2023-08-18,14.44,Paid,14.44
AMA-R16020,AMA-O9376,2025-08-14,136.11,Refunded,0.0
AMA-R14172,AMA-O8848,2025-10-02,156.36,Paid,0.0
AMA-R16409,AMA-O9487,10/09/2023,28.14,Paid,0.0
AMA-R17784,AMA-O12444,28-Mar-2023,61.32,Pending,0.0
AMA-R10256,AMA-O10728,07/14/2024,833.01,Paid,0.0
AMA-R10671,AMA-O6893,28-Jan-2025,44.53,Paid,0.0
AMA-R15094,AMA-O9182,08/05/2023,464.84,Paid,464.84
AMA-R13980,AMA-O14987,06/13/2024,179.0,Refunded,0.0
AMA-R17944,AMA-O9000,2023-11-19,811.47,Paid,0.0
AMA-R13770,AMA-O8180,01-Oct-2024,162.26,Paid,0.0
AMA-R16952,AMA-O5020,2023-12-28,12.72,Refunded,0.0
AMA-R16621,AMA-O10043,17-Aug-2024,299.25,Paid,299.25
AMA-R13789,AMA-O13604,04/28/2024,242.16,Paid,0.0
AMA-R13532,AMA-O9207,2025-08-26,235.79,Paid,0.0
AMA-R18409,AMA-O14865,2025-09-29,252.76,Paid,252.76
AMA-R10397,AMA-O8769,2023-10-21,160.65,Paid,0.0
AMA-R16075,AMA-O14277,2025-07-22,338.24,Paid,0.0
AMA-R14921,AMA-O13016,03/12/2023,,Refunded,0.0
AMA-R9935,AMA-O12520,07/13/2025,57.06,Paid,0.0
AMA-R14364,AMA-O13914,09/18/2025,128.04,Refunded,0.0
AMA-R11511,AMA-O7464,2024-02-27,82.7,Paid,82.7
AMA-R10421,AMA-O7517,2024-05-24,46.34,Paid,0.0
AMA-R18577,AMA-O9974,09-Sep-2025,242.49,Paid,0.0
AMA-R12810,AMA-O12610,30-Dec-2025,111.76,Paid,0.0
AMA-R11394,AMA-O6953,09-Apr-2025,292.9,Paid,0.0
AMA-R14609,AMA-O13910,2025-06-08,262.56,Paid,0.0
AMA-R16147,AMA-O6396,03/30/2025,29.62,Paid,0.0
AMA-R13522,AMA-O7023,2023-04-28,6.32,Paid,6.32
AMA-R12542,AMA-O7067,02/01/2025,21.6,Refunded,0.0
AMA-R17587,AMA-O10179,09/17/2023,72.62,Paid,13.2
AMA-R14230,AMA-O14540,2024-07-06,599.9,Pending,0.0
AMA-R14771,AMA-O13502,06-Jul-2023,819.0,Paid,0.0
AMA-R17695,AMA-O9257,2024-03-13,50.44,Paid,0.0
AMA-R15105,AMA-O12639,08-Apr-2024,79.64,Paid,0.0
AMA-R18458,AMA-O11552,2025-01-31,69.66,Paid,0.0
AMA-R14796,AMA-O5705,10/23/2024,319.64,Paid,0.0
AMA-R18322,AMA-O6324,2025-10-09,162.68,Paid,162.68
AMA-R10718,AMA-O9342,2025-02-27,50.72,Refunded,0.0
AMA-R13845,AMA-O14281,09-Apr-2023,17.28,Paid,0.0
AMA-R12571,AMA-O7953,11-Nov-2024,217.32,Paid,0.0
AMA-R10231,AMA-O10786,2025-02-27,14.13,Refunded,0.0
AMA-R14079,AMA-O8881,09-Nov-2023,20.52,Paid,0.0
AMA-R15734,AMA-O11031,18-May-2023,1677.64,Paid,0.0
AMA-R12195,AMA-O8336,2025-09-28,219.92,Pending,0.0
AMA-R17987,AMA-O7945,21-Mar-2023,113.94,Pending,0.0
AMA-R9432,AMA-O9063,04/12/2025,297.6,Refunded,0.0
AMA-R9934,AMA-O13567,26-Dec-2024,158.0,Paid,0.0
AMA-R17273,AMA-O14659,2023-10-18,23.54,Paid,23.54
AMA-R12087,AMA-O12211,06/19/2023,177.82,Paid,0.0
AMA-R9180,AMA-O14837,22-Nov-2024,35.41,Paid,0.0
AMA-R12928,AMA-O12619,12/13/2023,1157.4,Paid,0.0
AMA-R10989,AMA-O10766,12/10/2025,736.05,Paid,0.0
AMA-R17455,AMA-O6867,2023-06-18,105.6,Paid,0.0
AMA-R15875,AMA-O12176,2023-06-20,290.6,Paid,290.6
AMA-R14687,AMA-O5158,02/16/2024,356.9,Paid,356.9
AMA-R9585,AMA-O14855,29-Oct-2023,,Paid,0.0
AMA-R11677,AMA-O12578,06/26/2024,234.6,Paid,0.0
AMA-R11639,AMA-O5340,01/05/2023,59.8,Paid,0.0
AMA-R17530,AMA-O11117,01/24/2023,89.64,Refunded,0.0
AMA-R12283,AMA-O6823,2023-05-09,104.64,Paid,0.0
AMA-R10164,AMA-O5523,05/18/2024,192.69,Refunded,0.0
AMA-R11654,AMA-O11866,09-Oct-2024,179.7,Paid,0.0
AMA-R10109,AMA-O9266,10-Dec-2024,38.81,Paid,38.81
AMA-R9847,AMA-O8908,10-Apr-2023,392.49,Paid,0.0
AMA-R17118,AMA-O5149,07/01/2023,618.54,Refunded,0.0
AMA-R13377,AMA-O10223,10-Feb-2025,63.18,Refunded,0.0
AMA-R10463,AMA-O11079,09/20/2025,714.96,Paid,0.0
AMA-R17051,AMA-O9814,09-Apr-2025,27.45,Paid,0.0
AMA-R13167,AMA-O6179,30-Nov-2023,139.32,Paid,0.0
AMA-R17967,AMA-O6277,2025-06-08,244.65,Paid,0.0
AMA-R9001,AMA-O9965,13-Feb-2024,480.08,Paid,480.08
AMA-R16356,AMA-O14650,17-Jan-2023,11.52,Paid,0.0
AMA-R10903,AMA-O12301,09/09/2024,514.59,Paid,0.0
AMA-R15096,AMA-O8143,10/02/2023,93.18,Paid,0.0
AMA-R11231,AMA-O8040,28-Jun-2023,73.0,Paid,0.0
AMA-R17527,AMA-O13029,12/11/2025,1082.65,Paid,0.0
AMA-R9213,AMA-O10163,07/20/2025,70.68,Paid,0.0
AMA-R11635,AMA-O13783,29-Dec-2024,470.34,Paid,0.0
AMA-R11039,AMA-O5507,02-Dec-2024,198.15,Paid,0.0
AMA-R14365,AMA-O8585,04/30/2023,323.25,Paid,323.25
AMA-R12214,AMA-O10145,10-Jan-2023,579.0,Paid,0.0
AMA-R13632,AMA-O10806,2025-01-24,2410.35,Pending,0.0
AMA-R18584,AMA-O9745,2025-12-21,23.04,Paid,23.04
AMA-R9204,AMA-O10489,04/09/2025,293.55,Paid,293.55
AMA-R15005,AMA-O13204,2023-02-14,108.48,Paid,0.0
AMA-R9632,AMA-O8489,23-Sep-2023,55.32,Paid,0.0
AMA-R16237,AMA-O14613,13-Oct-2025,89.82,Paid,0.0
AMA-R15121,AMA-O6090,2023-11-27,169.88,Paid,0.0
AMA-R13743,AMA-O9129,01-Feb-2024,32.49,Refunded,0.0
AMA-R11279,AMA-O10023,2025-02-20,156.0,Paid,156.0
AMA-R16347,AMA-O14730,23-Feb-2024,92.19,Paid,92.19
AMA-R16234,AMA-O9071,05/03/2023,23.49,Paid,23.49
AMA-R16341,AMA-O13662,2024-11-22,127.12,Paid,0.0
AMA-R9168,AMA-O13940,03/16/2024,25.43,Paid,0.0
AMA-R15607,AMA-O6197,2024-02-08,76.8,Paid,76.8
AMA-R16977,AMA-O9507,06-May-2024,357.78,Paid,0.0
AMA-R9841,AMA-O13566,2023-10-01,,Paid,0.0
AMA-R17282,AMA-O8056,01/03/2025,235.33,Paid,0.0
AMA-R9473,AMA-O9085,2024-01-12,453.69,Paid,453.69
AMA-R17328,AMA-O8195,04/13/2023,110.07,Paid,110.07
AMA-R11189,AMA-O11569,03-Mar-2023,76.38,Refunded,32.91
AMA-R14987,AMA-O7057,10/17/2023,447.93,Paid,447.93
AMA-R11180,AMA-O9075,2025-01-01,76.5,Pending,0.0
AMA-R16092,AMA-O14071,08-Feb-2023,149.7,Paid,0.0
AMA-R18271,AMA-O11016,2024-11-24,160.95,Paid,0.0
AMA-R18139,AMA-O10568,08/24/2025,819.87,Paid,819.87
AMA-R15916,AMA-O7828,2025-11-26,280.6,Refunded,0.0
AMA-R18000,AMA-O7371,2023-10-29,258.6,Paid,0.0
AMA-R10714,AMA-O10922,13-Aug-2025,224.65,Paid,0.0
AMA-R13597,AMA-O8789,2024-03-05,63.12,Paid,0.0
AMA-R11569,AMA-O12258,18-Jul-2024,,Paid,0.0
AMA-R14662,AMA-O12112,2025-12-23,168.0,Paid,0.0
AMA-R16387,AMA-O14254,12/13/2023,24.06,Paid,0.0
AMA-R18574,AMA-O8958,09/28/2025,70.66,Paid,0.0
AMA-R16004,AMA-O14958,2023-01-10,,Paid,0.0
AMA-R17701,AMA-O9348,01/20/2024,156.45,Paid,0.0
AMA-R10094,AMA-O5198,2025-01-27,150.45,Paid,0.0
AMA-R14669,AMA-O6202,08-Sep-2024,61.32,Refunded,0.0
AMA-R13078,AMA-O6247,03/18/2024,114.32,Paid,0.0
AMA-R10721,AMA-O6175,03/27/2024,252.0,Paid,0.0
AMA-R10016,AMA-O11880,07/27/2023,74.24,Paid,0.0
AMA-R17568,AMA-O11266,12/31/2024,88.0,Paid,0.0
AMA-R12511,AMA-O12063,2024-11-05,1041.75,Paid,0.0
AMA-R13765,AMA-O14316,2023-07-21,197.36,Paid,0.0
AMA-R10687,AMA-O9337,21-Mar-2024,25.22,Refunded,0.0
AMA-R15611,AMA-O9162,04-May-2025,64.11,Paid,0.0
AMA-R9628,AMA-O14264,11/23/2025,194.64,Paid,0.0
AMA-R16617,AMA-O10782,15-Apr-2024,12.46,Paid,0.0
AMA-R10737,AMA-O11661,05/23/2024,464.72,Refunded,0.0
AMA-R17763,AMA-O7194,2024-01-06,555.24,Paid,0.0
AMA-R10953,AMA-O7684,2025-11-23,,Paid,167.92
AMA-R9996,AMA-O6055,2023-10-01,268.4,Paid,268.4
AMA-R9753,AMA-O9977,08/09/2025,40.94,Paid,0.0
AMA-R12508,AMA-O10387,14-Mar-2025,1002.85,Paid,1002.85
AMA-R13599,AMA-O9753,2023-05-08,45.52,Paid,0.0
AMA-R11725,AMA-O12974,2024-03-29,2932.44,Paid,2932.44
AMA-R9482,AMA-O8269,11/29/2025,120.4,Paid,0.0
AMA-R12794,AMA-O7311,05-Sep-2024,504.48,Paid,0.0
AMA-R14519,AMA-O12362,07-Mar-2024,309.08,Paid,309.08
AMA-R16295,AMA-O13814,08/18/2023,129.42,Refunded,0.0
AMA-R13153,AMA-O8151,10/06/2023,227.16,Paid,0.0
AMA-R13105,AMA-O13358,2024-03-23,198.99,Paid,0.0
AMA-R16813,AMA-O9274,16-Dec-2025,242.28,Paid,0.0
AMA-R10644,AMA-O9164,2024-04-28,25.8,Paid,0.0
AMA-R17000,AMA-O7404,11-May-2024,165.4,Paid,0.0
AMA-R15497,AMA-O7182,10-Nov-2023,16.7,Paid,16.7
AMA-R15879,AMA-O13683,24-Feb-2023,139.12,Paid,0.0
AMA-R15849,AMA-O5605,2025-09-18,65.6,Refunded,0.0
AMA-R16311,AMA-O13581,26-Oct-2024,259.72,Paid,0.0
AMA-R12453,AMA-O9949,2024-11-28,81.44,Paid,0.0
AMA-R12134,AMA-O10651,02/24/2023,82.85,Refunded,0.0
AMA-R12014,AMA-O13807,10-Jun-2024,11.58,Refunded,0.0
AMA-R10249,AMA-O12611,15-Jun-2023,97.47,Paid,97.47
AMA-R12292,AMA-O6659,16-Dec-2023,37.1,Paid,0.0
AMA-R18515,AMA-O5241,28-Feb-2024,,Paid,0.0
AMA-R11520,AMA-O9205,2024-07-29,229.6,Paid,0.0
AMA-R10740,AMA-O5339,17-Mar-2025,73.92,Paid,73.92
AMA-R9926,AMA-O5800,2024-02-02,67.86,Pending,0.0
AMA-R17483,AMA-O6768,18-Mar-2025,75.14,Paid,75.14
AMA-R12057,AMA-O8851,28-Nov-2024,165.6,Paid,0.0
AMA-R14961,AMA-O13052,05/04/2023,121.33,Paid,0.0
AMA-R18044,AMA-O12684,02/13/2025,20.79,Paid,0.0
AMA-R10424,AMA-O9116,2025-12-17,126.7,Paid,0.0
AMA-R18565,AMA-O14854,02/25/2023,161.3,Paid,0.0
AMA-R14568,AMA-O10996,2024-07-18,15.86,Refunded,0.0
AMA-R15035,AMA-O7347,25-Apr-2025,299.36,Paid,0.0
AMA-R13400,AMA-O6889,2024-01-07,31.62,Paid,0.0
AMA-R13995,AMA-O13608,06/24/2025,23.46,Paid,23.46
AMA-R15712,AMA-O13834,27-Dec-2025,52.78,Refunded,0.0
AMA-R10440,AMA-O9957,27-Feb-2024,164.44,Paid,0.0
AMA-R11646,AMA-O13967,2025-05-15,,Paid,0.0
AMA-R11572,AMA-O6223,01/04/2023,95.12,Refunded,0.0
AMA-R18089,AMA-O13827,01-Dec-2024,155.44,Refunded,0.0
AMA-R16059,AMA-O10986,01/27/2024,263.55,Paid,263.55
AMA-R18187,AMA-O9233,28-Nov-2025,1436.37,Paid,0.0
AMA-R17884,AMA-O7467,02/20/2025,76.72,Refunded,0.0
AMA-R11539,AMA-O7963,02-Dec-2023,240.3,Pending,0.0
AMA-R11736,AMA-O11752,14-Apr-2023,233.6,Paid,0.0
AMA-R13947,AMA-O8911,09-Jun-2025,176.92,Paid,0.0
AMA-R11846,AMA-O8502,10-Nov-2025,169.88,Refunded,0.0
AMA-R14890,AMA-O12947,08/09/2023,53.22,Paid,0.0
AMA-R9785,AMA-O13252,17-Apr-2023,9.32,Paid,0.0
AMA-R14071,AMA-O11452,24-Aug-2024,91.14,Pending,0.0
AMA-R13093,AMA-O13710,2024-06-16,649.48,Paid,649.48
AMA-R17838,AMA-O12341,25-Sep-2023,153.68,Paid,0.0
AMA-R14115,AMA-O12294,2024-11-06,35.44,Paid,0.0
AMA-R11179,AMA-O5392,09/28/2024,153.8,Paid,0.0
AMA-R9993,AMA-O8788,2024-02-17,1015.24,Paid,0.0
AMA-R10151,AMA-O9909,11-Feb-2025,918.05,Paid,0.0
AMA-R10940,AMA-O14165,13-Mar-2024,12.92,Paid,0.0
AMA-R15189,AMA-O12922,12-Jan-2025,35.8,Paid,0.0
AMA-R14994,AMA-O10563,03/14/2025,199.3,Paid,0.0
AMA-R13784,AMA-O12179,05/17/2023,366.0,Paid,0.0
AMA-R12534,AMA-O11976,02/09/2023,10.88,Paid,10.88
AMA-R14816,AMA-O13280,12/03/2024,418.2,Paid,0.0
AMA-R9390,AMA-O13351,12-Oct-2023,137.91,Paid,0.0
AMA-R12126,AMA-O7355,2025-04-29,29.32,Paid,0.0
AMA-R17714,AMA-O9377,04-Dec-2025,98.8,Paid,0.0
AMA-R12356,AMA-O11655,08/25/2023,126.72,Refunded,0.0
AMA-R9571,AMA-O9197,11/17/2024,55.14,Paid,0.0
AMA-R14110,AMA-O11447,08-Jul-2024,31.57,Paid,0.0
AMA-R15442,AMA-O14134,2023-09-04,353.55,Paid,353.55
AMA-R17184,AMA-O7070,2024-05-08,,Paid,69.72
AMA-R15223,AMA-O12228,10/25/2025,203.13,Paid,0.0
AMA-R11109,AMA-O6333,12/30/2025,513.84,Refunded,0.0
AMA-R15181,AMA-O6315,29-Mar-2023,32.34,Paid,0.0
AMA-R15731,AMA-O6439,2023-11-25,179.44,Paid,179.44
AMA-R9093,AMA-O14581,24-Nov-2023,41.6,Paid,0.0
AMA-R9491,AMA-O12010,25-Jul-2023,339.36,Refunded,0.0
AMA-R9330,AMA-O5348,19-Aug-2023,225.65,Paid,0.0
AMA-R10530,AMA-O5958,08/10/2023,135.93,Paid,0.0
AMA-R13234,AMA-O7735,14-Aug-2025,200.5,Paid,0.0
AMA-R12117,AMA-O10875,2025-10-31,71.47,Paid,71.47
AMA-R12454,AMA-O12842,28-Mar-2024,504.85,Paid,0.0
AMA-R9111,AMA-O8462,09/20/2025,258.72,Paid,0.0
AMA-R13079,AMA-O11598,25-Aug-2025,323.6,Paid,0.0
AMA-R18377,AMA-O5223,10/30/2025,390.2,Paid,0.0
AMA-R18479,AMA-O7950,01-Feb-2024,260.04,Refunded,0.0
AMA-R13513,AMA-O8126,02/09/2025,174.24,Paid,174.24
AMA-R15171,AMA-O7118,07-Oct-2024,105.66,Refunded,0.0
AMA-R17096,AMA-O5231,2025-05-18,35.72,Paid,0.0
AMA-R10511,AMA-O14790,2025-07-24,101.35,Paid,0.0
AMA-R12406,AMA-O6667,2023-10-18,700.11,Refunded,0.0
AMA-R17122,AMA-O12339,03-Mar-2024,156.0,Paid,0.0
AMA-R12418,AMA-O9677,23-Nov-2024,111.87,Paid,111.87
AMA-R12160,AMA-O12714,2025-10-20,970.7,Paid,0.0
AMA-R9510,AMA-O11323,12-Jun-2023,155.37,Paid,0.0
AMA-R10639,AMA-O5094,2023-03-10,646.2,Paid,0.0
AMA-R9193,AMA-O14879,01-Feb-2024,23.12,Pending,0.0
AMA-R11064,AMA-O5400,27-Jul-2025,767.32,Paid,0.0
AMA-R9402,AMA-O14798,2025-11-22,283.59,Paid,0.0
AMA-R12271,AMA-O14329,28-Jan-2023,237.78,Refunded,0.0
AMA-R17481,AMA-O5813,2025-07-06,14.09,Paid,0.0
AMA-R14288,AMA-O13673,2025-10-02,89.6,Paid,0.0
AMA-R14338,AMA-O12207,20-Jun-2024,145.64,Paid,145.64
AMA-R11401,AMA-O5852,2024-07-01,881.16,Paid,0.0
AMA-R9640,AMA-O14036,09-Aug-2023,53.19,Paid,53.19
AMA-R11060,AMA-O8925,2023-07-22,368.52,Paid,0.0
AMA-R17889,AMA-O14579,06/13/2024,487.29,Paid,0.0
AMA-R10012,AMA-O10583,2024-04-28,1199.24,Paid,0.0
AMA-R17796,AMA-O7396,03/17/2024,166.44,Refunded,0.0
AMA-R14116,AMA-O7258,01/06/2023,607.9,Paid,0.0
AMA-R12518,AMA-O14632,03/07/2025,68.56,Refunded,0.0
AMA-R17867,AMA-O8760,22-Jul-2025,462.6,Pending,0.0
AMA-R13050,AMA-O13182,21-Sep-2023,20.4,Paid,0.0
AMA-R13651,AMA-O14828,07/20/2023,,Refunded,0.0
AMA-R11944,AMA-O9757,22-Jan-2024,96.32,Paid,0.0
AMA-R17304,AMA-O13886,01/29/2023,448.0,Paid,0.0
AMA-R17962,AMA-O9019,06/07/2023,315.65,Paid,0.0
AMA-R11773,AMA-O9179,02/11/2023,29.41,Pending,0.0
AMA-R16797,AMA-O13057,2023-08-28,55.23,Paid,55.23
AMA-R10221,AMA-O10648,08/26/2025,1728.76,Paid,0.0
AMA-R15468,AMA-O7551,08/15/2024,315.28,Paid,0.0
AMA-R15704,AMA-O13319,21-Nov-2025,349.72,Paid,0.0
AMA-R17412,AMA-O13273,23-Dec-2024,81.63,Paid,0.0
AMA-R12436,AMA-O8864,15-Jun-2024,521.3,Paid,0.0
AMA-R11234,AMA-O8411,07/08/2023,331.53,Paid,0.0
AMA-R9317,AMA-O10915,15-Feb-2025,1794.21,Paid,0.0
AMA-R14202,AMA-O13069,03/21/2024,182.12,Refunded,0.0
AMA-R11703,AMA-O11702,2025-01-08,145.65,Paid,0.0
AMA-R15898,AMA-O10535,31-May-2025,144.42,Paid,0.0
AMA-R10206,AMA-O6700,04-Sep-2025,181.28,Paid,0.0
AMA-R16380,AMA-O8817,2023-03-10,10.14,Paid,10.14
AMA-R17648,AMA-O10035,2025-08-12,106.24,Refunded,0.0
AMA-R9662,AMA-O12603,25-Sep-2023,1817.07,Paid,0.0
AMA-R18207,AMA-O14750,11/02/2023,223.96,Paid,223.96
AMA-R11066,AMA-O8155,08/20/2023,324.93,Pending,0.0
AMA-R18430,AMA-O8368,2025-12-31,1389.5,Refunded,0.0
AMA-R12222,AMA-O9808,11/13/2023,456.6,Paid,0.0
AMA-R10595,AMA-O14809,2023-02-23,74.02,Paid,0.0
AMA-R11752,AMA-O8119,2023-01-22,91.22,Paid,91.22
AMA-R16875,AMA-O6477,24-Aug-2023,10.22,Refunded,0.0
AMA-R17482,AMA-O14827,2023-03-15,100.32,Paid,0.0
AMA-R9376,AMA-O11030,01/25/2023,61.65,Paid,0.0
AMA-R12703,AMA-O9797,2024-06-08,202.48,Refunded,0.0
AMA-R9607,AMA-O9070,2025-02-11,750.88,Paid,0.0
AMA-R16340,AMA-O7596,24-Jan-2023,438.8,Paid,0.0
AMA-R14033,AMA-O7105,2023-09-20,206.55,Refunded,0.0
AMA-R10622,AMA-O11251,2025-06-20,170.4,Paid,0.0
AMA-R9292,AMA-O14017,08-Nov-2023,7.4,Refunded,0.0
AMA-R18106,AMA-O6616,26-Jul-2025,1004.48,Paid,0.0
AMA-R13496,AMA-O14612,11/30/2024,114.16,Paid,114.16
AMA-R10782,AMA-O5764,12/02/2023,13.42,Paid,13.42
AMA-R10001,AMA-O9599,09/02/2024,61.15,Paid,0.0
AMA-R11889,AMA-O5419,2024-01-24,137.69,Paid,0.0
AMA-R18552,AMA-O13368,15-Nov-2024,11.62,Paid,0.0
AMA-R17307,AMA-O12402,01/25/2025,49.36,Paid,0.0
AMA-R14310,AMA-O14273,20-Nov-2023,205.77,Pending,0.0
AMA-R10342,AMA-O5019,09-Nov-2023,86.78,Refunded,0.0
AMA-R17748,AMA-O7757,2023-08-17,47.34,Paid,0.0
AMA-R11601,AMA-O5092,25-Oct-2024,40.53,Paid,0.0
AMA-R9728,AMA-O9319,11/11/2023,581.6,Paid,581.6
AMA-R16475,AMA-O11491,24-Oct-2023,57.9,Paid,0.0
AMA-R10576,AMA-O12484,01/16/2025,280.45,Paid,0.0
AMA-R14047,AMA-O13593,18-Nov-2023,570.52,Paid,0.0
AMA-R13760,AMA-O12123,2025-06-22,749.95,Paid,0.0
AMA-R17388,AMA-O9709,07/30/2025,5.36,Paid,0.0
AMA-R14526,AMA-O9226,05-Oct-2023,899.55,Paid,0.0
AMA-R10932,AMA-O10574,2023-03-04,165.78,Paid,0.0
AMA-R9090,AMA-O9064,08/31/2024,272.25,Refunded,0.0
AMA-R13028,AMA-O13519,2024-07-31,727.44,Paid,0.0
AMA-R12380,AMA-O5889,31-Mar-2025,1850.5,Paid,0.0
AMA-R11540,AMA-O12840,18-Mar-2025,185.66,Refunded,0.0
AMA-R13324,AMA-O12555,22-Aug-2025,10.46,Paid,0.0
AMA-R17146,AMA-O14909,2024-04-16,43.55,Paid,0.0
AMA-R15857,AMA-O8756,2023-01-02,90.09,Paid,0.0
AMA-R14616,AMA-O5258,12/24/2024,471.0,Paid,0.0
AMA-R12365,AMA-O7367,05-Sep-2023,,Paid,121.32
AMA-R10818,AMA-O12370,04-Dec-2023,18.78,Paid,18.78
AMA-R13688,AMA-O8667,19-Jul-2024,113.01,Paid,0.0
AMA-R15220,AMA-O6863,2024-12-08,66.5,Paid,0.0
AMA-R9151,AMA-O5882,05/09/2024,691.11,Paid,331.0
AMA-R16754,AMA-O14139,05/26/2025,1437.75,Paid,1437.75
AMA-R10643,AMA-O6685,2025-06-28,1249.15,Paid,0.0
AMA-R13278,AMA-O10687,13-Apr-2025,41.45,Paid,41.45
AMA-R12636,AMA-O6679,08/17/2025,319.62,Paid,319.62
AMA-R17081,AMA-O12604,23-Jan-2024,57.78,Paid,57.78
AMA-R10675,AMA-O14784,19-Nov-2025,2031.16,Paid,0.0
AMA-R13030,AMA-O6775,11/07/2023,59.36,Paid,0.0
AMA-R14336,AMA-O12732,2023-08-31,105.73,Paid,0.0
AMA-R14958,AMA-O14097,08-Nov-2025,,Pending,0.0
AMA-R11296,AMA-O10091,2024-12-05,23.97,Paid,0.0
AMA-R13582,AMA-O8486,12/16/2025,1391.98,Paid,0.0
AMA-R12926,AMA-O14787,05/21/2023,417.66,Paid,0.0
AMA-R12399,AMA-O12004,2024-07-23,39.96,Paid,0.0
AMA-R16870,AMA-O7192,03-Nov-2024,899.88,Paid,899.88
AMA-R9189,AMA-O13249,2025-12-03,228.26,Paid,0.0
AMA-R14545,AMA-O10386,01/07/2023,110.32,Paid,0.0
AMA-R13182,AMA-O8244,2025-02-09,51.08,Paid,0.0
AMA-R9322,AMA-O11609,08/22/2023,155.02,Refunded,0.0
AMA-R16437,AMA-O5459,02/13/2023,29.24,Paid,0.0
AMA-R17202,AMA-O6936,18-Feb-2023,79.17,Paid,0.0
AMA-R13113,AMA-O7423,2024-12-01,164.26,Paid,0.0
AMA-R15241,AMA-O6023,22-Jul-2025,191.61,Paid,191.61
AMA-R14009,AMA-O10669,11/22/2024,47.84,Paid,47.84
AMA-R14323,AMA-O8586,09-Nov-2023,1427.82,Paid,0.0
AMA-R18104,AMA-O8507,01-Mar-2023,58.0,Paid,0.0
AMA-R10257,AMA-O7894,12/29/2025,639.61,Paid,0.0
AMA-R18198,AMA-O14084,19-May-2023,2058.32,Paid,0.0
AMA-R12315,AMA-O14573,22-May-2025,282.28,Paid,0.0
AMA-R11188,AMA-O14302,01-Dec-2025,175.32,Paid,0.0
AMA-R12839,AMA-O5115,2024-06-24,386.0,Refunded,0.0
AMA-R18371,AMA-O13477,02/16/2024,187.04,Paid,69.93
AMA-R11914,AMA-O13576,07/11/2023,124.12,Paid,0.0
AMA-R14553,AMA-O5442,09/27/2024,62.52,Paid,0.0
AMA-R10771,AMA-O5001,2024-07-20,195.9,Paid,0.0
AMA-R15992,AMA-O6323,03/01/2024,58.44,Refunded,0.0
AMA-R16683,AMA-O14959,13-Jun-2023,185.4,Paid,0.0
AMA-R17729,AMA-O14018,2024-01-09,145.3,Paid,0.0
AMA-R9256,AMA-O8345,11/26/2023,103.08,Paid,0.0
AMA-R15878,AMA-O13312,2023-08-28,177.55,Paid,177.55
AMA-R14944,AMA-O12455,03/13/2024,384.98,Paid,0.0
AMA-R9804,AMA-O11613,19-Jan-2024,1191.14,Paid,0.0
AMA-R17511,AMA-O13531,2023-01-06,598.08,Paid,0.0
AMA-R12987,AMA-O14766,2023-07-22,97.8,Refunded,0.0
AMA-R17758,AMA-O10328,2024-05-26,,Paid,0.0
AMA-R9863,AMA-O11367,03/02/2025,294.7,Paid,294.7
AMA-R17209,AMA-O9595,2024-07-30,133.92,Paid,0.0
AMA-R9673,AMA-O9245,30-Jul-2023,97.64,Paid,0.0
AMA-R10298,AMA-O9772,19-Aug-2023,838.8,Paid,0.0
AMA-R15604,AMA-O6888,08/23/2025,150.0,Paid,0.0
AMA-R15725,AMA-O10185,05-Oct-2024,27.3,Paid,0.0
AMA-R14255,AMA-O10600,23-Feb-2023,1045.15,Paid,1045.15
AMA-R10564,AMA-O6096,05-Aug-2025,633.24,Pending,0.0
AMA-R17525,AMA-O14537,06-Jan-2023,108.52,Refunded,0.0
AMA-R10425,AMA-O9566,2023-09-03,380.31,Paid,0.0
AMA-R10473,AMA-O5361,31-Jul-2023,41.59,Paid,0.0
AMA-R14287,AMA-O5464,08/27/2024,131.44,Paid,0.0
AMA-R13869,AMA-O11754,03/26/2023,179.94,Paid,0.0
AMA-R16300,AMA-O13051,10/25/2023,983.12,Paid,0.0
AMA-R18547,AMA-O12104,30-Nov-2023,212.05,Paid,0.0
AMA-R11125,AMA-O9946,08-Mar-2025,158.52,Paid,0.0
AMA-R10503,AMA-O14852,05/01/2023,16.94,Paid,0.0
AMA-R12707,AMA-O6658,2024-08-07,63.76,Paid,0.0
AMA-R9784,AMA-O14323,11/04/2024,427.48,Paid,0.0
AMA-R9203,AMA-O13171,01/01/2024,248.38,Paid,248.38
AMA-R12017,AMA-O14044,08/21/2023,33.69,Pending,0.0
AMA-R12819,AMA-O8309,2024-11-16,35.45,Paid,35.45
AMA-R18439,AMA-O5617,05/11/2023,396.35,Refunded,0.0
AMA-R11741,AMA-O12531,12/04/2024,218.85,Paid,218.85
AMA-R15401,AMA-O5326,03/01/2024,818.72,Paid,0.0
AMA-R14289,AMA-O7712,21-Jul-2023,62.74,Paid,0.0
AMA-R15264,AMA-O12509,01/17/2023,91.94,Paid,0.0
AMA-R16394,AMA-O12767,31-Mar-2023,1417.76,Paid,0.0
AMA-R12599,AMA-O9062,01/30/2023,943.85,Refunded,0.0
AMA-R9170,AMA-O6549,2023-05-04,71.03,Paid,0.0
AMA-R11887,AMA-O10170,2023-02-14,315.72,Paid,0.0
AMA-R9011,AMA-O8517,02/29/2024,136.2,Paid,0.0
AMA-R12155,AMA-O13525,02/14/2024,959.76,Paid,959.76
AMA-R11595,AMA-O8833,21-Feb-2025,160.92,Pending,0.0
AMA-R10912,AMA-O9576,2023-02-05,196.75,Paid,0.0
AMA-R12463,AMA-O7478,05/30/2023,78.84,Paid,0.0
AMA-R17625,AMA-O13000,2025-08-04,54.65,Paid,0.0
AMA-R15526,AMA-O7204,18-Jan-2023,474.15,Paid,0.0
AMA-R13298,AMA-O12690,2024-02-18,212.06,Paid,0.0
AMA-R13757,AMA-O7428,14-Jan-2025,72.12,Paid,0.0
AMA-R18064,AMA-O12832,06-Feb-2025,376.9,Paid,0.0
AMA-R13698,AMA-O13365,13-Aug-2024,124.85,Paid,0.0
AMA-R17557,AMA-O6862,2025-05-03,190.8,Paid,0.0
AMA-R14882,AMA-O8739,18-Jan-2023,20.23,Pending,0.0
AMA-R12970,AMA-O10507,02/25/2024,53.55,Paid,0.0
AMA-R18390,AMA-O13628,29-May-2024,,Paid,0.0
AMA-R13958,AMA-O5681,07/10/2025,95.52,Refunded,0.0
AMA-R15315,AMA-O11018,21-Dec-2023,171.7,Paid,0.0
AMA-R16200,AMA-O7306,03/23/2024,12.26,Paid,0.0
AMA-R16833,AMA-O11657,2023-11-27,234.15,Paid,0.0
AMA-R9568,AMA-O9803,02/23/2025,18.85,Refunded,0.0
AMA-R10015,AMA-O9531,24-Oct-2025,72.67,Refunded,0.0
AMA-R13031,AMA-O6490,09/12/2023,264.82,Paid,0.0
AMA-R14005,AMA-O14684,02/13/2024,71.04,Paid,0.0
AMA-R9582,AMA-O5922,06/10/2023,113.52,Paid,0.0
AMA-R12621,AMA-O9498,25-Aug-2023,299.91,Paid,0.0
AMA-R11753,AMA-O9828,2023-10-17,2872.44,Paid,0.0
AMA-R9580,AMA-O10963,22-Aug-2025,,Paid,170.32
AMA-R15347,AMA-O11593,12/11/2025,550.96,Pending,0.0
AMA-R9485,AMA-O8924,04/20/2025,170.13,Paid,0.0
AMA-R14534,AMA-O14215,11-Nov-2024,76.62,Paid,0.0
AMA-R13230,AMA-O14372,2023-02-11,218.3,Refunded,0.0
AMA-R12831,AMA-O8124,12/21/2024,113.72,Paid,0.0
AMA-R9886,AMA-O12742,2023-03-17,53.2,Paid,0.0
AMA-R16566,AMA-O8837,04/14/2025,1586.35,Paid,0.0
AMA-R15764,AMA-O5910,06/20/2024,619.05,Refunded,0.0
AMA-R18329,AMA-O11689,17-Apr-2025,73.44,Paid,73.44
AMA-R16124,AMA-O11577,2024-04-18,1238.44,Paid,0.0
AMA-R13161,AMA-O6864,2025-02-22,16.48,Refunded,0.0
AMA-R11813,AMA-O5468,03-Oct-2024,175.0,Paid,0.0
AMA-R15187,AMA-O10418,2025-02-21,89.65,Refunded,0.0
AMA-R16485,AMA-O11105,28-May-2023,438.95,Paid,0.0
AMA-R17718,AMA-O13857,12/16/2025,600.25,Paid,0.0
AMA-R11111,AMA-O6065,09-Aug-2023,146.24,Paid,0.0
AMA-R11397,AMA-O12136,04-Nov-2024,302.76,Paid,302.76
AMA-R14901,AMA-O11220,08/22/2024,108.06,Paid,108.06
AMA-R16390,AMA-O9823,2024-05-05,268.45,Paid,268.45
AMA-R9876,AMA-O8944,05-Jul-2023,781.56,Pending,0.0
AMA-R14492,AMA-O13730,11-Jun-2024,235.54,Paid,0.0
AMA-R13059,AMA-O13418,07/28/2024,,Paid,0.0
AMA-R10036,AMA-O7301,07/01/2023,473.01,Paid,0.0
AMA-R11648,AMA-O14675,2025-10-11,91.6,Paid,0.0
AMA-R16752,AMA-O12989,08/22/2024,320.08,Paid,0.0
AMA-R10775,AMA-O9193,01-Dec-2025,6.73,Paid,0.0
AMA-R13529,AMA-O11787,26-May-2025,201.2,Paid,201.2
AMA-R15547,AMA-O7020,2024-11-15,233.91,Refunded,98.17
AMA-R9892,AMA-O6805,04/08/2024,,Paid,824.44
AMA-R12132,AMA-O7941,2024-07-30,15.47,Paid,0.0
AMA-R12588,AMA-O9714,12/04/2024,359.08,Paid,0.0
AMA-R17254,AMA-O6654,07/22/2024,150.72,Paid,0.0
AMA-R13288,AMA-O9451,05/24/2025,33.59,Refunded,0.0
AMA-R17650,AMA-O13256,21-Nov-2025,65.2,Paid,0.0
AMA-R13584,AMA-O9611,2025-04-24,906.24,Pending,0.0
AMA-R16677,AMA-O7884,2025-03-23,1439.84,Paid,0.0
AMA-R13228,AMA-O9869,10/20/2024,272.62,Pending,0.0
AMA-R17570,AMA-O9975,2023-07-28,92.22,Paid,0.0
AMA-R11479,AMA-O6872,17-Jan-2023,212.42,Paid,0.0
AMA-R11421,AMA-O8804,04/30/2024,350.61,Paid,0.0
AMA-R18607,AMA-O11130,12/24/2023,770.79,Pending,0.0
AMA-R18421,AMA-O5932,23-Jun-2025,65.72,Paid,27.5
AMA-R12929,AMA-O11245,2023-09-24,6.45,Paid,0.0
AMA-R9043,AMA-O14100,07-Feb-2025,728.95,Paid,0.0
AMA-R17569,AMA-O8132,2025-09-25,61.06,Paid,0.0
AMA-R16464,AMA-O10499,27-Jun-2025,743.38,Paid,0.0
AMA-R15690,AMA-O9943,01/08/2025,50.64,Refunded,0.0
AMA-R11501,AMA-O5891,30-Sep-2024,76.65,Refunded,0.0
AMA-R10645,AMA-O12691,2024-07-27,124.78,Pending,0.0
AMA-R15100,AMA-O5822,12/31/2025,1123.5,Pending,0.0
AMA-R15394,AMA-O11385,14-Sep-2025,181.08,Paid,0.0
AMA-R15937,AMA-O5762,2024-03-05,659.76,Paid,0.0
AMA-R9907,AMA-O12470,07-Sep-2025,108.12,Refunded,0.0
AMA-R15834,AMA-O6059,07/08/2023,551.75,Paid,0.0
AMA-R10076,AMA-O7406,2024-04-24,15.78,Refunded,0.0
AMA-R14415,AMA-O8326,2023-05-04,85.86,Paid,85.86
AMA-R16571,AMA-O7133,03/03/2025,220.86,Paid,0.0
AMA-R10494,AMA-O10690,10-Jun-2025,134.98,Refunded,0.0
AMA-R18628,AMA-O7183,23-Aug-2023,329.6,Paid,0.0
AMA-R17940,AMA-O11001,09/11/2023,689.65,Paid,0.0
AMA-R15808,AMA-O6861,2024-10-01,288.24,Paid,0.0
AMA-R15601,AMA-O13463,03/13/2023,179.85,Paid,0.0
AMA-R15891,AMA-O10122,21-Nov-2023,236.08,Paid,0.0
AMA-R13499,AMA-O10771,25-Jul-2025,49.32,Refunded,0.0
AMA-R15721,AMA-O6106,12-Sep-2023,211.6,Paid,0.0
AMA-R14977,AMA-O10964,20-Mar-2025,808.95,Paid,0.0
AMA-R15858,AMA-O8284,2025-01-26,70.33,Paid,0.0
AMA-R12546,AMA-O13371,09-May-2024,189.15,Paid,0.0
AMA-R11191,AMA-O10555,2023-05-27,45.49,Paid,0.0
AMA-R13077,AMA-O8966,12/22/2023,695.85,Paid,0.0
AMA-R12881,AMA-O11844,11/23/2025,82.85,Pending,0.0
AMA-R12671,AMA-O5056,29-Jan-2023,568.9,Paid,0.0
AMA-R16430,AMA-O12854,04-Mar-2024,467.56,Paid,0.0
AMA-R9579,AMA-O5270,2024-01-28,2329.9,Paid,2329.9
AMA-R11589,AMA-O14548,04/20/2023,26.93,Paid,0.0
AMA-R17524,AMA-O6892,22-Jan-2025,5.63,Refunded,0.0
AMA-R10691,AMA-O11209,07/24/2025,268.86,Refunded,0.0
AMA-R11721,AMA-O10010,09/23/2025,157.04,Paid,21.22
AMA-R17731,AMA-O8534,20-Dec-2024,238.65,Paid,0.0
AMA-R13478,AMA-O14183,05/29/2025,711.66,Paid,0.0
AMA-R9328,AMA-O11615,03-Feb-2024,167.82,Paid,0.0
AMA-R9358,AMA-O5332,26-Apr-2024,87.95,Paid,87.95
AMA-R14139,AMA-O10500,2023-04-20,157.76,Paid,0.0
AMA-R16093,AMA-O12489,07/11/2024,134.04,Paid,0.0
AMA-R11448,AMA-O5424,08/30/2025,962.3,Refunded,0.0
AMA-R10133,AMA-O5087,2024-06-09,14.76,Paid,0.0
AMA-R15775,AMA-O6808,2024-08-24,691.0,Paid,0.0
AMA-R9044,AMA-O5693,2025-09-27,68.62,Refunded,0.0
AMA-R15395,AMA-O5456,06/28/2025,54.63,Paid,0.0
AMA-R9039,AMA-O14220,08/16/2023,219.54,Paid,0.0
AMA-R14194,AMA-O5730,01/29/2023,1135.62,Paid,0.0
AMA-R17216,AMA-O8821,11/04/2023,120.35,Paid,0.0
AMA-R14861,AMA-O7492,17-Aug-2023,77.24,Refunded,0.0
AMA-R15481,AMA-O12210,02-Feb-2025,560.07,Paid,0.0
AMA-R10322,AMA-O8559,16-Jun-2025,960.48,Paid,960.48
AMA-R17734,AMA-O11972,12/26/2025,868.86,Paid,0.0
AMA-R15102,AMA-O10932,02-Sep-2023,26.5,Paid,0.0
AMA-R11045,AMA-O9506,03-Dec-2023,,Paid,382.94
AMA-R14258,AMA-O11425,26-May-2024,38.54,Pending,0.0
AMA-R10155,AMA-O9336,2025-11-23,97.45,Paid,0.0
AMA-R16083,AMA-O10478,2023-06-27,1355.1,Pending,0.0
AMA-R16259,AMA-O5097,02-Sep-2024,33.21,Paid,0.0
AMA-R10882,AMA-O11160,11-Jul-2025,518.49,Pending,0.0
AMA-R9699,AMA-O6123,25-Jan-2024,,Paid,0.0
AMA-R9818,AMA-O11078,11-May-2025,48.04,Pending,0.0
AMA-R14824,AMA-O11921,10-Nov-2024,32.72,Paid,0.0
AMA-R11763,AMA-O12977,2025-03-06,64.7,Paid,0.0
AMA-R12018,AMA-O13700,2025-06-19,183.4,Paid,0.0
AMA-R14520,AMA-O7008,2024-05-02,391.9,Paid,0.0
AMA-R10859,AMA-O5449,2023-06-16,13.7,Paid,0.0
AMA-R17394,AMA-O7446,04-May-2023,330.2,Refunded,0.0
AMA-R11080,AMA-O12243,2023-05-16,781.62,Paid,0.0
AMA-R14654,AMA-O14772,02-Mar-2024,347.52,Paid,0.0
AMA-R18404,AMA-O12169,04/09/2024,115.01,Refunded,0.0
AMA-R14611,AMA-O10707,2023-02-01,261.85,Paid,0.0
AMA-R13682,AMA-O7682,08-Feb-2023,201.55,Paid,0.0
AMA-R12395,AMA-O9467,2024-01-25,106.36,Paid,0.0
AMA-R18636,AMA-O5759,2025-04-27,35.16,Paid,0.0
AMA-R16065,AMA-O6998,02/04/2023,2224.23,Paid,0.0
AMA-R11384,AMA-O8059,04-Jun-2024,177.74,Paid,0.0
AMA-R14143,AMA-O9519,11/04/2024,,Refunded,0.0
AMA-R16611,AMA-O10867,06-Dec-2024,43.33,Paid,0.0
AMA-R9212,AMA-O14668,2024-11-15,805.85,Paid,0.0
AMA-R11224,AMA-O8784,11/05/2023,168.4,Paid,168.4
AMA-R16716,AMA-O5619,15-Nov-2025,45.09,Paid,0.0
AMA-R10745,AMA-O5126,02/09/2025,269.49,Refunded,0.0
AMA-R13792,AMA-O14934,2023-08-13,,Paid,13.41
AMA-R10633,AMA-O6729,03/13/2023,118.68,Paid,118.68
AMA-R9842,AMA-O14216,2024-08-21,73.95,Paid,0.0
AMA-R16563,AMA-O8398,11-Aug-2024,208.68,Pending,0.0
AMA-R9340,AMA-O11231,2024-09-04,71.52,Paid,0.0
AMA-R15656,AMA-O10176,01/29/2025,89.07,Pending,0.0
AMA-R13501,AMA-O5120,26-Jul-2024,400.1,Paid,400.1
AMA-R13511,AMA-O11623,29-Aug-2023,13.03,Paid,0.0
AMA-R11850,AMA-O9482,03/17/2024,126.2,Paid,0.0
AMA-R16198,AMA-O10704,02/25/2024,177.2,Paid,0.0
AMA-R16520,AMA-O13780,12/18/2024,2790.76,Pending,0.0
AMA-R15348,AMA-O6073,08/14/2025,11.94,Paid,11.94
AMA-R17177,AMA-O5947,02-Aug-2024,46.06,Paid,0.0
AMA-R14769,AMA-O12536,13-Mar-2025,2110.92,Paid,2110.92
AMA-R18113,AMA-O7491,2025-04-23,1398.75,Paid,0.0
AMA-R17106,AMA-O14814,08/04/2023,296.95,Paid,0.0
AMA-R14866,AMA-O10337,2025-10-21,194.16,Paid,0.0
AMA-R15449,AMA-O13465,14-Jan-2024,80.79,Refunded,0.0
AMA-R10234,AMA-O14021,12/07/2023,152.46,Paid,0.0
AMA-R11292,AMA-O11008,17-Aug-2023,,Refunded,0.0
AMA-R14892,AMA-O14091,09-Feb-2025,273.4,Paid,0.0
AMA-R15723,AMA-O13937,03/04/2024,27.04,Paid,0.0
AMA-R10061,AMA-O8713,14-Dec-2024,9.18,Paid,9.18
AMA-R11327,AMA-O5196,2025-05-26,828.99,Paid,0.0
AMA-R17170,AMA-O8376,17-Dec-2025,83.7,Paid,83.7
AMA-R11493,AMA-O8993,13-Jun-2025,235.89,Refunded,0.0
AMA-R16630,AMA-O14400,2024-05-19,187.92,Paid,0.0
AMA-R14051,AMA-O13835,13-Dec-2023,125.76,Refunded,0.0
AMA-R16177,AMA-O12045,2024-01-25,216.92,Paid,0.0
AMA-R17989,AMA-O9268,12/06/2024,2495.52,Paid,0.0
AMA-R10951,AMA-O8127,12-Apr-2023,,Paid,302.25
AMA-R16360,AMA-O11443,30-Jun-2023,293.25,Paid,0.0
AMA-R10139,AMA-O14274,05/31/2023,1193.36,Paid,1193.36
AMA-R18616,AMA-O9842,2023-03-30,44.4,Paid,0.0
AMA-R15778,AMA-O10296,2024-03-30,212.67,Paid,0.0
AMA-R15821,AMA-O5463,15-Jul-2023,39.99,Paid,0.0
AMA-R18643,AMA-O6193,2024-09-01,13.26,Paid,0.0
AMA-R15182,AMA-O8330,2024-09-01,144.2,Paid,0.0
AMA-R14749,AMA-O8359,01/30/2024,29.64,Paid,0.0
AMA-R14108,AMA-O11012,2025-08-18,2655.92,Paid,0.0
AMA-R15027,AMA-O13678,19-Jun-2023,257.96,Paid,0.0
AMA-R9343,AMA-O13271,05-May-2025,3146.08,Paid,0.0
AMA-R9243,AMA-O12765,21-Jul-2024,893.73,Paid,0.0
AMA-R11760,AMA-O9960,2024-11-08,2461.75,Paid,2461.75
AMA-R13551,AMA-O7102,07-Mar-2025,78.42,Pending,0.0
AMA-R9744,AMA-O12799,2025-07-18,314.2,Paid,153.75
AMA-R14576,AMA-O13464,04/15/2025,737.68,Paid,0.0
AMA-R10330,AMA-O12324,2024-04-09,82.39,Paid,0.0
AMA-R16073,AMA-O5623,2023-06-03,2624.4,Paid,0.0
AMA-R15156,AMA-O12866,17-May-2023,,Paid,0.0
AMA-R10774,AMA-O10291,07/13/2024,199.22,Paid,199.22
AMA-R11083,AMA-O10859,02/07/2023,213.42,Paid,37.98
AMA-R14790,AMA-O13268,19-Feb-2023,12.16,Paid,0.0
AMA-R15232,AMA-O6187,2025-10-17,75.1,Paid,0.0
AMA-R9869,AMA-O14491,21-Oct-2023,56.85,Paid,0.0
AMA-R17698,AMA-O13761,04-Jul-2025,48.24,Paid,0.0
AMA-R14472,AMA-O7847,11/04/2023,373.7,Paid,0.0
AMA-R18091,AMA-O9166,07/08/2024,70.38,Paid,0.0
AMA-R16811,AMA-O6353,29-Aug-2023,569.35,Paid,0.0
AMA-R17576,AMA-O11812,17-May-2024,59.46,Paid,0.0
AMA-R11417,AMA-O5497,24-Nov-2025,1523.94,Paid,1523.94
AMA-R12506,AMA-O10266,2023-01-27,168.76,Paid,0.0
AMA-R18205,AMA-O7264,01-Dec-2024,96.92,Refunded,0.0
AMA-R13452,AMA-O14444,2025-11-28,251.86,Paid,0.0
AMA-R13721,AMA-O9667,14-Jun-2024,519.39,Refunded,0.0
AMA-R14228,AMA-O13831,2025-05-16,992.04,Paid,0.0
AMA-R16228,AMA-O7902,03/09/2023,78.69,Paid,78.69
AMA-R18283,AMA-O5877,2023-07-22,118.4,Paid,0.0
AMA-R9956,AMA-O10660,06/20/2023,286.96,Paid,0.0
AMA-R13247,AMA-O5372,2023-01-02,1134.6,Paid,0.0
AMA-R11154,AMA-O9250,2023-10-08,91.89,Paid,0.0
AMA-R14406,AMA-O8551,21-May-2023,58.32,Paid,0.0
AMA-R10480,AMA-O9356,06/29/2023,243.43,Paid,0.0
AMA-R11128,AMA-O14688,05-Sep-2023,47.68,Paid,0.0
AMA-R14026,AMA-O8004,2025-11-25,199.95,Paid,0.0
AMA-R15254,AMA-O6424,2025-02-01,180.2,Paid,180.2
AMA-R12048,AMA-O10319,16-Dec-2023,231.01,Refunded,0.0
AMA-R10119,AMA-O11722,2023-06-25,56.76,Paid,0.0
AMA-R10142,AMA-O6567,2024-09-02,479.52,Paid,0.0
AMA-R12962,AMA-O13580,2023-01-24,43.72,Paid,0.0
AMA-R17303,AMA-O12041,07/10/2023,137.55,Paid,0.0
AMA-R17914,AMA-O14074,2024-06-15,465.05,Paid,465.05
AMA-R17719,AMA-O13916,10/15/2023,135.15,Pending,0.0
AMA-R13916,AMA-O5260,2023-07-20,70.36,Refunded,0.0
AMA-R13734,AMA-O14574,2023-06-05,86.46,Pending,0.0
AMA-R11225,AMA-O5276,2024-02-22,162.65,Refunded,0.0
AMA-R15948,AMA-O11958,24-Oct-2024,129.2,Paid,0.0
AMA-R18247,AMA-O10460,11/15/2025,3602.15,Pending,0.0
AMA-R15159,AMA-O10534,09/06/2025,82.77,Paid,0.0
AMA-R16969,AMA-O14478,07-Dec-2025,,Refunded,0.0
AMA-R14126,AMA-O11850,01/01/2024,,Paid,0.0
AMA-R15593,AMA-O14381,05/24/2024,204.44,Paid,0.0
AMA-R15655,AMA-O13011,17-Jul-2023,65.36,Paid,0.0
AMA-R18330,AMA-O9159,01/18/2024,2285.88,Pending,0.0
AMA-R18351,AMA-O5335,02/08/2023,60.83,Refunded,0.0
AMA-R17589,AMA-O8395,2024-11-18,32.12,Paid,0.0
AMA-R11176,AMA-O9851,2023-01-06,670.64,Paid,0.0
AMA-R11463,AMA-O7867,2025-06-04,65.48,Paid,0.0
AMA-R10570,AMA-O10898,05/30/2024,44.75,Paid,0.0
AMA-R10392,AMA-O6041,2023-04-06,164.15,Paid,0.0
AMA-R14218,AMA-O7859,2024-12-24,29.15,Paid,0.0
AMA-R12211,AMA-O12483,27-May-2025,1052.24,Paid,0.0
AMA-R11612,AMA-O6836,2023-06-05,,Paid,0.0
AMA-R9301,AMA-O7543,2025-04-09,,Paid,0.0
AMA-R9097,AMA-O10680,2025-11-10,36.05,Paid,4.5
AMA-R15525,AMA-O6304,29-May-2025,258.36,Paid,0.0
AMA-R17157,AMA-O10768,22-May-2024,12.93,Paid,0.0
AMA-R16783,AMA-O10599,01/20/2024,2768.95,Paid,2768.95
AMA-R9909,AMA-O7604,09/18/2023,34.94,Paid,0.0
AMA-R10532,AMA-O14385,2025-08-16,38.8,Refunded,0.0
AMA-R17854,AMA-O14661,2025-03-27,156.54,Paid,0.0
AMA-R11611,AMA-O13514,02-Dec-2024,1806.2,Paid,0.0
AMA-R14147,AMA-O12768,2023-05-27,144.35,Pending,0.0
AMA-R16182,AMA-O11120,25-Nov-2024,154.44,Paid,0.0
AMA-R9573,AMA-O6404,2025-06-08,199.2,Paid,0.0
AMA-R17864,AMA-O11537,2023-07-14,53.26,Paid,53.26
AMA-R18658,AMA-O6560,2025-09-01,1443.78,Refunded,393.86
AMA-R18078,AMA-O7260,2024-10-12,70.56,Paid,0.0
AMA-R13185,AMA-O14025,03-Jul-2023,68.58,Paid,0.0
AMA-R12853,AMA-O14163,2025-10-21,159.72,Paid,0.0
AMA-R17228,AMA-O8421,07/07/2023,323.65,Refunded,0.0
AMA-R9518,AMA-O8459,29-Jun-2024,105.5,Pending,0.0
AMA-R13772,AMA-O6031,27-Dec-2023,83.17,Refunded,0.0
AMA-R14286,AMA-O12174,01/26/2023,172.26,Paid,0.0
AMA-R14171,AMA-O13666,2023-03-25,116.96,Paid,0.0
AMA-R15410,AMA-O7745,10/04/2025,206.28,Paid,0.0
AMA-R12177,AMA-O8305,2025-02-26,584.47,Paid,584.47
AMA-R9854,AMA-O13839,18-Oct-2023,594.32,Paid,0.0
AMA-R12375,AMA-O13776,09/12/2024,101.55,Paid,0.0
AMA-R17027,AMA-O12059,12-Mar-2023,88.51,Paid,0.0
AMA-R17352,AMA-O5743,27-Jul-2025,118.14,Paid,0.0
AMA-R15077,AMA-O5791,17-May-2023,417.48,Refunded,0.0
AMA-R14791,AMA-O14272,2024-07-17,223.3,Paid,0.0
AMA-R16981,AMA-O9196,05-Jul-2023,144.72,Paid,0.0
AMA-R17261,AMA-O14984,21-Jul-2023,1175.05,Paid,0.0
AMA-R10512,AMA-O6320,05-Jan-2023,86.17,Paid,86.17
AMA-R9671,AMA-O14162,2024-09-27,33.68,Refunded,0.0
AMA-R9087,AMA-O11091,28-Jul-2023,584.92,Paid,0.0
AMA-R18184,AMA-O9125,2023-08-30,143.64,Paid,0.0
AMA-R16867,AMA-O5365,07/11/2025,168.68,Paid,0.0
AMA-R15467,AMA-O9008,30-Nov-2024,361.76,Paid,361.76
AMA-R18238,AMA-O14552,2023-07-16,480.45,Paid,0.0
AMA-R16366,AMA-O10186,2025-03-04,2239.05,Paid,2239.05
AMA-R15578,AMA-O7013,02-Oct-2023,128.56,Refunded,0.0
AMA-R14003,AMA-O11905,2023-07-04,,Paid,0.0
AMA-R15259,AMA-O7080,2024-02-09,,Pending,0.0
AMA-R11112,AMA-O8728,03-Mar-2024,160.69,Pending,0.0
AMA-R18171,AMA-O6668,2025-06-03,21.12,Paid,0.0
AMA-R18520,AMA-O12968,11/03/2023,175.64,Paid,0.0
AMA-R12401,AMA-O12687,04/02/2023,272.58,Paid,0.0
AMA-R14675,AMA-O8357,08-Jul-2023,104.34,Paid,104.34
AMA-R12337,AMA-O6417,07/30/2023,431.01,Paid,431.01
AMA-R17042,AMA-O6733,2024-11-18,275.78,Paid,0.0
AMA-R12613,AMA-O5136,07/13/2024,634.89,Paid,0.0
AMA-R9520,AMA-O6137,2023-10-10,51.69,Paid,0.0
AMA-R13795,AMA-O9428,22-Jul-2024,68.63,Paid,0.0
AMA-R13664,AMA-O14407,12-Apr-2024,1863.1,Paid,0.0
AMA-R13457,AMA-O14386,09/18/2023,18.1,Paid,0.0
AMA-R16792,AMA-O11032,09/26/2023,89.28,Paid,89.28
AMA-R17005,AMA-O5926,2025-10-13,58.89,Paid,0.0
AMA-R13829,AMA-O11168,17-Mar-2025,72.45,Paid,0.0
AMA-R11004,AMA-O7440,2023-03-12,832.4,Refunded,0.0
AMA-R17688,AMA-O14685,15-Dec-2024,321.08,Paid,0.0
AMA-R18620,AMA-O11478,06/03/2023,1135.4,Paid,0.0
AMA-R11031,AMA-O14652,05/16/2023,,Paid,0.0
AMA-R11798,AMA-O12471,01/09/2023,,Paid,405.22
AMA-R14530,AMA-O14235,01/13/2025,264.99,Refunded,0.0
AMA-R16156,AMA-O9031,2024-04-21,50.8,Paid,0.0
AMA-R16829,AMA-O8429,02/18/2023,269.32,Refunded,0.0
AMA-R9668,AMA-O10345,2023-06-03,268.84,Refunded,0.0
AMA-R13527,AMA-O14543,2024-07-17,194.19,Paid,39.18
AMA-R17812,AMA-O9294,02/12/2023,95.7,Paid,31.39
AMA-R12404,AMA-O8200,10-Sep-2024,179.88,Paid,0.0
AMA-R12173,AMA-O7868,19-Sep-2025,76.44,Paid,76.44
AMA-R16094,AMA-O5282,2023-03-30,337.4,Paid,0.0
AMA-R17300,AMA-O11429,28-Nov-2023,85.64,Paid,0.0
AMA-R18227,AMA-O6633,2023-08-17,54.84,Paid,0.0
AMA-R18190,AMA-O14569,04-May-2023,179.28,Paid,0.0
AMA-R17514,AMA-O8940,2023-01-16,11.92,Paid,0.0
AMA-R13465,AMA-O6870,07/17/2025,738.15,Refunded,0.0
AMA-R11808,AMA-O7787,22-Oct-2023,674.82,Paid,674.82
AMA-R17577,AMA-O6982,21-Feb-2025,89.46,Pending,0.0
AMA-R17178,AMA-O7752,2023-07-12,109.86,Paid,0.0
AMA-R12722,AMA-O8304,07-Sep-2025,667.68,Paid,0.0
AMA-R16363,AMA-O9658,2024-03-09,531.6,Pending,0.0
AMA-R13601,AMA-O11928,02-Nov-2024,51.06,Paid,18.86
AMA-R15262,AMA-O14029,05/30/2024,,Paid,0.0
AMA-R17916,AMA-O10679,2025-01-30,221.92,Paid,0.0
AMA-R14554,AMA-O6933,2023-09-17,55.5,Paid,0.0
AMA-R12771,AMA-O11620,06/19/2024,60.32,Paid,0.0
AMA-R17541,AMA-O7979,20-Feb-2023,88.02,Paid,0.0
AMA-R16552,AMA-O8079,2025-02-15,390.6,Refunded,0.0
AMA-R16115,AMA-O7309,12/26/2024,764.48,Paid,0.0
AMA-R17144,AMA-O13189,12/06/2025,1183.08,Paid,1183.08
AMA-R14089,AMA-O9251,16-Jul-2025,68.7,Pending,0.0
AMA-R17816,AMA-O9622,2024-03-13,457.44,Paid,0.0
AMA-R10924,AMA-O5886,17-Dec-2023,44.24,Refunded,0.0
AMA-R13744,AMA-O6988,2024-02-09,170.3,Paid,0.0
AMA-R14348,AMA-O6101,08-May-2025,37.91,Paid,0.0
AMA-R11267,AMA-O5451,17-Feb-2023,117.46,Pending,0.0
AMA-R14712,AMA-O11393,13-Jun-2025,,Paid,0.0
AMA-R13671,AMA-O10797,05/10/2023,259.34,Paid,0.0
AMA-R11408,AMA-O7525,2023-10-08,100.53,Refunded,0.0
AMA-R11949,AMA-O12592,02-Oct-2024,76.5,Paid,0.0
AMA-R9047,AMA-O14973,22-Aug-2023,103.6,Paid,0.0
AMA-R16670,AMA-O9246,17-Jun-2023,97.48,Refunded,0.0
AMA-R14756,AMA-O12724,10/26/2023,186.52,Paid,0.0
AMA-R11626,AMA-O10630,15-Oct-2025,2057.8,Paid,2057.8
AMA-R13445,AMA-O8083,2024-04-02,,Refunded,0.0
AMA-R16954,AMA-O5713,29-Dec-2025,38.66,Paid,0.0
AMA-R11628,AMA-O11431,10/24/2025,150.1,Paid,0.0
AMA-R11120,AMA-O6632,25-Apr-2024,342.65,Paid,0.0
AMA-R16905,AMA-O7100,2023-07-29,857.2,Paid,0.0
AMA-R13607,AMA-O14066,19-May-2023,36.89,Pending,0.0
AMA-R13214,AMA-O12802,2024-08-12,341.18,Pending,0.0
AMA-R16698,AMA-O11636,2023-06-14,89.42,Paid,0.0
AMA-R16695,AMA-O8474,09/03/2024,758.22,Paid,0.0
AMA-R14299,AMA-O5837,01/24/2023,144.06,Paid,0.0
AMA-R17528,AMA-O7973,11/12/2024,117.09,Paid,0.0
AMA-R9351,AMA-O14357,11/06/2023,168.44,Paid,0.0
AMA-R16871,AMA-O12530,05/23/2023,170.84,Paid,0.0
AMA-R17741,AMA-O5769,10-Jul-2025,140.08,Paid,0.0
AMA-R11075,AMA-O11691,2023-06-04,,Paid,0.0
AMA-R16272,AMA-O11723,10/04/2025,1154.52,Paid,0.0
AMA-R11353,AMA-O10649,09/21/2024,41.82,Paid,0.0
AMA-R15998,AMA-O13537,2024-03-02,49.32,Paid,0.0
AMA-R12351,AMA-O10831,03-Feb-2025,193.41,Refunded,0.0
AMA-R10531,AMA-O7280,2023-05-07,278.8,Paid,0.0
AMA-R15354,AMA-O13428,16-Dec-2024,28.38,Paid,0.0
AMA-R14102,AMA-O11334,20-Feb-2025,108.95,Paid,108.95
AMA-R10716,AMA-O7062,07/20/2024,50.1,Paid,0.0
AMA-R9932,AMA-O10055,04/01/2023,23.6,Paid,23.6
AMA-R11951,AMA-O7738,06-May-2023,24.02,Paid,0.0
AMA-R14013,AMA-O8362,2023-09-04,,Refunded,0.0
AMA-R13418,AMA-O9735,2023-05-29,82.24,Paid,0.0
AMA-R16736,AMA-O10722,26-Aug-2024,271.55,Pending,0.0
AMA-R10210,AMA-O10394,2025-10-11,72.94,Paid,0.0
AMA-R17813,AMA-O9190,01/18/2025,738.3,Paid,0.0
AMA-R17152,AMA-O11814,11/20/2024,60.68,Paid,0.0
AMA-R12913,AMA-O10566,06/11/2023,112.11,Paid,0.0
AMA-R11772,AMA-O5758,25-Oct-2024,175.44,Refunded,0.0
AMA-R17840,AMA-O14594,16-May-2024,132.75,Refunded,0.0
AMA-R14811,AMA-O7858,2024-11-29,98.65,Paid,0.0
AMA-R12430,AMA-O5240,07/21/2025,839.68,Paid,0.0
AMA-R10559,AMA-O10376,11/10/2023,32.78,Paid,0.0
AMA-R12950,AMA-O13150,2023-06-09,28.04,Paid,0.0
AMA-R9593,AMA-O8708,2024-10-03,292.55,Paid,0.0
AMA-R10964,AMA-O7978,2024-08-25,238.95,Paid,0.0
AMA-R16122,AMA-O11069,02-Oct-2023,205.47,Paid,0.0
AMA-R11094,AMA-O9254,04/03/2025,766.32,Paid,766.32
AMA-R15635,AMA-O7040,02-Oct-2023,356.32,Paid,0.0
AMA-R11651,AMA-O14928,2023-10-11,242.13,Refunded,0.0
AMA-R14878,AMA-O9766,07/18/2025,89.19,Refunded,0.0
AMA-R15818,AMA-O11085,15-Aug-2024,,Refunded,0.0
AMA-R9059,AMA-O6671,09/30/2023,,Paid,0.0
AMA-R16080,AMA-O14815,01/20/2025,223.77,Paid,0.0
AMA-R12175,AMA-O8826,10/08/2023,123.4,Paid,0.0
AMA-R14191,AMA-O6381,11-Mar-2024,290.4,Paid,0.0
AMA-R9601,AMA-O6317,08/10/2024,,Paid,0.0
AMA-R9393,AMA-O11904,02/23/2024,298.47,Paid,0.0
AMA-R14016,AMA-O7570,2025-08-23,72.22,Paid,0.0
AMA-R18423,AMA-O11475,2024-12-19,137.48,Paid,0.0
AMA-R16661,AMA-O5752,01/29/2023,133.92,Paid,0.0
AMA-R10402,AMA-O10935,15-Feb-2024,103.26,Paid,0.0
AMA-R11070,AMA-O14857,2025-12-20,32.98,Paid,0.0
AMA-R17014,AMA-O13338,2023-09-03,,Paid,0.0
AMA-R13143,AMA-O11687,06-Mar-2023,119.38,Pending,0.0
AMA-R14633,AMA-O7405,02/13/2023,433.85,Refunded,0.0
AMA-R18231,AMA-O13094,21-Jun-2025,1458.12,Pending,0.0
AMA-R15060,AMA-O6913,2025-10-02,26.4,Paid,0.0
AMA-R10915,AMA-O5707,10/12/2023,129.4,Refunded,0.0
AMA-R17109,AMA-O12096,11/25/2025,254.79,Pending,0.0
AMA-R17551,AMA-O7198,10/16/2025,561.88,Paid,561.88
AMA-R13966,AMA-O8140,11-Jun-2025,685.65,Paid,685.65
AMA-R16812,AMA-O6959,2025-03-06,532.64,Paid,0.0
AMA-R10560,AMA-O5454,03/02/2023,499.06,Paid,0.0
AMA-R10077,AMA-O8768,05/02/2023,377.36,Paid,0.0
AMA-R15598,AMA-O12528,01-Jan-2023,569.35,Paid,0.0
AMA-R13173,AMA-O9630,26-Oct-2025,2.12,Paid,2.12
AMA-R17342,AMA-O8134,01/23/2024,165.85,Paid,0.0
AMA-R17938,AMA-O13595,06/14/2025,371.6,Paid,371.6
AMA-R12181,AMA-O5318,28-Oct-2024,98.34,Refunded,0.0
AMA-R17158,AMA-O11129,2024-03-30,60.6,Paid,0.0
AMA-R13699,AMA-O6749,2025-09-03,157.62,Paid,0.0
AMA-R12879,AMA-O13939,2024-04-06,229.12,Paid,229.12
AMA-R16142,AMA-O10119,2023-07-29,64.42,Paid,0.0
AMA-R17560,AMA-O12037,05-May-2023,55.08,Refunded,0.0
AMA-R12307,AMA-O13975,04-Jan-2024,78.94,Paid,0.0
AMA-R13402,AMA-O14470,04/15/2024,427.78,Paid,0.0
AMA-R13748,AMA-O13717,10/27/2025,99.58,Paid,0.0
AMA-R16006,AMA-O7899,24-Nov-2024,392.7,Paid,0.0
AMA-R18560,AMA-O14276,28-Jul-2023,35.14,Paid,0.0
AMA-R18333,AMA-O13402,31-Jul-2024,,Paid,0.0
AMA-R18656,AMA-O7972,2024-06-27,126.56,Paid,0.0
AMA-R11056,AMA-O7708,2025-10-15,109.6,Refunded,0.0
AMA-R14906,AMA-O9253,31-Mar-2023,25.65,Paid,0.0
AMA-R12667,AMA-O13407,2023-08-22,232.26,Pending,0.0
AMA-R18397,AMA-O9395,11/18/2023,69.75,Paid,0.0
AMA-R9957,AMA-O13496,10/17/2024,80.56,Paid,0.0
AMA-R10597,AMA-O13359,2023-08-18,559.05,Paid,0.0
AMA-R16936,AMA-O11137,01/10/2025,476.94,Refunded,0.0
AMA-R17335,AMA-O6205,2025-08-11,,Paid,0.0
AMA-R14388,AMA-O8271,02/06/2024,80.5,Pending,0.0
AMA-R9067,AMA-O10311,2024-03-14,3664.8,Paid,0.0
AMA-R14518,AMA-O5256,2024-07-07,182.55,Paid,0.0
AMA-R17052,AMA-O11557,2023-09-09,36.31,Paid,0.0
AMA-R13817,AMA-O14232,2023-04-23,84.98,Paid,84.98
AMA-R16955,AMA-O9717,08/18/2025,188.82,Paid,0.0
AMA-R18004,AMA-O7904,2025-01-02,132.8,Refunded,0.0
AMA-R13539,AMA-O13184,2023-02-01,1024.15,Paid,0.0
AMA-R12363,AMA-O10241,16-Apr-2024,296.5,Paid,0.0
AMA-R9200,AMA-O5515,04-Nov-2025,200.91,Paid,0.0
AMA-R17470,AMA-O6512,08/05/2024,336.81,Paid,0.0
AMA-R9741,AMA-O9280,2024-04-02,140.64,Paid,140.64
AMA-R18467,AMA-O13218,08/24/2023,225.58,Pending,0.0
AMA-R16298,AMA-O12304,08/10/2024,184.0,Pending,0.0
AMA-R15149,AMA-O14810,2025-04-23,262.02,Refunded,0.0
AMA-R13235,AMA-O9229,2024-12-08,165.92,Paid,41.83
AMA-R9323,AMA-O9786,11/05/2023,87.73,Paid,87.73
AMA-R13806,AMA-O11516,02/15/2025,92.64,Paid,92.64
AMA-R15679,AMA-O9327,09-Oct-2023,,Paid,0.0
AMA-R10347,AMA-O7654,13-Sep-2025,76.66,Paid,0.0
AMA-R12665,AMA-O10114,2025-02-03,57.32,Pending,0.0
AMA-R16505,AMA-O7562,05/15/2024,6.46,Refunded,0.0
AMA-R18178,AMA-O8935,20-Nov-2024,52.96,Refunded,0.0
AMA-R17900,AMA-O12047,07/24/2025,9.6,Paid,0.0
AMA-R15928,AMA-O9057,02/16/2025,117.6,Paid,0.0
AMA-R10237,AMA-O14325,30-May-2023,55.24,Paid,0.0
AMA-R9736,AMA-O12321,26-Jul-2025,143.65,Refunded,0.0
AMA-R17185,AMA-O11188,12/02/2023,377.2,Paid,0.0
AMA-R16605,AMA-O12674,10/20/2023,4.45,Paid,0.0
AMA-R12705,AMA-O7642,01/17/2025,236.13,Paid,0.0
AMA-R17253,AMA-O7589,20-Jul-2023,84.27,Paid,84.27
AMA-R14875,AMA-O13813,2024-02-10,145.66,Paid,0.0
AMA-R15147,AMA-O14255,2023-09-10,456.16,Paid,0.0
AMA-R14736,AMA-O5774,07-Mar-2023,10.33,Paid,0.0
AMA-R16359,AMA-O10506,2024-11-29,119.6,Paid,0.0
AMA-R17430,AMA-O11747,01-Dec-2025,302.7,Pending,0.0
AMA-R17349,AMA-O9493,2025-08-25,31.2,Paid,0.0
AMA-R16106,AMA-O14743,20-Nov-2025,164.26,Refunded,0.0
AMA-R11744,AMA-O7887,13-May-2024,778.8,Paid,778.8
AMA-R10955,AMA-O7912,05/11/2023,156.84,Pending,0.0
AMA-R14250,AMA-O7713,13-Jun-2025,36.64,Paid,0.0
AMA-R11019,AMA-O13105,07/12/2024,14.91,Paid,0.0
AMA-R17955,AMA-O14175,09/28/2023,267.9,Paid,0.0
AMA-R14041,AMA-O6387,2023-02-24,74.68,Paid,0.0
AMA-R17159,AMA-O13935,2024-11-05,277.35,Paid,0.0
AMA-R17371,AMA-O8866,2025-01-08,13.2,Paid,0.0
AMA-R9558,AMA-O14760,2025-10-29,105.4,Paid,0.0
AMA-R13011,AMA-O5710,2024-12-18,16.27,Paid,0.0
AMA-R13659,AMA-O6308,2023-01-01,182.9,Paid,0.0
AMA-R14136,AMA-O8968,03-Mar-2024,164.6,Paid,0.0
AMA-R11934,AMA-O13772,23-Nov-2025,76.28,Paid,0.0
AMA-R17598,AMA-O8447,2025-09-03,64.4,Paid,0.0
AMA-R17597,AMA-O6518,12/10/2024,177.32,Paid,0.0
AMA-R16666,AMA-O10008,06-Oct-2025,107.7,Paid,0.0
AMA-R12880,AMA-O10791,09-Nov-2023,73.22,Pending,0.0
AMA-R16369,AMA-O5247,12-May-2025,31.05,Paid,3.97
AMA-R13837,AMA-O9856,04-Jun-2025,70.23,Paid,0.0
AMA-R10582,AMA-O12873,12/13/2024,144.16,Paid,0.0
AMA-R14867,AMA-O7392,2025-12-03,162.0,Paid,0.0
AMA-R9363,AMA-O14026,2024-11-01,287.78,Paid,0.0
AMA-R12043,AMA-O11422,2023-10-25,121.0,Paid,0.0
AMA-R13547,AMA-O5107,12/22/2025,31.29,Paid,0.0
AMA-R12625,AMA-O11135,27-Oct-2023,,Paid,1991.0
AMA-R14308,AMA-O10108,05/26/2023,106.95,Paid,0.0
AMA-R17501,AMA-O5911,09/14/2024,37.83,Paid,0.0
AMA-R9723,AMA-O9961,2025-01-12,37.27,Paid,0.0
AMA-R9197,AMA-O5190,2024-07-30,164.48,Paid,164.48
AMA-R9319,AMA-O7245,04/22/2025,53.2,Paid,0.0
AMA-R13802,AMA-O12331,06/09/2023,279.12,Paid,0.0
AMA-R16149,AMA-O7019,2024-08-20,140.88,Paid,0.0
AMA-R16582,AMA-O10044,15-Nov-2025,62.48,Paid,62.48
AMA-R14919,AMA-O5897,09-Apr-2025,38.29,Paid,0.0
AMA-R14457,AMA-O6301,10/06/2023,471.58,Paid,0.0
AMA-R15039,AMA-O9451,05/24/2025,33.59,Refunded,0.0
AMA-R15755,AMA-O14820,2024-10-06,227.46,Paid,0.0
AMA-R13885,AMA-O5718,05/06/2025,181.16,Paid,33.24
AMA-R12806,AMA-O11843,2024-01-17,150.81,Paid,0.0
AMA-R11228,AMA-O7454,2025-09-17,175.32,Paid,0.0
AMA-R14223,AMA-O9668,11/19/2024,107.56,Paid,0.0
AMA-R14440,AMA-O7087,14-Sep-2024,50.01,Paid,50.01
AMA-R13090,AMA-O12733,2025-05-25,16.13,Paid,0.0
AMA-R18007,AMA-O6461,2023-01-14,1426.16,Paid,175.71
AMA-R11718,AMA-O12413,05-Jul-2024,20.64,Paid,0.0
AMA-R14744,AMA-O9685,2023-12-14,817.1,Paid,0.0
AMA-R14548,AMA-O7706,05/29/2024,21.88,Paid,0.0
AMA-R15806,AMA-O9503,09-Jun-2024,162.31,Paid,16.36
AMA-R11450,AMA-O10572,09/04/2024,1059.15,Paid,1059.15
AMA-R15199,AMA-O9134,13-Jan-2023,76.8,Paid,0.0
AMA-R11576,AMA-O13810,01/02/2023,78.51,Paid,0.0
AMA-R16593,AMA-O10603,2024-10-08,78.74,Pending,0.0
AMA-R12569,AMA-O12352,2024-04-23,11.14,Paid,11.14
AMA-R12110,AMA-O7971,2024-10-05,1898.6,Paid,0.0
AMA-R15527,AMA-O9421,2025-12-28,322.95,Paid,0.0
AMA-R12692,AMA-O6199,2023-03-19,44.9,Refunded,0.0
AMA-R18314,AMA-O11322,06/02/2023,544.11,Paid,0.0
AMA-R17175,AMA-O9826,02-Oct-2023,119.72,Paid,0.0
AMA-R13822,AMA-O9959,15-Feb-2024,226.13,Paid,0.0
AMA-R11269,AMA-O8810,2024-06-11,244.17,Paid,0.0
AMA-R16864,AMA-O6673,03/26/2024,413.0,Paid,0.0
AMA-R13317,AMA-O6810,2025-09-01,2268.12,Paid,0.0
AMA-R13221,AMA-O9122,2024-01-31,779.01,Paid,779.01
AMA-R9029,AMA-O14624,19-Aug-2023,155.64,Paid,0.0
AMA-R17464,AMA-O11272,21-Aug-2023,59.12,Paid,0.0
AMA-R10423,AMA-O6281,2024-12-05,523.17,Paid,523.17
AMA-R18445,AMA-O7018,21-Nov-2025,142.3,Paid,0.0
AMA-R11184,AMA-O12737,2023-05-25,30.63,Refunded,0.0
AMA-R18159,AMA-O6343,11-Jun-2025,6.69,Refunded,1.73
AMA-R15196,AMA-O10083,01/27/2025,107.58,Paid,0.0
AMA-R12529,AMA-O8258,01-May-2023,138.72,Refunded,0.0
AMA-R16199,AMA-O10609,05-Apr-2025,171.56,Paid,0.0
AMA-R12733,AMA-O6005,17-Jan-2023,210.3,Paid,0.0
AMA-R16440,AMA-O11363,2023-02-27,,Paid,0.0
AMA-R18109,AMA-O14199,2025-08-14,581.31,Paid,0.0
AMA-R9162,AMA-O5477,22-May-2025,104.92,Paid,0.0
AMA-R11769,AMA-O14425,22-Mar-2025,131.34,Pending,0.0
AMA-R12179,AMA-O12694,09/20/2025,138.97,Refunded,0.0
AMA-R13385,AMA-O6431,15-May-2025,32.52,Paid,0.0
AMA-R13799,AMA-O8277,2023-10-22,356.2,Refunded,0.0
AMA-R11310,AMA-O5062,2023-09-27,27.96,Paid,0.0
AMA-R9661,AMA-O7862,09-Dec-2024,,Paid,0.0
AMA-R10829,AMA-O7441,12/04/2024,197.76,Paid,0.0
AMA-R12303,AMA-O12569,03/16/2024,1485.65,Refunded,0.0
AMA-R16524,AMA-O6228,27-Mar-2023,51.64,Paid,0.0
AMA-R15658,AMA-O5609,11/26/2024,3578.25,Refunded,0.0
AMA-R17326,AMA-O14285,15-Nov-2023,38.29,Paid,0.0
AMA-R11613,AMA-O6527,02/25/2024,217.59,Paid,0.0
AMA-R14646,AMA-O12069,2024-09-14,64.4,Paid,64.4
AMA-R12286,AMA-O10909,2025-04-06,16.33,Paid,0.0
AMA-R12021,AMA-O7042,09-Jul-2025,32.94,Paid,0.0
AMA-R18460,AMA-O6003,21-Oct-2024,267.7,Paid,267.7
AMA-R13526,AMA-O12552,03/29/2025,3197.68,Paid,0.0
AMA-R17284,AMA-O7060,07-Sep-2023,44.91,Refunded,0.0
AMA-R12062,AMA-O10255,28-Mar-2025,86.79,Paid,86.79
AMA-R9624,AMA-O9569,2024-01-14,21.9,Paid,0.0
AMA-R16772,AMA-O6095,12/20/2024,93.68,Refunded,0.0
AMA-R17176,AMA-O5432,01/19/2025,473.0,Refunded,0.0
AMA-R11954,AMA-O6357,20-Feb-2024,214.59,Paid,0.0
AMA-R17802,AMA-O8082,06-Feb-2025,9.34,Paid,0.0
AMA-R12507,AMA-O13043,2025-11-01,434.2,Refunded,0.0
AMA-R16064,AMA-O8835,2023-07-28,94.92,Paid,0.0
AMA-R14846,AMA-O9341,30-Oct-2024,147.7,Paid,0.0
AMA-R11220,AMA-O12601,12/22/2024,61.76,Paid,61.76
AMA-R16477,AMA-O10780,14-Aug-2025,33.13,Paid,0.0
AMA-R12637,AMA-O9532,2024-02-19,93.34,Pending,0.0
AMA-R10180,AMA-O11127,08-Jun-2023,,Paid,849.39
AMA-R9468,AMA-O10267,11-Nov-2024,,Refunded,0.0
AMA-R14253,AMA-O12627,2023-01-27,286.48,Paid,0.0
AMA-R10786,AMA-O6133,2025-05-15,141.48,Paid,0.0
AMA-R15496,AMA-O5238,04-Aug-2023,38.28,Paid,0.0
AMA-R10339,AMA-O13307,05/03/2023,369.52,Paid,0.0
AMA-R13427,AMA-O13709,2024-06-27,416.28,Paid,124.85
AMA-R9255,AMA-O8631,22-Feb-2024,36.84,Refunded,0.0
AMA-R13663,AMA-O9355,22-Sep-2024,143.44,Paid,143.44
AMA-R11819,AMA-O5450,2025-03-24,27.62,Refunded,0.0
AMA-R13124,AMA-O10927,08/19/2024,764.6,Paid,764.6
AMA-R10723,AMA-O10252,01/20/2023,861.38,Paid,0.0
AMA-R18491,AMA-O12496,2025-11-11,973.64,Paid,0.0
AMA-R18150,AMA-O6209,08/09/2023,260.92,Paid,0.0
AMA-R15538,AMA-O7676,30-Jun-2024,3861.0,Paid,0.0
AMA-R11979,AMA-O5729,30-Aug-2025,345.66,Paid,0.0
AMA-R12747,AMA-O12224,09-Jan-2025,3061.08,Paid,0.0
AMA-R18417,AMA-O6711,2024-11-20,71.31,Refunded,0.0
AMA-R13076,AMA-O9036,16-Jul-2024,126.64,Pending,0.0
AMA-R9384,AMA-O6684,05/15/2025,939.05,Paid,0.0
AMA-R17153,AMA-O11233,18-Nov-2023,739.36,Paid,0.0
AMA-R9125,AMA-O14076,2025-06-25,116.79,Paid,116.79
AMA-R18503,AMA-O13870,2023-03-23,892.92,Paid,0.0
AMA-R15246,AMA-O11480,10/29/2024,2330.34,Paid,2330.34
AMA-R12610,AMA-O9127,18-Apr-2023,1365.04,Refunded,0.0
AMA-R16205,AMA-O14856,04-Jul-2023,1370.2,Paid,0.0
AMA-R9924,AMA-O9596,29-Jun-2024,38.16,Pending,0.0
AMA-R18173,AMA-O10273,2024-06-20,3383.6,Paid,0.0
AMA-R14696,AMA-O12628,2025-06-20,181.6,Paid,0.0
AMA-R10826,AMA-O13331,20-Nov-2025,102.72,Refunded,0.0
AMA-R14876,AMA-O14022,01/29/2024,104.49,Refunded,0.0
AMA-R15732,AMA-O7618,08/11/2025,133.38,Paid,0.0
AMA-R17781,AMA-O10192,2024-11-24,22.49,Paid,0.0
AMA-R12821,AMA-O9642,06-Aug-2024,,Paid,0.0
AMA-R12593,AMA-O10459,2025-01-25,1409.78,Paid,0.0
AMA-R18077,AMA-O10229,02/05/2025,100.38,Paid,0.0
AMA-R13305,AMA-O8050,15-Oct-2025,306.15,Refunded,0.0
AMA-R13839,AMA-O7296,12-Apr-2025,124.65,Paid,0.0
AMA-R17427,AMA-O6444,05/07/2023,28.88,Paid,28.88
AMA-R18357,AMA-O9147,10/17/2023,77.9,Paid,0.0
AMA-R12896,AMA-O12280,09/29/2023,290.26,Paid,0.0
AMA-R12143,AMA-O7372,2024-04-23,141.8,Paid,0.0
AMA-R12368,AMA-O9655,2025-03-27,321.6,Refunded,0.0
AMA-R13892,AMA-O9261,2024-04-05,84.14,Paid,0.0
AMA-R16012,AMA-O12566,20-Mar-2024,92.52,Paid,92.52
AMA-R13313,AMA-O11885,2023-04-17,2694.6,Paid,0.0
AMA-R18456,AMA-O14209,25-Dec-2025,710.3,Paid,0.0
AMA-R11021,AMA-O6807,2024-09-20,1184.92,Paid,0.0
AMA-R11831,AMA-O7335,05/04/2023,82.19,Paid,0.0
AMA-R16457,AMA-O5285,10/24/2025,250.53,Paid,0.0
AMA-R10807,AMA-O6883,22-Jul-2023,133.25,Pending,0.0
AMA-R11561,AMA-O12705,09-Apr-2024,45.02,Paid,0.0
AMA-R14647,AMA-O11738,14-Sep-2023,6.91,Paid,6.91
AMA-R10197,AMA-O8626,10/04/2024,231.04,Paid,0.0
AMA-R9165,AMA-O5251,02/02/2024,399.78,Paid,0.0
AMA-R17104,AMA-O7907,2025-11-18,218.16,Paid,0.0
AMA-R14164,AMA-O14952,2023-05-29,80.4,Paid,80.4
AMA-R15009,AMA-O14043,2024-11-07,,Paid,0.0
AMA-R10408,AMA-O12122,2023-10-20,526.5,Paid,526.5
AMA-R14072,AMA-O7468,10/29/2023,479.75,Paid,479.75
AMA-R11985,AMA-O14834,2023-03-07,1125.04,Paid,0.0
AMA-R16975,AMA-O13291,04/28/2024,46.96,Paid,46.96
AMA-R18466,AMA-O12949,2024-08-23,365.52,Paid,0.0
AMA-R9922,AMA-O7638,01-Jan-2023,845.85,Paid,0.0
AMA-R13033,AMA-O12158,08/24/2024,147.6,Paid,0.0
AMA-R15151,AMA-O11788,21-Mar-2025,311.99,Paid,0.0
AMA-R9716,AMA-O9363,11/26/2023,122.6,Paid,0.0
AMA-R11580,AMA-O5999,20-Oct-2025,142.32,Paid,0.0
AMA-R10378,AMA-O10718,2024-05-05,1334.6,Pending,0.0
AMA-R12027,AMA-O11784,05/11/2023,1325.05,Paid,0.0
AMA-R9314,AMA-O14337,08-Jun-2025,133.75,Paid,0.0
AMA-R15771,AMA-O11939,2023-09-11,,Paid,0.0
AMA-R11884,AMA-O5975,03/10/2023,18.16,Paid,18.16
AMA-R17089,AMA-O5291,12/28/2023,37.57,Paid,37.57
AMA-R10890,AMA-O8532,06/08/2025,290.75,Paid,290.75
AMA-R12724,AMA-O9567,12/17/2024,303.12,Paid,0.0
AMA-R15293,AMA-O7926,11-Apr-2024,108.84,Refunded,0.0
AMA-R12086,AMA-O10412,2023-05-21,1568.37,Paid,0.0
AMA-R14044,AMA-O6482,04/20/2023,189.63,Pending,0.0
AMA-R13421,AMA-O11082,05/07/2025,150.16,Pending,0.0
AMA-R18068,AMA-O9285,23-Jul-2024,27.15,Paid,0.0
AMA-R13021,AMA-O8722,2025-04-21,94.12,Paid,0.0
AMA-R18279,AMA-O13300,10/02/2024,58.8,Paid,19.26
AMA-R12443,AMA-O14257,08-Jan-2024,704.02,Paid,704.02
AMA-R15727,AMA-O9562,2024-08-04,135.66,Paid,0.0
AMA-R17924,AMA-O6063,02/28/2024,373.34,Paid,0.0
AMA-R16236,AMA-O6465,18-Mar-2023,235.64,Paid,0.0
AMA-R17127,AMA-O7655,02-Nov-2023,42.46,Paid,0.0
AMA-R16504,AMA-O11969,01/18/2025,271.59,Paid,0.0
AMA-R12519,AMA-O8517,02/29/2024,136.2,Paid,0.0
AMA-R15237,AMA-O10510,2025-03-05,689.16,Paid,689.16
AMA-R13948,AMA-O8639,2025-09-04,35.22,Paid,0.0
AMA-R16265,AMA-O14291,03/07/2023,129.2,Paid,0.0
AMA-R9590,AMA-O9964,2024-10-19,1023.65,Paid,1023.65
AMA-R11594,AMA-O10561,2024-01-06,181.5,Paid,0.0
AMA-R11391,AMA-O12231,2024-08-22,92.91,Paid,0.0
AMA-R14757,AMA-O6506,03/27/2025,17.22,Paid,17.22
AMA-R13026,AMA-O10754,01/27/2024,1256.86,Paid,0.0
AMA-R12044,AMA-O8522,01/12/2025,158.66,Refunded,0.0
AMA-R9756,AMA-O10673,06/22/2025,218.8,Paid,0.0
AMA-R12023,AMA-O6150,12/21/2023,87.99,Paid,0.0
AMA-R10241,AMA-O8598,06/16/2025,521.77,Paid,0.0
AMA-R15886,AMA-O13001,02/15/2024,582.35,Paid,0.0
AMA-R16414,AMA-O14897,2025-08-15,120.3,Paid,0.0
AMA-R18414,AMA-O7698,2025-05-16,1826.16,Pending,0.0
AMA-R11381,AMA-O14106,2023-12-06,103.9,Paid,0.0
AMA-R15582,AMA-O11407,10/20/2024,114.39,Pending,0.0
AMA-R15376,AMA-O12872,03-May-2023,537.8,Refunded,0.0
AMA-R11285,AMA-O13165,26-Mar-2024,44.91,Paid,0.0
AMA-R14529,AMA-O11204,12/11/2025,477.88,Paid,0.0
AMA-R10189,AMA-O10310,01/12/2025,296.08,Pending,0.0
AMA-R10239,AMA-O11318,2023-07-17,128.42,Paid,0.0
AMA-R16850,AMA-O12309,13-Nov-2024,685.35,Paid,0.0
AMA-R14923,AMA-O13208,04/01/2024,1025.48,Paid,0.0
AMA-R12510,AMA-O13749,2024-12-02,44.36,Paid,0.0
AMA-R9750,AMA-O11000,06/22/2025,32.16,Refunded,0.0
AMA-R12189,AMA-O6778,11/03/2024,537.8,Paid,0.0
AMA-R16468,AMA-O14344,01-Dec-2025,185.22,Paid,0.0
AMA-R14039,AMA-O10803,12/16/2025,281.49,Paid,0.0
AMA-R11908,AMA-O10580,02/24/2023,216.64,Paid,216.64
AMA-R18316,AMA-O13195,2024-07-26,58.0,Paid,0.0
AMA-R16515,AMA-O12874,23-Feb-2025,,Paid,0.0
AMA-R9771,AMA-O11015,24-Nov-2024,887.1,Paid,0.0
AMA-R17616,AMA-O6499,07/04/2025,20.85,Refunded,0.0
AMA-R14229,AMA-O13356,11-Sep-2024,169.05,Paid,169.05
AMA-R9054,AMA-O10228,2025-05-11,218.52,Paid,0.0
AMA-R16612,AMA-O11141,08/28/2023,385.44,Paid,0.0
AMA-R15194,AMA-O11790,04-Sep-2024,25.41,Paid,0.0
AMA-R14947,AMA-O13773,04/07/2024,362.48,Paid,0.0
AMA-R17376,AMA-O9723,02-Jun-2023,124.8,Refunded,0.0
AMA-R11791,AMA-O6947,2024-05-07,268.38,Paid,0.0
AMA-R18392,AMA-O13336,2024-03-11,34.83,Paid,0.0
AMA-R16091,AMA-O5354,18-Sep-2024,132.39,Paid,29.31
AMA-R15572,AMA-O13648,24-Aug-2024,,Paid,173.94
AMA-R11041,AMA-O13832,2024-01-13,95.31,Paid,0.0
AMA-R9285,AMA-O9030,2025-07-04,82.68,Pending,20.82
AMA-R11777,AMA-O7948,2023-10-13,77.0,Pending,0.0
AMA-R11655,AMA-O5134,2023-07-24,80.81,Refunded,0.0
AMA-R9540,AMA-O8764,2023-02-15,,Refunded,0.0
AMA-R10695,AMA-O7649,2025-09-13,153.6,Pending,0.0
AMA-R12265,AMA-O12380,2025-02-20,417.78,Paid,0.0
AMA-R17609,AMA-O13539,22-Sep-2023,,Paid,0.0
AMA-R11782,AMA-O10378,2023-04-27,156.36,Paid,0.0
AMA-R17044,AMA-O5006,29-Apr-2024,208.65,Refunded,0.0
AMA-R17746,AMA-O7508,12-Nov-2024,,Paid,231.85
AMA-R15779,AMA-O9831,12/13/2024,128.72,Paid,0.0
AMA-R17516,AMA-O10490,28-Aug-2024,435.45,Paid,435.45
AMA-R17932,AMA-O8138,03/09/2023,48.9,Paid,0.0
AMA-R13009,AMA-O5532,29-Apr-2023,50.88,Paid,50.88
AMA-R14432,AMA-O9264,2024-12-23,,Paid,0.0
AMA-R14895,AMA-O6259,2023-10-19,1517.19,Paid,1517.19
AMA-R12203,AMA-O10945,10-Dec-2025,2265.0,Paid,0.0
AMA-R15299,AMA-O5668,2025-11-04,266.34,Paid,0.0
AMA-R12936,AMA-O13966,07/26/2025,540.0,Paid,0.0
AMA-R17674,AMA-O13574,25-Jan-2023,22.36,Paid,0.0
AMA-R15023,AMA-O10764,30-Jul-2024,179.35,Paid,0.0
AMA-R10273,AMA-O5026,07/07/2025,224.98,Refunded,0.0
AMA-R12577,AMA-O5061,12-Nov-2024,106.05,Paid,106.05
AMA-R11204,AMA-O11638,05/07/2025,1512.65,Paid,1512.65
AMA-R13123,AMA-O14862,2023-07-30,54.43,Paid,0.0
AMA-R16368,AMA-O10036,12/26/2024,296.07,Paid,296.07
AMA-R12290,AMA-O10667,2024-04-07,1236.0,Paid,1236.0
AMA-R13199,AMA-O6931,04/13/2023,86.78,Paid,0.0
AMA-R9055,AMA-O11341,29-Oct-2023,39.26,Paid,0.0
AMA-R17652,AMA-O12809,2025-12-18,,Refunded,0.0
AMA-R17759,AMA-O5937,07-Jun-2025,148.55,Paid,0.0
AMA-R14753,AMA-O11501,19-Sep-2025,282.75,Refunded,0.0
AMA-R16000,AMA-O5484,2023-05-07,1332.16,Paid,1332.16
AMA-R13559,AMA-O13851,07-May-2023,272.15,Paid,0.0
AMA-R11965,AMA-O10631,31-Mar-2024,688.02,Paid,0.0
AMA-R16884,AMA-O13823,08/12/2025,39.45,Paid,0.0
AMA-R9530,AMA-O7032,2025-03-12,47.56,Paid,0.0
AMA-R10333,AMA-O11608,09-Sep-2025,136.7,Paid,0.0
AMA-R10619,AMA-O12745,2024-07-02,1099.7,Paid,1099.7
AMA-R17911,AMA-O14433,10/25/2024,423.32,Paid,0.0
AMA-R12278,AMA-O9230,11/19/2023,95.07,Paid,0.0
AMA-R16371,AMA-O13110,08/22/2023,201.72,Refunded,0.0
AMA-R15161,AMA-O7061,2024-08-19,29.76,Paid,0.0
AMA-R11724,AMA-O6383,20-Jan-2025,253.05,Paid,0.0
AMA-R13150,AMA-O14848,11/23/2023,37.56,Paid,37.56
AMA-R14940,AMA-O13080,26-Apr-2024,552.84,Paid,0.0
AMA-R17509,AMA-O9077,2025-03-05,49.55,Paid,0.0
AMA-R15006,AMA-O7129,2024-05-01,134.44,Paid,134.44
AMA-R9525,AMA-O7883,2023-09-13,479.37,Paid,0.0
AMA-R16688,AMA-O10222,10/16/2023,310.5,Paid,0.0
AMA-R10005,AMA-O7450,01/14/2024,1443.36,Paid,1443.36
AMA-R9893,AMA-O7231,05/05/2025,68.8,Paid,68.8
AMA-R15326,AMA-O7388,2025-08-27,182.8,Paid,0.0
AMA-R11820,AMA-O13372,07/16/2024,419.6,Paid,0.0
AMA-R10136,AMA-O9231,07/26/2025,42.6,Paid,0.0
AMA-R15941,AMA-O13844,16-Nov-2024,576.96,Paid,229.91
AMA-R10312,AMA-O10469,16-Aug-2024,,Paid,0.0
AMA-R11649,AMA-O14459,17-Feb-2024,59.24,Refunded,0.0
AMA-R16168,AMA-O6776,22-Nov-2025,591.21,Paid,0.0
AMA-R15556,AMA-O7863,09-Sep-2024,74.72,Paid,0.0
AMA-R9126,AMA-O9180,11/25/2025,67.06,Paid,67.06
AMA-R18471,AMA-O8192,02/03/2025,,Paid,0.0
AMA-R16575,AMA-O11059,27-Oct-2023,109.52,Paid,0.0
AMA-R13255,AMA-O6715,07/26/2025,348.28,Paid,0.0
AMA-R11169,AMA-O8181,06/28/2024,36.12,Paid,0.0
AMA-R17807,AMA-O14301,2023-10-28,138.25,Pending,0.0
AMA-R11781,AMA-O9694,12/18/2025,126.36,Paid,0.0
AMA-R13602,AMA-O6472,03/29/2023,,Paid,1579.9
AMA-R11894,AMA-O5414,01/07/2023,213.1,Paid,0.0
AMA-R17330,AMA-O12700,02-May-2024,2392.17,Paid,2392.17
AMA-R14659,AMA-O7006,2024-11-23,319.29,Paid,319.29
AMA-R12743,AMA-O12204,23-Oct-2025,332.72,Paid,0.0
AMA-R11295,AMA-O7095,2025-06-15,104.61,Paid,0.0
AMA-R11984,AMA-O13452,08-Sep-2024,102.8,Refunded,22.84
AMA-R12888,AMA-O13493,2025-05-18,256.32,Paid,0.0
AMA-R13518,AMA-O7907,2025-11-18,,Paid,0.0
AMA-R17249,AMA-O7956,28-Oct-2025,274.65,Paid,274.65
AMA-R15422,AMA-O11337,28-Dec-2024,197.04,Paid,0.0
AMA-R17510,AMA-O14377,25-May-2025,28.51,Paid,28.51
AMA-R14114,AMA-O7079,10/27/2025,8.75,Paid,0.0
AMA-R12435,AMA-O5640,12/02/2024,19.34,Paid,0.0
AMA-R9209,AMA-O5467,07-Sep-2024,282.5,Refunded,0.0
AMA-R12940,AMA-O8880,01/08/2024,30.56,Paid,0.0
AMA-R12085,AMA-O9366,08-Jun-2024,385.2,Paid,0.0
AMA-R13000,AMA-O13054,2023-09-23,225.35,Paid,225.35
AMA-R14140,AMA-O6661,2023-03-23,51.78,Paid,0.0
AMA-R11682,AMA-O8868,2024-06-30,47.9,Paid,0.0
AMA-R11497,AMA-O6181,16-Apr-2025,285.75,Paid,285.75
AMA-R13768,AMA-O11953,03/31/2024,237.48,Paid,0.0
AMA-R10587,AMA-O7628,2025-12-22,496.65,Paid,0.0
AMA-R17133,AMA-O10040,09/01/2025,169.68,Paid,0.0
AMA-R13577,AMA-O7739,2025-07-22,268.35,Paid,0.0
AMA-R18025,AMA-O6393,29-Apr-2024,16.14,Paid,0.0
AMA-R15466,AMA-O8770,2024-01-27,26.72,Paid,0.0
AMA-R9916,AMA-O10087,08/05/2025,147.9,Paid,0.0
AMA-R11789,AMA-O13406,2024-07-03,17.41,Paid,0.0
AMA-R14278,AMA-O7530,12-Jan-2023,35.49,Refunded,0.0
AMA-R17432,AMA-O10351,2024-10-03,64.71,Paid,0.0
AMA-R15197,AMA-O14417,2025-06-29,1893.75,Paid,0.0
AMA-R10857,AMA-O12092,2025-04-06,28.18,Paid,0.0
AMA-R14762,AMA-O7666,2024-05-01,130.2,Paid,0.0
AMA-R10054,AMA-O6278,15-Sep-2024,784.04,Refunded,0.0
AMA-R9439,AMA-O9444,2023-12-20,388.3,Refunded,0.0
AMA-R10592,AMA-O8935,20-Nov-2024,52.96,Refunded,0.0
AMA-R15138,AMA-O7294,15-Sep-2025,168.95,Paid,0.0
AMA-R9505,AMA-O8678,2023-06-07,42.0,Paid,0.0
AMA-R14208,AMA-O14107,01-Mar-2024,315.35,Paid,0.0
AMA-R10071,AMA-O7639,2023-03-30,2735.75,Paid,0.0
AMA-R10914,AMA-O9338,2025-10-12,66.26,Paid,0.0
AMA-R9414,AMA-O14666,2025-03-04,584.85,Paid,0.0
AMA-R14871,AMA-O10746,08/28/2024,70.8,Paid,0.0
AMA-R16798,AMA-O5496,15-Sep-2025,393.64,Paid,393.64
AMA-R12545,AMA-O11923,15-Aug-2025,27.56,Paid,0.0
AMA-R10181,AMA-O12818,06/08/2024,171.24,Paid,0.0
AMA-R18093,AMA-O13031,11-Oct-2023,106.74,Refunded,0.0
AMA-R11999,AMA-O14600,06/05/2024,3867.05,Paid,0.0
AMA-R13667,AMA-O10953,19-Feb-2023,222.1,Refunded,0.0
AMA-R15949,AMA-O8498,2024-05-13,28.85,Refunded,0.0
AMA-R9704,AMA-O11190,2023-04-28,250.92,Paid,0.0
AMA-R13164,AMA-O5290,2023-02-24,2633.36,Paid,0.0
AMA-R11371,AMA-O7881,09/13/2023,30.18,Paid,30.18
AMA-R11387,AMA-O12785,24-Mar-2023,747.25,Refunded,0.0
AMA-R13971,AMA-O9980,2023-06-27,161.5,Paid,0.0
AMA-R15390,AMA-O13809,01/07/2023,46.94,Paid,0.0
AMA-R9703,AMA-O7159,13-Jan-2023,1374.26,Paid,0.0
AMA-R9581,AMA-O10173,2025-02-04,1543.0,Pending,0.0
AMA-R13322,AMA-O7623,04/25/2025,59.2,Refunded,0.0
AMA-R16602,AMA-O9435,09-Jun-2024,312.09,Paid,312.09
AMA-R9171,AMA-O7537,13-Jun-2025,49.8,Paid,0.0
AMA-R16018,AMA-O5660,24-Apr-2024,395.44,Refunded,0.0
AMA-R14173,AMA-O10858,01/08/2025,98.16,Refunded,0.0
AMA-R17200,AMA-O6289,2025-05-29,633.12,Paid,0.0
AMA-R9253,AMA-O7960,2024-10-04,165.1,Refunded,0.0
AMA-R10269,AMA-O13989,02-May-2024,537.85,Paid,0.0
AMA-R11739,AMA-O5307,2023-05-28,161.72,Paid,0.0
AMA-R11662,AMA-O14135,12-Aug-2025,124.85,Refunded,0.0
AMA-R13548,AMA-O12441,20-May-2023,824.88,Paid,0.0
AMA-R16696,AMA-O13441,11-Sep-2024,191.72,Paid,0.0
AMA-R13696,AMA-O10546,2023-06-21,28.56,Paid,28.56
AMA-R9820,AMA-O12397,01-Aug-2023,197.98,Paid,197.98
AMA-R9461,AMA-O14260,2024-10-06,20.99,Refunded,0.0
AMA-R12603,AMA-O12878,2025-11-09,142.9,Paid,0.0
AMA-R15130,AMA-O14207,2024-11-26,270.3,Paid,270.3
AMA-R13019,AMA-O11679,08/07/2025,138.32,Paid,0.0
AMA-R12091,AMA-O6945,2023-02-01,42.79,Paid,0.0
AMA-R12598,AMA-O12930,27-Sep-2023,80.75,Refunded,0.0
AMA-R14963,AMA-O11200,08/03/2025,167.88,Paid,0.0
AMA-R15274,AMA-O9143,06/25/2024,174.93,Paid,0.0
AMA-R15477,AMA-O10195,07/13/2023,249.15,Paid,0.0
AMA-R17280,AMA-O12833,2024-02-20,58.17,Paid,0.0
AMA-R10049,AMA-O5805,05/06/2025,352.92,Paid,0.0
AMA-R18315,AMA-O6204,16-Dec-2024,172.45,Paid,172.45
AMA-R17749,AMA-O7938,05/13/2024,78.39,Paid,0.0
AMA-R17438,AMA-O12923,2023-11-07,,Paid,0.0
AMA-R14445,AMA-O14948,07/24/2023,,Paid,0.0
AMA-R14495,AMA-O5311,06-Feb-2025,433.36,Paid,0.0
AMA-R17602,AMA-O13954,25-Jun-2025,26.55,Paid,0.0
AMA-R17506,AMA-O10161,2023-05-07,37.94,Pending,0.0
AMA-R14635,AMA-O13349,26-May-2025,1727.24,Paid,0.0
AMA-R12138,AMA-O5941,03/12/2025,310.24,Paid,0.0
AMA-R17022,AMA-O11891,22-Sep-2024,223.74,Refunded,0.0
AMA-R18202,AMA-O12267,05-Mar-2025,1156.02,Refunded,0.0
AMA-R9411,AMA-O10973,2025-12-17,36.08,Refunded,0.0
AMA-R9448,AMA-O10282,01/17/2025,289.4,Paid,289.4
AMA-R14118,AMA-O7840,02/12/2025,30.73,Paid,0.0
AMA-R15762,AMA-O8994,10/03/2024,169.96,Paid,0.0
AMA-R15518,AMA-O10175,11/17/2023,731.8,Paid,0.0
AMA-R13055,AMA-O9151,10-Apr-2024,320.16,Refunded,0.0
AMA-R17450,AMA-O9160,18-May-2025,50.08,Paid,0.0
AMA-R17094,AMA-O11232,2023-04-24,85.26,Pending,0.0
AMA-R18189,AMA-O6505,05/30/2025,179.26,Paid,0.0
AMA-R12916,AMA-O11182,08/15/2024,2584.25,Pending,0.0
AMA-R10188,AMA-O13732,2024-03-30,1798.55,Paid,1798.55
AMA-R10029,AMA-O8022,2024-01-01,180.92,Paid,0.0
AMA-R14271,AMA-O13085,09/18/2024,431.9,Paid,0.0
AMA-R14636,AMA-O10188,02-Jun-2025,212.45,Refunded,0.0
AMA-R17463,AMA-O6627,17-Apr-2023,32.34,Paid,0.0
AMA-R15657,AMA-O14095,07/20/2023,84.84,Paid,0.0
AMA-R13940,AMA-O8008,02/12/2024,2284.55,Paid,0.0
AMA-R11305,AMA-O14236,2024-05-25,192.52,Paid,0.0
AMA-R11475,AMA-O5644,09-Mar-2025,164.7,Refunded,0.0
AMA-R17979,AMA-O8618,02-Oct-2024,2558.88,Paid,2558.88
AMA-R12653,AMA-O6726,2024-11-05,20.28,Paid,0.0
AMA-R17029,AMA-O13309,05/14/2023,33.96,Paid,0.0
AMA-R18644,AMA-O14950,05/07/2023,,Refunded,0.0
AMA-R14978,AMA-O9653,2025-08-14,138.24,Paid,0.0
AMA-R12912,AMA-O6774,2025-07-01,685.22,Paid,685.22
AMA-R12152,AMA-O8011,02/22/2023,229.1,Paid,0.0
AMA-R11103,AMA-O8238,2025-11-06,,Paid,0.0
AMA-R10020,AMA-O8220,05/05/2023,1077.84,Refunded,0.0
AMA-R11802,AMA-O9238,26-Jun-2025,161.45,Paid,0.0
AMA-R18034,AMA-O8560,01/23/2025,46.86,Paid,0.0
AMA-R15097,AMA-O14825,09/07/2024,127.25,Paid,0.0
AMA-R15173,AMA-O13026,2023-11-11,272.44,Refunded,0.0
AMA-R14856,AMA-O9012,2023-07-28,153.9,Paid,0.0
AMA-R17599,AMA-O11518,11/18/2023,1709.13,Refunded,0.0
AMA-R17073,AMA-O10737,12/14/2024,2825.96,Pending,946.19
AMA-R9978,AMA-O7318,12/14/2025,2313.56,Refunded,398.13
AMA-R17111,AMA-O9915,15-Dec-2025,98.36,Paid,0.0
AMA-R17333,AMA-O11507,06/14/2025,157.79,Pending,0.0
AMA-R10898,AMA-O12277,11/13/2024,11.95,Paid,0.0
AMA-R10700,AMA-O6957,12/09/2025,21.2,Paid,0.0
AMA-R9388,AMA-O11321,10-May-2023,172.0,Paid,0.0
AMA-R13629,AMA-O10463,13-Sep-2024,61.2,Refunded,9.79
AMA-R15555,AMA-O12499,02/11/2025,27.42,Paid,0.0
AMA-R15914,AMA-O14201,14-Apr-2023,46.55,Paid,0.0
AMA-R18605,AMA-O7825,24-May-2025,83.32,Paid,83.32
AMA-R12262,AMA-O7424,12/04/2024,23.88,Paid,0.0
AMA-R16121,AMA-O10295,2024-12-27,537.69,Paid,0.0
AMA-R15709,AMA-O8815,07/25/2025,124.14,Paid,124.14
AMA-R16550,AMA-O6514,06/14/2024,284.58,Paid,0.0
AMA-R10252,AMA-O9015,10/16/2023,145.0,Refunded,0.0
AMA-R14830,AMA-O5558,06-Jul-2023,15.72,Paid,0.0
AMA-R10455,AMA-O11183,02/06/2023,25.61,Refunded,0.0
AMA-R17128,AMA-O12238,10-May-2025,77.76,Paid,0.0
AMA-R12976,AMA-O12334,21-Jun-2023,459.6,Paid,0.0
AMA-R13474,AMA-O12074,2024-08-27,27.76,Paid,27.76
AMA-R15472,AMA-O13090,01/09/2024,78.67,Paid,0.0
AMA-R18566,AMA-O9050,03/22/2024,199.7,Paid,0.0
AMA-R14113,AMA-O9464,10-Apr-2023,11.54,Paid,0.0
AMA-R14188,AMA-O6397,2024-01-24,118.07,Pending,0.0
AMA-R16169,AMA-O7431,2023-06-12,151.48,Refunded,0.0
AMA-R10667,AMA-O9787,2023-02-23,61.47,Refunded,0.0
AMA-R11289,AMA-O12808,04-Oct-2025,115.18,Refunded,0.0
AMA-R11899,AMA-O12459,27-Nov-2023,42.3,Paid,0.0
AMA-R12811,AMA-O9594,11/28/2023,50.8,Paid,0.0
AMA-R9715,AMA-O7001,05/18/2024,118.18,Paid,0.0
AMA-R16855,AMA-O9600,2024-08-09,201.6,Paid,0.0
AMA-R9738,AMA-O14822,11-Jun-2025,68.65,Pending,0.0
AMA-R12100,AMA-O14734,02-Mar-2024,,Paid,0.0
AMA-R12320,AMA-O9818,2025-09-21,110.25,Paid,0.0
AMA-R18151,AMA-O12696,28-May-2023,167.64,Paid,0.0
AMA-R18147,AMA-O8750,2025-05-04,72.39,Paid,72.39
AMA-R10040,AMA-O10661,10/25/2023,380.88,Pending,0.0
AMA-R16461,AMA-O10434,2024-03-04,,Paid,0.0
AMA-R12163,AMA-O5121,2023-09-01,245.0,Paid,0.0
AMA-R11915,AMA-O7330,07/01/2025,573.21,Paid,0.0
AMA-R9046,AMA-O7119,2023-03-12,28.36,Paid,0.0
AMA-R9356,AMA-O12133,20-Mar-2025,122.96,Paid,0.0
AMA-R9971,AMA-O9784,11/20/2023,66.27,Paid,0.0
AMA-R13962,AMA-O11278,13-Feb-2023,85.58,Paid,0.0
AMA-R10381,AMA-O14954,2023-03-01,46.0,Paid,46.0
AMA-R17982,AMA-O9918,06-Oct-2023,57.36,Paid,0.0
AMA-R17215,AMA-O13553,11/12/2024,121.78,Paid,0.0
AMA-R10409,AMA-O5125,2024-04-28,565.02,Paid,565.02
AMA-R14036,AMA-O13240,06-Feb-2025,493.32,Refunded,0.0
AMA-R10314,AMA-O7088,03-Aug-2023,168.7,Paid,0.0
AMA-R13231,AMA-O12208,2025-05-02,619.5,Paid,619.5
AMA-R18416,AMA-O11222,02-Dec-2024,139.28,Pending,0.0
AMA-R9152,AMA-O6126,09/17/2025,23.13,Paid,0.0
AMA-R11087,AMA-O13950,2025-05-28,98.08,Paid,0.0
AMA-R9541,AMA-O10511,06/11/2023,62.04,Paid,0.0
AMA-R10934,AMA-O10961,02/27/2025,273.99,Paid,0.0
AMA-R14877,AMA-O10357,03-Oct-2025,152.62,Paid,0.0
AMA-R9199,AMA-O14370,2025-03-07,464.37,Pending,0.0
AMA-R13052,AMA-O13126,07/01/2025,16.28,Paid,16.28
AMA-R12781,AMA-O11908,09/07/2023,72.25,Pending,9.73
AMA-R13020,AMA-O14155,2025-11-02,301.16,Paid,0.0
AMA-R15140,AMA-O12906,2023-07-17,388.78,Paid,0.0
AMA-R9768,AMA-O10426,05/31/2023,72.08,Refunded,0.0
AMA-R13952,AMA-O8597,09-Jul-2025,1039.14,Paid,0.0
AMA-R9158,AMA-O13326,09/07/2024,1649.37,Paid,1649.37
AMA-R14465,AMA-O7248,07/15/2023,463.68,Paid,0.0
AMA-R17429,AMA-O10415,08/09/2023,214.88,Paid,0.0
AMA-R17343,AMA-O12432,2024-03-15,597.88,Refunded,0.0
AMA-R12242,AMA-O7874,2025-08-04,451.4,Paid,451.4
AMA-R15331,AMA-O10934,2025-10-03,230.76,Paid,0.0
AMA-R18606,AMA-O11410,2025-01-03,33.68,Paid,0.0
AMA-R10705,AMA-O11903,04-Oct-2025,,Refunded,0.0
AMA-R13741,AMA-O7647,30-Nov-2023,96.05,Refunded,0.0
AMA-R17735,AMA-O13737,03-Sep-2023,11.62,Paid,11.62
AMA-R9284,AMA-O9720,22-Jun-2025,368.31,Paid,0.0
AMA-R11372,AMA-O14368,04/13/2023,74.14,Paid,0.0
AMA-R15920,AMA-O8096,17-Sep-2025,251.04,Paid,251.04
AMA-R10352,AMA-O9551,2024-02-05,94.04,Paid,0.0
AMA-R9403,AMA-O14227,09/11/2025,1138.24,Paid,0.0
AMA-R17031,AMA-O6049,2023-05-18,107.56,Paid,0.0
AMA-R15782,AMA-O12537,2024-05-27,414.5,Paid,162.06
AMA-R11848,AMA-O14389,2024-03-08,359.45,Paid,359.45
AMA-R14931,AMA-O14683,2023-03-03,596.96,Pending,0.0
AMA-R15877,AMA-O12385,22-Sep-2025,618.81,Paid,0.0
AMA-R15240,AMA-O9174,12-Aug-2024,648.81,Paid,0.0
AMA-R15719,AMA-O13676,10-Feb-2024,209.86,Refunded,0.0
AMA-R16255,AMA-O12364,08/30/2025,,Paid,175.38
AMA-R9114,AMA-O9859,06-Apr-2025,184.08,Paid,0.0
AMA-R11250,AMA-O6803,2023-12-02,,Paid,0.0
AMA-R17561,AMA-O12771,14-Jun-2024,14.62,Refunded,0.0
AMA-R18296,AMA-O11291,08/15/2023,91.26,Paid,0.0
AMA-R13985,AMA-O8206,11/25/2024,922.48,Paid,922.48
AMA-R17977,AMA-O12738,07/01/2023,20.93,Paid,0.0
AMA-R9224,AMA-O11027,11/07/2025,301.38,Paid,301.38
AMA-R14588,AMA-O13454,2023-05-30,67.8,Paid,67.8
AMA-R13187,AMA-O13023,2024-07-04,1042.15,Refunded,0.0
AMA-R16330,AMA-O13584,03/12/2024,349.65,Paid,0.0
AMA-R13411,AMA-O10837,2023-10-21,87.98,Paid,0.0
AMA-R16608,AMA-O14392,2025-11-10,40.42,Paid,40.42
AMA-R9007,AMA-O10037,01-Jun-2024,53.0,Paid,53.0
AMA-R10472,AMA-O9478,25-Mar-2023,552.55,Paid,552.55
AMA-R12269,AMA-O10838,2023-10-02,2.83,Refunded,0.0
AMA-R14267,AMA-O8645,10/17/2024,263.04,Paid,0.0
AMA-R9870,AMA-O12439,08/24/2024,17.68,Paid,0.0
AMA-R10923,AMA-O6319,05/20/2023,490.02,Paid,0.0
AMA-R11759,AMA-O6034,2025-12-08,73.1,Paid,0.0
AMA-R12600,AMA-O10942,07/17/2024,352.65,Paid,352.65
AMA-R10179,AMA-O11504,2024-02-19,8.31,Paid,0.0
AMA-R16682,AMA-O9172,12-Nov-2024,243.96,Refunded,0.0
AMA-R15090,AMA-O14261,2023-11-18,2239.24,Paid,0.0
AMA-R17387,AMA-O5576,2024-08-18,611.0,Paid,0.0
AMA-R15696,AMA-O7176,2025-09-04,78.42,Paid,0.0
AMA-R9272,AMA-O14997,12/11/2024,,Paid,0.0
AMA-R13571,AMA-O14937,06-Mar-2025,989.44,Pending,0.0
AMA-R11050,AMA-O11043,06/08/2025,17.16,Paid,0.0
AMA-R14894,AMA-O8361,2023-08-18,965.16,Paid,0.0
AMA-R9678,AMA-O11394,2024-06-25,362.0,Paid,0.0
AMA-R17036,AMA-O11925,2025-12-25,163.29,Pending,0.0
AMA-R10916,AMA-O12387,01/28/2024,722.4,Paid,0.0
AMA-R9122,AMA-O10916,02-Nov-2024,935.13,Paid,935.13
AMA-R15681,AMA-O12386,2024-03-16,286.12,Paid,0.0
AMA-R13992,AMA-O5082,2025-05-01,17.58,Paid,0.0
AMA-R9616,AMA-O11665,10-Feb-2025,336.75,Paid,0.0
AMA-R11266,AMA-O10270,2023-06-28,107.26,Pending,0.0
AMA-R9976,AMA-O8186,04-Apr-2024,75.12,Paid,0.0
AMA-R15636,AMA-O7156,02/11/2024,16.87,Paid,0.0
AMA-R17814,AMA-O14712,04/10/2023,77.1,Paid,0.0
AMA-R16262,AMA-O5014,25-Jun-2023,51.37,Paid,0.0
AMA-R14844,AMA-O14892,11-Nov-2025,1385.34,Refunded,0.0
AMA-R17998,AMA-O8209,25-Dec-2025,,Refunded,0.0
AMA-R9415,AMA-O5938,07/15/2025,557.25,Paid,0.0
AMA-R13102,AMA-O13357,02-Oct-2024,583.45,Paid,0.0
AMA-R14951,AMA-O14681,12/16/2023,30.64,Paid,0.0
AMA-R9143,AMA-O13188,27-Oct-2024,117.21,Paid,0.0
AMA-R11044,AMA-O10839,07/13/2023,90.4,Paid,0.0
AMA-R16653,AMA-O14187,04/02/2025,427.96,Paid,0.0
AMA-R14607,AMA-O9794,03/31/2023,58.5,Paid,0.0
AMA-R12702,AMA-O9597,01-Jun-2023,156.8,Paid,156.8
AMA-R17493,AMA-O9767,2025-10-20,346.6,Refunded,0.0
AMA-R16256,AMA-O13546,2023-07-01,74.34,Paid,0.0
AMA-R17415,AMA-O14799,21-Dec-2025,100.71,Paid,0.0
AMA-R17468,AMA-O5000,2023-02-05,388.8,Paid,0.0
AMA-R15534,AMA-O14397,2023-01-26,,Paid,0.0
AMA-R16863,AMA-O6890,26-Mar-2023,,Paid,0.0
AMA-R15701,AMA-O11741,2023-06-14,858.6,Paid,0.0
AMA-R10484,AMA-O12560,10/11/2024,28.38,Paid,0.0
AMA-R16904,AMA-O12976,30-Sep-2023,375.2,Paid,375.2
AMA-R18130,AMA-O11007,27-Aug-2025,87.02,Paid,0.0
AMA-R15221,AMA-O9547,09-Sep-2023,80.56,Paid,80.56
AMA-R11597,AMA-O7317,2023-08-09,80.76,Paid,0.0
AMA-R10778,AMA-O11298,2025-03-25,2049.84,Paid,0.0
AMA-R12364,AMA-O10406,16-Jul-2024,187.04,Pending,0.0
AMA-R9198,AMA-O7898,18-Sep-2025,37.61,Paid,0.0
AMA-R15951,AMA-O12317,03/17/2023,490.84,Paid,0.0
AMA-R17416,AMA-O10379,02/15/2023,18.25,Paid,0.0
AMA-R12532,AMA-O5778,08/24/2025,106.17,Paid,0.0
AMA-R15691,AMA-O9707,22-Jul-2023,236.8,Paid,0.0
AMA-R12296,AMA-O7557,27-Sep-2025,26.96,Paid,26.96
AMA-R16009,AMA-O6827,16-Jul-2025,878.84,Paid,0.0
AMA-R11126,AMA-O12820,12/16/2023,312.8,Paid,0.0
AMA-R17436,AMA-O13653,2023-04-04,159.15,Paid,0.0
AMA-R11925,AMA-O7319,05/13/2023,630.0,Paid,0.0
AMA-R13163,AMA-O10743,2024-03-05,1584.52,Paid,0.0
AMA-R16144,AMA-O6537,01/09/2024,404.13,Paid,0.0
AMA-R11945,AMA-O10140,24-Aug-2024,114.14,Paid,114.14
AMA-R11624,AMA-O9437,23-Sep-2025,153.72,Paid,0.0
AMA-R10674,AMA-O14374,05-Nov-2025,2105.55,Paid,0.0
AMA-R13329,AMA-O9273,10/02/2024,55.8,Paid,55.8
AMA-R16049,AMA-O7771,2024-09-05,229.98,Paid,0.0
AMA-R18026,AMA-O7378,2025-01-05,73.0,Pending,13.91
AMA-R15543,AMA-O13799,11/02/2024,21.28,Paid,0.0
AMA-R15356,AMA-O13201,03/31/2024,640.86,Paid,640.86
AMA-R14133,AMA-O7876,10/14/2023,415.1,Paid,0.0
AMA-R9325,AMA-O14813,2025-04-28,,Pending,0.0
AMA-R11771,AMA-O13462,03/21/2023,314.05,Paid,0.0
AMA-R14074,AMA-O5767,2025-12-24,141.4,Paid,0.0
AMA-R17963,AMA-O10990,04/11/2025,185.48,Paid,185.48
AMA-R15619,AMA-O7781,2023-08-24,129.06,Pending,0.0
AMA-R15503,AMA-O6690,09-Feb-2025,255.12,Paid,0.0
AMA-R12113,AMA-O14637,24-Aug-2023,340.96,Paid,340.96
AMA-R10162,AMA-O6406,12/17/2025,751.96,Paid,0.0
AMA-R14417,AMA-O9183,2023-09-11,74.82,Pending,0.0
AMA-R12347,AMA-O6712,2023-06-08,77.81,Paid,0.0
AMA-R18360,AMA-O7332,2025-08-13,48.77,Paid,0.0
AMA-R12814,AMA-O8272,10-Oct-2023,57.79,Paid,0.0
AMA-R10997,AMA-O10928,06/15/2025,34.23,Paid,34.23
AMA-R17155,AMA-O6451,01/24/2024,13.05,Refunded,0.0
AMA-R11424,AMA-O10056,19-May-2024,2892.55,Paid,0.0
AMA-R10889,AMA-O7689,19-Apr-2023,71.98,Paid,0.0
AMA-R18570,AMA-O10473,01/15/2023,112.47,Paid,0.0
AMA-R13681,AMA-O12262,2024-02-15,46.86,Paid,0.0
AMA-R15357,AMA-O8122,01-Sep-2023,450.54,Paid,0.0
AMA-R12469,AMA-O5214,14-Oct-2024,17.85,Paid,0.0
AMA-R11746,AMA-O10777,06/11/2023,273.84,Refunded,0.0
AMA-R13731,AMA-O13991,2025-05-22,1104.7,Paid,1104.7
AMA-R17721,AMA-O10456,06/16/2023,83.6,Pending,0.0
AMA-R11271,AMA-O7567,2025-11-01,,Refunded,0.0
AMA-R12672,AMA-O10686,2025-08-17,220.9,Paid,0.0
AMA-R16391,AMA-O7073,02/23/2025,1040.56,Paid,1040.56
AMA-R9536,AMA-O12538,24-Sep-2023,515.2,Paid,515.2
AMA-R15379,AMA-O6831,2024-11-15,184.96,Paid,0.0
AMA-R13832,AMA-O8081,11-Feb-2024,8.74,Paid,8.74
AMA-R11794,AMA-O13599,09-Sep-2025,,Paid,132.26
AMA-R9972,AMA-O10742,11/25/2025,84.72,Paid,0.0
AMA-R13053,AMA-O5140,2025-12-11,1675.89,Paid,0.0
AMA-R9659,AMA-O5737,06/08/2023,32.2,Refunded,0.0
AMA-R9324,AMA-O10233,2023-07-17,18.82,Paid,0.0
AMA-R16489,AMA-O9178,2025-11-02,37.99,Paid,37.99
AMA-R9238,AMA-O7851,01-Dec-2024,,Paid,0.0
AMA-R13780,AMA-O13635,12/05/2025,443.97,Paid,204.82
AMA-R16297,AMA-O7875,09-Sep-2023,,Paid,0.0
AMA-R12449,AMA-O14390,04-Mar-2025,20.65,Pending,0.0
AMA-R18340,AMA-O9873,26-Feb-2023,114.0,Paid,26.11
AMA-R18349,AMA-O7679,26-Jul-2023,78.32,Paid,0.0
AMA-R10209,AMA-O13487,2024-04-27,463.6,Paid,0.0
AMA-R17743,AMA-O13047,06/24/2024,319.84,Paid,319.84
AMA-R10415,AMA-O9081,04/30/2024,32.16,Paid,11.07
AMA-R16656,AMA-O6385,2024-07-29,5.09,Paid,0.0
AMA-R18654,AMA-O7369,07/22/2023,30.2,Paid,0.0
AMA-R14880,AMA-O11340,11/24/2025,219.43,Refunded,0.0
AMA-R9382,AMA-O13339,08/31/2023,,Paid,0.0
AMA-R18062,AMA-O12082,2024-05-18,37.46,Paid,0.0
AMA-R18493,AMA-O8374,16-Aug-2023,28.44,Paid,0.0
AMA-R10066,AMA-O9984,03/24/2025,129.76,Paid,0.0
AMA-R14881,AMA-O11802,22-Dec-2023,324.44,Paid,324.44
AMA-R9967,AMA-O11088,2024-10-03,613.8,Refunded,0.0
AMA-R10860,AMA-O8762,27-May-2025,142.52,Pending,35.43
AMA-R16544,AMA-O7064,27-Mar-2023,191.16,Pending,0.0
AMA-R15777,AMA-O8946,07/19/2025,247.62,Paid,0.0
AMA-R11173,AMA-O5551,01-Apr-2024,194.19,Paid,0.0
AMA-R11924,AMA-O10021,01/16/2024,223.2,Paid,0.0
AMA-R13866,AMA-O7728,10-Apr-2025,34.36,Paid,34.36
AMA-R10998,AMA-O11505,23-Jan-2025,250.16,Paid,0.0
AMA-R12817,AMA-O9206,2025-12-13,50.6,Refunded,0.0
AMA-R16514,AMA-O6279,10/14/2025,831.03,Paid,0.0
AMA-R11723,AMA-O8686,07/04/2023,2114.19,Refunded,0.0
AMA-R13279,AMA-O9398,2025-07-25,231.39,Paid,0.0
AMA-R15768,AMA-O12252,25-May-2023,44.0,Refunded,0.0
AMA-R14883,AMA-O10299,17-Sep-2025,186.72,Paid,186.72
AMA-R16218,AMA-O12463,2024-07-16,1127.55,Paid,0.0
AMA-R15935,AMA-O10277,20-Jan-2024,168.82,Paid,0.0
AMA-R11308,AMA-O14651,2024-12-26,86.75,Refunded,0.0
AMA-R18543,AMA-O5708,2023-10-22,89.82,Paid,0.0
AMA-R14619,AMA-O12482,2025-07-01,119.04,Paid,0.0
AMA-R9925,AMA-O7644,08/21/2023,141.16,Paid,141.16
AMA-R14411,AMA-O6815,06-Jun-2023,860.2,Paid,0.0
AMA-R13060,AMA-O13795,2025-10-16,21.36,Paid,0.0
AMA-R16280,AMA-O12160,10/15/2024,148.48,Paid,0.0
AMA-R10456,AMA-O12792,01/28/2023,52.5,Paid,0.0
AMA-R14608,AMA-O5520,22-Feb-2023,218.68,Paid,0.0
AMA-R11365,AMA-O6127,02/02/2025,278.58,Refunded,0.0
AMA-R10516,AMA-O8860,08-Aug-2025,45.36,Pending,0.0
AMA-R9906,AMA-O7263,2023-12-05,87.32,Paid,0.0
AMA-R9914,AMA-O12713,2024-12-04,78.54,Paid,0.0
AMA-R17208,AMA-O8591,09/11/2024,43.88,Paid,0.0
AMA-R12609,AMA-O9916,29-Oct-2025,1260.5,Refunded,0.0
AMA-R12882,AMA-O5197,11/27/2023,249.84,Paid,0.0
AMA-R13540,AMA-O6651,11-Nov-2023,781.32,Paid,0.0
AMA-R10803,AMA-O14024,2023-12-01,48.99,Refunded,0.0
AMA-R14623,AMA-O12287,2023-12-05,3477.65,Refunded,0.0
AMA-R17499,AMA-O6773,2024-02-19,163.62,Pending,0.0
AMA-R16791,AMA-O10104,2023-02-09,76.38,Paid,0.0
AMA-R17097,AMA-O10605,13-May-2023,60.85,Paid,0.0
AMA-R15516,AMA-O11316,2025-05-19,151.95,Refunded,0.0
AMA-R16854,AMA-O9782,19-Nov-2023,78.0,Paid,0.0
AMA-R15823,AMA-O5022,11/19/2024,1488.8,Paid,0.0
AMA-R13622,AMA-O11566,01/09/2023,107.92,Paid,0.0
AMA-R17361,AMA-O9219,01/31/2025,131.73,Paid,0.0
AMA-R18193,AMA-O14411,10/12/2024,131.24,Paid,0.0
AMA-R14080,AMA-O10523,2025-08-10,282.64,Pending,0.0
AMA-R16111,AMA-O12787,03/30/2025,198.5,Paid,0.0
AMA-R9683,AMA-O5111,08-Mar-2024,196.45,Paid,196.45
AMA-R15507,AMA-O6160,2023-07-27,49.23,Paid,0.0
AMA-R11078,AMA-O13836,01-Dec-2023,23.48,Paid,23.48
AMA-R10213,AMA-O9713,2023-04-02,138.5,Pending,0.0
AMA-R9050,AMA-O8561,04-May-2024,108.54,Paid,0.0
AMA-R16208,AMA-O8412,22-Jun-2025,31.11,Paid,0.0
AMA-R11400,AMA-O10313,07/20/2025,384.05,Pending,0.0
AMA-R11093,AMA-O12882,23-Nov-2024,,Paid,0.0
AMA-R12314,AMA-O5187,05/18/2024,203.2,Paid,203.2
AMA-R17340,AMA-O14219,04/13/2023,1821.48,Refunded,297.96
AMA-R9215,AMA-O9118,2024-01-13,8.34,Paid,0.0
AMA-R17611,AMA-O13129,03/19/2025,67.98,Pending,0.0
AMA-R11350,AMA-O11093,09/19/2024,348.5,Paid,0.0
AMA-R10877,AMA-O10028,05/13/2025,655.16,Paid,0.0
AMA-R18103,AMA-O11534,2025-06-23,49.53,Paid,0.0
AMA-R10569,AMA-O10430,07/24/2024,195.4,Paid,0.0
AMA-R14100,AMA-O14725,11/02/2023,686.59,Paid,0.0
AMA-R13046,AMA-O10865,16-May-2024,9.76,Paid,9.76
AMA-R9267,AMA-O12848,25-Oct-2023,99.32,Paid,0.0
AMA-R14768,AMA-O14953,08/09/2024,123.4,Paid,0.0
AMA-R15506,AMA-O9913,01/11/2023,560.52,Paid,0.0
AMA-R18268,AMA-O11560,17-Nov-2024,79.17,Pending,0.0
AMA-R10840,AMA-O8849,2023-02-20,104.04,Paid,0.0
AMA-R11280,AMA-O7510,01/15/2024,182.9,Paid,0.0
AMA-R11727,AMA-O5890,08/07/2023,215.08,Paid,0.0
AMA-R14151,AMA-O5874,2025-11-30,52.88,Paid,0.0
AMA-R17519,AMA-O9155,2025-06-05,2165.55,Refunded,0.0
AMA-R14581,AMA-O7286,11/02/2024,113.22,Paid,0.0
AMA-R16626,AMA-O9882,15-Dec-2024,155.46,Refunded,0.0
AMA-R9299,AMA-O11483,2025-03-10,13.36,Refunded,0.0
AMA-R18158,AMA-O10900,10/25/2025,59.8,Pending,0.0
AMA-R17546,AMA-O14034,2025-07-01,34.78,Paid,34.78
AMA-R15490,AMA-O13868,30-Jan-2024,75.28,Paid,0.0
AMA-R15142,AMA-O13644,03-Mar-2024,2257.0,Paid,0.0
AMA-R16355,AMA-O12442,2023-01-14,,Pending,0.0
AMA-R10911,AMA-O7990,16-Oct-2023,16.57,Refunded,0.0
AMA-R16702,AMA-O11783,16-Mar-2023,110.4,Refunded,0.0
AMA-R12310,AMA-O11695,21-May-2024,88.19,Paid,0.0
AMA-R14759,AMA-O11215,16-Sep-2025,1007.25,Pending,0.0
AMA-R11115,AMA-O10479,09-Jul-2025,106.92,Refunded,0.0
AMA-R12574,AMA-O9138,2025-09-09,192.75,Refunded,0.0
AMA-R15125,AMA-O13142,2024-05-08,405.42,Paid,0.0
AMA-R15034,AMA-O5135,07/28/2023,45.44,Paid,45.44
AMA-R10087,AMA-O6562,06/23/2024,38.01,Paid,0.0
AMA-R15252,AMA-O9836,03/16/2024,,Paid,76.86
AMA-R13433,AMA-O9904,01-Nov-2025,228.76,Refunded,0.0
AMA-R11061,AMA-O14114,01/22/2023,,Paid,0.0
AMA-R11237,AMA-O14388,2025-04-25,237.52,Refunded,0.0
AMA-R13333,AMA-O9768,2023-03-30,17.85,Paid,0.0
AMA-R9586,AMA-O11696,2023-12-28,,Paid,77.37
AMA-R16084,AMA-O11990,2023-12-07,115.28,Paid,0.0
AMA-R12465,AMA-O9175,09-Dec-2025,776.2,Refunded,0.0
AMA-R18627,AMA-O6842,2023-07-26,197.46,Paid,0.0
AMA-R9788,AMA-O5356,2025-03-30,404.6,Paid,0.0
AMA-R10278,AMA-O8171,01-Mar-2024,316.15,Paid,0.0
AMA-R12350,AMA-O9674,2025-05-08,759.16,Paid,0.0
AMA-R10732,AMA-O9173,2023-09-02,52.45,Pending,0.0
AMA-R12411,AMA-O9625,2023-07-07,32.82,Paid,0.0
AMA-R14324,AMA-O7354,20-May-2024,198.26,Paid,0.0
AMA-R14029,AMA-O9529,02-Aug-2024,420.12,Paid,0.0
AMA-R15646,AMA-O12835,23-Jun-2024,25.4,Paid,0.0
AMA-R9394,AMA-O9749,19-Apr-2025,,Paid,0.0
AMA-R9908,AMA-O10640,30-May-2023,35.66,Paid,35.66
AMA-R13252,AMA-O5526,17-Nov-2023,123.7,Paid,123.7
AMA-R17957,AMA-O13613,2024-11-23,45.56,Paid,0.0
AMA-R10735,AMA-O6318,07/09/2023,2863.25,Paid,0.0
AMA-R10883,AMA-O8169,03/02/2025,82.8,Paid,0.0
AMA-R16403,AMA-O9391,03/31/2025,27.92,Paid,0.0
AMA-R9250,AMA-O13688,22-Aug-2025,122.46,Paid,0.0
AMA-R16029,AMA-O9192,12/19/2025,36.62,Paid,0.0
AMA-R11413,AMA-O11726,2025-02-09,28.15,Paid,0.0
AMA-R17766,AMA-O13695,2025-02-14,25.96,Paid,0.0
AMA-R17114,AMA-O8852,09/04/2023,11.88,Refunded,0.0
AMA-R16192,AMA-O11146,2023-11-27,,Paid,0.0
AMA-R17925,AMA-O7646,2024-07-08,19.68,Refunded,0.0
AMA-R9096,AMA-O13895,2024-11-17,425.26,Paid,0.0
AMA-R16942,AMA-O12182,03/19/2024,38.13,Paid,0.0
AMA-R12564,AMA-O12451,2024-07-10,448.36,Paid,0.0
AMA-R16224,AMA-O5720,04/26/2023,150.56,Refunded,0.0
AMA-R16252,AMA-O12358,2023-11-10,489.2,Paid,489.2
AMA-R17049,AMA-O8945,04/26/2023,519.25,Paid,0.0
AMA-R10264,AMA-O8441,12/17/2023,2352.9,Paid,0.0
AMA-R14082,AMA-O13113,2023-11-04,195.53,Paid,0.0
AMA-R16948,AMA-O10643,03/28/2023,56.89,Paid,0.0
AMA-R11433,AMA-O11681,2025-02-03,349.6,Paid,0.0
AMA-R11006,AMA-O9087,01-Nov-2024,1374.84,Paid,0.0
AMA-R10548,AMA-O6437,09/02/2024,31.61,Refunded,0.0
AMA-R17777,AMA-O8399,12-Dec-2025,111.92,Refunded,0.0
AMA-R18324,AMA-O7744,2024-12-02,120.27,Paid,0.0
AMA-R17112,AMA-O13124,05-Dec-2025,159.42,Paid,159.42
AMA-R14426,AMA-O6792,2023-10-18,2328.51,Paid,0.0
AMA-R12078,AMA-O5435,2023-11-01,111.2,Paid,0.0
AMA-R17985,AMA-O8838,2024-08-08,2754.6,Paid,0.0
AMA-R18262,AMA-O9760,2024-02-17,253.9,Paid,253.9
AMA-R14128,AMA-O8065,24-Jul-2024,479.51,Paid,0.0
AMA-R9144,AMA-O13915,11/17/2023,500.2,Paid,0.0
AMA-R17266,AMA-O7774,20-May-2024,101.67,Paid,0.0
AMA-R10169,AMA-O6504,09/20/2025,145.88,Paid,145.88
AMA-R12963,AMA-O5555,20-Oct-2024,5.18,Paid,0.0
AMA-R17093,AMA-O6401,26-Jan-2024,49.53,Paid,0.0
AMA-R14354,AMA-O13213,2025-04-21,461.44,Paid,0.0
AMA-R12939,AMA-O10560,05/12/2025,,Paid,0.0
AMA-R11247,AMA-O9864,01/30/2025,46.95,Paid,0.0
AMA-R14677,AMA-O8806,2024-07-16,29.16,Refunded,0.0
AMA-R9511,AMA-O6079,2023-06-27,14.98,Pending,0.0
AMA-R9298,AMA-O14860,2025-08-16,666.15,Paid,666.15
AMA-R16852,AMA-O13058,2023-05-01,67.24,Paid,0.0
AMA-R9436,AMA-O12051,2024-08-08,446.86,Paid,0.0
AMA-R11337,AMA-O9101,26-Mar-2025,34.11,Paid,0.0
AMA-R18152,AMA-O14721,12/25/2024,84.72,Refunded,0.0
AMA-R10443,AMA-O7610,28-Oct-2025,38.63,Paid,0.0
AMA-R17633,AMA-O6466,29-Dec-2024,81.95,Paid,0.0
AMA-R18403,AMA-O8322,05/25/2024,,Paid,0.0
AMA-R13396,AMA-O6072,24-Sep-2025,173.97,Paid,0.0
AMA-R16203,AMA-O5457,11/25/2023,487.95,Paid,0.0
AMA-R11765,AMA-O11573,04/02/2023,26.92,Paid,0.0
AMA-R15334,AMA-O10814,2023-05-22,15.58,Paid,0.0
AMA-R9901,AMA-O7125,16-Nov-2023,521.5,Paid,0.0
AMA-R15859,AMA-O13438,20-Jul-2025,120.12,Paid,0.0
AMA-R18312,AMA-O7992,11/14/2025,90.48,Paid,0.0
AMA-R10984,AMA-O5369,2024-10-12,866.6,Paid,866.6
AMA-R18241,AMA-O5075,13-Jun-2023,339.6,Paid,0.0
AMA-R13774,AMA-O8296,2025-06-06,176.43,Paid,54.74
AMA-R16031,AMA-O6897,02/14/2023,144.3,Paid,0.0
AMA-R18302,AMA-O11157,2023-03-09,540.15,Paid,0.0
AMA-R16508,AMA-O9711,2023-05-19,73.34,Paid,0.0
AMA-R15305,AMA-O11822,21-Jul-2024,68.78,Paid,0.0
AMA-R17836,AMA-O11226,2024-07-08,,Paid,170.58
AMA-R18482,AMA-O13426,2024-05-03,138.78,Paid,0.0
AMA-R12801,AMA-O6626,05-Apr-2023,1558.35,Paid,1558.35
AMA-R14334,AMA-O11841,2024-12-26,802.84,Paid,0.0
AMA-R10078,AMA-O11380,2025-10-08,54.36,Paid,0.0
AMA-R13165,AMA-O11707,03/25/2025,125.76,Paid,0.0
AMA-R10199,AMA-O8995,20-Aug-2025,57.69,Pending,0.0
AMA-R11137,AMA-O12191,09-May-2025,,Pending,37.74
AMA-R11439,AMA-O8491,2025-05-13,248.94,Paid,248.94
AMA-R11318,AMA-O6325,2023-12-15,141.06,Refunded,0.0
AMA-R11140,AMA-O9108,2023-03-28,40.97,Paid,0.0
AMA-R13342,AMA-O12970,05/27/2023,143.82,Paid,143.82
AMA-R14020,AMA-O11553,18-Feb-2025,178.1,Paid,178.1
AMA-R18098,AMA-O6891,11/26/2025,1269.75,Paid,0.0
AMA-R18063,AMA-O6103,2023-03-09,174.72,Paid,0.0
AMA-R17958,AMA-O9324,2025-11-16,85.31,Paid,42.41
AMA-R13638,AMA-O13712,2024-05-02,6.23,Paid,0.0
AMA-R14122,AMA-O7788,31-Aug-2025,1583.12,Paid,0.0
AMA-R9107,AMA-O9608,18-Oct-2024,1837.04,Paid,1837.04
AMA-R12447,AMA-O11605,2025-07-14,237.4,Paid,0.0
AMA-R15022,AMA-O8680,2024-10-10,,Paid,0.0
AMA-R9989,AMA-O14736,25-Aug-2024,126.75,Refunded,0.0
AMA-R11630,AMA-O13106,07/17/2024,101.95,Paid,0.0
AMA-R18118,AMA-O10026,01/26/2023,1205.6,Paid,0.0
AMA-R13380,AMA-O11402,2025-07-30,25.7,Paid,0.0
AMA-R17498,AMA-O12783,2024-11-08,258.63,Paid,71.06
AMA-R12798,AMA-O7918,2023-12-11,225.05,Paid,0.0
AMA-R9674,AMA-O12621,2024-11-15,122.45,Refunded,0.0
AMA-R14752,AMA-O10046,17-Apr-2023,48.08,Paid,48.08
AMA-R9307,AMA-O11547,2025-12-16,575.85,Paid,0.0
AMA-R11747,AMA-O13330,04-Jun-2023,1208.37,Pending,0.0
AMA-R13867,AMA-O14040,29-Jan-2025,562.95,Paid,0.0
AMA-R15059,AMA-O11479,08-Aug-2025,124.0,Paid,0.0
AMA-R13868,AMA-O6902,2025-02-21,76.64,Paid,0.0
AMA-R16758,AMA-O7096,2024-03-09,20.0,Paid,0.0
AMA-R16486,AMA-O6917,06/13/2024,53.65,Paid,0.0
AMA-R12533,AMA-O13205,07/27/2025,255.81,Paid,255.81
AMA-R11037,AMA-O10205,01/29/2023,62.51,Paid,0.0
AMA-R10935,AMA-O12172,2023-02-06,164.6,Paid,0.0
AMA-R13519,AMA-O13422,2025-01-15,125.75,Paid,125.75
AMA-R9645,AMA-O8858,2024-04-03,174.66,Paid,0.0
AMA-R11824,AMA-O12586,2025-06-30,134.28,Paid,0.0
AMA-R12932,AMA-O6648,12/16/2023,17.84,Refunded,0.0
AMA-R9068,AMA-O7391,15-Mar-2023,97.48,Paid,0.0
AMA-R14463,AMA-O6086,2025-09-24,237.9,Paid,0.0
AMA-R11374,AMA-O7236,12-Mar-2024,1597.0,Paid,0.0
AMA-R10253,AMA-O14814,08/04/2023,296.95,Paid,0.0
AMA-R17540,AMA-O6455,2024-11-18,272.4,Pending,0.0
AMA-R13001,AMA-O9365,06/11/2024,12.23,Paid,0.0
AMA-R15829,AMA-O5528,04/03/2023,162.9,Paid,162.9
AMA-R10477,AMA-O9318,2024-01-24,160.36,Paid,0.0
AMA-R11119,AMA-O9039,01/03/2025,154.68,Refunded,0.0
AMA-R11642,AMA-O5836,12/17/2024,225.0,Paid,0.0
AMA-R16410,AMA-O10256,2023-03-02,7.21,Paid,0.0
AMA-R14028,AMA-O8599,07/09/2024,1118.36,Paid,0.0
AMA-R9629,AMA-O13232,03-Jun-2023,60.99,Paid,60.99
AMA-R16480,AMA-O7481,08-Nov-2023,173.86,Paid,0.0
AMA-R18518,AMA-O8222,28-Dec-2025,292.34,Paid,0.0
AMA-R13920,AMA-O14575,2023-07-19,,Paid,0.0
AMA-R9184,AMA-O13270,2023-01-30,48.05,Paid,48.05
AMA-R15333,AMA-O10639,11/21/2023,1490.55,Paid,0.0
AMA-R13745,AMA-O10799,2025-07-31,166.65,Paid,0.0
AMA-R9945,AMA-O11284,2023-04-12,161.49,Refunded,0.0
AMA-R10621,AMA-O13630,12/12/2023,188.65,Paid,0.0
AMA-R10358,AMA-O13060,03-Apr-2025,234.35,Paid,0.0
AMA-R15478,AMA-O5604,12/19/2024,163.25,Paid,0.0
AMA-R14462,AMA-O11313,2023-12-22,94.2,Refunded,0.0
AMA-R17485,AMA-O12967,01/21/2023,84.75,Paid,0.0
AMA-R16185,AMA-O5751,2025-01-24,1841.32,Paid,335.23
AMA-R12700,AMA-O11238,06/21/2023,69.37,Refunded,0.0
AMA-R11067,AMA-O5550,28-Dec-2025,1388.56,Refunded,0.0
AMA-R11293,AMA-O7560,30-Jul-2025,1471.98,Paid,0.0
AMA-R13448,AMA-O13974,04/03/2025,895.77,Paid,0.0
AMA-R14578,AMA-O14571,05/15/2025,40.51,Refunded,0.0
AMA-R14380,AMA-O12098,08/29/2023,113.4,Paid,0.0
AMA-R17063,AMA-O9409,31-May-2024,48.12,Paid,0.0
AMA-R14864,AMA-O10437,2024-04-13,74.42,Paid,0.0
AMA-R11958,AMA-O8440,03/19/2025,641.32,Paid,0.0
AMA-R15986,AMA-O7325,2025-07-07,,Paid,0.0
AMA-R13225,AMA-O6384,02/20/2025,195.68,Refunded,0.0
AMA-R17299,AMA-O8737,06/14/2025,,Paid,399.8
AMA-R13553,AMA-O7128,09/01/2025,215.31,Refunded,0.0
AMA-R12791,AMA-O8224,2024-08-28,271.55,Refunded,0.0
AMA-R13476,AMA-O10962,09/16/2023,227.07,Refunded,0.0
AMA-R13334,AMA-O11466,03/07/2024,181.68,Refunded,0.0
AMA-R12897,AMA-O11104,2023-06-14,151.84,Refunded,0.0
AMA-R17676,AMA-O8051,2025-05-29,31.33,Paid,0.0
AMA-R14027,AMA-O13544,05/01/2023,324.22,Refunded,0.0
AMA-R9844,AMA-O6742,03/30/2023,74.28,Paid,0.0
AMA-R13111,AMA-O14189,2023-03-26,1590.08,Paid,0.0
AMA-R17857,AMA-O5139,2024-10-09,294.87,Paid,0.0
AMA-R16362,AMA-O13509,2023-06-01,16.8,Pending,0.0
AMA-R13636,AMA-O14266,03/05/2023,,Paid,0.0
AMA-R17110,AMA-O10626,22-Aug-2024,,Paid,0.0
AMA-R12927,AMA-O12265,30-Aug-2025,57.99,Refunded,0.0
AMA-R14023,AMA-O8211,09/17/2024,164.84,Paid,0.0
AMA-R11261,AMA-O9425,2025-10-19,80.26,Paid,0.0
AMA-R11095,AMA-O5537,01-Nov-2025,163.65,Paid,0.0
AMA-R18449,AMA-O5462,10/03/2025,166.61,Paid,0.0
AMA-R11294,AMA-O9665,08/10/2024,345.12,Paid,0.0
AMA-R16903,AMA-O14838,2023-05-11,222.74,Paid,0.0
AMA-R11864,AMA-O12384,24-Feb-2024,454.16,Paid,0.0
AMA-R17491,AMA-O9942,22-Mar-2025,,Paid,0.0
AMA-R15093,AMA-O10820,2024-06-01,101.3,Pending,0.0
AMA-R9789,AMA-O7421,2023-09-13,134.08,Paid,0.0
AMA-R13120,AMA-O8477,20-Sep-2025,218.02,Paid,0.0
AMA-R15430,AMA-O12877,2023-01-02,1577.82,Paid,0.0
AMA-R10325,AMA-O5640,12/02/2024,19.34,Paid,0.0
AMA-R11259,AMA-O8331,2024-02-14,600.84,Paid,0.0
AMA-R16961,AMA-O5382,04/22/2025,41.58,Refunded,0.0
AMA-R12066,AMA-O5131,01-Nov-2024,,Paid,0.0
AMA-R18396,AMA-O12857,04-Aug-2025,543.08,Paid,0.0
AMA-R13512,AMA-O7155,13-Jan-2024,19.63,Paid,0.0
AMA-R10495,AMA-O14262,2023-07-04,134.85,Refunded,0.0
AMA-R10022,AMA-O9722,06/22/2024,316.85,Pending,0.0
AMA-R11076,AMA-O11519,2023-04-25,56.92,Paid,0.0
AMA-R12192,AMA-O7620,22-Sep-2025,381.35,Paid,381.35
AMA-R18221,AMA-O10038,06/04/2024,629.6,Paid,629.6
AMA-R18611,AMA-O10933,02-Jan-2024,88.76,Paid,0.0
AMA-R14159,AMA-O10608,04-May-2025,147.96,Paid,0.0
AMA-R16332,AMA-O6094,12/28/2024,850.35,Paid,0.0
AMA-R13729,AMA-O14631,12/10/2023,73.91,Refunded,0.0
AMA-R16349,AMA-O9705,2024-10-07,629.91,Paid,0.0
AMA-R15066,AMA-O6018,2023-04-02,38.49,Pending,0.0
AMA-R12654,AMA-O9513,10/03/2025,592.71,Pending,0.0
AMA-R9919,AMA-O11060,01/10/2024,826.92,Paid,0.0
AMA-R13775,AMA-O14469,01/22/2023,68.18,Refunded,0.0
AMA-R12808,AMA-O13262,06-Oct-2025,208.32,Paid,0.0
AMA-R17316,AMA-O8063,10-Sep-2025,1075.92,Paid,0.0
AMA-R13625,AMA-O14042,09-Feb-2025,340.44,Paid,0.0
AMA-R16479,AMA-O14331,2025-02-04,65.67,Paid,0.0
AMA-R16908,AMA-O14159,10/23/2023,827.8,Paid,0.0
AMA-R10931,AMA-O9058,27-Aug-2025,,Paid,0.0
AMA-R9946,AMA-O13076,2024-01-07,332.52,Paid,0.0
AMA-R10311,AMA-O10197,2024-05-17,65.2,Paid,0.0
AMA-R9109,AMA-O12023,2025-12-18,69.51,Paid,0.0
AMA-R14832,AMA-O14218,02/27/2025,420.25,Paid,170.29
AMA-R14225,AMA-O6989,17-Jan-2025,392.52,Paid,0.0
AMA-R18615,AMA-O14643,06/15/2023,455.65,Paid,0.0
AMA-R13051,AMA-O14941,23-Nov-2023,402.2,Refunded,0.0
AMA-R10963,AMA-O14242,2023-11-12,506.96,Pending,0.0
AMA-R14476,AMA-O10809,11/22/2023,,Paid,0.0
AMA-R11445,AMA-O14172,22-Jan-2025,2175.52,Paid,0.0
AMA-R9860,AMA-O13303,04/15/2023,458.46,Paid,0.0
AMA-R16089,AMA-O14875,2023-05-18,581.6,Paid,0.0
AMA-R11477,AMA-O6473,05-Jul-2023,19.98,Pending,8.64
AMA-R9417,AMA-O9406,04/10/2025,117.21,Paid,117.21
AMA-R18586,AMA-O12736,14-Sep-2024,306.96,Paid,0.0
AMA-R12861,AMA-O14665,12/18/2024,12.66,Refunded,0.0
AMA-R14296,AMA-O9844,2023-11-26,425.52,Pending,0.0
AMA-R11880,AMA-O14593,16-Jun-2024,570.1,Paid,0.0
AMA-R9150,AMA-O6359,2024-06-29,649.02,Paid,0.0
AMA-R10919,AMA-O5242,04/18/2023,117.76,Refunded,0.0
AMA-R13771,AMA-O14568,04-Dec-2023,102.6,Paid,102.6
AMA-R11281,AMA-O11786,2025-07-28,572.2,Paid,0.0
AMA-R18287,AMA-O12514,2024-09-07,62.95,Paid,0.0
AMA-R12690,AMA-O14510,2024-11-30,207.45,Paid,0.0
AMA-R13552,AMA-O9316,2023-08-01,241.45,Paid,0.0
AMA-R15570,AMA-O11439,15-Nov-2024,29.57,Paid,0.0
AMA-R11090,AMA-O11711,07/28/2024,291.2,Paid,291.2
AMA-R11586,AMA-O12562,20-Jan-2023,437.8,Paid,0.0
AMA-R17329,AMA-O10702,09/19/2024,279.6,Paid,0.0
AMA-R10982,AMA-O6757,07-Aug-2024,224.88,Paid,0.0
AMA-R16978,AMA-O14332,09/11/2024,241.0,Refunded,0.0
AMA-R9545,AMA-O9349,02/07/2025,64.25,Pending,0.0
AMA-R11959,AMA-O9751,2025-01-26,27.0,Refunded,0.0
AMA-R13464,AMA-O10613,2024-10-07,64.0,Paid,64.0
AMA-R18531,AMA-O12533,22-Jun-2023,295.2,Paid,0.0
AMA-R10359,AMA-O7170,05/08/2024,108.48,Paid,0.0
AMA-R15840,AMA-O8066,2024-12-05,91.71,Paid,0.0
AMA-R15786,AMA-O7631,06/26/2023,386.0,Paid,386.0
AMA-R16070,AMA-O14667,12-Dec-2024,28.74,Paid,0.0
AMA-R9094,AMA-O8528,12-Aug-2025,921.32,Paid,0.0
AMA-R14715,AMA-O7765,08/30/2024,44.47,Refunded,0.0
AMA-R9347,AMA-O14489,03-Aug-2024,199.06,Paid,0.0
AMA-R18601,AMA-O11362,04-Dec-2024,862.44,Paid,0.0
AMA-R10722,AMA-O9806,08-Jun-2024,136.5,Paid,0.0
AMA-R15434,AMA-O14352,2025-09-05,,Paid,0.0
AMA-R15769,AMA-O7052,10/25/2023,199.6,Paid,0.0
AMA-R14666,AMA-O8488,11-Aug-2023,48.8,Pending,0.0
AMA-R10160,AMA-O8793,2025-10-30,95.7,Refunded,0.0
AMA-R17230,AMA-O7206,06-Sep-2024,227.92,Paid,0.0
AMA-R14119,AMA-O8451,01/30/2025,11.43,Pending,0.0
AMA-R16126,AMA-O6182,10/12/2023,362.08,Paid,0.0
AMA-R16517,AMA-O9612,04-Dec-2025,48.16,Paid,0.0
AMA-R9442,AMA-O14869,02/29/2024,85.84,Paid,0.0
AMA-R11517,AMA-O6412,30-Dec-2023,35.97,Pending,0.0
AMA-R14157,AMA-O11878,03/28/2025,882.08,Paid,0.0
AMA-R9019,AMA-O8926,02-Jan-2024,670.64,Pending,0.0
AMA-R13002,AMA-O11811,01/13/2023,436.4,Paid,0.0
AMA-R16665,AMA-O14149,2024-05-12,899.65,Paid,0.0
AMA-R13592,AMA-O9418,03/29/2025,666.64,Paid,0.0
AMA-R16039,AMA-O11767,2023-12-15,585.0,Paid,0.0
AMA-R13074,AMA-O14081,05-Sep-2025,100.73,Paid,0.0
AMA-R15614,AMA-O13843,09/21/2025,18.73,Paid,18.73
AMA-R13877,AMA-O14720,05/29/2023,21.56,Paid,21.56
AMA-R16693,AMA-O11670,10-Jun-2023,98.01,Paid,98.01
AMA-R17820,AMA-O9687,2025-05-18,451.5,Paid,0.0
AMA-R10683,AMA-O10069,25-Aug-2023,114.18,Refunded,0.0
AMA-R17752,AMA-O9793,2024-09-16,31.69,Paid,0.0
AMA-R15848,AMA-O6382,13-Jun-2025,162.45,Paid,0.0
AMA-R17071,AMA-O13241,06/27/2023,228.28,Paid,0.0
AMA-R14085,AMA-O8970,2023-10-07,598.72,Paid,598.72
AMA-R11815,AMA-O5041,2024-07-13,88.54,Paid,0.0
AMA-R10367,AMA-O8236,2025-11-21,10.1,Paid,0.0
AMA-R18254,AMA-O13878,05/05/2023,40.14,Paid,0.0
AMA-R12276,AMA-O10866,28-Jan-2024,,Refunded,0.0
AMA-R14561,AMA-O8101,2023-11-10,1166.5,Paid,1166.5
AMA-R18554,AMA-O6083,2023-05-25,635.64,Refunded,0.0
AMA-R17406,AMA-O6011,2023-09-23,54.2,Refunded,0.0
AMA-R17539,AMA-O10124,11/13/2025,289.52,Paid,0.0
AMA-R18555,AMA-O11370,2025-05-15,719.76,Paid,0.0
AMA-R14021,AMA-O8481,2025-06-16,855.25,Paid,0.0
AMA-R17620,AMA-O13543,2025-03-12,278.24,Paid,0.0
AMA-R9329,AMA-O6663,2023-05-01,301.59,Paid,0.0
AMA-R16358,AMA-O10157,08/23/2023,127.68,Paid,127.68
AMA-R11529,AMA-O9328,12/11/2023,327.36,Paid,0.0
AMA-R17868,AMA-O11404,02/18/2024,59.8,Paid,0.0
AMA-R10086,AMA-O9450,2025-10-15,101.82,Paid,0.0
AMA-R17494,AMA-O7750,18-Nov-2023,1249.66,Paid,0.0
AMA-R15301,AMA-O5331,2025-08-01,286.4,Paid,286.4
AMA-R13401,AMA-O11050,2023-10-06,68.91,Paid,21.56
AMA-R13967,AMA-O13798,12/16/2023,13.71,Paid,0.0
AMA-R15653,AMA-O13048,2023-01-05,47.9,Refunded,14.11
AMA-R14054,AMA-O9577,2023-09-06,166.23,Paid,166.23
AMA-R12945,AMA-O6158,2024-12-05,79.36,Paid,0.0
AMA-R11035,AMA-O12546,05/22/2023,17.34,Refunded,0.0
AMA-R14294,AMA-O7432,06-May-2025,98.11,Refunded,0.0
AMA-R12878,AMA-O6211,2023-12-21,60.28,Paid,0.0
AMA-R12219,AMA-O9390,04/01/2025,645.52,Paid,0.0
AMA-R9523,AMA-O14843,10-Jun-2024,284.5,Paid,0.0
AMA-R15399,AMA-O12900,20-Feb-2024,84.0,Paid,84.0
AMA-R17009,AMA-O10930,03/24/2023,463.84,Paid,0.0
AMA-R18652,AMA-O7223,2025-12-11,172.89,Paid,0.0
AMA-R10543,AMA-O6435,12/18/2024,,Paid,0.0
AMA-R9013,AMA-O6798,12/07/2024,26.04,Paid,0.0
AMA-R11713,AMA-O6194,2023-07-14,115.4,Refunded,0.0
AMA-R14343,AMA-O9764,2023-09-14,116.02,Refunded,0.0
AMA-R18050,AMA-O12572,07-Feb-2025,45.5,Paid,0.0
AMA-R14477,AMA-O9669,04/02/2023,73.8,Paid,0.0
AMA-R16314,AMA-O7171,16-Nov-2023,992.8,Paid,0.0
AMA-R10438,AMA-O7130,04/14/2024,1215.55,Paid,0.0
AMA-R16157,AMA-O8540,2024-05-31,78.38,Paid,0.0
AMA-R12756,AMA-O5649,09/02/2024,30.39,Paid,0.0
AMA-R14911,AMA-O9692,14-Feb-2024,28.98,Paid,0.0
AMA-R16886,AMA-O10593,15-Mar-2024,49.2,Paid,49.2
AMA-R12013,AMA-O7101,2024-01-06,172.92,Refunded,0.0
AMA-R15890,AMA-O13272,25-Jun-2024,195.09,Pending,0.0
AMA-R11676,AMA-O12735,2024-02-28,3457.75,Paid,0.0
AMA-R17409,AMA-O9846,10/13/2024,38.65,Paid,0.0
AMA-R15788,AMA-O12762,01/08/2023,950.2,Paid,0.0
AMA-R9714,AMA-O14275,08-Apr-2024,81.72,Pending,0.0
AMA-R17558,AMA-O14230,2023-05-14,,Paid,0.0
AMA-R16803,AMA-O5808,2023-06-01,43.64,Paid,16.14
AMA-R12417,AMA-O8819,12/07/2025,191.56,Paid,0.0
AMA-R9016,AMA-O11894,05/24/2024,291.12,Paid,0.0
AMA-R10280,AMA-O6860,2023-02-01,319.0,Paid,0.0
AMA-R10610,AMA-O14320,13-Apr-2024,683.17,Paid,0.0
AMA-R12650,AMA-O12213,28-Sep-2024,167.75,Refunded,0.0
AMA-R14859,AMA-O10089,02/02/2024,174.36,Refunded,80.18
AMA-R10267,AMA-O6250,04/10/2024,139.4,Pending,0.0
AMA-R12486,AMA-O9135,01/16/2024,981.25,Paid,0.0
AMA-R17095,AMA-O13068,11/18/2024,423.22,Paid,0.0
AMA-R11457,AMA-O12100,2025-04-28,104.44,Paid,0.0
AMA-R18012,AMA-O8381,10/25/2025,,Paid,0.0
AMA-R11226,AMA-O5779,23-Mar-2024,175.67,Paid,0.0
AMA-R12629,AMA-O12776,2023-08-25,27.15,Paid,0.0
AMA-R16046,AMA-O7321,2023-05-11,30.37,Paid,0.0
AMA-R13330,AMA-O12152,14-Aug-2025,1197.69,Paid,1197.69
AMA-R11194,AMA-O9752,09/21/2024,109.76,Paid,0.0
AMA-R11027,AMA-O6691,2024-04-29,18.1,Paid,18.1
AMA-R17172,AMA-O13510,12-Jan-2023,13.74,Paid,0.0
AMA-R18267,AMA-O13921,2023-11-14,141.12,Paid,0.0
AMA-R16526,AMA-O12722,2024-04-16,3072.64,Refunded,0.0
AMA-R11443,AMA-O10825,21-Jan-2025,31.22,Paid,0.0
AMA-R16320,AMA-O7760,2024-01-11,,Paid,0.0
AMA-R13422,AMA-O8139,02/11/2023,272.16,Paid,0.0
AMA-R9085,AMA-O9962,2025-01-12,1977.72,Paid,0.0
AMA-R12312,AMA-O9901,2024-05-15,377.08,Refunded,0.0
AMA-R14967,AMA-O6637,03-Sep-2025,654.35,Paid,654.35
AMA-R10079,AMA-O14645,14-Jan-2025,644.36,Refunded,0.0
AMA-R10276,AMA-O10749,2024-03-10,138.28,Paid,0.0
AMA-R9359,AMA-O14578,09-Jan-2023,20.01,Pending,0.0
AMA-R11787,AMA-O14092,05/19/2024,2560.08,Refunded,0.0
AMA-R12643,AMA-O10974,13-Dec-2024,90.57,Paid,0.0
AMA-R18052,AMA-O6119,08/16/2023,,Paid,0.0
AMA-R10010,AMA-O14263,2024-01-10,199.76,Pending,0.0
AMA-R18500,AMA-O10065,06-Sep-2025,250.89,Paid,0.0
AMA-R10981,AMA-O5871,2023-09-01,59.0,Paid,0.0
AMA-R16551,AMA-O14724,04-Nov-2025,970.95,Paid,970.95
AMA-R9855,AMA-O11743,25-Dec-2024,3331.3,Paid,1426.86
AMA-R11779,AMA-O8892,2023-12-25,1884.28,Paid,0.0
AMA-R10028,AMA-O11948,29-Jan-2024,202.95,Paid,0.0
AMA-R18001,AMA-O11306,18-Nov-2025,122.72,Paid,0.0
AMA-R10741,AMA-O13912,21-Jan-2025,2766.15,Paid,0.0
AMA-R16047,AMA-O6587,2023-12-20,650.67,Paid,0.0
AMA-R13704,AMA-O5023,18-Jan-2024,226.71,Refunded,0.0
AMA-R11577,AMA-O9919,2023-03-26,176.16,Paid,0.0
AMA-R11869,AMA-O5954,02/23/2023,7.26,Paid,0.0
AMA-R12563,AMA-O14786,07-Feb-2024,164.43,Paid,164.43
AMA-R11986,AMA-O6212,2024-01-04,29.1,Paid,0.0
AMA-R16789,AMA-O9152,2025-06-23,149.28,Paid,0.0
AMA-R11426,AMA-O10115,2023-09-19,223.8,Pending,0.0
AMA-R14146,AMA-O11924,28-Jan-2025,64.62,Paid,64.62
AMA-R14577,AMA-O7305,2025-01-22,57.78,Paid,0.0
AMA-R13068,AMA-O10697,02/20/2025,,Pending,0.0
AMA-R11797,AMA-O5987,2025-06-05,47.95,Refunded,0.0
AMA-R14311,AMA-O12049,2023-07-29,54.18,Paid,0.0
AMA-R13039,AMA-O11692,23-Jul-2025,29.33,Paid,0.0
AMA-R17168,AMA-O6956,12/15/2025,146.38,Refunded,0.0
AMA-R10866,AMA-O6092,2025-09-26,239.48,Paid,239.48
AMA-R9773,AMA-O10284,2024-11-23,327.6,Paid,327.6
AMA-R15359,AMA-O10588,2023-04-20,58.08,Paid,0.0
AMA-R17662,AMA-O14926,11-Apr-2025,722.04,Paid,201.33
AMA-R10715,AMA-O11162,2025-12-11,209.76,Paid,209.76
AMA-R12877,AMA-O7797,02/18/2023,57.76,Refunded,0.0
AMA-R16374,AMA-O5119,16-Oct-2024,106.79,Paid,0.0
AMA-R11339,AMA-O11807,10/30/2024,,Paid,0.0
AMA-R11545,AMA-O9587,2023-07-23,315.58,Refunded,0.0
AMA-R14127,AMA-O9840,2023-02-14,630.03,Paid,0.0
AMA-R16498,AMA-O6047,07/20/2024,205.32,Paid,0.0
AMA-R13484,AMA-O12060,01/21/2025,1414.7,Refunded,0.0
AMA-R12749,AMA-O11408,2023-01-01,,Paid,0.0
AMA-R17537,AMA-O8682,11/27/2024,540.38,Refunded,0.0
AMA-R13589,AMA-O13573,08/27/2025,543.25,Paid,0.0
AMA-R17024,AMA-O12141,2024-05-07,2350.45,Paid,0.0
AMA-R17194,AMA-O10290,03/28/2025,2474.45,Paid,0.0
AMA-R11472,AMA-O10732,2023-05-14,381.4,Pending,0.0
AMA-R14850,AMA-O14693,10/24/2025,27.05,Paid,0.0
AMA-R17164,AMA-O8664,13-Jul-2025,174.78,Paid,0.0
AMA-R16176,AMA-O14484,2023-04-08,1100.73,Paid,0.0
AMA-R17294,AMA-O14932,02/16/2023,39.74,Paid,0.0
AMA-R12233,AMA-O8034,12/13/2023,46.05,Paid,12.89
AMA-R9646,AMA-O10317,2023-08-27,84.82,Paid,0.0
AMA-R13834,AMA-O14330,2023-04-10,71.85,Paid,0.0
AMA-R16561,AMA-O13230,06/28/2025,99.87,Paid,0.0
AMA-R11322,AMA-O11797,01/16/2024,258.51,Pending,0.0
AMA-R15028,AMA-O10942,07/17/2024,,Paid,352.65
AMA-R17798,AMA-O10828,01/13/2024,,Paid,101.14
AMA-R17969,AMA-O13993,02-Feb-2023,711.28,Paid,0.0
AMA-R14368,AMA-O13894,2024-07-22,65.27,Refunded,0.0
AMA-R11817,AMA-O13471,07-Oct-2023,119.2,Paid,119.2
AMA-R18433,AMA-O9639,24-Feb-2023,268.17,Refunded,0.0
AMA-R13531,AMA-O6955,10-Nov-2023,216.8,Paid,216.8
AMA-R9338,AMA-O12660,23-May-2025,151.56,Paid,0.0
AMA-R12641,AMA-O13063,15-Jul-2025,1230.42,Paid,0.0
AMA-R9575,AMA-O12770,06/08/2025,899.2,Paid,899.2
AMA-R14910,AMA-O12412,11/13/2023,39.36,Paid,39.36
AMA-R11847,AMA-O6535,2025-02-11,,Refunded,0.0
AMA-R13733,AMA-O5321,2023-08-24,636.8,Paid,0.0
AMA-R10121,AMA-O11246,10/15/2023,387.84,Paid,0.0
AMA-R17452,AMA-O10292,08/23/2024,34.1,Paid,0.0
AMA-R14390,AMA-O7479,28-Jun-2025,196.35,Refunded,0.0
AMA-R10319,AMA-O9501,16-May-2024,191.42,Paid,0.0
AMA-R14594,AMA-O11358,09/21/2024,49.25,Paid,49.25
AMA-R14631,AMA-O13246,17-Aug-2024,,Paid,0.0
AMA-R10167,AMA-O7051,10/04/2025,781.32,Pending,0.0
AMA-R9584,AMA-O9877,2024-05-21,238.25,Paid,0.0
AMA-R10897,AMA-O8279,2025-11-04,37.16,Paid,0.0
AMA-R18511,AMA-O11766,26-Nov-2025,23.01,Paid,0.0
AMA-R11616,AMA-O9708,25-Apr-2024,643.96,Pending,0.0
AMA-R14938,AMA-O14771,2023-05-23,3145.4,Paid,0.0
AMA-R9057,AMA-O9993,04/06/2023,397.3,Paid,397.3
AMA-R11755,AMA-O8433,05/12/2024,151.28,Paid,0.0
AMA-R9905,AMA-O5102,02-Oct-2025,203.07,Pending,0.0
AMA-R18110,AMA-O12965,28-Oct-2025,41.3,Paid,0.0
AMA-R18432,AMA-O7539,02/24/2023,534.5,Paid,0.0
AMA-R18129,AMA-O11225,25-Jan-2024,1983.7,Paid,0.0
AMA-R10143,AMA-O7126,22-Dec-2023,106.88,Paid,106.88
AMA-R10183,AMA-O11187,30-Oct-2025,738.5,Paid,0.0
AMA-R18626,AMA-O14468,2025-08-03,487.86,Paid,487.86
AMA-R18073,AMA-O5114,12/04/2025,50.28,Paid,0.0
AMA-R15213,AMA-O6561,03/01/2024,868.85,Paid,0.0
AMA-R11147,AMA-O12242,2024-08-30,207.82,Paid,0.0
AMA-R15358,AMA-O8901,01/05/2024,15.97,Paid,0.0
AMA-R15702,AMA-O14292,28-May-2025,769.8,Paid,0.0
AMA-R12995,AMA-O5851,2024-03-07,448.64,Paid,0.0
AMA-R15893,AMA-O8472,2025-04-29,42.72,Refunded,0.0
AMA-R17454,AMA-O12288,06-Dec-2023,692.3,Paid,0.0
AMA-R17437,AMA-O6611,2024-06-25,292.48,Paid,0.0
AMA-R9954,AMA-O14849,06/26/2025,71.48,Pending,0.0
AMA-R10451,AMA-O14597,27-Apr-2025,157.85,Paid,0.0
AMA-R14874,AMA-O11956,09/05/2024,38.46,Paid,0.0
AMA-R9857,AMA-O8240,26-Nov-2023,524.6,Paid,0.0
AMA-R18160,AMA-O8870,09/03/2024,317.14,Paid,0.0
AMA-R12382,AMA-O14968,03-Nov-2023,21.32,Paid,0.0
AMA-R11452,AMA-O10462,15-Oct-2023,,Paid,0.0
AMA-R15396,AMA-O5208,2024-03-09,12.54,Refunded,0.0
AMA-R11977,AMA-O6582,2025-03-23,195.92,Paid,0.0
AMA-R15852,AMA-O10421,06/04/2025,32.36,Paid,32.36
AMA-R18454,AMA-O12111,2023-02-11,502.93,Paid,0.0
AMA-R11456,AMA-O12085,03/13/2025,1036.25,Paid,0.0
AMA-R15339,AMA-O8278,14-Sep-2025,106.24,Paid,0.0
AMA-R16470,AMA-O7934,03/01/2025,265.76,Refunded,0.0
AMA-R17503,AMA-O10834,2024-03-22,112.36,Paid,0.0
AMA-R10434,AMA-O6600,14-Jul-2023,222.24,Paid,0.0
AMA-R9594,AMA-O14127,2023-12-29,172.5,Paid,0.0
AMA-R11427,AMA-O5174,15-Mar-2023,145.75,Paid,0.0
AMA-R15860,AMA-O11535,20-Aug-2024,37.22,Paid,0.0
AMA-R16771,AMA-O10237,2024-07-11,436.75,Paid,84.73
AMA-R12633,AMA-O6395,12/19/2025,250.76,Refunded,0.0
AMA-R11964,AMA-O5027,2023-05-31,71.32,Refunded,0.0
AMA-R11859,AMA-O5013,16-May-2023,101.83,Paid,0.0
AMA-R9422,AMA-O12427,03/16/2024,68.0,Paid,0.0
AMA-R12723,AMA-O10542,03/31/2025,118.98,Paid,0.0
AMA-R15565,AMA-O12991,09-Jun-2025,31.5,Refunded,0.0
AMA-R15587,AMA-O5711,07-Jan-2025,412.08,Paid,0.0
AMA-R15715,AMA-O8602,11-Jun-2023,495.96,Paid,0.0
AMA-R12949,AMA-O5051,2023-06-02,274.38,Paid,0.0
AMA-R11758,AMA-O5068,26-Feb-2025,745.7,Paid,0.0
AMA-R11950,AMA-O5086,23-Jul-2023,60.84,Paid,60.84
AMA-R17085,AMA-O13223,28-Jan-2025,298.98,Refunded,0.0
AMA-R11299,AMA-O5359,09-Aug-2024,91.0,Paid,9.31
AMA-R18096,AMA-O12067,14-Nov-2024,51.1,Paid,0.0
AMA-R16077,AMA-O6314,2023-06-10,142.88,Paid,0.0
AMA-R16035,AMA-O10444,2024-10-02,348.72,Paid,0.0
AMA-R14857,AMA-O7104,07-Jun-2025,5.03,Refunded,0.0
AMA-R14185,AMA-O6226,10/28/2024,176.9,Paid,176.9
AMA-R9499,AMA-O12367,10/20/2025,1061.2,Paid,0.0
AMA-R9596,AMA-O10226,2024-08-24,410.7,Paid,0.0
AMA-R12092,AMA-O11578,05/23/2023,878.1,Paid,0.0
AMA-R16132,AMA-O7663,2025-11-10,157.35,Refunded,0.0
AMA-R10908,AMA-O9780,2024-06-02,253.38,Paid,0.0
AMA-R12234,AMA-O7222,08/02/2025,261.36,Paid,0.0
AMA-R15550,AMA-O10589,2024-08-19,21.0,Refunded,0.0
AMA-R13240,AMA-O14493,2024-02-25,234.75,Refunded,0.0
AMA-R11678,AMA-O8782,04/13/2024,264.21,Paid,264.21
AMA-R14486,AMA-O7685,10-Sep-2025,30.7,Paid,0.0
AMA-R18338,AMA-O7420,02/09/2025,1931.01,Refunded,0.0
AMA-R10021,AMA-O6284,04/19/2024,64.37,Paid,0.0
AMA-R17879,AMA-O7866,15-Jul-2024,28.65,Refunded,0.0
AMA-R13489,AMA-O14059,10/18/2025,78.0,Paid,10.92
AMA-R10387,AMA-O8187,02/02/2024,,Paid,0.0
AMA-R10393,AMA-O13458,17-Sep-2024,145.66,Paid,0.0
AMA-R18614,AMA-O7928,2024-10-10,135.85,Paid,0.0
AMA-R10270,AMA-O13855,23-Aug-2023,27.72,Paid,0.0
AMA-R16385,AMA-O8877,01/19/2023,743.05,Paid,0.0
AMA-R16750,AMA-O5316,2024-02-25,588.66,Refunded,0.0
AMA-R12930,AMA-O7910,2025-10-12,57.84,Paid,0.0
AMA-R12456,AMA-O13466,03/11/2024,399.04,Paid,0.0
AMA-R15024,AMA-O14064,23-Oct-2023,229.65,Paid,0.0
AMA-R14684,AMA-O14283,2024-08-29,199.62,Paid,0.0
AMA-R12281,AMA-O8234,2024-10-03,155.58,Refunded,0.0
AMA-R13590,AMA-O12161,19-Apr-2024,593.0,Paid,593.0
AMA-R16536,AMA-O5892,10-Oct-2024,136.92,Paid,0.0
AMA-R14298,AMA-O10911,02/20/2023,284.13,Paid,0.0
AMA-R9565,AMA-O6390,05-Jun-2024,956.46,Paid,0.0
AMA-R16912,AMA-O13963,2023-04-23,103.32,Paid,36.75
AMA-R12847,AMA-O7488,04/18/2025,98.84,Paid,0.0
AMA-R13950,AMA-O6056,2025-01-08,2930.04,Paid,0.0
AMA-R9626,AMA-O9491,24-May-2023,461.32,Paid,0.0
AMA-R14700,AMA-O9704,11/30/2023,113.82,Paid,0.0
AMA-R13175,AMA-O11217,07/10/2024,49.11,Paid,0.0
AMA-R15542,AMA-O10180,09/24/2023,62.5,Paid,0.0
AMA-R13824,AMA-O12681,2025-05-03,78.5,Paid,0.0
AMA-R17006,AMA-O5164,23-Sep-2025,25.2,Paid,25.2
AMA-R12592,AMA-O11263,02-Sep-2024,3389.45,Paid,0.0
AMA-R14980,AMA-O14079,09/08/2025,64.34,Paid,64.34
AMA-R13308,AMA-O13382,2023-12-13,,Paid,283.4
AMA-R14976,AMA-O13115,08-Jun-2023,212.64,Refunded,0.0
AMA-R13319,AMA-O7793,2025-08-04,73.4,Paid,0.0
AMA-R16825,AMA-O8505,09-Oct-2025,,Paid,0.0
AMA-R10661,AMA-O9492,19-Jan-2025,660.95,Paid,0.0
AMA-R13181,AMA-O5129,02/05/2024,621.15,Paid,621.15
AMA-R13073,AMA-O7211,2024-07-11,185.64,Paid,0.0
AMA-R14070,AMA-O8969,2024-08-06,789.82,Paid,0.0
AMA-R12230,AMA-O6071,11-Sep-2024,120.27,Pending,0.0
AMA-R15075,AMA-O9288,2023-04-04,152.52,Paid,0.0
AMA-R13070,AMA-O12800,01-May-2024,97.17,Paid,97.17
AMA-R13339,AMA-O5618,11-Feb-2025,176.96,Paid,0.0
AMA-R14900,AMA-O5950,03/20/2025,16.71,Paid,16.71
AMA-R10952,AMA-O5057,04/26/2025,122.67,Paid,0.0
AMA-R18308,AMA-O13053,09-Feb-2023,1820.8,Paid,0.0
AMA-R14560,AMA-O9763,2024-11-05,2690.48,Pending,0.0
AMA-R9851,AMA-O9631,12/14/2023,53.74,Paid,0.0
AMA-R9006,AMA-O8699,2024-01-24,288.63,Refunded,0.0
AMA-R18177,AMA-O9593,12/07/2025,35.35,Paid,0.0
AMA-R10002,AMA-O11205,10/10/2025,350.74,Paid,94.91
AMA-R17876,AMA-O10663,2025-06-27,286.6,Paid,0.0
AMA-R17605,AMA-O9228,10/19/2024,130.68,Paid,0.0
AMA-R13984,AMA-O11633,02-Mar-2025,2243.76,Paid,0.0
AMA-R18533,AMA-O7426,02-Jan-2025,36.99,Paid,0.0
AMA-R9891,AMA-O6734,09/01/2025,26.56,Paid,26.56
AMA-R14018,AMA-O5585,24-Nov-2025,222.28,Paid,0.0
AMA-R9092,AMA-O9682,09-Mar-2023,183.42,Paid,0.0
AMA-R15979,AMA-O10189,01-Dec-2024,164.74,Refunded,0.0
AMA-R12960,AMA-O5406,07/27/2025,38.12,Paid,0.0
AMA-R10348,AMA-O5982,01/31/2023,107.9,Paid,0.0
AMA-R16354,AMA-O5539,03/09/2023,2250.42,Paid,0.0
AMA-R16780,AMA-O14399,07/31/2024,80.94,Paid,0.0
AMA-R10216,AMA-O14290,2023-05-31,54.06,Paid,0.0
AMA-R17167,AMA-O14359,03/22/2023,230.88,Paid,0.0
AMA-R13027,AMA-O10529,06-Dec-2024,237.4,Pending,0.0
AMA-R15942,AMA-O10404,11/24/2024,89.2,Pending,0.0
AMA-R9504,AMA-O7015,25-Sep-2024,,Paid,131.54
AMA-R9336,AMA-O8014,10/27/2023,186.8,Paid,0.0
AMA-R15584,AMA-O9899,07/31/2024,108.06,Paid,0.0
AMA-R12005,AMA-O10760,04/05/2025,58.26,Paid,58.26
AMA-R12922,AMA-O10846,09/27/2024,88.88,Paid,0.0
AMA-R18587,AMA-O5963,09-Dec-2024,91.4,Paid,0.0
AMA-R11695,AMA-O12414,2024-06-05,226.23,Paid,226.23
AMA-R12558,AMA-O7665,2023-08-02,655.92,Paid,655.92
AMA-R12956,AMA-O13741,2024-05-19,440.75,Paid,0.0
AMA-R10327,AMA-O12753,17-May-2024,568.14,Paid,0.0
AMA-R12829,AMA-O9816,05/18/2023,141.0,Paid,0.0
AMA-R9531,AMA-O13594,10/22/2024,246.4,Paid,0.0
AMA-R12479,AMA-O7297,05-Oct-2023,104.91,Refunded,0.0
AMA-R10294,AMA-O8712,2025-10-09,112.52,Paid,0.0
AMA-R17314,AMA-O6693,2023-09-01,590.06,Paid,0.0
AMA-R15549,AMA-O12845,22-Jan-2024,25.31,Paid,0.0
AMA-R10100,AMA-O11874,25-Sep-2024,145.8,Refunded,0.0
AMA-R18498,AMA-O12468,2024-01-10,125.82,Paid,0.0
AMA-R15233,AMA-O8156,09-Sep-2025,93.6,Paid,0.0
AMA-R12165,AMA-O7435,24-Mar-2025,562.85,Paid,0.0
AMA-R16525,AMA-O13420,2025-03-25,52.51,Refunded,0.0
AMA-R10317,AMA-O8057,18-Dec-2025,57.15,Paid,57.15
AMA-R14057,AMA-O10908,2025-05-28,590.85,Paid,0.0
AMA-R15737,AMA-O7952,08/04/2024,251.12,Paid,0.0
AMA-R13482,AMA-O9699,2025-11-03,30.1,Paid,30.1
AMA-R14431,AMA-O10635,02/10/2025,399.1,Paid,0.0
AMA-R16261,AMA-O9874,27-Oct-2023,766.6,Paid,0.0
AMA-R15351,AMA-O9809,10/05/2025,252.34,Paid,252.34
AMA-R16399,AMA-O13516,20-Jul-2023,103.94,Paid,0.0
AMA-R10292,AMA-O14355,14-Sep-2023,46.34,Paid,46.34
AMA-R10350,AMA-O8846,2025-03-08,38.16,Paid,0.0
AMA-R12917,AMA-O13890,05-Apr-2024,173.98,Paid,173.98
AMA-R15925,AMA-O14375,2024-08-23,19.76,Paid,0.0
AMA-R10290,AMA-O7559,07-Apr-2024,3422.6,Paid,0.0
AMA-R16456,AMA-O7203,20-Oct-2024,751.8,Paid,0.0
AMA-R14601,AMA-O8221,2023-04-09,673.2,Paid,0.0
AMA-R12573,AMA-O11212,01-Oct-2024,215.84,Paid,0.0
AMA-R13196,AMA-O8976,2025-08-17,71.8,Paid,0.0
AMA-R17384,AMA-O6963,2023-09-14,147.9,Paid,147.9
AMA-R16795,AMA-O11539,07-Jan-2025,1160.7,Paid,1160.7
AMA-R17486,AMA-O13920,2024-09-10,68.63,Paid,68.63
AMA-R17621,AMA-O14267,2023-11-14,118.36,Paid,0.0
AMA-R9306,AMA-O7058,04/17/2025,1164.12,Paid,0.0
AMA-R12706,AMA-O11587,2025-12-31,27.9,Paid,0.0
AMA-R14979,AMA-O8321,23-Dec-2023,419.3,Paid,0.0
AMA-R10719,AMA-O11764,16-Oct-2025,23.8,Paid,0.0
AMA-R10426,AMA-O10483,2024-01-01,33.44,Paid,0.0
AMA-R16251,AMA-O13517,2024-09-16,49.82,Paid,0.0
AMA-R13864,AMA-O9223,11/26/2024,100.66,Paid,0.0
AMA-R9526,AMA-O13636,2023-12-12,124.5,Paid,124.5
AMA-R18465,AMA-O13194,2023-03-10,532.8,Paid,532.8
AMA-R10605,AMA-O6972,03-Jul-2025,630.8,Paid,0.0
AMA-R10297,AMA-O5110,19-Jan-2023,75.26,Refunded,0.0
AMA-R10398,AMA-O5017,10/23/2023,250.77,Paid,0.0
AMA-R18165,AMA-O9693,02-May-2025,121.47,Pending,0.0
AMA-R18379,AMA-O13548,08/14/2024,487.25,Paid,487.25
AMA-R12531,AMA-O10275,02/17/2024,28.69,Paid,0.0
AMA-R12478,AMA-O9781,08-Oct-2023,996.06,Paid,0.0
AMA-R16116,AMA-O14759,02/14/2025,380.35,Paid,0.0
AMA-R9952,AMA-O8929,14-Dec-2023,181.76,Paid,0.0
AMA-R14942,AMA-O6114,2023-08-06,192.48,Refunded,0.0
AMA-R14414,AMA-O5944,2025-04-09,,Paid,111.6
AMA-R12460,AMA-O9947,11/12/2025,246.45,Paid,0.0
AMA-R9100,AMA-O10078,2023-11-23,273.68,Paid,0.0
AMA-R11072,AMA-O10756,09/10/2023,1126.55,Paid,0.0
AMA-R18069,AMA-O13279,03/07/2025,,Paid,0.0
AMA-R17811,AMA-O5923,2025-11-19,295.14,Paid,0.0
AMA-R16323,AMA-O5250,06/03/2023,103.44,Paid,103.44
AMA-R12327,AMA-O12756,2025-11-21,686.05,Paid,0.0
AMA-R12068,AMA-O9320,01-Jun-2023,1473.8,Paid,323.96
AMA-R17646,AMA-O14009,17-Apr-2024,117.68,Paid,0.0
AMA-R16201,AMA-O9092,2024-06-17,242.19,Pending,0.0
AMA-R13661,AMA-O9199,2024-07-14,135.48,Paid,0.0
AMA-R18363,AMA-O14509,2023-07-16,527.45,Paid,0.0
AMA-R18428,AMA-O6467,2023-12-20,136.86,Paid,136.86
AMA-R12055,AMA-O10182,2024-08-08,141.34,Paid,0.0
AMA-R14787,AMA-O7146,04/10/2023,84.6,Refunded,0.0
AMA-R13064,AMA-O7502,06-Dec-2023,266.1,Paid,0.0
AMA-R10389,AMA-O8795,2024-10-13,189.22,Paid,20.89
AMA-R18291,AMA-O14535,24-Mar-2023,23.85,Paid,23.85
AMA-R14620,AMA-O8369,2024-09-03,113.24,Pending,0.0
AMA-R17065,AMA-O8090,2025-04-14,32.1,Paid,32.1
AMA-R13994,AMA-O7652,2024-06-29,841.45,Refunded,0.0
AMA-R12208,AMA-O11984,2025-06-02,122.4,Paid,122.4
AMA-R9848,AMA-O14057,08-Mar-2024,33.56,Paid,0.0
AMA-R9948,AMA-O12467,2023-02-25,22.64,Paid,0.0
AMA-R15630,AMA-O14563,06/05/2024,83.76,Paid,83.76
AMA-R13854,AMA-O5531,2023-05-03,163.23,Paid,0.0
AMA-R16260,AMA-O8404,2023-03-04,202.65,Paid,0.0
AMA-R9641,AMA-O14148,10/24/2024,126.25,Paid,0.0
AMA-R12421,AMA-O13405,13-Aug-2023,138.0,Paid,0.0
AMA-R11102,AMA-O9725,12-Jun-2024,495.05,Paid,0.0
AMA-R17548,AMA-O11914,09-Apr-2024,48.97,Paid,19.04
AMA-R17347,AMA-O10445,11/27/2025,58.77,Paid,0.0
AMA-R14107,AMA-O6996,02/20/2024,184.6,Paid,184.6
AMA-R18418,AMA-O11915,10/03/2025,78.63,Paid,0.0
AMA-R15045,AMA-O7579,01-Aug-2024,43.52,Paid,0.0
AMA-R17354,AMA-O14664,06/19/2023,46.72,Paid,0.0
AMA-R16822,AMA-O13305,13-Jun-2024,24.38,Paid,24.38
AMA-R15084,AMA-O5598,06/14/2024,1351.65,Paid,0.0
AMA-R9312,AMA-O6286,10-Sep-2025,85.92,Paid,85.92
AMA-R13826,AMA-O5625,12/09/2025,133.16,Pending,0.0
AMA-R17586,AMA-O14364,2025-08-12,96.84,Paid,0.0
AMA-R12648,AMA-O9384,2023-08-25,595.35,Paid,0.0
AMA-R15278,AMA-O6833,11-Sep-2025,13.44,Pending,0.0
AMA-R16375,AMA-O11099,2024-08-24,18.21,Paid,0.0
AMA-R14347,AMA-O8333,2025-03-10,1852.5,Paid,1852.5
AMA-R13796,AMA-O6372,2023-03-14,566.08,Paid,192.55
AMA-R15345,AMA-O10332,07-Jun-2025,87.43,Paid,0.0
AMA-R12352,AMA-O7234,20-Sep-2023,11.42,Refunded,0.0
AMA-R12358,AMA-O7961,2025-07-29,508.96,Paid,0.0
AMA-R15312,AMA-O7476,2023-02-26,114.56,Paid,0.0
AMA-R13857,AMA-O14622,2024-05-04,47.47,Paid,0.0
AMA-R16005,AMA-O9058,27-Aug-2025,503.0,Paid,0.0
AMA-R17644,AMA-O10595,2023-01-22,75.1,Paid,0.0
AMA-R14971,AMA-O11434,01/20/2025,,Paid,0.0
AMA-R13819,AMA-O12624,2023-11-09,407.84,Pending,0.0
AMA-R15633,AMA-O13629,2025-12-29,83.4,Paid,0.0
AMA-R16061,AMA-O9297,06/22/2023,,Paid,0.0
AMA-R9072,AMA-O12754,09/04/2023,91.52,Paid,0.0
AMA-R13560,AMA-O12855,2025-06-16,154.78,Refunded,0.0
AMA-R14584,AMA-O13702,2025-02-14,50.3,Paid,0.0
AMA-R10550,AMA-O14848,11/23/2023,37.56,Paid,37.56
AMA-R11377,AMA-O6799,2025-09-14,51.6,Paid,51.6
AMA-R16317,AMA-O5455,09/26/2023,120.49,Paid,0.0
AMA-R15772,AMA-O12205,2024-08-01,49.41,Paid,0.0
AMA-R12934,AMA-O8891,04-Dec-2023,565.6,Paid,0.0
AMA-R17076,AMA-O7816,2023-09-06,170.96,Paid,0.0
AMA-R16619,AMA-O14373,08-Apr-2025,34.77,Paid,0.0
AMA-R10861,AMA-O5227,2025-02-19,1322.16,Paid,1322.16
AMA-R15953,AMA-O11680,06/30/2024,27.07,Paid,0.0
AMA-R10448,AMA-O14393,18-Apr-2025,553.92,Paid,0.0
AMA-R15361,AMA-O11720,2025-04-03,355.6,Paid,355.6
AMA-R17847,AMA-O12421,19-Sep-2023,168.48,Paid,0.0
AMA-R12318,AMA-O14080,22-Sep-2023,208.24,Paid,208.24
AMA-R9533,AMA-O7704,01/22/2025,108.24,Refunded,0.0
AMA-R10263,AMA-O13435,2025-05-02,1151.1,Refunded,0.0
AMA-R12302,AMA-O7869,06/04/2025,16.96,Paid,0.0
AMA-R13148,AMA-O13346,16-Aug-2024,89.75,Refunded,0.0
AMA-R10130,AMA-O11731,06-Jul-2023,188.96,Pending,0.0
AMA-R16206,AMA-O9379,07/30/2024,270.0,Paid,0.0
AMA-R17988,AMA-O11344,14-Dec-2025,249.36,Paid,0.0
AMA-R14836,AMA-O10019,06/04/2024,113.75,Paid,0.0
AMA-R14184,AMA-O8064,03-Mar-2023,155.64,Paid,0.0
AMA-R9469,AMA-O6980,10/20/2024,211.65,Paid,0.0
AMA-R11873,AMA-O11795,2024-08-30,106.98,Paid,0.0
AMA-R10772,AMA-O14993,10/25/2024,53.35,Pending,0.0
AMA-R10215,AMA-O14769,03/02/2025,176.95,Paid,0.0
AMA-R11857,AMA-O9746,07/24/2025,22.82,Paid,0.0
AMA-R12011,AMA-O5690,11-Oct-2024,,Paid,1395.0
AMA-R16724,AMA-O5391,17-Jul-2025,220.8,Paid,0.0
AMA-R18556,AMA-O10355,10/21/2023,6.66,Paid,0.0
AMA-R10579,AMA-O14850,16-Sep-2025,298.12,Paid,298.12
AMA-R11238,AMA-O11339,20-Apr-2024,113.48,Paid,0.0
AMA-R15885,AMA-O13192,06/04/2025,1384.1,Paid,0.0
AMA-R9829,AMA-O14048,2025-06-12,413.4,Paid,0.0
AMA-R9286,AMA-O11528,03/16/2025,75.52,Paid,0.0
AMA-R14428,AMA-O9423,03/25/2024,41.04,Paid,41.04
AMA-R9103,AMA-O14062,2025-02-07,197.4,Pending,0.0
AMA-R12209,AMA-O11737,11/23/2024,568.47,Refunded,0.0
AMA-R12953,AMA-O8578,05/21/2023,1958.92,Pending,0.0
AMA-R11767,AMA-O14087,07-Dec-2024,62.88,Paid,62.88
AMA-R10260,AMA-O5168,2023-11-17,32.12,Paid,0.0
AMA-R18017,AMA-O10309,2025-12-27,3310.5,Paid,0.0
AMA-R14540,AMA-O10318,03/04/2024,169.89,Pending,61.62
AMA-R11215,AMA-O12810,30-Jan-2025,488.35,Paid,0.0
AMA-R10042,AMA-O10218,13-Jun-2025,348.99,Paid,0.0
AMA-R9115,AMA-O6968,2025-04-17,58.64,Paid,0.0
AMA-R16110,AMA-O9064,08/31/2024,272.25,Refunded,0.0
AMA-R13454,AMA-O6398,04/01/2025,59.97,Paid,0.0
AMA-R10410,AMA-O14240,2024-10-04,,Paid,2767.96
AMA-R13441,AMA-O14318,04/13/2025,,Paid,0.0
AMA-R17684,AMA-O7108,02-Jun-2025,6.21,Paid,0.0
AMA-R14926,AMA-O5235,13-Aug-2024,27.02,Paid,27.02
AMA-R9230,AMA-O8854,18-Feb-2024,206.4,Pending,0.0
AMA-R9904,AMA-O9339,2025-06-11,88.33,Paid,0.0
AMA-R16187,AMA-O8560,01/23/2025,46.86,Paid,0.0
AMA-R14043,AMA-O8529,04/06/2023,126.92,Refunded,0.0
AMA-R17948,AMA-O7111,19-Aug-2025,198.44,Paid,198.44
AMA-R13172,AMA-O8917,08/03/2023,16.18,Paid,0.0
AMA-R9179,AMA-O7022,2025-07-30,113.36,Paid,0.0
AMA-R9187,AMA-O10283,25-Dec-2023,36.04,Paid,0.0
AMA-R13456,AMA-O5315,2024-06-27,776.95,Refunded,0.0
AMA-R9959,AMA-O12956,2024-01-26,62.1,Pending,0.0
AMA-R17978,AMA-O9080,18-Feb-2024,37.05,Paid,0.0
AMA-R11681,AMA-O14657,2025-07-12,15.52,Paid,0.0
AMA-R16993,AMA-O11047,13-Oct-2024,32.8,Paid,32.8
AMA-R15303,AMA-O13162,27-May-2025,27.54,Paid,0.0
AMA-R12199,AMA-O5624,2025-12-16,6.9,Paid,6.9
AMA-R14674,AMA-O7299,02-May-2023,56.05,Paid,0.0
AMA-R17072,AMA-O6707,2024-05-31,432.4,Paid,432.4
AMA-R11729,AMA-O6478,2025-07-27,84.23,Paid,0.0
AMA-R15320,AMA-O9591,02/28/2025,99.52,Paid,0.0
AMA-R10549,AMA-O5329,11-Apr-2023,659.64,Paid,0.0
AMA-R11505,AMA-O7233,2023-02-27,102.99,Paid,0.0
AMA-R18519,AMA-O12139,2023-02-27,197.43,Refunded,0.0
AMA-R13107,AMA-O5921,01/16/2024,,Paid,245.55
AMA-R11921,AMA-O14674,18-Feb-2024,1142.48,Paid,0.0
AMA-R9344,AMA-O6184,10/17/2024,29.31,Paid,29.31
AMA-R16757,AMA-O10519,01/06/2025,625.07,Paid,0.0
AMA-R17453,AMA-O14793,04/30/2024,49.18,Paid,0.0
AMA-R18610,AMA-O11228,27-Mar-2023,70.32,Paid,70.32
AMA-R11738,AMA-O13684,2023-03-12,5.22,Paid,5.22
AMA-R16423,AMA-O8246,17-May-2024,30.36,Paid,0.0
AMA-R11975,AMA-O7980,11/29/2023,48.96,Paid,48.96
AMA-R16447,AMA-O11258,2024-12-07,17.9,Paid,0.0
AMA-R13932,AMA-O12883,11-May-2024,465.84,Refunded,0.0
AMA-R11788,AMA-O11243,2023-11-25,9.55,Paid,0.0
AMA-R10538,AMA-O9005,16-Jun-2024,862.23,Paid,862.23
AMA-R9247,AMA-O10736,12/14/2023,40.94,Paid,0.0
AMA-R18282,AMA-O7285,02/05/2025,47.42,Paid,0.0
AMA-R9401,AMA-O9574,09/15/2024,216.55,Paid,0.0
AMA-R10813,AMA-O9074,12-Dec-2023,80.88,Paid,0.0
AMA-R15000,AMA-O7758,2025-05-21,,Paid,0.0
AMA-R9195,AMA-O7549,2023-01-25,356.25,Paid,0.0
AMA-R16293,AMA-O13333,28-Oct-2023,,Refunded,0.0
AMA-R14396,AMA-O11073,2024-07-07,684.12,Paid,0.0
AMA-R13227,AMA-O8191,10/19/2024,29.5,Paid,0.0
AMA-R13220,AMA-O8367,22-Jul-2024,100.6,Paid,0.0
AMA-R13391,AMA-O13792,24-May-2025,64.46,Paid,0.0
AMA-R17016,AMA-O7308,02-Mar-2023,81.42,Paid,0.0
AMA-R12052,AMA-O12103,04/08/2023,108.19,Paid,0.0
AMA-R18181,AMA-O13951,2025-04-11,51.5,Paid,0.0
AMA-R17801,AMA-O6819,2025-02-12,289.2,Refunded,0.0
AMA-R11512,AMA-O13948,03/12/2023,264.63,Refunded,0.0
AMA-R15435,AMA-O5361,31-Jul-2023,41.59,Paid,0.0
AMA-R15722,AMA-O14716,2025-02-28,21.32,Paid,0.0
AMA-R10470,AMA-O11514,03/11/2025,543.93,Paid,0.0
AMA-R11232,AMA-O14732,10-Sep-2023,,Paid,0.0
AMA-R16709,AMA-O9857,10/05/2025,490.15,Paid,0.0
AMA-R17449,AMA-O8425,2025-07-19,88.77,Paid,0.0
AMA-R17227,AMA-O5425,28-Jun-2023,306.36,Paid,0.0
AMA-R13876,AMA-O12670,2025-11-27,462.04,Refunded,223.64
AMA-R13655,AMA-O14270,2023-09-11,408.46,Refunded,0.0
AMA-R17348,AMA-O6802,23-Mar-2024,408.52,Paid,408.52
AMA-R10156,AMA-O7322,2024-07-18,229.35,Paid,0.0
AMA-R14909,AMA-O10744,2023-01-19,57.03,Refunded,0.0
AMA-R9354,AMA-O6669,18-Jun-2025,195.05,Refunded,0.0
AMA-R13446,AMA-O7656,12-Jul-2024,352.5,Paid,0.0
AMA-R12720,AMA-O6723,26-Jul-2024,305.76,Refunded,0.0
AMA-R10047,AMA-O7780,31-May-2025,526.35,Paid,0.0
AMA-R14260,AMA-O14618,2025-12-12,336.44,Paid,0.0
AMA-R12823,AMA-O12401,09/11/2024,329.96,Pending,0.0
AMA-R11161,AMA-O13049,04-Aug-2023,243.42,Refunded,0.0
AMA-R12696,AMA-O13190,27-Oct-2024,47.56,Pending,0.0
AMA-R10419,AMA-O7726,19-Jun-2025,72.74,Paid,0.0
AMA-R13246,AMA-O14045,11-Mar-2025,59.78,Paid,17.96
AMA-R9717,AMA-O11606,14-Feb-2023,68.45,Refunded,0.0
AMA-R10901,AMA-O14349,12-Feb-2025,527.49,Paid,0.0
AMA-R12345,AMA-O14243,2023-10-15,100.89,Paid,0.0
AMA-R12326,AMA-O10536,2023-04-21,138.96,Paid,138.96
AMA-R10147,AMA-O10419,07/07/2023,225.84,Paid,0.0
AMA-R11209,AMA-O13899,12/05/2024,598.92,Paid,0.0
AMA-R11352,AMA-O14251,05/07/2024,104.58,Pending,0.0
AMA-R15064,AMA-O10330,09/01/2025,24.62,Paid,0.0
AMA-R10904,AMA-O9998,23-Dec-2024,,Paid,0.0
AMA-R18295,AMA-O9441,2023-05-01,148.98,Paid,0.0
AMA-R15591,AMA-O11064,11/21/2025,31.06,Paid,0.0
AMA-R16407,AMA-O7217,28-Mar-2025,219.16,Paid,0.0
AMA-R15738,AMA-O14250,2025-04-04,260.67,Paid,0.0
AMA-R12196,AMA-O13385,14-May-2024,71.24,Paid,0.0
AMA-R16896,AMA-O6909,01-May-2025,50.19,Paid,0.0
AMA-R14777,AMA-O7586,26-Apr-2023,12.69,Refunded,4.42
AMA-R13341,AMA-O5990,02/25/2025,63.18,Refunded,0.0
AMA-R17489,AMA-O8325,09/08/2024,109.4,Paid,0.0
AMA-R15736,AMA-O5726,2025-07-10,70.89,Pending,0.0
AMA-R11434,AMA-O10987,03/30/2025,362.6,Refunded,0.0
AMA-R17809,AMA-O14303,17-Feb-2023,108.87,Paid,0.0
AMA-R11578,AMA-O13813,2024-02-10,145.66,Paid,0.0
AMA-R11219,AMA-O13747,2024-11-15,2230.75,Paid,2230.75
AMA-R18649,AMA-O6048,11/07/2025,157.8,Paid,157.8
AMA-R13544,AMA-O13264,2024-04-13,1692.68,Paid,0.0
AMA-R10946,AMA-O5792,02/07/2023,531.57,Refunded,0.0
AMA-R15711,AMA-O9580,03/15/2024,67.75,Paid,67.75
AMA-R12712,AMA-O6999,2024-05-07,2616.4,Paid,0.0
AMA-R18424,AMA-O8197,2024-12-03,269.55,Paid,269.55
AMA-R18408,AMA-O14231,2023-10-17,15.14,Paid,15.14
AMA-R10400,AMA-O10581,06/19/2025,33.35,Paid,0.0
AMA-R17928,AMA-O8149,2024-05-27,17.96,Paid,0.0
AMA-R9719,AMA-O8538,12/23/2023,19.23,Paid,0.0
AMA-R17706,AMA-O14258,2023-01-28,585.09,Pending,0.0
AMA-R13786,AMA-O8719,26-May-2023,238.2,Paid,238.2
AMA-R10328,AMA-O11294,01/13/2023,135.96,Paid,0.0
AMA-R10868,AMA-O5794,10-Aug-2024,106.48,Paid,106.48
AMA-R11643,AMA-O6386,08/22/2025,11.6,Paid,0.0
AMA-R12148,AMA-O8444,01/21/2025,593.96,Paid,0.0
AMA-R13036,AMA-O14004,12/03/2025,324.9,Paid,0.0
AMA-R16195,AMA-O7295,10-May-2024,59.53,Paid,59.53
AMA-R17331,AMA-O10767,01/14/2024,3472.5,Paid,0.0
AMA-R16889,AMA-O9579,02-Aug-2025,,Paid,0.0
AMA-R14632,AMA-O9516,2023-02-08,103.0,Paid,0.0
AMA-R9381,AMA-O10671,2023-12-23,253.2,Paid,253.2
AMA-R12562,AMA-O9208,10/13/2024,231.34,Paid,0.0
AMA-R12520,AMA-O12378,2023-05-15,53.23,Paid,0.0
AMA-R17821,AMA-O11132,03/30/2023,1303.86,Paid,0.0
AMA-R18326,AMA-O8387,2023-04-15,14.18,Paid,0.0
AMA-R12009,AMA-O5841,2025-04-22,867.52,Paid,0.0
AMA-R10258,AMA-O11020,03/09/2025,176.85,Paid,0.0
AMA-R16768,AMA-O7901,24-Sep-2025,18.14,Refunded,0.0
AMA-R11510,AMA-O14298,02-Feb-2023,183.94,Refunded,0.0
AMA-R11241,AMA-O11865,2025-08-27,1277.3,Paid,0.0
AMA-R15642,AMA-O11319,05/03/2024,121.04,Paid,0.0
AMA-R16509,AMA-O8511,01/20/2023,53.95,Paid,0.0
AMA-R13818,AMA-O7277,2024-11-22,231.4,Pending,0.0
AMA-R9217,AMA-O8159,2025-07-12,21.38,Paid,0.0
AMA-R10961,AMA-O8978,2023-12-13,19.92,Paid,0.0
AMA-R16843,AMA-O14105,12/14/2025,271.4,Paid,0.0
AMA-R14625,AMA-O14497,01/18/2025,79.32,Pending,0.0
AMA-R14801,AMA-O9997,2024-05-09,74.08,Pending,0.0
AMA-R16834,AMA-O5702,01/30/2024,233.48,Paid,0.0
AMA-R12838,AMA-O10683,2023-08-15,137.48,Paid,0.0
AMA-R18075,AMA-O5864,06-Jan-2023,72.86,Paid,0.0
AMA-R11165,AMA-O7821,2024-01-06,276.55,Paid,0.0
AMA-R9652,AMA-O7749,09/03/2024,26.13,Paid,0.0
AMA-R14007,AMA-O11997,2024-06-13,108.32,Refunded,0.0
AMA-R12774,AMA-O9312,2023-12-30,154.24,Paid,0.0
AMA-R9259,AMA-O10815,19-Jul-2023,448.23,Paid,0.0
AMA-R15055,AMA-O11594,02/10/2025,146.76,Paid,0.0
AMA-R9963,AMA-O7695,20-Sep-2024,27.12,Paid,0.0
AMA-R16895,AMA-O8823,09-Nov-2023,,Paid,16.6
AMA-R11423,AMA-O8832,2023-02-11,,Paid,0.0
AMA-R9283,AMA-O6496,07/30/2025,154.32,Pending,0.0
AMA-R18015,AMA-O14789,29-Dec-2025,164.58,Refunded,0.0
AMA-R9770,AMA-O7531,03/03/2025,55.83,Paid,0.0
AMA-R15744,AMA-O12718,15-Jan-2025,58.65,Paid,0.0
AMA-R12362,AMA-O8930,19-Dec-2023,34.17,Paid,0.0
AMA-R13092,AMA-O10552,2024-07-19,73.55,Paid,0.0
AMA-R9088,AMA-O14483,25-Apr-2024,54.22,Paid,0.0
AMA-R10848,AMA-O9893,2025-12-02,214.6,Paid,214.6
AMA-R14825,AMA-O6649,08/12/2023,2453.84,Paid,0.0
AMA-R12579,AMA-O7921,10-Feb-2023,,Paid,0.0
AMA-R18494,AMA-O6004,05/22/2024,402.44,Paid,0.0
AMA-R9811,AMA-O8068,27-Oct-2023,131.2,Paid,0.0
AMA-R12420,AMA-O9771,2023-06-19,434.64,Paid,0.0
AMA-R14604,AMA-O12961,20-Oct-2025,49.84,Refunded,0.0
AMA-R18263,AMA-O10370,14-Dec-2025,101.22,Pending,0.0
AMA-R10524,AMA-O12675,13-Apr-2024,156.5,Paid,0.0
AMA-R18427,AMA-O8882,14-Jan-2023,118.58,Paid,118.58
AMA-R11818,AMA-O5133,06/15/2025,1747.65,Paid,0.0
AMA-R14485,AMA-O7327,2023-12-12,19.19,Paid,0.0
AMA-R18157,AMA-O6720,2023-06-06,1823.72,Paid,0.0
AMA-R9880,AMA-O8241,2025-02-16,876.32,Refunded,0.0
AMA-R16692,AMA-O9394,2024-11-23,1682.0,Paid,0.0
AMA-R10146,AMA-O5508,04/20/2024,57.26,Paid,57.26
AMA-R11453,AMA-O12683,11-Oct-2025,169.26,Paid,169.26
AMA-R12441,AMA-O13518,30-Aug-2024,104.43,Paid,0.0
AMA-R18095,AMA-O14979,16-Nov-2024,,Paid,0.0
AMA-R17850,AMA-O13185,13-Mar-2024,31.12,Paid,31.12
AMA-R10954,AMA-O12859,09/08/2023,81.22,Refunded,36.41
AMA-R13505,AMA-O8194,2023-09-08,35.67,Paid,0.0
AMA-R16559,AMA-O11693,03/14/2025,84.54,Paid,84.54
AMA-R12377,AMA-O11597,12-Apr-2024,419.4,Paid,0.0
AMA-R18242,AMA-O5549,03/13/2023,411.2,Paid,0.0
AMA-R17630,AMA-O10645,05-Nov-2024,292.2,Paid,0.0
AMA-R12716,AMA-O14379,22-Dec-2023,108.15,Paid,108.15
AMA-R11987,AMA-O14692,2025-02-21,770.75,Paid,100.9
AMA-R12642,AMA-O5974,30-Sep-2024,2637.04,Paid,0.0
AMA-R18200,AMA-O5840,19-Jan-2024,74.31,Paid,0.0
AMA-R14121,AMA-O5521,2025-09-13,442.4,Paid,0.0
AMA-R15666,AMA-O14819,04/13/2025,16.02,Pending,0.0
AMA-R12029,AMA-O14969,12/08/2023,225.2,Paid,0.0
AMA-R12887,AMA-O8341,2023-09-19,23.96,Pending,0.0
AMA-R18353,AMA-O9987,10/01/2023,426.16,Paid,0.0
AMA-R9053,AMA-O5350,03/27/2024,81.42,Paid,0.0
AMA-R13697,AMA-O14154,2025-07-01,163.6,Paid,0.0
AMA-R9464,AMA-O12958,03/14/2023,164.18,Paid,0.0
AMA-R12565,AMA-O11677,2025-02-19,105.05,Paid,105.05
AMA-R11629,AMA-O6025,15-Sep-2023,43.78,Refunded,0.0
AMA-R13413,AMA-O11181,2024-02-21,565.91,Refunded,0.0
AMA-R9665,AMA-O11582,05-May-2023,120.75,Paid,0.0
AMA-R15480,AMA-O9887,17-Oct-2025,145.22,Paid,0.0
AMA-R15270,AMA-O12665,06/12/2024,100.88,Paid,0.0
AMA-R11863,AMA-O11268,10/23/2024,50.16,Paid,0.0
AMA-R10692,AMA-O13958,2025-06-24,396.36,Paid,0.0
AMA-R12490,AMA-O8070,2025-06-02,108.38,Paid,108.38
AMA-R9428,AMA-O5626,03/25/2023,81.93,Pending,0.0
AMA-R11895,AMA-O11453,2024-07-01,184.32,Paid,0.0
AMA-R9318,AMA-O13968,12/01/2024,1185.12,Paid,0.0
AMA-R14106,AMA-O5153,18-Jul-2025,141.19,Paid,0.0
AMA-R10376,AMA-O5499,11/24/2025,372.35,Paid,0.0
AMA-R12016,AMA-O7246,04-Oct-2023,162.54,Paid,0.0
AMA-R14849,AMA-O8624,11/07/2023,110.14,Refunded,0.0
AMA-R17193,AMA-O14226,13-Aug-2024,730.63,Paid,0.0
AMA-R17865,AMA-O14055,07/09/2023,138.3,Refunded,0.0
AMA-R17272,AMA-O14776,2023-01-13,115.92,Paid,0.0
AMA-R16545,AMA-O11345,2023-06-20,394.7,Paid,0.0
AMA-R13706,AMA-O5854,24-Apr-2024,147.97,Paid,0.0
AMA-R12944,AMA-O5838,10-Aug-2024,343.8,Pending,0.0
AMA-R13302,AMA-O13646,06/05/2025,42.59,Paid,0.0
AMA-R11571,AMA-O5390,2023-02-19,144.35,Refunded,0.0
AMA-R17915,AMA-O5021,2025-12-02,781.84,Paid,781.84
AMA-R16806,AMA-O13160,2024-10-25,1169.1,Refunded,0.0
AMA-R12522,AMA-O14431,04/22/2023,39.06,Refunded,0.0
AMA-R13114,AMA-O11637,21-May-2024,384.16,Paid,0.0
AMA-R12122,AMA-O10938,31-May-2023,264.0,Paid,0.0
AMA-R16759,AMA-O9385,26-Dec-2024,825.39,Paid,825.39
AMA-R14682,AMA-O9007,10-May-2025,239.25,Paid,111.0
AMA-R17189,AMA-O14119,2025-04-01,289.8,Paid,0.0
AMA-R16581,AMA-O13228,09/18/2025,411.9,Paid,0.0
AMA-R12372,AMA-O6311,12-Apr-2023,996.15,Paid,0.0
AMA-R11057,AMA-O12613,04/21/2025,138.32,Paid,0.0
AMA-R11283,AMA-O13905,11/05/2025,131.76,Paid,0.0
AMA-R12472,AMA-O14653,20-Aug-2023,12.25,Paid,0.0
AMA-R15392,AMA-O9603,11/30/2024,237.03,Paid,0.0
AMA-R14932,AMA-O6037,11/29/2025,349.2,Paid,0.0
AMA-R9686,AMA-O12314,2023-10-05,123.56,Paid,123.56
AMA-R9550,AMA-O8985,10/16/2025,1025.13,Paid,0.0
AMA-R16419,AMA-O13805,12/28/2023,75.08,Paid,75.08
AMA-R10730,AMA-O11482,2023-05-22,108.24,Paid,0.0
AMA-R10865,AMA-O6185,08/03/2024,468.5,Paid,0.0
AMA-R11405,AMA-O5160,16-Feb-2025,52.59,Paid,52.59
AMA-R14729,AMA-O14422,22-Dec-2023,44.64,Paid,0.0
AMA-R12809,AMA-O12786,12-Jun-2025,2096.9,Refunded,0.0
AMA-R11503,AMA-O13459,2024-11-13,8.78,Pending,0.0
AMA-R15266,AMA-O9123,2023-05-27,15.23,Paid,0.0
AMA-R15289,AMA-O9554,08-Feb-2023,101.71,Paid,101.71
AMA-R13712,AMA-O10952,2023-01-27,352.35,Paid,0.0
AMA-R18477,AMA-O13366,10-Oct-2024,38.4,Refunded,0.0
AMA-R17218,AMA-O13693,01/02/2025,274.49,Pending,0.0
AMA-R17581,AMA-O7507,07-Feb-2024,278.24,Paid,278.24
AMA-R17966,AMA-O12830,16-Jan-2025,1583.15,Paid,0.0
AMA-R13537,AMA-O14404,07-Mar-2024,69.72,Paid,0.0
AMA-R12660,AMA-O6129,19-Jan-2023,2325.75,Paid,0.0
AMA-R18088,AMA-O5850,08-Jan-2024,25.19,Paid,0.0
AMA-R10316,AMA-O11545,03/10/2024,87.69,Paid,0.0
AMA-R9466,AMA-O12994,11/08/2023,553.05,Paid,0.0
AMA-R12933,AMA-O9663,2023-06-30,786.55,Paid,0.0
AMA-R10739,AMA-O11003,09/03/2024,2.69,Paid,0.0
AMA-R17831,AMA-O12080,10/21/2023,240.25,Pending,0.0
AMA-R11633,AMA-O10214,2025-08-27,102.84,Paid,0.0
AMA-R12904,AMA-O11785,2024-02-11,6.05,Paid,0.0
AMA-R11364,AMA-O6603,2023-02-09,209.72,Paid,0.0
AMA-R15384,AMA-O9410,08-Aug-2024,597.25,Refunded,0.0
AMA-R12790,AMA-O12219,01/23/2023,52.45,Refunded,0.0
AMA-R11519,AMA-O10497,03/11/2025,58.3,Paid,0.0
AMA-R16102,AMA-O6225,2025-03-07,63.5,Pending,0.0
AMA-R12726,AMA-O10147,2025-06-21,25.7,Refunded,3.93
AMA-R9898,AMA-O10765,04/06/2025,28.56,Paid,0.0
AMA-R13633,AMA-O9535,2024-07-24,212.64,Paid,212.64
AMA-R18646,AMA-O14833,2025-02-24,820.5,Refunded,0.0
AMA-R14203,AMA-O12202,2024-08-05,,Paid,0.0
AMA-R14198,AMA-O11151,03/30/2024,367.25,Paid,367.25
AMA-R10453,AMA-O7888,2024-09-05,434.2,Paid,0.0
AMA-R14904,AMA-O6887,07-Nov-2023,381.86,Pending,0.0
AMA-R18510,AMA-O11724,04/17/2025,282.6,Pending,0.0
AMA-R9610,AMA-O5213,2024-11-20,347.05,Paid,40.06
AMA-R9005,AMA-O12671,09/24/2023,62.98,Paid,0.0
AMA-R17894,AMA-O8641,03-Nov-2025,15.86,Paid,0.0
AMA-R11185,AMA-O12016,2025-01-01,445.74,Paid,0.0
AMA-R13710,AMA-O14063,09-Dec-2023,120.48,Paid,0.0
AMA-R15288,AMA-O13560,07-Aug-2025,397.05,Paid,0.0
AMA-R13062,AMA-O13010,2024-12-10,252.72,Refunded,0.0
AMA-R18209,AMA-O9389,2023-12-29,117.93,Paid,0.0
AMA-R14325,AMA-O7331,30-Apr-2023,457.75,Paid,0.0
AMA-R16463,AMA-O13145,08-Oct-2024,41.56,Paid,0.0
AMA-R13647,AMA-O12657,02-Nov-2023,239.94,Paid,0.0
AMA-R16010,AMA-O10470,09/22/2024,199.35,Paid,0.0
AMA-R16704,AMA-O8738,07/23/2024,,Pending,0.0
AMA-R12965,AMA-O11150,2025-09-29,45.2,Paid,0.0
AMA-R13572,AMA-O9990,16-Aug-2024,181.25,Refunded,0.0
AMA-R14154,AMA-O11880,07/27/2023,74.24,Paid,0.0
AMA-R10544,AMA-O13062,15-Dec-2023,129.2,Paid,0.0
AMA-R10558,AMA-O12751,28-Feb-2023,87.95,Paid,0.0
AMA-R10969,AMA-O10808,2024-11-27,116.56,Paid,0.0
AMA-R14945,AMA-O6060,12/25/2023,134.08,Paid,0.0
AMA-R18286,AMA-O14533,2023-08-07,190.78,Paid,0.0
AMA-R14303,AMA-O14295,04-Sep-2024,,Paid,148.45
AMA-R17313,AMA-O13587,11-Sep-2023,105.6,Refunded,0.0
AMA-R9639,AMA-O12396,2025-06-20,37.36,Paid,0.0
AMA-R15134,AMA-O11401,2025-04-29,120.15,Paid,0.0
AMA-R13969,AMA-O12319,06/29/2023,218.54,Refunded,0.0
AMA-R10275,AMA-O8710,04/18/2023,17.7,Paid,0.0
AMA-R14168,AMA-O13180,24-Dec-2023,102.68,Paid,0.0
AMA-R17353,AMA-O6967,02/28/2025,189.28,Paid,0.0
AMA-R16497,AMA-O8711,2024-05-02,126.68,Paid,0.0
AMA-R14053,AMA-O10278,11-Jun-2025,2.73,Paid,0.0
AMA-R12220,AMA-O9713,2023-04-02,138.5,Pending,0.0
AMA-R14563,AMA-O8840,03-Sep-2025,265.63,Paid,265.63
AMA-R14263,AMA-O10007,2023-03-22,304.11,Paid,0.0
AMA-R18021,AMA-O8328,08/24/2025,293.13,Paid,293.13
AMA-R14453,AMA-O11954,24-Jun-2025,562.14,Paid,562.14
AMA-R11892,AMA-O11856,11/16/2025,483.3,Paid,0.0
AMA-R18029,AMA-O6941,23-Jul-2023,1288.26,Paid,0.0
AMA-R13614,AMA-O10073,2024-12-26,51.5,Paid,0.0
AMA-R11001,AMA-O14102,13-Nov-2024,41.0,Paid,41.0
AMA-R11210,AMA-O13022,04/27/2025,98.88,Paid,98.88
AMA-R13620,AMA-O5181,06/18/2025,108.6,Refunded,0.0
AMA-R13693,AMA-O13014,03/13/2024,35.55,Paid,0.0
AMA-R13108,AMA-O13716,2024-01-31,177.82,Paid,0.0
AMA-R14991,AMA-O9892,17-Jun-2025,130.76,Paid,0.0
AMA-R13466,AMA-O5175,08/29/2023,43.68,Paid,0.0
AMA-R17693,AMA-O7136,12/22/2023,132.24,Paid,0.0
AMA-R17229,AMA-O6405,2025-05-09,533.78,Paid,0.0
AMA-R10907,AMA-O14391,2023-06-20,158.96,Paid,0.0
AMA-R9175,AMA-O12407,2023-12-27,188.0,Paid,188.0
AMA-R11432,AMA-O11544,09-May-2024,,Paid,0.0
AMA-R17601,AMA-O6337,2024-03-14,10.12,Pending,0.0
AMA-R14513,AMA-O8160,28-Feb-2023,111.09,Paid,0.0
AMA-R15146,AMA-O6433,11/23/2025,61.4,Paid,61.4
AMA-R13241,AMA-O5657,2023-03-05,558.45,Paid,0.0
AMA-R14475,AMA-O12278,10/29/2023,42.3,Paid,42.3
AMA-R17544,AMA-O9838,07/15/2024,260.52,Paid,0.0
AMA-R12763,AMA-O6074,10/28/2023,1355.0,Paid,0.0
AMA-R15363,AMA-O13770,09/21/2025,79.24,Paid,79.24
AMA-R12898,AMA-O12788,16-Oct-2025,101.73,Paid,0.0
AMA-R9248,AMA-O9604,2023-06-24,295.3,Paid,0.0
AMA-R12063,AMA-O5402,2024-04-04,395.02,Paid,0.0
AMA-R14745,AMA-O14351,16-Nov-2023,452.22,Paid,0.0
AMA-R17206,AMA-O14561,2023-10-23,2261.0,Paid,0.0
AMA-R16180,AMA-O11346,02/29/2024,44.56,Paid,0.0
AMA-R13554,AMA-O11772,2024-07-22,3898.2,Paid,0.0
AMA-R16587,AMA-O14437,06/16/2023,153.63,Paid,0.0
AMA-R17961,AMA-O10677,04-May-2023,258.44,Paid,0.0
AMA-R18650,AMA-O13259,12/31/2025,66.94,Refunded,0.0
AMA-R10537,AMA-O11565,2025-12-28,1380.36,Refunded,0.0
AMA-R10483,AMA-O10681,14-Sep-2025,348.06,Paid,0.0
AMA-R11778,AMA-O12589,12/19/2023,482.88,Refunded,0.0
AMA-R15272,AMA-O11296,2025-09-24,98.04,Paid,0.0
AMA-R12931,AMA-O14120,2023-08-21,191.94,Paid,0.0
AMA-R10248,AMA-O11176,2023-05-20,67.32,Paid,0.0
AMA-R17775,AMA-O9422,09-Aug-2025,259.0,Refunded,0.0
AMA-R14073,AMA-O5264,10/13/2024,108.72,Paid,0.0
AMA-R12607,AMA-O7352,2024-02-05,249.02,Paid,0.0
AMA-R10567,AMA-O5735,03/03/2025,33.82,Paid,33.82
AMA-R18201,AMA-O11089,03/19/2025,29.26,Paid,0.0
AMA-R9778,AMA-O6586,16-Sep-2025,1927.26,Pending,0.0
AMA-R9884,AMA-O13585,17-May-2024,3108.76,Paid,0.0
AMA-R10571,AMA-O14207,2024-11-26,270.3,Paid,270.3
AMA-R10776,AMA-O10734,2025-09-16,122.82,Refunded,0.0
AMA-R14838,AMA-O7536,2025-01-30,,Paid,90.88
AMA-R9960,AMA-O11403,29-Jul-2023,,Paid,0.0
AMA-R15945,AMA-O11601,04/29/2023,980.25,Paid,980.25
AMA-R11971,AMA-O14113,15-Jan-2024,347.2,Pending,0.0
AMA-R12923,AMA-O6020,13-Dec-2024,2181.84,Paid,0.0
AMA-R15137,AMA-O8746,25-Jan-2024,103.68,Paid,0.0
AMA-R10804,AMA-O5101,04-Mar-2025,519.65,Refunded,0.0
AMA-R16235,AMA-O12462,2025-07-19,72.36,Paid,0.0
AMA-R17635,AMA-O8085,31-Aug-2025,374.48,Pending,0.0
AMA-R15277,AMA-O6111,2025-01-07,1788.8,Refunded,225.44
AMA-R11596,AMA-O8637,2024-11-11,376.54,Refunded,0.0
AMA-R10965,AMA-O12120,2023-04-12,353.56,Paid,0.0
AMA-R18538,AMA-O11775,2024-11-15,302.75,Paid,0.0
AMA-R17882,AMA-O12308,04/17/2023,143.8,Paid,0.0
AMA-R10505,AMA-O12220,04/20/2023,93.57,Paid,30.09
AMA-R12378,AMA-O9925,2025-07-11,328.48,Pending,0.0
AMA-R16533,AMA-O8754,2024-05-30,130.85,Refunded,0.0
AMA-R15501,AMA-O13941,08/29/2024,755.15,Paid,0.0
AMA-R10096,AMA-O11546,27-May-2023,262.4,Paid,262.4
AMA-R14955,AMA-O7357,19-Jan-2025,338.05,Paid,0.0
AMA-R12758,AMA-O11391,06/26/2024,9.84,Paid,0.0
AMA-R10828,AMA-O9704,11/30/2023,113.82,Paid,0.0
AMA-R9589,AMA-O11781,05/06/2024,108.32,Pending,0.0
AMA-R17722,AMA-O5443,2025-11-30,91.13,Refunded,0.0
AMA-R9339,AMA-O10231,2023-04-10,745.44,Paid,0.0
AMA-R13101,AMA-O12706,02/06/2024,330.45,Paid,0.0
AMA-R17262,AMA-O12920,2024-03-17,195.22,Refunded,0.0
AMA-R16805,AMA-O7358,12/28/2025,366.44,Paid,366.44
AMA-R11407,AMA-O8442,10/24/2023,299.46,Paid,0.0
AMA-R15742,AMA-O9852,2025-05-12,149.9,Paid,0.0
AMA-R16056,AMA-O10880,27-Apr-2025,11.72,Paid,0.0
AMA-R11124,AMA-O7998,2025-01-01,419.9,Pending,0.0
AMA-R10976,AMA-O13634,08/01/2023,35.42,Paid,0.0
AMA-R18621,AMA-O10320,21-Jul-2024,121.96,Paid,0.0
AMA-R15594,AMA-O10675,09/01/2024,280.75,Paid,0.0
AMA-R15654,AMA-O11144,2023-06-23,187.11,Refunded,0.0
AMA-R10313,AMA-O13871,2023-04-28,1918.1,Paid,0.0
AMA-R10819,AMA-O13009,09/02/2024,299.48,Paid,0.0
AMA-R17087,AMA-O5656,04-Feb-2025,198.55,Paid,198.55
AMA-R14949,AMA-O7094,04-Apr-2025,316.7,Paid,0.0
AMA-R13751,AMA-O8493,04-Jul-2024,206.93,Paid,206.93
AMA-R9849,AMA-O12668,2024-07-27,268.87,Paid,0.0
AMA-R18197,AMA-O8558,2024-07-23,282.56,Paid,0.0
AMA-R17909,AMA-O13133,10/08/2025,746.8,Paid,0.0
AMA-R11641,AMA-O5205,02-Jan-2025,225.66,Paid,0.0
AMA-R14422,AMA-O14007,09/23/2025,932.24,Paid,0.0
AMA-R11933,AMA-O5993,03/26/2023,50.88,Paid,50.88
AMA-R13191,AMA-O10877,06-Aug-2023,244.2,Paid,0.0
AMA-R13274,AMA-O6985,11/21/2024,65.1,Refunded,0.0
AMA-R16726,AMA-O5650,11/02/2023,106.66,Paid,0.0
AMA-R17041,AMA-O5608,16-Feb-2024,203.75,Paid,0.0
AMA-R15794,AMA-O7117,18-Jul-2025,28.76,Paid,28.76
AMA-R9386,AMA-O11803,08-May-2023,1660.96,Paid,1660.96
AMA-R16819,AMA-O14602,2023-08-20,2153.5,Paid,0.0
AMA-R13725,AMA-O5145,03/06/2025,93.84,Paid,0.0
AMA-R11362,AMA-O5518,10-Apr-2025,265.4,Paid,0.0
AMA-R9938,AMA-O9218,2023-12-25,297.6,Paid,0.0
AMA-R15456,AMA-O10888,2024-11-13,74.58,Paid,74.58
AMA-R14259,AMA-O5203,2025-02-15,18.18,Paid,0.0
AMA-R10978,AMA-O10528,13-May-2024,295.7,Paid,0.0
AMA-R14597,AMA-O5969,01-Dec-2023,129.8,Paid,0.0
AMA-R11995,AMA-O10512,01-Mar-2025,318.1,Refunded,0.0
AMA-R17607,AMA-O5219,03/20/2025,96.34,Pending,0.0
AMA-R12133,AMA-O8140,11-Jun-2025,685.65,Paid,685.65
AMA-R16567,AMA-O11023,04/21/2024,16.14,Paid,0.0
AMA-R17952,AMA-O6378,13-Jun-2025,225.36,Paid,0.0
AMA-R17610,AMA-O11740,2025-06-21,21.08,Paid,0.0
AMA-R16275,AMA-O8454,2024-12-12,1510.42,Refunded,0.0
AMA-R17730,AMA-O12415,2023-10-28,62.8,Paid,0.0
AMA-R17040,AMA-O12271,01/08/2023,27.32,Paid,0.0
AMA-R11840,AMA-O11851,11-Sep-2023,81.65,Paid,0.0
AMA-R16474,AMA-O8932,2024-11-03,14.39,Pending,0.0
AMA-R16847,AMA-O12695,15-Mar-2025,130.44,Paid,130.44
AMA-R11574,AMA-O13897,2025-12-24,10.01,Refunded,0.0
AMA-R10783,AMA-O14429,18-Jul-2025,726.7,Paid,0.0
AMA-R15532,AMA-O10977,2025-07-12,53.86,Paid,0.0
AMA-R18251,AMA-O10134,05/23/2025,151.35,Paid,0.0
AMA-R15564,AMA-O5715,03/26/2023,427.25,Paid,0.0
AMA-R16569,AMA-O11968,11-Dec-2024,386.2,Paid,0.0
AMA-R14805,AMA-O6475,2025-03-10,3.28,Paid,3.28
AMA-R18038,AMA-O6728,05/01/2025,278.24,Pending,0.0
AMA-R15588,AMA-O11061,06/15/2025,,Paid,0.0
AMA-R16276,AMA-O10692,25-Apr-2024,23.56,Paid,23.56
AMA-R13719,AMA-O11458,14-Apr-2024,110.0,Paid,110.0
AMA-R18463,AMA-O11556,2025-02-02,221.41,Paid,0.0
AMA-R11201,AMA-O5325,06/06/2024,195.64,Refunded,0.0
AMA-R9163,AMA-O13961,29-Aug-2025,243.15,Paid,0.0
AMA-R13128,AMA-O6221,2025-02-06,483.45,Paid,0.0
AMA-R16130,AMA-O11424,11/04/2024,226.8,Paid,0.0
AMA-R11252,AMA-O5303,09/28/2025,349.76,Paid,0.0
AMA-R15215,AMA-O9346,04/10/2023,26.43,Paid,26.43
AMA-R12232,AMA-O10162,27-Jul-2025,159.87,Paid,0.0
AMA-R10827,AMA-O11898,08-Jan-2025,855.0,Paid,0.0
AMA-R12171,AMA-O9094,06/30/2025,118.6,Paid,0.0
AMA-R10768,AMA-O6000,12/01/2025,234.9,Paid,0.0
AMA-R14103,AMA-O9920,16-Jul-2024,35.4,Paid,0.0
AMA-R9812,AMA-O6159,2025-07-29,48.62,Paid,0.0
AMA-R15918,AMA-O11721,2023-12-08,110.6,Paid,110.6
AMA-R17345,AMA-O8938,2023-02-18,118.17,Paid,0.0
AMA-R13171,AMA-O7228,12/24/2023,2146.95,Paid,0.0
AMA-R17664,AMA-O5338,13-Jan-2025,240.56,Paid,0.0
AMA-R16671,AMA-O6002,14-Dec-2024,348.93,Pending,0.0
AMA-R14345,AMA-O12836,04/19/2024,607.05,Paid,0.0
AMA-R9617,AMA-O9088,10/31/2024,425.2,Pending,0.0
AMA-R18250,AMA-O12561,2025-02-25,270.16,Paid,0.0
AMA-R11101,AMA-O5230,2023-08-01,206.44,Paid,0.0
AMA-R18662,AMA-O9999,2024-02-17,416.82,Paid,0.0
AMA-R10450,AMA-O5985,23-Jan-2023,66.0,Paid,0.0
AMA-R17994,AMA-O14181,06-Oct-2025,181.48,Refunded,0.0
AMA-R10591,AMA-O13858,18-Dec-2024,734.85,Paid,0.0
AMA-R12787,AMA-O12689,10-Nov-2023,123.1,Refunded,0.0
AMA-R17678,AMA-O5510,04/10/2024,20.36,Paid,0.0
AMA-R16299,AMA-O13655,02-Nov-2025,338.95,Paid,0.0
AMA-R14326,AMA-O11428,01/09/2023,136.98,Paid,0.0
AMA-R17188,AMA-O10794,19-Aug-2023,191.45,Paid,0.0
AMA-R15455,AMA-O11077,2025-11-10,15.06,Paid,0.0
AMA-R13202,AMA-O7253,01-Nov-2025,20.11,Paid,0.0
AMA-R15521,AMA-O14910,11/19/2024,387.86,Paid,0.0
AMA-R17015,AMA-O6825,10/04/2025,1408.15,Paid,0.0
AMA-R17368,AMA-O9670,2025-03-04,55.16,Paid,55.16
AMA-R16179,AMA-O14874,04-Oct-2024,198.04,Paid,198.04
AMA-R13718,AMA-O11983,2023-11-13,30.36,Pending,0.0
AMA-R18086,AMA-O14690,2023-01-02,800.82,Paid,0.0
AMA-R13846,AMA-O11520,22-Jul-2023,244.62,Refunded,0.0
AMA-R11668,AMA-O14184,06-May-2024,138.72,Paid,0.0
AMA-R14806,AMA-O6727,2024-12-31,120.15,Paid,0.0
AMA-R16531,AMA-O11184,23-Mar-2024,100.0,Paid,0.0
AMA-R16669,AMA-O12506,08/14/2025,31.1,Paid,0.0
AMA-R10201,AMA-O12223,12/01/2023,109.25,Paid,0.0
AMA-R12764,AMA-O10694,20-Aug-2025,1869.63,Paid,1869.63
AMA-R12398,AMA-O8825,09/02/2024,85.82,Pending,0.0
AMA-R12081,AMA-O10876,01/20/2023,17.84,Paid,0.0
AMA-R12772,AMA-O14616,2024-08-23,18.01,Paid,18.01
AMA-R9132,AMA-O11839,15-May-2024,51.69,Paid,0.0
AMA-R15492,AMA-O8002,08/17/2024,229.4,Refunded,0.0
AMA-R18473,AMA-O8049,11/11/2023,64.72,Paid,0.0
AMA-R13435,AMA-O11719,29-Aug-2023,293.32,Paid,0.0
AMA-R10736,AMA-O8157,07/17/2025,307.16,Paid,0.0
AMA-R14488,AMA-O11703,2024-04-25,404.96,Paid,0.0
AMA-R16684,AMA-O8955,06/20/2024,366.6,Paid,0.0
AMA-R12604,AMA-O8776,17-Nov-2023,83.33,Pending,0.0
AMA-R10481,AMA-O9721,09-Aug-2025,33.6,Paid,0.0
AMA-R16027,AMA-O11717,18-May-2023,235.36,Refunded,0.0
AMA-R15753,AMA-O7407,17-Nov-2023,71.73,Paid,0.0
AMA-R13056,AMA-O9105,2024-05-13,21.49,Paid,0.0
AMA-R10835,AMA-O6457,04/20/2025,786.39,Pending,0.0
AMA-R11786,AMA-O5112,2023-07-12,130.56,Paid,30.17
AMA-R10975,AMA-O7853,09-May-2023,480.85,Paid,0.0
AMA-R11030,AMA-O10447,07-Sep-2023,290.52,Paid,0.0
AMA-R15174,AMA-O12379,02-Apr-2024,395.12,Refunded,0.0
AMA-R17592,AMA-O8741,04/16/2024,445.84,Paid,0.0
AMA-R14509,AMA-O12676,12-Dec-2023,986.36,Paid,0.0
AMA-R17970,AMA-O13765,12/13/2024,137.46,Paid,0.0
AMA-R15609,AMA-O10540,06-Apr-2024,1566.3,Paid,1566.3
AMA-R16282,AMA-O5514,10/28/2023,482.2,Paid,0.0
AMA-R11901,AMA-O10721,08/11/2023,2338.05,Paid,0.0
AMA-R14370,AMA-O6818,03/07/2023,181.65,Paid,181.65
AMA-R16934,AMA-O13997,2023-09-23,54.09,Paid,54.09
AMA-R13100,AMA-O12895,2025-10-23,154.95,Paid,73.3
AMA-R15144,AMA-O7437,06-Dec-2024,5.83,Paid,0.0
AMA-R14456,AMA-O9052,2023-09-14,21.72,Paid,0.0
AMA-R13087,AMA-O13130,06/16/2025,215.6,Paid,0.0
AMA-R16535,AMA-O6142,2025-03-03,105.16,Paid,0.0
AMA-R12952,AMA-O9623,03-Dec-2025,2046.3,Paid,0.0
AMA-R18257,AMA-O10260,2024-07-18,106.08,Paid,0.0
AMA-R13162,AMA-O6782,03/26/2023,122.64,Paid,0.0
AMA-R15338,AMA-O14832,02/29/2024,178.16,Paid,0.0
AMA-R18136,AMA-O10051,07/12/2025,639.42,Pending,0.0
AMA-R17582,AMA-O6012,12/20/2024,14.48,Paid,14.48
AMA-R16123,AMA-O8095,2025-01-28,331.96,Paid,0.0
AMA-R10088,AMA-O6363,2024-09-14,25.32,Paid,0.0
AMA-R15168,AMA-O9252,13-Feb-2025,59.29,Paid,0.0
AMA-R18299,AMA-O5300,17-Sep-2025,87.4,Paid,87.4
AMA-R10105,AMA-O12099,2025-08-12,161.14,Paid,0.0
AMA-R9936,AMA-O12163,13-Apr-2024,351.36,Paid,0.0
AMA-R17579,AMA-O11388,2025-10-01,391.89,Paid,0.0
AMA-R18061,AMA-O12311,29-May-2023,164.4,Paid,0.0
AMA-R17113,AMA-O6624,12/03/2025,2282.5,Paid,996.92
AMA-R10652,AMA-O13751,06/08/2024,146.86,Paid,28.75
AMA-R16761,AMA-O5964,2024-02-23,82.96,Paid,0.0
AMA-R15267,AMA-O7024,2024-07-15,79.17,Refunded,0.0
AMA-R12094,AMA-O14528,08/08/2024,122.28,Paid,0.0
AMA-R10867,AMA-O9454,22-Apr-2025,282.65,Paid,282.65
AMA-R14276,AMA-O11683,03/27/2024,89.7,Paid,0.0
AMA-R16367,AMA-O12456,2024-06-03,1994.55,Paid,0.0
AMA-R17825,AMA-O8717,25-May-2025,696.45,Paid,0.0
AMA-R11138,AMA-O7857,20-Oct-2023,188.92,Paid,0.0
AMA-R14618,AMA-O13470,12-Jan-2025,37.12,Pending,0.0
AMA-R16511,AMA-O14413,19-Jul-2025,25.9,Paid,0.0
AMA-R9856,AMA-O8824,03/22/2025,,Paid,0.0
AMA-R10870,AMA-O9712,2025-03-15,354.36,Paid,354.36
AMA-R13012,AMA-O10243,02/23/2025,318.88,Paid,0.0
AMA-R10075,AMA-O6741,24-Dec-2025,150.04,Paid,0.0
AMA-R14479,AMA-O14435,2024-02-29,157.15,Paid,0.0
AMA-R14603,AMA-O9641,19-Oct-2023,1221.95,Paid,607.72
AMA-R15273,AMA-O13432,02/15/2023,29.08,Pending,0.0
AMA-R14842,AMA-O10425,27-Aug-2025,517.4,Paid,0.0
AMA-R13556,AMA-O6303,30-Nov-2023,1080.24,Paid,0.0
AMA-R12967,AMA-O6349,11/08/2024,191.56,Paid,0.0
AMA-R18441,AMA-O8830,2023-05-13,63.5,Paid,63.5
AMA-R10766,AMA-O14682,06-Jan-2025,82.12,Paid,82.12
AMA-R10808,AMA-O11728,2023-12-08,364.82,Refunded,0.0
AMA-R17680,AMA-O8291,08/20/2025,197.45,Paid,0.0
AMA-R15238,AMA-O9573,08/24/2025,88.91,Paid,0.0
AMA-R16962,AMA-O14773,30-Sep-2023,,Refunded,0.0
AMA-R15095,AMA-O13161,17-Aug-2024,578.16,Refunded,0.0
AMA-R13951,AMA-O11730,03-Jan-2024,830.24,Paid,0.0
AMA-R18206,AMA-O12595,2023-02-02,105.24,Paid,0.0
AMA-R12396,AMA-O7789,2024-04-14,229.68,Paid,229.68
AMA-R14470,AMA-O7756,17-May-2024,376.72,Paid,0.0
AMA-R9191,AMA-O6752,12/12/2024,41.06,Paid,0.0
AMA-R9796,AMA-O10693,12/27/2023,109.38,Pending,0.0
AMA-R17661,AMA-O12448,2023-07-30,77.34,Paid,0.0
AMA-R10357,AMA-O14919,10/04/2024,233.61,Paid,0.0
AMA-R10601,AMA-O9643,17-Feb-2023,165.72,Paid,0.0
AMA-R9056,AMA-O6655,12-Apr-2025,72.92,Paid,0.0
AMA-R11932,AMA-O8053,2023-03-19,249.03,Paid,249.03
AMA-R10583,AMA-O11042,04-Oct-2023,3332.45,Paid,3332.45
AMA-R17233,AMA-O8771,2023-11-20,36.79,Paid,0.0
AMA-R14697,AMA-O8515,12/20/2025,80.34,Paid,0.0
AMA-R9412,AMA-O14641,2023-01-16,1475.0,Paid,0.0
AMA-R9862,AMA-O7145,2024-06-24,152.6,Paid,0.0
AMA-R15908,AMA-O14740,23-Jul-2025,131.6,Paid,0.0
AMA-R10533,AMA-O11175,2025-08-31,,Paid,0.0
AMA-R17929,AMA-O13024,2023-07-01,298.05,Paid,0.0
AMA-R18008,AMA-O7474,2023-02-03,137.01,Paid,0.0
AMA-R10957,AMA-O6915,2025-07-12,158.14,Paid,0.0
AMA-R9456,AMA-O5535,02/11/2023,204.33,Paid,0.0
AMA-R18195,AMA-O12019,12/16/2024,443.55,Paid,0.0
AMA-R10646,AMA-O5675,13-Jul-2024,37.1,Paid,0.0
AMA-R13767,AMA-O11662,28-May-2024,212.12,Paid,0.0
AMA-R17327,AMA-O12869,05-Mar-2024,98.13,Paid,0.0
AMA-R15377,AMA-O14998,07/31/2023,69.18,Paid,0.0
AMA-R12317,AMA-O9736,19-Nov-2024,2383.32,Paid,0.0
AMA-R17588,AMA-O5166,27-Jun-2023,74.2,Pending,0.0
AMA-R14985,AMA-O6272,11/02/2025,809.12,Refunded,0.0
AMA-R18016,AMA-O8805,06-Jan-2023,19.49,Paid,0.0
AMA-R17705,AMA-O9783,2025-10-20,117.96,Paid,0.0
AMA-R15959,AMA-O6293,05/10/2024,69.93,Paid,0.0
AMA-R10627,AMA-O14676,06-Dec-2024,2341.08,Paid,0.0
AMA-R18255,AMA-O13522,2025-02-03,2052.55,Paid,0.0
AMA-R10117,AMA-O6924,2025-01-03,100.8,Paid,0.0
AMA-R9392,AMA-O11946,25-Nov-2025,34.48,Paid,0.0
AMA-R16476,AMA-O9934,23-Jun-2023,41.74,Refunded,0.0
AMA-R17933,AMA-O5103,2023-04-10,792.2,Paid,0.0
AMA-R16765,AMA-O14933,02/07/2025,196.14,Paid,196.14
AMA-R17846,AMA-O6084,2023-11-21,153.06,Paid,0.0
AMA-R10852,AMA-O9476,2023-09-03,30.7,Paid,0.0
AMA-R13259,AMA-O11502,02-Dec-2024,2601.3,Paid,2601.3
AMA-R17863,AMA-O11152,03-Mar-2023,35.93,Paid,0.0
AMA-R16866,AMA-O12146,2025-09-08,153.54,Paid,0.0
AMA-R13613,AMA-O6565,2023-04-21,1141.6,Refunded,0.0
AMA-R16432,AMA-O10878,04/01/2024,1329.45,Pending,554.34
AMA-R14516,AMA-O11174,2025-01-28,165.96,Paid,0.0
AMA-R16881,AMA-O5780,2023-12-18,93.5,Paid,0.0
AMA-R14332,AMA-O13244,2024-08-06,372.04,Paid,0.0
AMA-R12172,AMA-O11118,08/18/2025,92.01,Paid,0.0
AMA-R11514,AMA-O13623,2025-09-01,30.1,Paid,30.1
AMA-R12755,AMA-O14505,09/13/2023,794.48,Paid,794.48
AMA-R11785,AMA-O10017,06/05/2023,69.39,Paid,0.0
AMA-R15922,AMA-O6463,11/20/2023,124.2,Paid,0.0
AMA-R12568,AMA-O13172,02/28/2023,,Refunded,0.0
AMA-R13286,AMA-O7965,05-Jun-2023,507.9,Paid,0.0
AMA-R11071,AMA-O6639,2025-06-19,70.52,Paid,70.52
AMA-R16411,AMA-O12031,2025-02-21,651.5,Paid,111.39
AMA-R10943,AMA-O11195,2023-03-12,48.36,Refunded,0.0
AMA-R16868,AMA-O6826,2025-09-13,408.28,Paid,0.0
AMA-R16832,AMA-O9067,05/07/2025,411.68,Paid,0.0
AMA-R10127,AMA-O5320,02/14/2025,96.18,Paid,0.0
AMA-R11482,AMA-O10071,22-Jun-2024,1056.84,Paid,0.0
AMA-R14621,AMA-O7220,18-Aug-2023,20.8,Paid,0.0
AMA-R15743,AMA-O13081,2024-12-31,88.16,Paid,10.3
AMA-R11549,AMA-O10466,06/20/2025,220.47,Paid,220.47
AMA-R11700,AMA-O13767,10/05/2024,154.08,Paid,0.0
AMA-R9933,AMA-O11872,10-Jan-2023,75.12,Paid,0.0
AMA-R14243,AMA-O7668,09/03/2025,61.88,Paid,0.0
AMA-R9421,AMA-O9176,27-May-2024,461.5,Paid,0.0
AMA-R12450,AMA-O13290,12/02/2025,1074.86,Paid,0.0
AMA-R13471,AMA-O7558,21-Jan-2024,122.52,Paid,122.52
AMA-R13232,AMA-O11618,02/25/2023,71.01,Refunded,0.0
AMA-R12414,AMA-O6347,11/16/2025,431.45,Paid,0.0
AMA-R18457,AMA-O14911,2023-05-25,898.78,Pending,0.0
AMA-R17061,AMA-O9301,2024-12-24,347.04,Refunded,0.0
AMA-R16592,AMA-O6132,04/06/2023,89.85,Paid,0.0
AMA-R15404,AMA-O5436,10/04/2024,171.3,Paid,0.0
AMA-R12128,AMA-O7451,2024-12-23,1796.12,Paid,0.0
AMA-R13759,AMA-O8745,10/11/2024,22.64,Paid,0.0
AMA-R10300,AMA-O11140,04/28/2025,230.9,Paid,230.9
AMA-R12584,AMA-O6345,07-Jan-2024,109.92,Paid,109.92
AMA-R13963,AMA-O6282,2023-10-09,156.4,Refunded,0.0
AMA-R10682,AMA-O9284,17-May-2024,87.78,Paid,0.0
AMA-R10763,AMA-O9582,08/12/2024,1399.68,Paid,0.0
AMA-R18455,AMA-O9664,26-Jun-2025,155.34,Paid,0.0
AMA-R10928,AMA-O14978,2025-05-31,86.37,Pending,0.0
AMA-R13169,AMA-O9225,10/15/2025,1060.65,Paid,0.0
AMA-R9400,AMA-O7226,11/09/2024,635.79,Paid,0.0
AMA-R11565,AMA-O5934,2024-10-28,48.2,Paid,0.0
AMA-R12255,AMA-O11595,2025-11-29,228.72,Refunded,0.0
AMA-R15382,AMA-O12699,25-Oct-2025,22.32,Paid,22.32
AMA-R13283,AMA-O10396,08-Sep-2024,54.67,Paid,0.0
AMA-R9008,AMA-O9082,03/12/2023,129.9,Paid,0.0
AMA-R14307,AMA-O5826,12/29/2024,3386.15,Refunded,0.0
AMA-R16892,AMA-O11991,2023-03-18,199.15,Refunded,0.0
AMA-R14950,AMA-O13199,2025-08-17,3993.25,Paid,0.0
AMA-R10596,AMA-O7158,2025-05-16,100.45,Pending,0.0
AMA-R10824,AMA-O10904,2023-12-24,,Paid,0.0
AMA-R17786,AMA-O8961,2024-12-09,536.84,Paid,0.0
AMA-R15686,AMA-O7341,2025-04-20,93.6,Paid,0.0
AMA-R16558,AMA-O12943,25-May-2024,115.28,Paid,115.28
AMA-R13256,AMA-O11126,19-Jun-2024,117.6,Paid,0.0
AMA-R14610,AMA-O5201,01/23/2025,454.34,Paid,0.0
AMA-R11740,AMA-O5433,2024-06-25,243.12,Paid,43.46
AMA-R16560,AMA-O8312,01/10/2025,253.04,Paid,0.0
AMA-R14822,AMA-O7547,11/18/2023,582.15,Paid,0.0
AMA-R17410,AMA-O9374,2023-06-22,25.02,Refunded,0.0
AMA-R11104,AMA-O11211,04/18/2023,251.45,Paid,0.0
AMA-R11527,AMA-O8321,23-Dec-2023,419.3,Paid,0.0
AMA-R18216,AMA-O6483,06/30/2023,229.76,Paid,0.0
AMA-R13017,AMA-O8525,02/18/2024,55.75,Pending,0.0
AMA-R12025,AMA-O9459,29-Jan-2024,393.36,Paid,393.36
AMA-R16388,AMA-O13829,05-Jun-2025,271.9,Paid,0.0
AMA-R15674,AMA-O11832,09/28/2024,353.94,Paid,0.0
AMA-R18368,AMA-O6361,2024-03-15,136.84,Paid,41.16
AMA-R12775,AMA-O5047,01/12/2023,102.75,Paid,0.0
AMA-R13814,AMA-O13274,31-May-2025,40.3,Paid,40.3
AMA-R15282,AMA-O9563,08-Jun-2023,961.62,Paid,0.0
AMA-R9305,AMA-O12688,03/14/2025,184.8,Paid,0.0
AMA-R13251,AMA-O6966,01/28/2023,227.57,Paid,0.0
AMA-R15967,AMA-O9905,12/21/2023,263.05,Paid,0.0
AMA-R17788,AMA-O8401,24-Oct-2025,476.5,Paid,0.0
AMA-R15063,AMA-O10245,13-Dec-2025,22.19,Refunded,0.0
AMA-R11722,AMA-O10893,26-Dec-2023,94.36,Refunded,0.0
AMA-R14239,AMA-O12505,12/26/2024,1627.25,Paid,0.0
AMA-R15939,AMA-O13782,19-Dec-2024,109.2,Paid,0.0
AMA-R11351,AMA-O11886,03/30/2025,53.73,Paid,0.0
AMA-R13711,AMA-O11477,2024-02-09,223.44,Paid,54.3
AMA-R10161,AMA-O10487,02/26/2023,329.4,Paid,0.0
AMA-R10120,AMA-O12941,21-Aug-2025,88.5,Paid,0.0
AMA-R17685,AMA-O9113,2023-10-02,138.87,Refunded,0.0
AMA-R15882,AMA-O9382,10/21/2024,151.11,Paid,0.0
AMA-R9745,AMA-O10509,16-Oct-2024,68.73,Paid,8.31
AMA-R11171,AMA-O11330,19-Sep-2025,128.84,Paid,0.0
AMA-R10750,AMA-O7162,2024-11-23,24.33,Refunded,0.0
AMA-R16774,AMA-O7909,03-Aug-2025,44.42,Pending,0.0
AMA-R13603,AMA-O8230,2023-11-24,231.3,Paid,0.0
AMA-R16861,AMA-O12673,2024-04-20,25.15,Pending,0.0
AMA-R10380,AMA-O11208,10/09/2023,234.08,Paid,0.0
AMA-R17236,AMA-O7212,02-Apr-2025,214.2,Refunded,30.74
AMA-R17420,AMA-O12394,01/25/2023,267.57,Paid,0.0
AMA-R13754,AMA-O6699,02/19/2024,104.52,Paid,0.0
AMA-R12997,AMA-O6540,09/22/2025,383.06,Paid,0.0
AMA-R11745,AMA-O8571,2024-03-17,12.05,Paid,12.05
AMA-R15687,AMA-O8415,26-Feb-2023,546.32,Paid,0.0
AMA-R15227,AMA-O5373,07-Jul-2023,67.66,Paid,0.0
AMA-R9164,AMA-O8282,31-Jul-2023,262.32,Paid,0.0
AMA-R13222,AMA-O7872,2025-09-16,7.61,Pending,0.0
AMA-R15557,AMA-O11366,04/27/2025,15.0,Paid,0.0
AMA-R18608,AMA-O5593,31-Mar-2024,1776.33,Paid,0.0
AMA-R13675,AMA-O11944,2025-02-23,236.58,Pending,0.0
AMA-R17536,AMA-O5351,25-Oct-2023,105.3,Refunded,0.0
AMA-R16342,AMA-O14912,05-Aug-2025,107.62,Paid,0.0
AMA-R11291,AMA-O11540,06/10/2025,160.35,Paid,0.0
AMA-R13912,AMA-O6716,11/04/2023,228.54,Paid,0.0
AMA-R10092,AMA-O11270,2024-01-07,408.72,Paid,0.0
AMA-R10429,AMA-O7090,06/19/2023,71.56,Refunded,0.0
AMA-R10323,AMA-O12137,30-Jan-2023,37.11,Paid,0.0
AMA-R15110,AMA-O7799,14-Oct-2025,138.0,Paid,0.0
AMA-R12275,AMA-O10632,2023-10-10,429.43,Paid,0.0
AMA-R14776,AMA-O11096,07/17/2025,536.55,Paid,0.0
AMA-R12464,AMA-O10621,07-Jan-2023,213.07,Paid,0.0
AMA-R16472,AMA-O9702,02/17/2024,39.38,Paid,0.0
AMA-R12158,AMA-O13152,07/05/2023,102.22,Paid,0.0
AMA-R12120,AMA-O14322,27-Nov-2025,,Paid,164.45
AMA-R11902,AMA-O5745,14-Sep-2023,21.36,Refunded,0.0
AMA-R18043,AMA-O13852,03/16/2023,92.36,Refunded,0.0
AMA-R13497,AMA-O10984,03/20/2023,152.74,Paid,0.0
AMA-R15751,AMA-O5458,2025-06-08,204.72,Pending,0.0
AMA-R15515,AMA-O12235,04/22/2025,133.05,Paid,0.0
AMA-R18540,AMA-O13987,12/15/2023,116.79,Paid,0.0
AMA-R13125,AMA-O10247,11/12/2023,173.28,Paid,0.0
AMA-R14161,AMA-O14670,05-May-2023,98.52,Paid,0.0
AMA-R10767,AMA-O9281,07/08/2023,19.78,Paid,0.0
AMA-R17636,AMA-O6750,2024-12-21,71.22,Paid,0.0
AMA-R15880,AMA-O10407,10-Nov-2025,51.78,Paid,0.0
AMA-R15290,AMA-O12916,2023-06-15,123.72,Paid,0.0
AMA-R14592,AMA-O11782,05/04/2024,25.32,Paid,0.0
AMA-R16023,AMA-O14894,06/30/2024,2823.32,Paid,1354.28
AMA-R9843,AMA-O14989,03/09/2025,,Paid,19.41
AMA-R15926,AMA-O12838,2024-12-07,97.47,Paid,0.0
AMA-R12223,AMA-O6218,08/07/2025,147.85,Paid,0.0
AMA-R15647,AMA-O7151,2025-06-03,100.44,Paid,0.0
AMA-R10019,AMA-O13164,03/21/2024,107.34,Paid,0.0
AMA-R10208,AMA-O11110,11-Jun-2024,60.05,Refunded,0.0
AMA-R13314,AMA-O13764,19-Nov-2025,28.61,Paid,0.0
AMA-R14555,AMA-O13601,05-Feb-2024,17.92,Refunded,0.0
AMA-R11047,AMA-O6448,2024-07-13,295.7,Paid,0.0
AMA-R11712,AMA-O7613,10/27/2023,135.56,Refunded,33.7
AMA-R12010,AMA-O14307,28-Jan-2024,62.9,Paid,62.9
AMA-R14460,AMA-O11026,06/09/2024,971.8,Paid,0.0
AMA-R16826,AMA-O10539,10-Jun-2024,117.58,Refunded,36.38
AMA-R17283,AMA-O8219,09/04/2025,31.02,Paid,0.0
AMA-R13873,AMA-O11736,2023-03-28,,Paid,0.0
AMA-R11856,AMA-O14167,04/10/2024,353.2,Refunded,0.0
AMA-R11359,AMA-O12214,04-Mar-2023,65.64,Paid,0.0
AMA-R17791,AMA-O11353,14-Aug-2024,101.72,Paid,47.61
AMA-R9160,AMA-O6474,2024-11-25,204.15,Refunded,0.0
AMA-R15531,AMA-O12155,2024-09-24,,Paid,0.0
AMA-R15474,AMA-O6377,04/17/2025,264.44,Paid,0.0
AMA-R14884,AMA-O10843,06/18/2024,34.29,Paid,0.0
AMA-R14802,AMA-O11935,05/04/2025,680.04,Paid,0.0
AMA-R14235,AMA-O14757,28-Feb-2025,75.85,Paid,75.85
AMA-R18600,AMA-O12043,17-Aug-2023,54.35,Paid,0.0
AMA-R10630,AMA-O11776,2023-05-20,287.55,Paid,0.0
AMA-R14809,AMA-O6880,04-Aug-2025,33.36,Paid,0.0
AMA-R12651,AMA-O10849,30-Mar-2023,58.89,Paid,0.0
AMA-R13738,AMA-O10752,25-Jun-2023,80.3,Pending,0.0
AMA-R9887,AMA-O14846,08/12/2023,243.52,Paid,0.0
AMA-R9943,AMA-O13900,11-Sep-2023,168.84,Paid,0.0
AMA-R16697,AMA-O14343,11/13/2023,702.44,Paid,0.0
AMA-R16114,AMA-O10234,15-Nov-2023,163.72,Paid,0.0
AMA-R12409,AMA-O7811,2025-07-22,335.19,Refunded,0.0
AMA-R15192,AMA-O9227,2024-03-12,100.95,Paid,0.0
AMA-R18031,AMA-O11531,30-Jul-2024,1180.44,Paid,1180.44
AMA-R12537,AMA-O7723,2024-12-05,100.64,Refunded,0.0
AMA-R11409,AMA-O9272,2025-06-06,24.98,Paid,0.0
AMA-R16937,AMA-O10881,2024-06-23,435.4,Refunded,0.0
AMA-R16769,AMA-O14253,2025-03-19,46.84,Paid,0.0
AMA-R13086,AMA-O9243,2023-05-10,244.92,Refunded,0.0
AMA-R11354,AMA-O6593,2023-11-02,675.03,Pending,0.0
AMA-R17079,AMA-O8335,2025-06-11,50.04,Refunded,0.0
AMA-R15265,AMA-O12026,07/02/2025,25.75,Paid,0.0
AMA-R15218,AMA-O6581,04/27/2023,521.72,Paid,521.72
AMA-R12998,AMA-O14112,04/19/2024,342.78,Paid,0.0
AMA-R17374,AMA-O6871,2023-09-15,591.9,Refunded,0.0
AMA-R18148,AMA-O11409,10-May-2023,54.32,Paid,0.0
AMA-R15373,AMA-O13461,07/29/2023,82.64,Paid,0.0
AMA-R14331,AMA-O9632,11-Apr-2025,459.32,Paid,0.0
AMA-R10851,AMA-O12709,2024-04-12,898.35,Paid,0.0
AMA-R11227,AMA-O7142,01/26/2025,,Paid,509.04
AMA-R16278,AMA-O8344,02-Jan-2025,100.14,Paid,0.0
AMA-R16166,AMA-O11770,11-Aug-2024,20.0,Paid,0.0
AMA-R10090,AMA-O10577,07/10/2025,164.62,Refunded,0.0
AMA-R17612,AMA-O7395,2023-03-29,537.5,Paid,0.0
AMA-R11942,AMA-O9372,20-Dec-2024,102.64,Refunded,0.0
AMA-R9872,AMA-O12813,05/03/2023,208.89,Paid,0.0
AMA-R11317,AMA-O12988,13-Oct-2024,51.77,Paid,0.0
AMA-R18006,AMA-O5413,2023-08-11,400.76,Paid,0.0
AMA-R12547,AMA-O7199,2025-06-05,9.93,Pending,0.0
AMA-R10821,AMA-O7312,2023-03-31,44.23,Paid,44.23
AMA-R18028,AMA-O7819,07/26/2025,76.64,Pending,0.0
AMA-R15046,AMA-O9497,11/14/2025,45.64,Refunded,0.0
AMA-R14743,AMA-O11361,2025-12-01,421.56,Paid,0.0
AMA-R13063,AMA-O9084,04/29/2023,191.8,Paid,0.0
AMA-R12444,AMA-O12332,26-May-2023,79.76,Paid,0.0
AMA-R13713,AMA-O13283,2023-01-25,168.2,Paid,0.0
AMA-R9108,AMA-O5548,04-Mar-2023,18.2,Paid,0.0
AMA-R12560,AMA-O10001,22-Dec-2023,68.14,Paid,0.0
AMA-R16568,AMA-O13563,21-Apr-2023,151.22,Paid,0.0
AMA-R9075,AMA-O6997,07/21/2023,28.18,Paid,28.18
AMA-R11734,AMA-O11009,06/28/2024,51.41,Pending,0.0
AMA-R10825,AMA-O6685,2025-06-28,1249.15,Paid,0.0
AMA-R9134,AMA-O7553,06-Mar-2024,23.36,Paid,0.0
AMA-R10175,AMA-O11523,03/19/2023,572.8,Paid,0.0
AMA-R10238,AMA-O13413,2023-04-29,149.78,Paid,0.0
AMA-R9073,AMA-O11682,01-May-2023,,Refunded,0.0
AMA-R17687,AMA-O8117,06-Apr-2025,60.48,Paid,0.0
AMA-R14446,AMA-O14858,10/05/2025,35.65,Paid,0.0
AMA-R16720,AMA-O14547,05/27/2023,,Paid,0.0
AMA-R11122,AMA-O11300,2024-08-16,306.48,Paid,0.0
AMA-R10374,AMA-O10551,11/27/2023,412.98,Paid,412.98
AMA-R13037,AMA-O12272,2024-06-29,340.77,Paid,0.0
AMA-R10604,AMA-O11473,08-Apr-2025,194.86,Refunded,0.0
AMA-R14058,AMA-O6498,2025-12-20,56.9,Paid,0.0
AMA-R12661,AMA-O11244,24-May-2025,164.16,Paid,164.16
AMA-R15759,AMA-O8885,09/28/2025,242.36,Paid,0.0
AMA-R16401,AMA-O5739,06-Feb-2024,89.4,Paid,0.0
AMA-R14451,AMA-O13554,2024-09-13,79.65,Paid,79.65
AMA-R12528,AMA-O13602,01/18/2024,217.2,Refunded,0.0
AMA-R17480,AMA-O9056,12/08/2025,93.02,Paid,0.0
AMA-R13275,AMA-O12641,07/24/2025,517.7,Paid,0.0
AMA-R13833,AMA-O9819,07-Jul-2025,20.76,Paid,20.76
AMA-R13207,AMA-O8193,29-Jul-2023,33.74,Paid,0.0
AMA-R10265,AMA-O6157,04-Apr-2023,29.92,Paid,0.0
AMA-R15513,AMA-O14861,09/19/2025,336.21,Refunded,0.0
AMA-R15451,AMA-O9485,2025-06-01,5.61,Paid,5.61
AMA-R9370,AMA-O14996,08-Jan-2023,145.95,Pending,0.0
AMA-R11326,AMA-O7350,02/03/2025,138.04,Paid,0.0
AMA-R9822,AMA-O11121,2023-07-01,69.9,Paid,69.9
AMA-R14270,AMA-O10902,2024-12-09,82.96,Paid,0.0
AMA-R10632,AMA-O5401,06/16/2025,,Paid,0.0
AMA-R11034,AMA-O8010,25-Aug-2023,24.94,Paid,0.0
AMA-R15003,AMA-O11092,20-Mar-2025,75.82,Paid,0.0
AMA-R14490,AMA-O7755,28-Jan-2025,325.84,Paid,0.0
AMA-R16802,AMA-O13263,06/27/2024,53.81,Paid,53.81
AMA-R15606,AMA-O14589,2024-09-16,105.34,Paid,0.0
AMA-R13367,AMA-O11810,10/05/2025,1022.32,Refunded,0.0
AMA-R14810,AMA-O8957,2024-08-22,10.11,Paid,0.0
AMA-R15623,AMA-O8039,04/14/2023,301.74,Paid,0.0
AMA-R13453,AMA-O5912,2023-03-11,277.72,Paid,0.0
AMA-R15313,AMA-O12553,27-Dec-2023,6.79,Paid,0.0
AMA-R10685,AMA-O6631,11/25/2024,323.78,Pending,0.0
AMA-R17448,AMA-O12423,2025-03-10,89.55,Paid,0.0
AMA-R11605,AMA-O11854,2023-08-31,238.21,Paid,238.21
AMA-R14077,AMA-O10604,29-Nov-2024,132.0,Paid,132.0
AMA-R13179,AMA-O11837,03/29/2023,117.66,Paid,117.66
AMA-R16019,AMA-O7381,06-Jul-2023,246.86,Refunded,0.0
AMA-R18032,AMA-O8936,2024-08-05,96.39,Paid,96.39
AMA-R10756,AMA-O5380,2023-03-05,857.13,Paid,0.0
AMA-R15868,AMA-O6210,01-Oct-2025,93.88,Paid,0.0
AMA-R9779,AMA-O13964,10/09/2024,571.48,Paid,0.0
AMA-R10033,AMA-O12264,2025-01-27,446.16,Paid,0.0
AMA-R10985,AMA-O8067,10/28/2025,40.83,Paid,0.0
AMA-R9276,AMA-O6239,2024-10-22,107.44,Refunded,0.0
AMA-R18539,AMA-O13035,07/18/2023,744.7,Paid,0.0
AMA-R18264,AMA-O14421,18-Jul-2025,79.92,Refunded,0.0
AMA-R16751,AMA-O10652,2024-08-24,134.5,Paid,0.0
AMA-R11844,AMA-O9796,06/16/2024,463.46,Paid,0.0
AMA-R18602,AMA-O5173,2025-08-04,74.5,Paid,0.0
AMA-R12606,AMA-O8894,2024-03-27,1318.78,Paid,0.0
AMA-R16548,AMA-O9656,08-Feb-2023,66.87,Paid,66.87
AMA-R13988,AMA-O7785,2025-11-11,72.0,Pending,0.0
AMA-R9613,AMA-O8168,07/24/2024,83.55,Paid,0.0
AMA-R14273,AMA-O12541,02-Feb-2024,530.52,Paid,0.0
AMA-R17960,AMA-O9381,2024-06-19,855.45,Paid,855.45
AMA-R15222,AMA-O10433,12-Mar-2023,72.1,Paid,0.0
AMA-R14042,AMA-O5184,12-Jun-2024,144.66,Pending,0.0
AMA-R17578,AMA-O8478,11/09/2025,72.75,Paid,0.0
AMA-R18648,AMA-O11555,08-Sep-2024,129.42,Paid,0.0
AMA-R13049,AMA-O5288,10/12/2025,,Refunded,0.0
AMA-R11207,AMA-O5513,21-Aug-2023,664.95,Paid,0.0
AMA-R11534,AMA-O10316,05/24/2024,154.55,Paid,0.0
AMA-R13217,AMA-O13888,2025-12-09,76.6,Paid,0.0
AMA-R17126,AMA-O14805,02-May-2024,88.57,Paid,0.0
AMA-R14447,AMA-O10864,2025-11-24,342.6,Pending,0.0
AMA-R11523,AMA-O10883,01/15/2023,247.4,Paid,38.87
AMA-R12925,AMA-O9822,2025-12-08,421.48,Paid,0.0
AMA-R10013,AMA-O6313,07/21/2025,64.18,Paid,0.0
AMA-R15460,AMA-O5823,09/27/2024,65.95,Paid,0.0
AMA-R18224,AMA-O14046,22-Sep-2025,340.15,Paid,0.0
AMA-R14277,AMA-O10592,2024-02-27,79.4,Paid,0.0
AMA-R13022,AMA-O10155,2025-08-17,27.7,Paid,27.7
AMA-R16801,AMA-O12832,06-Feb-2025,376.9,Paid,0.0
AMA-R16940,AMA-O14608,15-Jun-2023,151.6,Pending,0.0
AMA-R14436,AMA-O6161,12-Jun-2024,350.9,Paid,0.0
AMA-R11300,AMA-O9449,06-Jan-2025,1108.4,Paid,1108.4
AMA-R13038,AMA-O11937,09-Sep-2023,234.8,Paid,0.0
AMA-R11307,AMA-O13355,2023-07-16,632.05,Paid,0.0
AMA-R13815,AMA-O12973,2025-04-22,,Paid,0.0
AMA-R18214,AMA-O13598,07/09/2024,106.18,Refunded,0.0
AMA-R10128,AMA-O10576,26-Apr-2023,162.5,Paid,0.0
AMA-R12874,AMA-O6589,27-Feb-2025,249.33,Paid,26.8
AMA-R16538,AMA-O14177,2024-12-11,79.41,Paid,0.0
AMA-R16713,AMA-O12480,05/12/2023,84.12,Paid,0.0
AMA-R11121,AMA-O12567,29-May-2023,28.94,Paid,0.0
AMA-R16350,AMA-O14970,11-Jul-2024,320.5,Paid,0.0
AMA-R10212,AMA-O9572,2025-11-21,255.84,Paid,255.84
AMA-R9091,AMA-O8530,2024-03-29,179.58,Paid,0.0
AMA-R18524,AMA-O14465,2023-07-11,24.52,Paid,24.52
AMA-R11357,AMA-O5666,05/01/2023,83.38,Paid,0.0
AMA-R11665,AMA-O14020,25-Apr-2024,3823.0,Paid,0.0
AMA-R13569,AMA-O5281,06/22/2024,321.42,Paid,321.42
AMA-R17131,AMA-O7677,09/23/2023,2036.01,Pending,0.0
AMA-R16988,AMA-O7099,17-Sep-2024,198.63,Paid,0.0
AMA-R14924,AMA-O6098,06/17/2023,41.25,Paid,0.0
AMA-R18472,AMA-O10070,10/11/2024,791.64,Refunded,0.0
AMA-R11386,AMA-O6052,2024-11-07,40.08,Paid,0.0
AMA-R15599,AMA-O12816,05/10/2024,1002.1,Paid,0.0
AMA-R11150,AMA-O14336,06/25/2025,1388.58,Paid,1388.58
AMA-R17047,AMA-O13489,02/23/2023,188.19,Paid,0.0
AMA-R13147,AMA-O11432,2025-12-06,799.45,Refunded,0.0
AMA-R14872,AMA-O12269,09-Oct-2025,58.76,Paid,0.0
AMA-R13586,AMA-O6134,2025-06-21,178.48,Paid,0.0
AMA-R17518,AMA-O13610,2024-01-17,162.4,Paid,162.4
AMA-R14547,AMA-O6625,14-Mar-2024,365.04,Paid,0.0
AMA-R14848,AMA-O14542,24-Nov-2023,169.9,Pending,0.0
AMA-R10738,AMA-O14104,2024-08-23,127.17,Refunded,0.0
AMA-R12595,AMA-O10225,21-Nov-2024,1470.48,Paid,1470.48
AMA-R9413,AMA-O5452,26-Oct-2023,93.54,Paid,0.0
AMA-R12109,AMA-O12055,11/11/2025,873.7,Pending,0.0
AMA-R11282,AMA-O14829,14-Aug-2024,444.44,Paid,0.0
AMA-R15170,AMA-O6088,05/07/2025,443.04,Paid,0.0
AMA-R9660,AMA-O8523,08-Apr-2025,303.45,Paid,303.45
AMA-R14101,AMA-O5470,20-Aug-2025,371.58,Paid,371.58
AMA-R13117,AMA-O13446,2024-06-29,1712.91,Paid,0.0
AMA-R17858,AMA-O9971,30-Nov-2023,210.24,Paid,0.0
AMA-R14402,AMA-O11102,2024-02-06,208.83,Paid,0.0
AMA-R9902,AMA-O6371,12-Jul-2025,110.94,Paid,0.0
AMA-R18410,AMA-O8150,10/08/2023,202.08,Paid,0.0
AMA-R15610,AMA-O12609,15-Jun-2024,208.28,Paid,0.0
AMA-R11429,AMA-O7196,2025-07-27,310.76,Refunded,0.0
AMA-R10686,AMA-O13645,09/23/2024,48.36,Paid,0.0
AMA-R17082,AMA-O8243,05/10/2024,265.35,Refunded,0.0
AMA-R17246,AMA-O7878,25-Apr-2023,2952.04,Paid,0.0
AMA-R18383,AMA-O7160,09-Oct-2025,364.02,Pending,0.0
AMA-R18459,AMA-O12366,07-Jan-2025,142.98,Paid,0.0
AMA-R15884,AMA-O6772,26-May-2024,26.08,Paid,0.0
AMA-R16799,AMA-O13066,02/08/2025,456.8,Refunded,0.0
AMA-R13507,AMA-O9824,27-Jul-2023,53.7,Paid,53.7
AMA-R9066,AMA-O5600,03-May-2023,270.96,Paid,0.0
AMA-R13495,AMA-O5994,07-Aug-2025,231.15,Paid,231.15
AMA-R15482,AMA-O11347,2023-11-08,1065.5,Paid,0.0
AMA-R12561,AMA-O8790,2023-08-02,504.15,Paid,0.0
AMA-R13653,AMA-O5898,20-Jan-2025,96.83,Paid,0.0
AMA-R14419,AMA-O5706,2025-02-02,2791.9,Paid,0.0
AMA-R9519,AMA-O12826,06/21/2025,130.47,Refunded,0.0
AMA-R11698,AMA-O9204,25-Mar-2024,15.58,Paid,0.0
AMA-R18102,AMA-O14619,2023-09-14,254.05,Paid,0.0
AMA-R13735,AMA-O12823,08-Jan-2023,37.91,Refunded,0.0
AMA-R12548,AMA-O5665,2024-05-09,242.44,Paid,0.0
AMA-R15330,AMA-O11828,18-Jul-2024,271.89,Refunded,0.0
AMA-R10665,AMA-O11396,2024-12-19,48.15,Paid,0.0
AMA-R12754,AMA-O14348,09/19/2023,,Refunded,0.0
AMA-R15540,AMA-O6460,01/30/2023,36.89,Paid,0.0
AMA-R10992,AMA-O6310,2025-10-05,104.5,Paid,104.5
AMA-R12451,AMA-O7736,09-Jan-2025,359.1,Paid,0.0
AMA-R14300,AMA-O5007,2025-01-19,220.39,Paid,0.0
AMA-R15546,AMA-O10759,16-May-2025,44.2,Paid,0.0
AMA-R15995,AMA-O12908,25-Feb-2025,219.1,Paid,0.0
AMA-R13808,AMA-O14008,10/13/2025,419.15,Paid,0.0
AMA-R11474,AMA-O9295,24-Jan-2024,155.0,Paid,0.0
AMA-R15785,AMA-O12862,20-Aug-2023,153.96,Paid,0.0
AMA-R10728,AMA-O5830,01/04/2025,122.8,Paid,0.0
AMA-R17137,AMA-O10393,11/04/2023,98.72,Paid,0.0
AMA-R15190,AMA-O8949,06/12/2024,911.88,Paid,911.88
AMA-R13503,AMA-O6229,11/29/2023,35.95,Paid,0.0
AMA-R14778,AMA-O10650,12/25/2024,38.46,Paid,0.0
AMA-R10441,AMA-O9305,09-Jul-2025,1154.22,Paid,0.0
AMA-R11321,AMA-O11651,2025-10-19,678.84,Refunded,0.0
AMA-R15454,AMA-O8555,2024-11-22,57.12,Paid,0.0
AMA-R15195,AMA-O12910,08/16/2023,,Paid,0.0
AMA-R11356,AMA-O7615,28-Mar-2024,225.6,Paid,0.0
AMA-R18134,AMA-O5248,2025-12-22,1284.66,Pending,0.0
AMA-R17724,AMA-O14031,06/03/2024,26.22,Paid,0.0
AMA-R14761,AMA-O13443,02/21/2024,24.52,Paid,24.52
AMA-R11675,AMA-O8537,06/11/2025,90.8,Paid,0.0
AMA-R17974,AMA-O5835,2025-03-11,618.58,Refunded,0.0
AMA-R14461,AMA-O11036,15-Mar-2023,74.25,Paid,0.0
AMA-R17472,AMA-O10730,2025-09-10,13.44,Paid,13.44
AMA-R10743,AMA-O6853,07-Sep-2023,92.45,Paid,0.0
AMA-R15987,AMA-O10041,01/07/2024,141.21,Refunded,0.0
AMA-R17419,AMA-O5731,02-Jul-2023,1338.44,Paid,0.0
AMA-R10046,AMA-O6766,02/14/2024,,Refunded,0.0
AMA-R14891,AMA-O14885,08/14/2023,116.85,Paid,14.54
AMA-R17108,AMA-O10901,2024-02-28,5.97,Paid,5.97
AMA-R13438,AMA-O14867,11-Nov-2023,202.41,Refunded,0.0
AMA-R17274,AMA-O12516,10/24/2024,24.57,Refunded,0.0
AMA-R13035,AMA-O7131,23-Oct-2025,12.56,Pending,0.0
AMA-R17008,AMA-O8919,24-Oct-2025,1065.05,Refunded,0.0
AMA-R13524,AMA-O6739,23-Feb-2024,101.5,Paid,0.0
AMA-R9480,AMA-O5701,2024-05-11,163.2,Paid,0.0
AMA-R9052,AMA-O13649,26-Jan-2024,959.44,Paid,0.0
AMA-R13926,AMA-O11395,06/24/2023,344.64,Paid,344.64
AMA-R11878,AMA-O8363,19-Apr-2025,16.78,Paid,0.0
AMA-R11556,AMA-O10080,2025-06-29,277.38,Paid,0.0
AMA-R12099,AMA-O8006,2025-12-28,31.18,Paid,0.0
AMA-R15446,AMA-O11777,2024-01-11,70.48,Paid,0.0
AMA-R14069,AMA-O12107,2024-11-11,229.3,Pending,0.0
AMA-R16491,AMA-O10438,28-Oct-2025,51.93,Paid,0.0
AMA-R13862,AMA-O10543,26-Oct-2024,26.85,Paid,26.85
AMA-R18332,AMA-O12340,06/07/2024,673.4,Pending,0.0
AMA-R9979,AMA-O14144,11/21/2025,175.4,Paid,0.0
AMA-R12978,AMA-O6154,27-Jan-2025,6.25,Paid,0.0
AMA-R15568,AMA-O9662,2024-09-10,718.14,Paid,0.0
AMA-R12688,AMA-O10477,07-Nov-2024,3031.2,Paid,0.0
AMA-R10382,AMA-O5589,2024-12-16,63.36,Paid,0.0
AMA-R16038,AMA-O8718,2025-09-03,323.8,Paid,323.8
AMA-R9310,AMA-O9169,04/03/2025,2015.36,Pending,0.0
AMA-R9070,AMA-O6704,16-Oct-2025,403.82,Paid,0.0
AMA-R9864,AMA-O5559,20-Mar-2025,328.08,Paid,0.0
AMA-R16898,AMA-O10851,2024-08-05,139.83,Refunded,0.0
AMA-R10228,AMA-O14582,2025-04-09,340.68,Refunded,0.0
AMA-R12602,AMA-O8355,2023-12-04,14.85,Paid,14.85
AMA-R11608,AMA-O9985,03/12/2024,39.22,Paid,0.0
AMA-R10734,AMA-O6748,01/05/2023,298.86,Paid,0.0
AMA-R9962,AMA-O5823,09/27/2024,,Paid,0.0
AMA-R10232,AMA-O9837,04-Jun-2023,105.78,Paid,0.0
AMA-R10709,AMA-O8998,02-May-2025,276.44,Paid,0.0
AMA-R11525,AMA-O11998,07-Apr-2025,30.04,Paid,0.0
AMA-R11141,AMA-O11735,01/11/2024,540.9,Paid,0.0
AMA-R13982,AMA-O11603,03/27/2023,99.06,Paid,0.0
AMA-R12075,AMA-O11799,2023-11-03,256.32,Paid,256.32
AMA-R15145,AMA-O11583,11/23/2024,174.84,Paid,174.84
AMA-R10929,AMA-O8943,05-Jan-2025,606.16,Paid,606.16
AMA-R15754,AMA-O10970,12/05/2025,227.85,Paid,0.0
AMA-R13707,AMA-O10467,06/10/2025,264.12,Paid,0.0
AMA-R12371,AMA-O5116,02/02/2023,43.85,Paid,0.0
AMA-R17842,AMA-O7681,11/06/2023,,Paid,0.0
AMA-R15127,AMA-O13949,22-Apr-2023,10.77,Paid,0.0
AMA-R11309,AMA-O8644,06/30/2024,52.24,Paid,0.0
AMA-R17457,AMA-O11412,09-Jul-2025,99.37,Paid,0.0
AMA-R11870,AMA-O9811,2023-08-24,825.64,Paid,0.0
AMA-R9912,AMA-O5430,2023-07-08,54.45,Paid,0.0
AMA-R15909,AMA-O10755,2025-08-12,31.86,Refunded,0.0
AMA-R12544,AMA-O8008,02/12/2024,2284.55,Paid,0.0
AMA-R16606,AMA-O14780,05-Jul-2024,112.62,Paid,0.0
AMA-R9076,AMA-O12357,2024-11-04,289.4,Paid,0.0
AMA-R17366,AMA-O7977,2025-02-22,38.08,Paid,17.63
AMA-R16226,AMA-O10102,08/07/2025,93.22,Paid,0.0
AMA-R12543,AMA-O5524,2024-05-26,178.86,Paid,178.86
AMA-R11334,AMA-O13542,2024-10-31,47.92,Paid,0.0
AMA-R12483,AMA-O13738,19-Apr-2025,157.24,Refunded,0.0
AMA-R18105,AMA-O12898,2024-06-24,537.09,Paid,0.0
AMA-R15489,AMA-O5643,2023-04-04,70.83,Paid,0.0
AMA-R17306,AMA-O5868,2023-01-07,39.6,Paid,0.0
AMA-R17832,AMA-O10191,11-Aug-2023,1625.52,Paid,0.0
AMA-R17594,AMA-O6531,11/07/2023,260.7,Paid,0.0
AMA-R14813,AMA-O13511,2025-06-02,268.68,Paid,268.68
AMA-R14052,AMA-O10142,22-Aug-2023,371.1,Paid,0.0
AMA-R13909,AMA-O10015,08/16/2024,190.0,Paid,0.0
AMA-R12730,AMA-O5579,13-Aug-2024,77.96,Refunded,0.0
AMA-R17355,AMA-O14895,12/20/2025,91.3,Paid,33.15
AMA-R14372,AMA-O12634,31-Oct-2024,677.88,Paid,677.88
AMA-R16633,AMA-O9807,16-Sep-2024,,Paid,0.0
AMA-R9765,AMA-O13687,02/22/2024,227.7,Pending,0.0
AMA-R15621,AMA-O8379,2024-02-24,34.05,Refunded,0.0
AMA-R10816,AMA-O5185,2025-12-16,64.0,Paid,64.0
AMA-R10476,AMA-O6697,2025-07-11,117.74,Refunded,0.0
AMA-R18516,AMA-O8549,2025-05-19,281.13,Refunded,0.0
AMA-R15179,AMA-O13891,17-Mar-2024,24.67,Paid,0.0
AMA-R16081,AMA-O11710,08/19/2023,189.93,Refunded,0.0
AMA-R18122,AMA-O11912,2025-09-29,511.04,Paid,0.0
AMA-R16913,AMA-O12966,2024-12-01,412.3,Paid,412.3
AMA-R17004,AMA-O11996,01/07/2024,114.43,Paid,114.43
AMA-R13728,AMA-O10212,2025-09-11,171.36,Paid,171.36
AMA-R12349,AMA-O8455,02/14/2023,616.45,Paid,0.0
AMA-R13566,AMA-O12044,2025-06-22,43.19,Pending,0.0
AMA-R9205,AMA-O5717,2024-03-24,743.96,Paid,743.96
AMA-R10886,AMA-O5590,12/09/2024,235.08,Paid,0.0
AMA-R10937,AMA-O12035,2025-04-07,113.01,Paid,0.0
AMA-R17265,AMA-O14479,2025-05-03,342.63,Paid,342.63
AMA-R15080,AMA-O7845,26-Mar-2023,3228.7,Paid,0.0
AMA-R10863,AMA-O13586,16-Apr-2023,188.45,Paid,0.0
AMA-R11395,AMA-O8920,2023-12-07,1745.95,Paid,0.0
AMA-R14667,AMA-O7527,2024-10-23,186.26,Paid,0.0
AMA-R11535,AMA-O6680,03-Jun-2024,105.65,Refunded,0.0
AMA-R16927,AMA-O10135,14-Apr-2025,152.19,Paid,0.0
AMA-R10085,AMA-O6513,2024-03-14,184.68,Refunded,0.0
AMA-R11498,AMA-O5109,03/20/2024,18.44,Pending,0.0
AMA-R13321,AMA-O13436,2024-07-07,165.2,Paid,0.0
AMA-R12680,AMA-O14851,2025-04-09,23.72,Refunded,0.0
AMA-R9477,AMA-O13615,18-May-2024,112.17,Paid,0.0
AMA-R10713,AMA-O10105,02-Feb-2024,162.12,Refunded,0.0
AMA-R11447,AMA-O14708,2025-09-24,280.75,Paid,0.0
AMA-R9157,AMA-O11499,02/10/2023,46.26,Paid,0.0
AMA-R11570,AMA-O10045,2025-05-31,112.32,Paid,0.0
AMA-R10814,AMA-O9517,19-Sep-2025,138.12,Paid,0.0
AMA-R15383,AMA-O10344,02/10/2024,365.04,Refunded,0.0
AMA-R15639,AMA-O12046,17-Jan-2024,106.47,Paid,106.47
AMA-R16507,AMA-O12979,2024-10-05,74.8,Paid,0.0
AMA-R9038,AMA-O11275,22-May-2023,620.44,Paid,0.0
AMA-R14055,AMA-O9494,09/06/2023,194.25,Paid,0.0
AMA-R15929,AMA-O13369,2025-10-27,52.38,Paid,0.0
AMA-R12146,AMA-O6022,24-Nov-2024,204.5,Paid,0.0
AMA-R12813,AMA-O7436,2023-08-10,1149.9,Paid,0.0
AMA-R11446,AMA-O14442,2023-08-12,376.18,Paid,376.18
AMA-R12710,AMA-O5453,12/02/2025,193.98,Refunded,0.0
AMA-R11323,AMA-O9256,08/05/2023,52.62,Pending,0.0
AMA-R18220,AMA-O5090,07/23/2025,46.22,Paid,0.0
AMA-R13044,AMA-O6517,12/24/2023,706.68,Paid,0.0
AMA-R15509,AMA-O8791,2023-11-20,477.46,Pending,0.0
AMA-R12886,AMA-O6233,2023-05-05,990.88,Pending,0.0
AMA-R17107,AMA-O5722,2023-11-26,499.12,Refunded,0.0
AMA-R13510,AMA-O9845,27-Oct-2025,3421.65,Pending,0.0
AMA-R9467,AMA-O12599,16-May-2024,78.78,Paid,0.0
AMA-R13922,AMA-O12438,09/03/2023,47.16,Pending,0.0
AMA-R16108,AMA-O12584,27-Nov-2023,236.02,Paid,0.0
AMA-R12089,AMA-O8316,12-May-2023,410.02,Paid,0.0
AMA-R13362,AMA-O9590,09/15/2023,,Pending,0.0
AMA-R15284,AMA-O13752,03/25/2024,750.8,Paid,0.0
AMA-R16450,AMA-O8640,01-Nov-2025,249.24,Paid,249.24
AMA-R10616,AMA-O13658,2023-05-11,387.81,Paid,387.81
AMA-R15193,AMA-O12928,07/10/2025,204.68,Paid,0.0
AMA-R12684,AMA-O9906,14-May-2025,136.16,Paid,0.0
AMA-R9249,AMA-O7673,20-Dec-2024,386.1,Paid,386.1
AMA-R17234,AMA-O11931,03/06/2024,48.76,Paid,0.0
AMA-R12041,AMA-O10077,04/08/2024,431.44,Paid,0.0
AMA-R14242,AMA-O7936,06/22/2024,217.7,Paid,0.0
AMA-R14040,AMA-O9739,2023-12-09,376.32,Paid,0.0
AMA-R10801,AMA-O6236,2024-12-16,141.4,Paid,0.0
AMA-R16240,AMA-O6943,24-Jun-2024,,Pending,0.0
AMA-R12467,AMA-O5648,05/10/2024,125.61,Refunded,0.0
AMA-R17883,AMA-O10833,11-Mar-2025,164.35,Pending,0.0
AMA-R12983,AMA-O10020,2023-06-10,621.96,Refunded,0.0
AMA-R11485,AMA-O5381,2023-12-04,170.72,Paid,0.0
AMA-R10540,AMA-O5517,01/11/2024,38.51,Paid,0.0
AMA-R10681,AMA-O11167,14-Jan-2023,133.52,Paid,0.0
AMA-R13048,AMA-O13638,20-Jul-2024,758.76,Paid,0.0
AMA-R11361,AMA-O8135,14-Aug-2025,,Paid,0.0
AMA-R13990,AMA-O5984,2025-09-06,280.5,Paid,0.0
AMA-R16286,AMA-O9660,01/06/2025,,Paid,0.0
AMA-R17116,AMA-O11033,2023-02-25,347.8,Paid,0.0
AMA-R9911,AMA-O7344,2024-03-21,102.06,Refunded,0.0
AMA-R9866,AMA-O10832,2023-01-06,173.26,Paid,173.26
AMA-R10399,AMA-O12184,08-Jan-2024,2363.64,Paid,0.0
AMA-R13925,AMA-O7766,04-Sep-2024,1709.64,Refunded,0.0
AMA-R12673,AMA-O8092,2025-09-21,97.38,Refunded,0.0
AMA-R9997,AMA-O11933,29-Sep-2024,526.17,Paid,0.0
AMA-R17129,AMA-O12912,12/28/2025,203.2,Paid,0.0
AMA-R13910,AMA-O6983,28-Nov-2023,,Paid,0.0
AMA-R17135,AMA-O7909,03-Aug-2025,44.42,Pending,0.0
AMA-R18376,AMA-O5188,07/08/2025,123.65,Paid,0.0
AMA-R12836,AMA-O7033,08/20/2025,78.0,Paid,78.0
AMA-R16014,AMA-O6898,07/30/2025,,Paid,0.0
AMA-R10796,AMA-O9952,19-Feb-2024,41.67,Paid,0.0
AMA-R17123,AMA-O13224,12-Jun-2025,140.0,Paid,0.0
AMA-R14508,AMA-O6688,02/27/2025,520.28,Paid,0.0
AMA-R18438,AMA-O10109,10-Jun-2024,83.8,Paid,0.0
AMA-R14215,AMA-O11170,07/19/2024,,Paid,82.59
AMA-R10594,AMA-O10274,10/08/2023,,Paid,28.45
AMA-R13417,AMA-O5040,02-Jun-2025,27.38,Paid,0.0
AMA-R17837,AMA-O12328,06/25/2024,,Paid,0.0
AMA-R12761,AMA-O7716,2025-08-12,655.68,Paid,0.0
AMA-R16557,AMA-O9523,01-Aug-2025,145.01,Paid,0.0
AMA-R15286,AMA-O10414,05-Sep-2023,837.7,Paid,0.0
AMA-R15152,AMA-O10653,2023-10-25,67.46,Paid,0.0
AMA-R9346,AMA-O8327,10-Jul-2024,256.28,Paid,256.28
AMA-R17279,AMA-O9168,08/13/2024,84.2,Paid,84.2
AMA-R12677,AMA-O7831,12/12/2024,243.99,Paid,0.0
AMA-R14964,AMA-O10354,09/07/2025,359.64,Paid,0.0
AMA-R12527,AMA-O10562,06-Oct-2023,362.37,Refunded,0.0
AMA-R13331,AMA-O12784,2025-04-19,1191.96,Paid,0.0
AMA-R15836,AMA-O9556,05/23/2024,125.36,Pending,0.0
AMA-R18301,AMA-O10388,04/22/2025,809.76,Paid,0.0
AMA-R15298,AMA-O9636,2023-06-12,52.37,Pending,0.0
AMA-R9726,AMA-O13231,19-Nov-2024,1311.3,Paid,1311.3
AMA-R18144,AMA-O8027,10-Nov-2025,177.3,Paid,0.0
AMA-R18429,AMA-O13735,23-Mar-2025,95.24,Paid,0.0
AMA-R16865,AMA-O10723,07-Oct-2024,158.48,Refunded,0.0
AMA-R17826,AMA-O14982,04/10/2024,24.52,Paid,0.0
AMA-R13860,AMA-O10844,09-Oct-2024,7.1,Pending,0.0
AMA-R13133,AMA-O7434,05/19/2024,185.97,Pending,0.0
AMA-R16357,AMA-O7409,2023-01-18,242.32,Paid,242.32
AMA-R10083,AMA-O13021,24-Jul-2024,44.3,Paid,0.0
AMA-R17686,AMA-O12975,04/05/2025,72.9,Paid,0.0
AMA-R10529,AMA-O9146,2025-09-14,242.28,Paid,242.28
AMA-R18544,AMA-O5782,02/25/2023,23.96,Paid,23.96
AMA-R17691,AMA-O12868,07/27/2025,98.0,Paid,98.0
AMA-R14821,AMA-O9584,01/25/2025,65.67,Paid,65.67
AMA-R11854,AMA-O12556,2024-03-15,1070.35,Paid,0.0
AMA-R11946,AMA-O6644,27-Sep-2025,66.77,Pending,0.0
AMA-R9751,AMA-O6238,25-Apr-2025,595.68,Paid,0.0
AMA-R15991,AMA-O14456,11/13/2025,281.36,Paid,281.36
AMA-R9176,AMA-O11445,2024-04-24,1293.63,Pending,0.0
AMA-R16814,AMA-O12193,2025-12-22,411.3,Pending,0.0
AMA-R15631,AMA-O8465,05/27/2023,178.76,Paid,178.76
AMA-R9664,AMA-O5216,2025-12-22,83.93,Paid,0.0
AMA-R10131,AMA-O12138,2024-06-26,393.16,Paid,0.0
AMA-R13705,AMA-O14347,02/14/2024,59.7,Refunded,0.0
AMA-R12736,AMA-O14500,2023-06-24,9.11,Paid,9.11
AMA-R17276,AMA-O7809,2025-09-25,33.09,Paid,0.0
AMA-R17161,AMA-O12323,2024-08-15,101.49,Paid,0.0
AMA-R11167,AMA-O12316,2023-02-19,394.48,Refunded,0.0
AMA-R15469,AMA-O8198,16-May-2023,162.2,Paid,0.0
AMA-R14716,AMA-O14648,2025-01-13,250.56,Paid,0.0
AMA-R9815,AMA-O9142,2025-04-06,81.93,Refunded,0.0
AMA-R12161,AMA-O11456,23-Jun-2025,265.85,Paid,0.0
AMA-R16762,AMA-O9526,01/21/2023,11.05,Paid,0.0
AMA-R14467,AMA-O13378,12-Nov-2023,49.48,Paid,0.0
AMA-R14804,AMA-O12772,16-May-2024,,Paid,0.0
AMA-R9241,AMA-O12715,10/29/2024,125.44,Paid,0.0
AMA-R11522,AMA-O13672,2023-08-27,332.1,Paid,0.0
AMA-R9335,AMA-O6232,07/29/2024,779.25,Paid,0.0
AMA-R16153,AMA-O11870,2024-03-07,274.62,Paid,0.0
AMA-R10508,AMA-O7221,01-Feb-2023,932.05,Paid,0.0
AMA-R10329,AMA-O9054,2024-06-29,179.19,Paid,0.0
AMA-R14362,AMA-O6922,15-May-2025,,Pending,0.0
AMA-R15275,AMA-O9417,2024-07-29,219.38,Refunded,0.0
AMA-R16096,AMA-O11451,01/02/2023,34.85,Paid,0.0
AMA-R11956,AMA-O9042,20-Jun-2024,309.3,Paid,0.0
AMA-R12670,AMA-O13361,08/08/2023,956.0,Paid,0.0
AMA-R9277,AMA-O6710,2024-10-01,20.27,Paid,0.0
AMA-R9711,AMA-O6647,05/19/2023,89.0,Paid,0.0
AMA-R10355,AMA-O7282,03/30/2025,92.5,Refunded,0.0
AMA-R12403,AMA-O11333,2025-11-01,39.24,Pending,0.0
AMA-R10850,AMA-O11354,06/24/2025,57.66,Paid,0.0
AMA-R11922,AMA-O9447,23-Sep-2024,176.4,Paid,176.4
AMA-R11320,AMA-O5787,03/21/2025,107.8,Paid,0.0
AMA-R15258,AMA-O11057,2023-02-01,170.7,Paid,170.7
AMA-R14099,AMA-O10882,09-Jun-2023,796.65,Paid,0.0
AMA-R14827,AMA-O9835,2024-03-28,36.6,Paid,36.6
AMA-R15804,AMA-O5913,04/23/2023,55.86,Paid,0.0
AMA-R17583,AMA-O9697,2025-03-29,243.9,Paid,243.9
AMA-R9022,AMA-O10939,03/23/2023,20.83,Paid,0.0
AMA-R12190,AMA-O7743,2025-12-30,50.85,Paid,0.0
AMA-R14902,AMA-O5569,2024-06-14,1058.28,Paid,0.0
AMA-R16433,AMA-O5084,02-Oct-2024,130.95,Paid,0.0
AMA-R16694,AMA-O10315,27-Dec-2025,384.82,Paid,0.0
AMA-R10875,AMA-O6139,11/30/2023,163.28,Paid,163.28
AMA-R12141,AMA-O8443,03/09/2025,184.68,Refunded,0.0
AMA-R10295,AMA-O8308,18-Nov-2023,172.45,Paid,172.45
AMA-R16887,AMA-O9440,02-Oct-2024,116.64,Paid,0.0
AMA-R10959,AMA-O5506,11-Jan-2025,589.9,Refunded,0.0
AMA-R13720,AMA-O7251,2023-04-23,186.55,Paid,0.0
AMA-R12632,AMA-O11727,2025-06-27,46.78,Paid,0.0
AMA-R10436,AMA-O12502,02/02/2025,432.8,Paid,0.0
AMA-R13917,AMA-O6355,23-Nov-2024,22.4,Paid,0.0
AMA-R11500,AMA-O14677,2025-01-01,16.25,Paid,0.0
AMA-R15579,AMA-O13073,2025-08-09,1418.05,Paid,1418.05
AMA-R17083,AMA-O8709,09/12/2025,5.37,Paid,0.0
AMA-R14315,AMA-O13853,2025-08-21,615.27,Paid,0.0
AMA-R16247,AMA-O9963,10-Feb-2023,247.59,Refunded,0.0
AMA-R11650,AMA-O12393,10/29/2025,235.3,Paid,0.0
AMA-R17965,AMA-O12115,2023-02-02,99.68,Paid,0.0
AMA-R10089,AMA-O7487,24-Feb-2024,73.71,Paid,0.0
AMA-R15580,AMA-O5728,2023-10-07,1588.52,Paid,0.0
AMA-R12686,AMA-O12764,2023-03-01,253.56,Paid,0.0
AMA-R15397,AMA-O13416,2024-03-31,175.5,Paid,0.0
AMA-R13379,AMA-O5734,02-Feb-2024,75.78,Paid,75.78
AMA-R11879,AMA-O13497,01/20/2023,347.88,Pending,0.0
AMA-R14680,AMA-O9731,10-Aug-2024,378.95,Paid,0.0
AMA-R18440,AMA-O5664,09-Aug-2024,99.12,Paid,0.0
AMA-R15677,AMA-O6429,2025-04-05,,Paid,0.0
AMA-R13605,AMA-O5570,17-Jun-2024,283.46,Paid,0.0
AMA-R16964,AMA-O6974,2024-03-08,284.4,Paid,0.0
AMA-R11832,AMA-O9351,2025-04-12,75.2,Paid,0.0
AMA-R11288,AMA-O13304,10-Aug-2024,410.04,Paid,0.0
AMA-R14788,AMA-O6879,27-Jul-2024,55.0,Paid,0.0
AMA-R18145,AMA-O7485,08/10/2024,,Paid,0.0
AMA-R10224,AMA-O14041,20-Jan-2025,83.86,Paid,0.0
AMA-R12989,AMA-O7552,2024-03-05,112.46,Refunded,0.0
AMA-R17822,AMA-O14917,11/29/2024,58.55,Refunded,0.0
AMA-R17677,AMA-O6978,07-Jan-2024,742.67,Paid,0.0
AMA-R11367,AMA-O13926,2025-08-17,275.85,Paid,0.0
AMA-R18229,AMA-O10221,22-Dec-2024,70.26,Paid,0.0
AMA-R12484,AMA-O7640,10-May-2025,206.52,Paid,0.0
AMA-R10222,AMA-O6724,01/06/2023,100.5,Paid,0.0
AMA-R16244,AMA-O8794,04/16/2025,44.85,Paid,44.85
AMA-R14063,AMA-O8617,09/27/2024,2309.9,Paid,2309.9
AMA-R17507,AMA-O6675,2025-07-06,178.68,Paid,0.0
AMA-R17267,AMA-O9610,04/19/2023,140.8,Pending,0.0
AMA-R14279,AMA-O8553,02-Feb-2025,55.54,Paid,0.0
AMA-R9923,AMA-O12507,18-Jul-2025,207.0,Paid,0.0
AMA-R13543,AMA-O9775,05/18/2025,243.33,Paid,243.33
AMA-R17971,AMA-O12870,2025-03-22,156.84,Pending,0.0
AMA-R11823,AMA-O10910,02/22/2025,100.7,Paid,44.79
AMA-R13574,AMA-O11629,11/11/2023,139.8,Paid,139.8
AMA-R13192,AMA-O13220,19-Sep-2024,42.05,Paid,14.12
AMA-R11960,AMA-O10992,12-Sep-2024,1071.94,Pending,0.0
AMA-R16370,AMA-O11095,06/04/2024,69.94,Paid,0.0
AMA-R16950,AMA-O5597,2025-07-17,50.4,Paid,0.0
AMA-R12699,AMA-O10174,2023-03-10,80.46,Paid,0.0
AMA-R9080,AMA-O7512,19-Jan-2025,82.18,Paid,0.0
AMA-R10519,AMA-O14567,2023-02-02,210.4,Paid,210.4
AMA-R14992,AMA-O10969,01/25/2025,522.3,Paid,0.0
AMA-R14174,AMA-O11172,2023-09-29,72.54,Paid,72.54
AMA-R10111,AMA-O7597,07/11/2025,30.48,Paid,8.92
AMA-R16632,AMA-O12649,2025-03-25,227.76,Pending,0.0
AMA-R18350,AMA-O11348,09-Sep-2024,320.95,Paid,0.0
AMA-R11680,AMA-O12282,04-Mar-2024,127.3,Paid,0.0
AMA-R14379,AMA-O12987,2025-11-17,421.55,Paid,0.0
AMA-R17668,AMA-O6855,2025-10-18,323.91,Paid,73.7
AMA-R13347,AMA-O11745,2023-04-02,124.08,Paid,0.0
AMA-R18048,AMA-O13484,04/20/2025,111.92,Paid,0.0
AMA-R9214,AMA-O9910,10-Jul-2025,363.88,Refunded,102.15
AMA-R9455,AMA-O11862,06/09/2025,16.21,Paid,0.0
AMA-R10487,AMA-O11269,03/04/2025,11.86,Paid,0.0
AMA-R16701,AMA-O5142,2023-10-03,992.24,Paid,0.0
AMA-R18208,AMA-O10146,12/18/2024,615.03,Paid,0.0
AMA-R11273,AMA-O14248,20-Jul-2023,260.4,Paid,0.0
AMA-R10880,AMA-O7218,12/22/2024,36.44,Paid,0.0
AMA-R14087,AMA-O6362,03/21/2025,830.32,Paid,0.0
AMA-R11312,AMA-O14146,10/14/2025,113.88,Paid,0.0
AMA-R12174,AMA-O13820,2024-04-06,,Paid,16.97
AMA-R13635,AMA-O11658,29-Jun-2025,15.9,Refunded,0.0
AMA-R17908,AMA-O11891,22-Sep-2024,223.74,Refunded,0.0
AMA-R15805,AMA-O14853,25-Nov-2024,35.26,Paid,0.0
AMA-R9206,AMA-O11312,03/18/2023,896.36,Refunded,0.0
AMA-R10720,AMA-O11800,2024-12-01,389.1,Paid,389.1
AMA-R12799,AMA-O8628,2025-08-22,292.31,Paid,0.0
AMA-R17320,AMA-O8071,2024-03-02,9.51,Paid,0.0
AMA-R11919,AMA-O9309,2025-07-06,11.93,Paid,0.0
AMA-R12850,AMA-O14669,2023-01-09,67.68,Paid,0.0
AMA-R11016,AMA-O7906,08/31/2023,99.95,Paid,0.0
AMA-R16523,AMA-O8012,13-Mar-2024,35.0,Paid,35.0
AMA-R16103,AMA-O11415,2024-05-26,97.63,Paid,0.0
AMA-R18502,AMA-O6354,2023-09-05,78.26,Paid,78.26
AMA-R10874,AMA-O9090,02/04/2023,37.8,Paid,0.0
AMA-R11657,AMA-O10541,12/01/2025,277.92,Paid,0.0
AMA-R14556,AMA-O7563,2024-07-01,282.76,Paid,282.76
AMA-R10084,AMA-O5615,2025-01-14,572.31,Paid,0.0
AMA-R18336,AMA-O9202,2024-03-08,18.12,Paid,0.0
AMA-R18462,AMA-O14197,24-Jul-2023,482.4,Paid,109.97
AMA-R13007,AMA-O5997,04/26/2025,358.77,Paid,0.0
AMA-R9071,AMA-O13290,12/02/2025,1074.86,Paid,0.0
AMA-R15053,AMA-O6430,2025-06-03,1204.8,Paid,0.0
AMA-R17077,AMA-O11191,07/31/2025,233.53,Paid,0.0
AMA-R9099,AMA-O6542,11-Nov-2023,118.31,Pending,0.0
AMA-R10444,AMA-O14603,09/23/2025,335.6,Pending,0.0
AMA-R17386,AMA-O9650,10/30/2025,112.14,Refunded,0.0
AMA-R18663,AMA-O9999,2024-12-25,463.99,Paid,0.0
AMA-R12393,AMA-O14032,16-Jan-2023,25.13,Refunded,0.0
AMA-R17411,AMA-O7021,2023-10-30,,Refunded,0.0
AMA-R14996,AMA-O11260,13-Aug-2024,28.14,Paid,0.0
AMA-R12647,AMA-O12843,03/31/2024,197.18,Refunded,0.0
AMA-R16301,AMA-O6627,17-Apr-2023,32.34,Paid,0.0
AMA-R17203,AMA-O13632,31-Mar-2023,61.2,Pending,0.0
AMA-R15544,AMA-O9628,2024-04-02,36.42,Paid,36.42
AMA-R12496,AMA-O12652,08-Sep-2025,389.32,Pending,0.0
AMA-R14826,AMA-O11442,2025-06-20,335.16,Paid,0.0
AMA-R11737,AMA-O8967,04/09/2023,41.92,Paid,0.0
AMA-R12619,AMA-O13439,03-May-2024,64.82,Paid,0.0
AMA-R11980,AMA-O9069,13-Jul-2025,215.85,Paid,0.0
AMA-R10701,AMA-O14306,01/25/2024,119.43,Paid,52.21
AMA-R10542,AMA-O7889,2023-09-24,,Pending,0.0
AMA-R14291,AMA-O11308,08-Nov-2024,343.45,Paid,0.0
AMA-R13646,AMA-O11842,2025-10-07,793.52,Paid,0.0
AMA-R10973,AMA-O6326,08/13/2025,154.84,Paid,154.84
AMA-R16598,AMA-O10110,11/03/2023,20.32,Refunded,0.0
AMA-R13838,AMA-O6051,12/27/2023,135.3,Refunded,0.0
AMA-R17639,AMA-O11829,2023-12-14,,Paid,0.0
AMA-R16917,AMA-O7991,11/04/2024,14.8,Paid,0.0
AMA-R17359,AMA-O13393,12/29/2024,166.72,Paid,0.0
AMA-R15899,AMA-O11010,06/07/2024,298.55,Refunded,0.0
AMA-R13691,AMA-O12804,05/02/2023,226.95,Paid,0.0
AMA-R9154,AMA-O8349,02-Oct-2025,346.6,Pending,0.0
AMA-R15533,AMA-O13657,04-May-2025,378.06,Paid,0.0
AMA-R17046,AMA-O7190,2023-07-31,632.6,Paid,0.0
AMA-R14847,AMA-O13488,12/12/2024,345.72,Paid,0.0
AMA-R15380,AMA-O11945,2023-11-16,114.78,Refunded,0.0
AMA-R11937,AMA-O10130,09/16/2025,120.3,Paid,0.0
AMA-R13861,AMA-O11389,2023-06-09,354.2,Pending,0.0
AMA-R9069,AMA-O14192,2023-09-06,16.56,Paid,0.0
AMA-R10614,AMA-O12377,12-Apr-2024,62.6,Paid,14.7
AMA-R16967,AMA-O9649,06/12/2024,145.4,Paid,145.4
AMA-R16891,AMA-O7846,04/28/2024,4.8,Paid,0.0
AMA-R14903,AMA-O12490,01/27/2023,316.35,Pending,0.0
AMA-R14634,AMA-O6246,05-Jan-2023,188.05,Paid,0.0
AMA-R16528,AMA-O6336,01-Mar-2024,69.27,Refunded,23.45
AMA-R9260,AMA-O10129,2025-07-13,572.6,Paid,0.0
AMA-R16853,AMA-O7693,15-Dec-2023,42.14,Paid,0.0
AMA-R10704,AMA-O5583,2024-11-28,1082.88,Paid,0.0
AMA-R12865,AMA-O5750,02/11/2024,1482.16,Paid,0.0
AMA-R9970,AMA-O10575,01/22/2024,31.38,Paid,0.0
AMA-R12596,AMA-O13460,2024-12-21,,Paid,0.0
AMA-R18572,AMA-O11083,13-Jun-2024,208.25,Paid,0.0
AMA-R16756,AMA-O11063,09/02/2024,251.7,Paid,0.0
AMA-R17235,AMA-O14922,03/13/2023,36.6,Paid,0.0
AMA-R17622,AMA-O14104,2024-08-23,127.17,Refunded,0.0
AMA-R18603,AMA-O12801,2024-12-13,461.7,Paid,461.7
AMA-R14351,AMA-O10946,22-Apr-2025,444.0,Paid,0.0
AMA-R15502,AMA-O9024,16-Feb-2025,103.29,Paid,0.0
AMA-R15982,AMA-O13379,08/31/2023,94.74,Paid,0.0
AMA-R11994,AMA-O14689,02/27/2024,55.02,Paid,0.0
AMA-R17393,AMA-O8907,15-Aug-2024,146.16,Paid,0.0
AMA-R11419,AMA-O5358,2025-10-18,784.85,Paid,0.0
AMA-R9783,AMA-O14179,25-Aug-2025,69.63,Paid,0.0
AMA-R9476,AMA-O7034,04/04/2024,780.9,Paid,0.0
AMA-R10303,AMA-O13042,2024-01-26,1142.16,Paid,1142.16
AMA-R14226,AMA-O14649,14-Mar-2024,,Paid,0.0
AMA-R14973,AMA-O13503,2023-08-04,232.52,Paid,0.0
AMA-R12123,AMA-O9034,08/31/2025,72.55,Paid,0.0
AMA-R11558,AMA-O12246,2023-06-02,30.74,Refunded,0.0
AMA-R13500,AMA-O10416,2024-09-09,235.11,Refunded,0.0
AMA-R16289,AMA-O11196,14-Sep-2024,159.26,Refunded,0.0
AMA-R11013,AMA-O7896,2024-10-17,137.5,Paid,0.0
AMA-R13604,AMA-O11081,2024-05-18,1022.72,Paid,1022.72
AMA-R17672,AMA-O10793,10/12/2023,201.64,Refunded,0.0
AMA-R15244,AMA-O5423,2023-03-21,498.27,Paid,0.0
AMA-R16040,AMA-O13907,05/21/2024,575.24,Paid,575.24
AMA-R13463,AMA-O13945,22-May-2024,386.16,Paid,0.0
AMA-R15186,AMA-O7516,31-Jan-2023,563.26,Refunded,0.0
AMA-R15605,AMA-O7608,2024-11-11,,Paid,0.0
AMA-R14032,AMA-O13392,2025-02-19,133.56,Paid,0.0
AMA-R15576,AMA-O13565,23-Jan-2024,335.2,Paid,0.0
AMA-R11378,AMA-O13743,2025-03-29,600.6,Refunded,0.0
AMA-R16859,AMA-O14726,11-Nov-2023,292.04,Paid,0.0
AMA-R9941,AMA-O13099,2025-09-25,120.44,Refunded,0.0
AMA-R17533,AMA-O5679,2023-09-20,387.12,Paid,0.0
AMA-R11564,AMA-O8252,04/04/2023,68.67,Refunded,0.0
AMA-R13470,AMA-O5495,2024-03-26,604.8,Pending,0.0
AMA-R9360,AMA-O8394,12/29/2025,81.45,Paid,81.45
AMA-R17617,AMA-O13550,2023-08-05,20.64,Paid,0.0
AMA-R15327,AMA-O10424,10/17/2023,45.09,Paid,0.0
AMA-R12354,AMA-O8991,2025-08-15,42.44,Paid,0.0
AMA-R10391,AMA-O13242,2023-02-02,37.91,Paid,0.0
AMA-R11941,AMA-O12720,2023-06-15,279.63,Paid,0.0
AMA-R12437,AMA-O7243,2025-01-19,59.28,Paid,59.28
AMA-R17552,AMA-O12978,02/14/2024,2542.3,Paid,0.0
AMA-R9313,AMA-O7475,14-Mar-2025,179.7,Paid,0.0
AMA-R9740,AMA-O10486,19-May-2023,107.94,Paid,107.94
AMA-R10279,AMA-O7356,2024-02-17,112.1,Paid,0.0
AMA-R11017,AMA-O10322,07/01/2024,35.12,Paid,0.0
AMA-R12751,AMA-O12769,2024-03-30,1214.1,Paid,0.0
AMA-R16647,AMA-O10009,07/17/2024,65.59,Paid,0.0
AMA-R16284,AMA-O7593,14-Jul-2025,431.7,Paid,431.7
AMA-R13485,AMA-O11207,2023-11-09,39.78,Paid,0.0
AMA-R9649,AMA-O6765,2024-05-12,149.32,Refunded,0.0
AMA-R16377,AMA-O14511,06-Feb-2024,,Paid,0.0
AMA-R15111,AMA-O12534,23-Mar-2023,84.66,Paid,0.0
AMA-R17839,AMA-O10111,2023-05-05,21.1,Paid,0.0
AMA-R9078,AMA-O10717,05/29/2024,125.8,Pending,0.0
AMA-R12114,AMA-O11487,12-Oct-2023,95.82,Pending,0.0
AMA-R18512,AMA-O8426,29-Dec-2025,147.27,Paid,0.0
AMA-R18053,AMA-O11045,2023-08-26,236.67,Paid,0.0
AMA-R18391,AMA-O12383,18-Apr-2023,22.18,Paid,22.18
AMA-R15307,AMA-O6906,14-Nov-2024,159.93,Paid,0.0
AMA-R14599,AMA-O14423,2024-10-31,342.24,Paid,0.0
AMA-R10802,AMA-O9291,2025-04-07,274.62,Paid,0.0
AMA-R10281,AMA-O8827,03-Oct-2023,167.12,Paid,0.0
AMA-R13122,AMA-O7401,01/30/2025,258.48,Paid,0.0
AMA-R14282,AMA-O11895,10/24/2024,28.09,Refunded,0.0
AMA-R11768,AMA-O9605,05/29/2024,457.96,Paid,457.96
AMA-R11348,AMA-O10914,01-Feb-2025,861.84,Paid,0.0
AMA-R14970,AMA-O10327,19-Aug-2023,1799.13,Paid,0.0
AMA-R17886,AMA-O14014,26-Jun-2025,36.85,Paid,0.0
AMA-R9279,AMA-O9060,05/17/2023,203.5,Paid,0.0
AMA-R12802,AMA-O13310,05/25/2025,400.05,Paid,0.0
AMA-R10304,AMA-O5076,07/27/2024,79.2,Paid,0.0
AMA-R11062,AMA-O13003,25-Aug-2025,42.55,Refunded,0.0
AMA-R15724,AMA-O6706,2023-12-24,404.2,Paid,0.0
AMA-R17790,AMA-O9244,14-Apr-2023,775.56,Paid,0.0
AMA-R15729,AMA-O13978,2025-07-20,263.07,Paid,62.77
AMA-R16353,AMA-O11902,2025-06-01,969.65,Refunded,0.0
AMA-R10607,AMA-O14221,28-Apr-2025,388.86,Paid,0.0
AMA-R15436,AMA-O12409,2023-06-20,821.64,Paid,0.0
AMA-R11469,AMA-O7986,09/05/2023,174.82,Paid,0.0
AMA-R15058,AMA-O12306,07-Apr-2024,19.4,Paid,0.0
AMA-R10677,AMA-O10531,2025-02-27,243.02,Paid,0.0
AMA-R18469,AMA-O14005,2024-07-23,69.32,Paid,0.0
AMA-R17973,AMA-O10860,04/25/2025,727.47,Paid,0.0
AMA-R15767,AMA-O11343,2024-08-31,3425.4,Paid,0.0
AMA-R17626,AMA-O14293,12/24/2024,58.92,Paid,0.0
AMA-R16220,AMA-O13523,07/26/2025,61.56,Paid,0.0
AMA-R16949,AMA-O6546,04/04/2023,76.12,Paid,0.0
AMA-R9463,AMA-O13922,2023-11-28,82.2,Paid,0.0
AMA-R17751,AMA-O14532,10/15/2023,141.24,Paid,0.0
AMA-R11149,AMA-O5977,18-Apr-2024,2104.4,Paid,0.0
AMA-R15915,AMA-O14744,2023-06-18,226.9,Paid,226.9
AMA-R10454,AMA-O6420,2025-12-30,286.76,Paid,0.0
AMA-R17091,AMA-O12388,17-Jul-2024,517.83,Paid,0.0
AMA-R13949,AMA-O5274,2025-02-05,,Paid,0.0
AMA-R15372,AMA-O13541,2025-01-26,115.44,Refunded,0.0
AMA-R17423,AMA-O9581,07/10/2023,121.6,Paid,0.0
AMA-R12210,AMA-O13399,09/25/2024,75.1,Paid,0.0
AMA-R16874,AMA-O5064,21-Aug-2023,,Paid,0.0
AMA-R17923,AMA-O12399,2025-02-08,215.04,Paid,0.0
AMA-R14049,AMA-O11610,2023-06-08,,Paid,0.0
AMA-R17139,AMA-O8342,2025-07-02,821.01,Refunded,0.0
AMA-R16848,AMA-O12481,27-Sep-2025,122.26,Paid,26.97
AMA-R12459,AMA-O13942,31-Mar-2023,43.04,Paid,0.0
AMA-R9764,AMA-O11382,2024-06-20,3579.35,Paid,0.0
AMA-R17120,AMA-O9539,2025-04-01,158.2,Paid,0.0
AMA-R17174,AMA-O10127,01/06/2025,17.76,Refunded,0.0
AMA-R12826,AMA-O11286,25-Jan-2024,564.04,Paid,0.0
AMA-R10468,AMA-O11585,12-Feb-2025,1206.98,Paid,0.0
AMA-R12084,AMA-O10271,2024-09-17,338.35,Paid,0.0
AMA-R15958,AMA-O5183,2023-07-20,932.95,Paid,0.0
AMA-R16673,AMA-O7627,2024-09-15,,Refunded,0.0
AMA-R17154,AMA-O11563,03/16/2025,88.62,Paid,0.0
AMA-R17237,AMA-O13055,2023-02-25,1585.86,Paid,0.0
AMA-R13462,AMA-O14492,2023-02-01,182.82,Paid,0.0
AMA-R17951,AMA-O9480,24-Apr-2024,606.36,Paid,0.0
AMA-R13972,AMA-O6234,2023-05-19,1417.77,Refunded,0.0
AMA-R13942,AMA-O8629,11/24/2025,94.72,Paid,0.0
AMA-R17221,AMA-O5151,2025-09-02,49.86,Refunded,0.0
AMA-R12037,AMA-O11259,12/01/2025,364.65,Pending,0.0
AMA-R9119,AMA-O7418,02/04/2025,519.39,Paid,0.0
AMA-R15276,AMA-O11773,06/27/2024,33.4,Paid,0.0
AMA-R18406,AMA-O11639,04-May-2023,254.48,Paid,0.0
AMA-R10274,AMA-O7316,07/21/2025,114.48,Paid,0.0
AMA-R10555,AMA-O9299,10-Jul-2025,32.7,Paid,0.0
AMA-R18327,AMA-O7526,2023-09-19,66.48,Paid,0.0
AMA-R12840,AMA-O8875,2024-08-17,66.96,Paid,0.0
AMA-R13683,AMA-O7602,2023-09-03,252.8,Paid,0.0
AMA-R13069,AMA-O10358,12/15/2025,74.52,Paid,74.52
AMA-R11885,AMA-O8233,08/29/2024,386.12,Paid,0.0
AMA-R18065,AMA-O10484,04-Apr-2025,108.92,Paid,0.0
AMA-R16645,AMA-O14764,03/21/2024,1753.76,Paid,0.0
AMA-R12608,AMA-O7110,29-Oct-2025,734.37,Paid,0.0
AMA-R16229,AMA-O11792,2025-11-10,375.65,Paid,0.0
AMA-R12559,AMA-O10629,11/26/2023,115.3,Paid,0.0
AMA-R16408,AMA-O7181,2025-03-25,110.24,Paid,0.0
AMA-R13104,AMA-O5806,2023-09-22,139.65,Paid,0.0
AMA-R11748,AMA-O12824,06/12/2023,184.66,Refunded,0.0
AMA-R12206,AMA-O7873,2025-01-14,57.14,Refunded,0.0
AMA-R18292,AMA-O8457,02/28/2024,252.05,Paid,0.0
AMA-R10288,AMA-O14247,01/10/2025,338.95,Paid,0.0
AMA-R12740,AMA-O11230,07/03/2023,184.26,Refunded,0.0
AMA-R10905,AMA-O10361,2023-01-02,888.9,Paid,888.9
AMA-R10936,AMA-O6643,03-Jun-2025,73.68,Refunded,0.0
AMA-R16292,AMA-O10757,21-Jan-2024,24.4,Paid,24.4
AMA-R15261,AMA-O12582,01/03/2024,564.4,Paid,212.24
AMA-R14767,AMA-O10372,08-Jul-2023,120.42,Paid,0.0
AMA-R14889,AMA-O7086,2024-03-10,485.56,Refunded,0.0
AMA-R10058,AMA-O11643,05/05/2024,1888.5,Pending,0.0
AMA-R14908,AMA-O11297,02-Jul-2024,2020.32,Paid,0.0
AMA-R15424,AMA-O12817,31-Jul-2025,25.3,Paid,0.0
AMA-R16980,AMA-O10896,15-Dec-2023,3346.55,Paid,0.0
AMA-R11542,AMA-O9378,11/24/2025,124.65,Paid,0.0
AMA-R11422,AMA-O8521,08/02/2025,1123.08,Paid,0.0
AMA-R13034,AMA-O6932,18-Aug-2024,93.04,Paid,0.0
AMA-R15311,AMA-O13896,2024-02-22,1301.48,Paid,324.5
AMA-R18398,AMA-O12285,12/25/2025,21.77,Paid,0.0
AMA-R11997,AMA-O14733,03-Jun-2024,47.97,Paid,0.0
AMA-R17492,AMA-O13100,06/21/2024,545.24,Paid,0.0
AMA-R13578,AMA-O12337,04-Jun-2024,103.6,Paid,103.6
AMA-R9048,AMA-O8015,29-Nov-2024,45.04,Paid,0.0
AMA-R10035,AMA-O10522,06/05/2024,642.88,Paid,0.0
AMA-R10301,AMA-O10682,02-Jul-2024,916.2,Paid,0.0
AMA-R10561,AMA-O9879,2025-03-01,308.2,Paid,0.0
AMA-R10337,AMA-O8074,07/18/2024,44.87,Paid,0.0
AMA-R17435,AMA-O11641,05/25/2023,55.15,Paid,55.15
AMA-R17647,AMA-O12828,11/07/2024,1182.92,Paid,0.0
AMA-R15448,AMA-O8251,03/27/2024,,Paid,0.0
AMA-R18542,AMA-O5881,01/13/2025,418.7,Pending,0.0
AMA-R12083,AMA-O8123,04/03/2023,87.6,Paid,0.0
AMA-R12407,AMA-O13864,2025-11-24,65.02,Paid,0.0
AMA-R18276,AMA-O5742,06/26/2024,118.58,Paid,0.0
AMA-R12216,AMA-O7298,2025-04-13,,Paid,0.0
AMA-R15494,AMA-O13902,12/06/2025,596.1,Refunded,0.0
AMA-R16539,AMA-O13699,2025-09-08,53.9,Paid,0.0
AMA-R12330,AMA-O11671,01-Jan-2023,33.54,Refunded,0.0
AMA-R12151,AMA-O5989,2024-10-19,658.59,Refunded,0.0
AMA-R11940,AMA-O6306,22-Feb-2024,648.32,Paid,648.32
AMA-R10753,AMA-O13409,2024-01-31,230.81,Paid,0.0
AMA-R17244,AMA-O14806,11/20/2025,87.15,Refunded,0.0
AMA-R12990,AMA-O10582,05/03/2025,101.56,Paid,47.18
AMA-R15838,AMA-O5879,09/30/2025,,Paid,0.0
AMA-R16689,AMA-O14913,01/16/2023,149.24,Paid,0.0
AMA-R14960,AMA-O6788,12/11/2024,369.95,Paid,369.95
AMA-R17399,AMA-O14414,13-Oct-2024,459.48,Paid,0.0
AMA-R9398,AMA-O6248,2024-12-01,79.0,Pending,0.0
AMA-R17980,AMA-O6117,07/29/2025,1446.6,Refunded,0.0
AMA-R17219,AMA-O7937,02/27/2023,262.59,Paid,0.0
AMA-R11834,AMA-O14985,03/15/2025,600.05,Refunded,0.0
AMA-R12580,AMA-O12726,06/29/2023,131.35,Pending,0.0
AMA-R16136,AMA-O7877,2024-09-24,95.72,Refunded,0.0
AMA-R13723,AMA-O14391,2023-06-20,158.96,Paid,0.0
AMA-R17281,AMA-O14279,2024-07-27,27.05,Paid,0.0
AMA-R14626,AMA-O9626,11/07/2025,210.84,Paid,0.0
AMA-R17526,AMA-O6601,2024-06-20,,Paid,0.0
AMA-R17043,AMA-O8634,25-Feb-2023,196.44,Refunded,0.0
AMA-R11568,AMA-O13826,09/03/2024,91.24,Refunded,0.0
AMA-R13944,AMA-O5345,27-May-2025,116.88,Paid,0.0
AMA-R9985,AMA-O14418,07/02/2025,435.6,Paid,0.0
AMA-R17264,AMA-O7925,2024-03-25,174.42,Paid,174.42
AMA-R11243,AMA-O5273,09/25/2025,225.4,Paid,0.0
AMA-R15841,AMA-O6570,02/10/2025,132.1,Paid,0.0
AMA-R16050,AMA-O11357,11-May-2024,178.42,Paid,0.0
AMA-R11636,AMA-O14361,17-Sep-2025,337.56,Refunded,0.0
AMA-R14748,AMA-O5141,2025-03-16,277.24,Paid,277.24
AMA-R14320,AMA-O5927,27-Oct-2024,177.21,Paid,177.21
AMA-R14443,AMA-O12807,2025-01-04,305.48,Paid,305.48
AMA-R17670,AMA-O8803,08-Jul-2024,102.33,Refunded,0.0
AMA-R18097,AMA-O10622,08/31/2024,90.36,Refunded,0.0
AMA-R10332,AMA-O7072,2025-04-26,448.15,Refunded,0.0
AMA-R14094,AMA-O8175,06/11/2023,160.25,Pending,0.0
AMA-R16063,AMA-O13369,2025-10-27,52.38,Paid,0.0
AMA-R10154,AMA-O10601,28-Oct-2025,217.04,Paid,0.0
AMA-R13106,AMA-O14296,18-Aug-2024,72.28,Paid,0.0
AMA-R9242,AMA-O7241,19-Jun-2024,255.45,Paid,0.0
AMA-R11009,AMA-O14929,11/11/2023,283.08,Pending,0.0
AMA-R17395,AMA-O8036,15-Sep-2025,1264.6,Paid,1264.6
AMA-R18508,AMA-O12805,2023-07-18,86.15,Paid,86.15
AMA-R13291,AMA-O5629,01/13/2025,99.0,Paid,0.0
AMA-R14180,AMA-O11026,06/09/2024,971.8,Paid,0.0
AMA-R17996,AMA-O8023,2025-08-18,6.88,Paid,0.0
AMA-R15705,AMA-O12225,01/29/2025,100.77,Paid,0.0
AMA-R11164,AMA-O13545,08/14/2023,14.92,Paid,14.92
AMA-R10697,AMA-O10989,26-Aug-2024,24.73,Paid,7.54
AMA-R12784,AMA-O11955,03/10/2025,87.9,Paid,0.0
AMA-R10925,AMA-O14280,2023-09-09,16.76,Paid,16.76
AMA-R13679,AMA-O12466,2024-06-15,142.24,Paid,0.0
AMA-R16266,AMA-O5012,2025-05-17,,Refunded,0.0
AMA-R18623,AMA-O5121,2023-09-01,245.0,Paid,0.0
AMA-R16572,AMA-O12240,05/28/2023,54.01,Refunded,0.0
AMA-R10611,AMA-O10302,08/03/2023,278.58,Refunded,0.0
AMA-R9229,AMA-O7419,19-Aug-2025,,Paid,0.0
AMA-R9345,AMA-O6576,06/12/2024,,Paid,0.0
AMA-R13973,AMA-O8809,2024-02-11,196.55,Paid,196.55
AMA-R9474,AMA-O11922,2025-08-29,624.5,Paid,0.0
AMA-R14245,AMA-O9483,2024-10-10,31.86,Paid,0.0
AMA-R18495,AMA-O14515,2024-06-16,30.15,Refunded,0.0
AMA-R13777,AMA-O8494,2025-03-12,116.06,Paid,0.0
AMA-R15206,AMA-O5254,06-May-2024,92.22,Paid,0.0
AMA-R9691,AMA-O5118,2025-03-20,544.92,Paid,0.0
AMA-R16462,AMA-O8736,08/23/2024,356.22,Paid,356.22
AMA-R17401,AMA-O8975,04-Nov-2025,1063.44,Paid,0.0
AMA-R12042,AMA-O13674,01-May-2024,115.66,Paid,0.0
AMA-R16428,AMA-O14705,09/15/2023,1375.55,Paid,0.0
AMA-R15368,AMA-O14939,12-Nov-2023,25.88,Paid,0.0
AMA-R11110,AMA-O14609,2024-03-10,57.8,Paid,25.22
AMA-R13955,AMA-O11080,03/29/2025,146.64,Paid,0.0
AMA-R14123,AMA-O5557,10-Jan-2024,,Paid,941.96
AMA-R9095,AMA-O14362,04/05/2025,68.49,Paid,0.0
AMA-R10589,AMA-O13626,06/14/2024,47.79,Paid,0.0
AMA-R10003,AMA-O12381,2025-01-31,188.16,Paid,0.0
AMA-R11373,AMA-O11282,05/26/2023,79.1,Refunded,0.0
AMA-R12991,AMA-O12383,18-Apr-2023,22.18,Paid,22.18
AMA-R10108,AMA-O8473,2023-04-09,213.7,Paid,0.0
AMA-R13662,AMA-O8575,27-Jan-2023,3811.55,Paid,3811.55
AMA-R18348,AMA-O12653,2024-04-25,,Refunded,0.0
AMA-R13029,AMA-O5327,05/13/2025,833.32,Paid,0.0
AMA-R9443,AMA-O7379,02/26/2023,176.31,Paid,176.31
AMA-R9732,AMA-O13196,01/14/2025,303.44,Paid,36.18
AMA-R12108,AMA-O5501,05-Jan-2024,5.96,Refunded,0.0
AMA-R13016,AMA-O14826,2025-04-04,,Paid,0.0
AMA-R13606,AMA-O13209,05/16/2025,,Paid,0.0
AMA-R10074,AMA-O12234,2025-10-28,179.85,Paid,0.0
AMA-R17523,AMA-O7651,2024-11-15,252.25,Paid,0.0
AMA-R9896,AMA-O11177,01/02/2025,78.08,Paid,0.0
AMA-R12445,AMA-O13467,05/14/2024,593.86,Paid,0.0
AMA-R14344,AMA-O8250,2024-11-27,22.76,Refunded,0.0
AMA-R16257,AMA-O8416,08/30/2023,246.72,Paid,0.0
AMA-R9127,AMA-O5899,2025-04-09,167.2,Paid,0.0
AMA-R13213,AMA-O10287,19-Mar-2025,,Pending,0.0
AMA-R15871,AMA-O12579,05/30/2024,33.36,Paid,0.0
AMA-R13575,AMA-O5908,2025-11-14,1508.44,Paid,0.0
AMA-R13935,AMA-O14234,2023-12-14,426.18,Paid,0.0
AMA-R12885,AMA-O9894,2024-05-25,3761.05,Paid,3761.05
AMA-R11634,AMA-O9994,12/13/2025,32.97,Paid,0.0
AMA-R16542,AMA-O10060,2023-02-01,88.15,Paid,0.0
AMA-R16659,AMA-O8863,16-Oct-2023,68.4,Paid,0.0
AMA-R17810,AMA-O13561,06/18/2025,75.51,Paid,0.0
AMA-R13851,AMA-O5415,2025-03-14,747.6,Refunded,0.0
AMA-R9045,AMA-O6007,2025-05-06,862.68,Refunded,0.0
AMA-R9572,AMA-O11416,2025-11-26,222.89,Paid,0.0
AMA-R11969,AMA-O12827,05/31/2023,313.92,Refunded,0.0
AMA-R10522,AMA-O9729,06/30/2024,89.68,Paid,0.0
AMA-R10996,AMA-O11964,2024-04-15,373.45,Paid,0.0
AMA-R14392,AMA-O6650,2024-09-08,215.46,Pending,59.37
AMA-R14714,AMA-O5733,26-Jun-2024,173.06,Paid,0.0
AMA-R14760,AMA-O12186,07/20/2023,48.12,Paid,0.0
AMA-R10585,AMA-O12899,05-Sep-2024,319.92,Refunded,0.0
AMA-R13831,AMA-O13500,30-Sep-2023,40.76,Refunded,0.0
AMA-R11983,AMA-O7843,06-May-2025,258.24,Paid,0.0
AMA-R16725,AMA-O8588,2025-01-18,396.4,Paid,0.0
AMA-R14081,AMA-O10897,07-Aug-2023,220.61,Paid,220.61
AMA-R10394,AMA-O7115,11/17/2024,480.63,Paid,0.0
AMA-R14197,AMA-O12445,16-Jan-2025,618.93,Paid,0.0
AMA-R12481,AMA-O13117,01/25/2023,199.68,Paid,50.76
AMA-R9780,AMA-O10795,09/01/2025,686.65,Paid,0.0
AMA-R16264,AMA-O7112,2023-07-03,87.24,Paid,0.0
AMA-R14459,AMA-O8189,29-Sep-2023,159.35,Paid,0.0
AMA-R16281,AMA-O5825,03-Apr-2024,213.48,Paid,0.0
AMA-R16161,AMA-O12608,25-Sep-2023,295.95,Pending,0.0
AMA-R18535,AMA-O12102,03/09/2023,233.82,Refunded,0.0
AMA-R13567,AMA-O7591,2023-09-11,3009.15,Refunded,0.0
AMA-R13265,AMA-O12739,24-Dec-2023,873.21,Paid,873.21
AMA-R17141,AMA-O12061,22-Nov-2025,262.65,Paid,262.65
AMA-R12635,AMA-O12283,08-Mar-2025,51.66,Paid,0.0
AMA-R11843,AMA-O9236,07/04/2024,691.44,Paid,0.0
AMA-R13432,AMA-O13872,07/04/2025,196.12,Paid,196.12
AMA-R13893,AMA-O13159,01/02/2024,124.83,Paid,0.0
AMA-R9983,AMA-O9017,01/23/2025,110.1,Paid,0.0
AMA-R11284,AMA-O13229,17-Aug-2023,825.72,Paid,0.0
AMA-R10854,AMA-O8519,09-Jun-2023,,Refunded,0.0
AMA-R14148,AMA-O13755,08/02/2025,50.56,Paid,50.56
AMA-R11085,AMA-O6902,2025-02-21,76.64,Paid,0.0
AMA-R9484,AMA-O6619,04/17/2023,40.92,Refunded,0.0
AMA-R16207,AMA-O8818,28-Jul-2023,106.4,Paid,106.4
AMA-R17275,AMA-O5376,2023-11-13,223.04,Paid,0.0
AMA-R12628,AMA-O6548,06/07/2023,257.88,Paid,0.0
AMA-R11555,AMA-O10811,2024-09-07,96.72,Paid,0.0
AMA-R14988,AMA-O8959,15-Feb-2025,113.94,Paid,0.0
AMA-R14897,AMA-O6036,2024-05-07,310.1,Paid,0.0
AMA-R12236,AMA-O7279,2023-09-09,404.92,Paid,0.0
AMA-R13856,AMA-O12132,2023-07-10,222.8,Refunded,0.0
AMA-R17217,AMA-O10353,2023-07-12,151.04,Paid,0.0
AMA-R9105,AMA-O7940,30-Apr-2023,4.96,Paid,0.0
AMA-R15814,AMA-O6623,2023-04-06,312.35,Paid,149.39
AMA-R13600,AMA-O8409,01-Mar-2023,28.98,Refunded,0.0
AMA-R16225,AMA-O10198,2024-09-25,,Pending,0.0
AMA-R9746,AMA-O9461,11/17/2024,82.05,Paid,82.05
AMA-R18399,AMA-O5439,21-Feb-2023,12.1,Paid,12.1
AMA-R16082,AMA-O5754,10-May-2023,127.15,Refunded,0.0
AMA-R16128,AMA-O7016,2025-08-16,24.26,Paid,24.26
AMA-R11190,AMA-O5388,12/30/2024,126.35,Paid,0.0
AMA-R13089,AMA-O10236,22-Dec-2025,257.15,Paid,257.15
AMA-R9364,AMA-O5685,22-Oct-2024,352.45,Paid,0.0
AMA-R15911,AMA-O6830,2024-08-10,128.59,Paid,0.0
AMA-R13998,AMA-O6781,2025-10-27,495.14,Paid,0.0
AMA-R13887,AMA-O7055,2023-10-31,88.74,Paid,0.0
AMA-R18156,AMA-O12440,15-Jun-2023,938.15,Pending,0.0
AMA-R10747,AMA-O5268,25-Oct-2025,274.95,Paid,0.0
AMA-R9101,AMA-O11180,05/10/2024,163.53,Paid,0.0
AMA-R11491,AMA-O5387,2025-06-13,35.22,Paid,0.0
AMA-R12539,AMA-O12260,03/28/2024,136.08,Paid,0.0
AMA-R11827,AMA-O10905,10/22/2023,176.2,Paid,0.0
AMA-R14853,AMA-O5073,25-Mar-2023,199.84,Paid,0.0
AMA-R9969,AMA-O12983,09/16/2025,37.31,Paid,0.0
AMA-R14785,AMA-O11435,2023-05-26,230.88,Refunded,0.0
AMA-R10037,AMA-O11219,2024-05-29,,Paid,0.0
AMA-R17956,AMA-O9110,2025-04-08,108.4,Paid,0.0
AMA-R17976,AMA-O14988,21-Sep-2024,84.32,Paid,84.32
AMA-R12918,AMA-O11801,19-Dec-2024,218.82,Paid,0.0
AMA-R15202,AMA-O6290,13-Feb-2023,222.66,Paid,0.0
AMA-R17512,AMA-O11055,12-Sep-2023,55.14,Paid,0.0
AMA-R15141,AMA-O5385,2024-09-22,183.58,Refunded,0.0
AMA-R15381,AMA-O10553,24-Jun-2024,54.76,Paid,0.0
AMA-R18115,AMA-O9543,2023-11-22,243.82,Paid,0.0
AMA-R13785,AMA-O9496,2024-08-16,228.72,Paid,0.0
AMA-R17020,AMA-O12960,12/25/2025,413.6,Paid,0.0
AMA-R18599,AMA-O10518,07-May-2023,102.9,Paid,102.9
AMA-R13198,AMA-O6539,29-Mar-2024,339.72,Paid,0.0
AMA-R12040,AMA-O7871,2024-10-05,1374.86,Paid,1374.86
AMA-R11506,AMA-O10308,06/12/2025,257.08,Paid,0.0
AMA-R12425,AMA-O8661,04-Apr-2023,206.34,Paid,0.0
AMA-R16415,AMA-O5060,23-Jul-2024,155.48,Refunded,0.0
AMA-R15634,AMA-O9474,2023-11-19,88.05,Paid,0.0
AMA-R15787,AMA-O11097,2023-08-28,215.72,Paid,0.0
AMA-R15388,AMA-O5050,22-Jun-2025,1107.4,Paid,479.44
AMA-R14353,AMA-O9049,05-Sep-2023,538.53,Paid,0.0
AMA-R9921,AMA-O8990,05-Oct-2025,1853.72,Paid,0.0
AMA-R10377,AMA-O9006,2025-02-09,840.35,Refunded,346.28
AMA-R9159,AMA-O12969,13-Jun-2024,268.83,Refunded,0.0
AMA-R12379,AMA-O12927,2025-01-25,65.31,Paid,0.0
AMA-R12333,AMA-O9797,2024-06-08,202.48,Refunded,0.0
AMA-R11800,AMA-O14516,2023-08-13,91.4,Refunded,0.0
AMA-R10699,AMA-O11493,11/12/2025,430.0,Paid,430.0
AMA-R10888,AMA-O9053,2023-09-22,1334.34,Paid,0.0
AMA-R10124,AMA-O12747,16-May-2023,920.56,Paid,920.56
AMA-R10906,AMA-O5930,2024-03-16,169.02,Paid,0.0
AMA-R18111,AMA-O6606,22-Jun-2025,194.1,Paid,0.0
AMA-R16308,AMA-O6617,25-Jul-2023,45.75,Refunded,0.0
AMA-R15462,AMA-O5500,2024-12-24,76.2,Paid,0.0
AMA-R9459,AMA-O10365,2023-05-03,20.86,Paid,20.86
AMA-R15452,AMA-O7486,02/28/2025,35.88,Refunded,0.0
AMA-R10233,AMA-O13491,08-May-2024,56.73,Paid,26.2
AMA-R17210,AMA-O6143,2023-01-23,111.48,Pending,0.0
AMA-R13285,AMA-O12990,08/19/2023,641.14,Paid,0.0
AMA-R16995,AMA-O13293,11-Jan-2023,120.64,Refunded,0.0
AMA-R14209,AMA-O11013,13-Dec-2024,223.46,Paid,0.0
AMA-R9137,AMA-O11897,11/16/2023,413.65,Paid,0.0
AMA-R9244,AMA-O13952,2025-04-30,321.28,Paid,0.0
AMA-R17699,AMA-O7416,11/13/2023,103.8,Paid,0.0
AMA-R12493,AMA-O12101,04/06/2023,227.13,Paid,0.0
AMA-R18612,AMA-O8320,04-Mar-2025,46.8,Paid,0.0
AMA-R17469,AMA-O9737,10/19/2023,30.51,Paid,12.16
AMA-R17057,AMA-O7690,01-Sep-2024,,Paid,0.0
AMA-R15835,AMA-O8921,07-Oct-2023,130.16,Paid,0.0
AMA-R10006,AMA-O11273,25-Feb-2024,231.92,Paid,0.0
AMA-R9838,AMA-O14186,11-Oct-2023,,Paid,0.0
AMA-R18451,AMA-O11464,03/01/2025,90.68,Paid,0.0
AMA-R15596,AMA-O13091,08/18/2024,76.8,Pending,0.0
AMA-R18325,AMA-O7870,23-Aug-2024,87.28,Pending,0.0
AMA-R13371,AMA-O14644,11/22/2023,3.75,Paid,0.0
AMA-R15185,AMA-O6245,2025-03-26,382.45,Paid,0.0
AMA-R17853,AMA-O6664,02-Jan-2023,59.44,Refunded,0.0
AMA-R12805,AMA-O9849,24-Oct-2024,54.12,Paid,0.0
AMA-R11645,AMA-O12950,01/10/2023,125.76,Paid,0.0
AMA-R15528,AMA-O8572,09-Jan-2024,140.52,Paid,0.0
AMA-R11306,AMA-O5533,2024-01-10,75.36,Refunded,0.0
AMA-R12466,AMA-O10005,08/27/2025,921.76,Paid,0.0
AMA-R14542,AMA-O7779,06/27/2024,20.36,Refunded,0.0
AMA-R11139,AMA-O8927,08/26/2025,,Paid,0.0
AMA-R13788,AMA-O8377,10/08/2024,38.88,Paid,38.88
AMA-R10008,AMA-O5399,2024-07-05,221.84,Paid,0.0
AMA-R9965,AMA-O14094,07/18/2024,714.72,Paid,714.72
AMA-R15649,AMA-O14457,08-Mar-2025,43.95,Paid,0.0
AMA-R11585,AMA-O7379,02/26/2023,176.31,Paid,176.31
AMA-R12778,AMA-O13864,2025-11-24,65.02,Pending,0.0
AMA-R13239,AMA-O13654,2023-10-06,313.84,Paid,313.84
AMA-R14210,AMA-O14463,02-Feb-2023,439.95,Paid,0.0
AMA-R17739,AMA-O13419,12/06/2024,,Paid,95.4
AMA-R13032,AMA-O10385,26-Sep-2025,,Paid,0.0
AMA-R11398,AMA-O12185,2025-05-13,178.56,Paid,0.0
AMA-R12355,AMA-O6910,2025-06-18,79.42,Paid,0.0
AMA-R15668,AMA-O9800,2025-05-02,136.08,Paid,0.0
AMA-R15790,AMA-O6661,2023-03-23,51.78,Paid,0.0
AMA-R10475,AMA-O14881,02/03/2023,146.95,Paid,0.0
AMA-R13756,AMA-O10405,14-Nov-2024,51.26,Pending,0.0
AMA-R9680,AMA-O14524,08/10/2023,102.3,Refunded,0.0
AMA-R13915,AMA-O13422,2025-01-15,125.75,Paid,125.75
AMA-R14779,AMA-O11486,06-Jan-2023,243.39,Paid,0.0
AMA-R14056,AMA-O7314,2025-08-16,104.76,Paid,0.0
AMA-R17614,AMA-O11279,12/26/2024,405.06,Paid,0.0
AMA-R14374,AMA-O12390,02-Oct-2024,559.45,Pending,0.0
AMA-R12298,AMA-O9907,09/17/2024,187.56,Paid,0.0
AMA-R13961,AMA-O7397,2024-12-08,2035.6,Paid,472.14
AMA-R13368,AMA-O12189,2024-07-14,122.37,Paid,0.0
AMA-R11888,AMA-O9770,02/07/2023,294.44,Paid,0.0
AMA-R16679,AMA-O13724,06/26/2024,220.4,Paid,0.0
AMA-R17066,AMA-O5398,2024-08-25,517.48,Paid,0.0
AMA-R16496,AMA-O11654,2023-06-26,40.8,Paid,0.0
AMA-R11552,AMA-O9777,27-Jun-2024,243.33,Paid,0.0
AMA-R9975,AMA-O10948,26-Dec-2023,351.6,Refunded,0.0
AMA-R13715,AMA-O8380,07/21/2025,,Pending,0.0
AMA-R11796,AMA-O10516,12-Jun-2023,385.4,Paid,0.0
AMA-R17145,AMA-O6484,2025-07-12,139.26,Paid,0.0
AMA-R13459,AMA-O10983,07/27/2024,324.33,Paid,0.0
AMA-R15078,AMA-O14565,09/28/2025,2044.65,Paid,0.0
AMA-R17740,AMA-O8687,2024-04-02,33.74,Paid,0.0
AMA-R16664,AMA-O11823,02-Jan-2023,1695.33,Refunded,0.0
AMA-R18210,AMA-O12081,09/22/2023,74.91,Paid,0.0
AMA-R12036,AMA-O14333,04/16/2024,434.95,Paid,0.0
AMA-R14549,AMA-O5870,02-Dec-2024,691.98,Refunded,0.0
AMA-R12535,AMA-O14049,2024-12-22,240.8,Refunded,0.0
AMA-R17414,AMA-O5992,08/17/2023,99.52,Paid,0.0
AMA-R14930,AMA-O6767,2025-07-12,38.48,Paid,0.0
AMA-R14421,AMA-O5162,09/23/2025,117.18,Paid,117.18
AMA-R13665,AMA-O6479,02/26/2023,29.32,Paid,0.0
AMA-R18204,AMA-O13267,08-Mar-2024,142.64,Paid,0.0
AMA-R18597,AMA-O13318,09/03/2025,243.1,Paid,0.0
AMA-R12901,AMA-O10485,20-Feb-2025,491.2,Paid,0.0
AMA-R12344,AMA-O9456,2023-08-30,171.2,Paid,0.0
AMA-R17627,AMA-O7776,2024-06-29,62.16,Paid,0.0
AMA-R11117,AMA-O12773,08/21/2023,2333.01,Paid,0.0
AMA-R14605,AMA-O14315,2023-08-27,310.1,Paid,0.0
AMA-R11151,AMA-O7144,12/17/2024,205.4,Paid,0.0
AMA-R14959,AMA-O8204,17-May-2024,36.04,Paid,0.0
AMA-R17522,AMA-O11235,04/11/2023,383.76,Paid,0.0
AMA-R16202,AMA-O6459,15-Jan-2023,446.9,Paid,0.0
AMA-R18335,AMA-O10004,12/11/2025,110.86,Paid,110.86
AMA-R16641,AMA-O7208,01-Apr-2025,60.8,Paid,0.0
AMA-R14664,AMA-O5206,04/16/2025,61.6,Paid,61.6
AMA-R10185,AMA-O11646,01/20/2024,78.3,Paid,0.0
AMA-R16607,AMA-O7590,19-Oct-2023,83.28,Paid,0.0
AMA-R17918,AMA-O8184,07/28/2025,32.73,Paid,0.0
AMA-R13245,AMA-O5229,30-Sep-2024,221.55,Paid,0.0
AMA-R15938,AMA-O11650,02/08/2023,70.36,Paid,70.36
AMA-R14400,AMA-O12955,01/23/2025,67.2,Paid,67.2
AMA-R13311,AMA-O11989,01-Nov-2023,76.62,Refunded,0.0
AMA-R14014,AMA-O12457,2025-07-20,36.44,Paid,0.0
AMA-R9427,AMA-O10331,10/11/2023,155.35,Pending,0.0
AMA-R14893,AMA-O13445,06-May-2024,229.55,Paid,0.0
AMA-R16170,AMA-O9237,2025-10-04,96.02,Paid,0.0
AMA-R14585,AMA-O14931,2024-04-18,83.98,Paid,0.0
AMA-R16494,AMA-O11709,07-Dec-2024,495.27,Paid,495.27
AMA-R13907,AMA-O11394,2024-06-25,362.0,Paid,0.0
AMA-R16660,AMA-O10899,2023-12-01,16.51,Paid,0.0
AMA-R13865,AMA-O7394,2023-05-17,35.44,Paid,0.0
AMA-R10790,AMA-O14655,2024-08-21,114.5,Pending,0.0
AMA-R11690,AMA-O6085,08-Dec-2024,413.56,Paid,0.0
AMA-R10832,AMA-O10298,2024-01-17,24.48,Paid,0.0
AMA-R16348,AMA-O12128,29-Oct-2025,79.2,Paid,0.0
AMA-R17245,AMA-O8675,22-Sep-2023,44.24,Refunded,0.0
AMA-R16844,AMA-O8903,06-Jul-2023,48.6,Refunded,0.0
AMA-R12202,AMA-O7044,07-Mar-2023,873.52,Paid,0.0
AMA-R17708,AMA-O13611,2023-10-27,,Paid,63.12
AMA-R17747,AMA-O6698,27-Oct-2025,390.45,Refunded,0.0
AMA-R16879,AMA-O11542,09/05/2024,164.85,Refunded,0.0
AMA-R18236,AMA-O12542,13-Jun-2024,9.99,Paid,9.99
AMA-R15797,AMA-O5786,24-Jun-2023,21.1,Paid,0.0
AMA-R13024,AMA-O6555,10/27/2023,97.8,Paid,0.0
AMA-R14478,AMA-O5674,15-Mar-2025,98.66,Paid,0.0
AMA-R12082,AMA-O7004,2025-03-22,901.05,Paid,0.0
AMA-R16794,AMA-O10758,2023-11-05,196.84,Refunded,0.0
AMA-R17400,AMA-O5322,2024-06-03,160.55,Paid,0.0
AMA-R9669,AMA-O14788,2024-05-06,985.5,Paid,0.0
AMA-R14195,AMA-O7229,2024-07-02,,Paid,0.0
AMA-R12186,AMA-O13990,2024-10-08,442.9,Paid,0.0
AMA-R9138,AMA-O7461,14-Oct-2025,127.16,Paid,0.0
AMA-R12914,AMA-O5055,03/07/2025,27.83,Refunded,0.0
AMA-R18174,AMA-O12587,10/23/2024,54.05,Paid,0.0
AMA-R14679,AMA-O10638,2024-08-18,171.63,Paid,0.0
AMA-R11388,AMA-O11461,04/28/2025,133.88,Paid,0.0
AMA-R17800,AMA-O12750,2025-11-30,11.52,Refunded,0.0
AMA-R9341,AMA-O8470,27-Jul-2023,38.68,Paid,0.0
AMA-R10600,AMA-O13739,2024-08-08,689.92,Refunded,0.0
AMA-R10693,AMA-O13665,2023-12-20,675.99,Paid,0.0
AMA-R10390,AMA-O10202,02/03/2024,,Paid,0.0
AMA-R11666,AMA-O7041,10-Nov-2023,11.18,Paid,11.18
AMA-R14676,AMA-O11511,12/30/2023,,Paid,167.52
AMA-R10187,AMA-O8513,2025-10-06,154.75,Paid,154.75
AMA-R12252,AMA-O13562,08/21/2024,125.97,Refunded,0.0
AMA-R12073,AMA-O7169,18-Aug-2025,1090.0,Paid,0.0
AMA-R14339,AMA-O7293,2023-11-01,,Paid,0.0
AMA-R17132,AMA-O7127,2023-06-25,85.44,Paid,0.0
AMA-R17252,AMA-O7415,08/27/2023,372.25,Paid,0.0
AMA-R15597,AMA-O14035,25-Jan-2025,,Paid,0.0
AMA-R11812,AMA-O8965,20-Nov-2024,1310.96,Paid,0.0
AMA-R18123,AMA-O11602,2023-11-21,170.3,Refunded,0.0
AMA-R9875,AMA-O9020,11/06/2024,220.55,Paid,0.0
AMA-R11515,AMA-O5948,10-Jan-2025,21.03,Paid,21.03
AMA-R16189,AMA-O5694,2025-09-05,150.18,Refunded,0.0
AMA-R13045,AMA-O5920,2025-10-02,840.2,Paid,840.2
AMA-R12205,AMA-O11591,2025-09-04,2864.4,Paid,0.0
AMA-R11196,AMA-O8715,29-May-2023,112.48,Paid,0.0
AMA-R15625,AMA-O6370,04-Jul-2024,2336.4,Paid,2336.4
AMA-R14095,AMA-O6557,02/08/2025,230.04,Paid,0.0
AMA-R16445,AMA-O7393,22-Jan-2024,115.1,Paid,0.0
AMA-R15652,AMA-O5294,05/23/2023,844.6,Paid,0.0
AMA-R15398,AMA-O7624,01/02/2025,408.45,Paid,408.45
AMA-R10660,AMA-O13299,2025-02-18,104.52,Paid,0.0
AMA-R15684,AMA-O5293,2025-06-15,139.7,Refunded,0.0
AMA-R17490,AMA-O6641,21-Jun-2023,575.36,Paid,0.0
AMA-R14831,AMA-O13892,11/19/2023,81.8,Paid,0.0
AMA-R12616,AMA-O13095,26-Nov-2023,73.6,Paid,0.0
AMA-R16376,AMA-O13381,22-Jun-2024,39.85,Paid,0.0
AMA-R17545,AMA-O14960,04/27/2023,466.95,Paid,466.95
AMA-R13708,AMA-O13861,2024-12-20,541.6,Paid,0.0
AMA-R11920,AMA-O14915,09/01/2023,,Paid,0.0
AMA-R12903,AMA-O6368,2024-01-19,91.09,Refunded,0.0
AMA-R12509,AMA-O14123,01/29/2024,17.92,Paid,0.0
AMA-R15595,AMA-O9400,05/30/2025,55.54,Paid,0.0
AMA-R9915,AMA-O14061,05/28/2023,185.14,Paid,0.0
AMA-R12240,AMA-O14428,2025-09-04,105.22,Refunded,0.0
AMA-R11177,AMA-O6756,2023-03-02,107.67,Paid,0.0
AMA-R15774,AMA-O14884,15-Nov-2025,703.65,Refunded,0.0
AMA-R15441,AMA-O8862,25-Apr-2025,239.2,Paid,0.0
AMA-R9326,AMA-O7207,2023-04-29,643.11,Paid,0.0
AMA-R16145,AMA-O9321,2025-02-09,72.2,Paid,72.2
AMA-R9775,AMA-O7249,05/15/2025,145.64,Paid,0.0
AMA-R11504,AMA-O6140,2024-05-18,18.47,Paid,0.0
AMA-R14651,AMA-O5574,03/22/2024,430.25,Paid,0.0
AMA-R16914,AMA-O8212,17-May-2023,9.58,Paid,0.0
AMA-R18188,AMA-O12685,2023-09-19,288.72,Pending,0.0
AMA-R11425,AMA-O12897,01-Oct-2023,80.26,Refunded,0.0
AMA-R14862,AMA-O7929,05/20/2025,190.77,Paid,0.0
AMA-R14281,AMA-O5858,03/02/2025,152.32,Paid,0.0
AMA-R15820,AMA-O10957,04/30/2024,238.85,Refunded,0.0
AMA-R11483,AMA-O6834,12/20/2025,3807.45,Paid,0.0
AMA-R16781,AMA-O13119,2023-10-06,12.49,Paid,0.0
AMA-R16066,AMA-O13254,02-Oct-2025,25.74,Paid,0.0
AMA-R9675,AMA-O5446,04-Oct-2024,54.03,Paid,0.0
AMA-R10168,AMA-O5265,09/21/2025,354.69,Paid,0.0
AMA-R13890,AMA-O10039,11/04/2024,99.04,Paid,0.0
AMA-R11392,AMA-O9847,21-Oct-2023,60.8,Refunded,0.0
AMA-R10629,AMA-O12194,09-Sep-2023,41.74,Paid,0.0
AMA-R14322,AMA-O9897,19-Oct-2024,673.7,Paid,673.7
AMA-R16994,AMA-O10213,2025-05-25,230.1,Paid,0.0
AMA-R12634,AMA-O11815,03/16/2025,346.2,Paid,0.0
AMA-R18285,AMA-O5148,2024-07-09,154.52,Paid,0.0
AMA-R17417,AMA-O14949,2025-06-22,43.4,Paid,0.0
AMA-R9636,AMA-O9678,10/29/2023,96.3,Pending,0.0
AMA-R9648,AMA-O7905,2023-03-22,181.98,Paid,0.0
AMA-R17034,AMA-O8413,03/27/2024,53.29,Paid,0.0
AMA-R14391,AMA-O7966,02/09/2025,53.88,Pending,0.0
AMA-R14216,AMA-O8688,2023-02-12,217.93,Paid,217.93
AMA-R12405,AMA-O14073,06-Aug-2023,28.31,Pending,0.0
AMA-R17286,AMA-O8210,27-Apr-2023,30.16,Paid,30.16
AMA-R12270,AMA-O5560,22-Oct-2024,12.46,Paid,0.0
AMA-R9178,AMA-O10564,03/10/2025,673.2,Refunded,0.0
AMA-R10618,AMA-O12806,12/14/2023,,Paid,0.0
AMA-R16053,AMA-O7449,28-Mar-2023,404.84,Refunded,0.0
AMA-R9232,AMA-O11993,2024-02-05,92.55,Paid,0.0
AMA-R11200,AMA-O7601,04/21/2023,726.72,Paid,0.0
AMA-R17067,AMA-O10789,01-Sep-2023,1466.05,Paid,0.0
AMA-R9697,AMA-O14625,2024-02-24,159.15,Paid,0.0
AMA-R11499,AMA-O12257,22-Aug-2024,399.48,Paid,0.0
AMA-R16383,AMA-O9512,03/24/2025,70.37,Refunded,0.0
AMA-R13956,AMA-O10120,13-May-2024,33.52,Paid,0.0
AMA-R14863,AMA-O9235,07-Nov-2024,176.67,Paid,0.0
AMA-R16840,AMA-O7634,05/13/2025,,Paid,0.0
AMA-R9918,AMA-O5330,10-Dec-2024,157.2,Paid,0.0
AMA-R14152,AMA-O11830,04-Nov-2025,54.92,Pending,0.0
AMA-R10878,AMA-O10183,2025-03-14,961.08,Paid,0.0
AMA-R12274,AMA-O5857,01/21/2023,119.68,Paid,119.68
AMA-R16530,AMA-O13881,01/10/2024,282.88,Paid,0.0
AMA-R18019,AMA-O6903,2024-08-16,97.6,Paid,0.0
AMA-R10892,AMA-O10112,12-Jul-2023,136.24,Paid,0.0
AMA-R17675,AMA-O11159,03/12/2024,75.33,Refunded,0.0
AMA-R16763,AMA-O9466,05-Oct-2025,135.3,Paid,0.0
AMA-R10182,AMA-O10200,08/12/2023,,Paid,0.0
AMA-R16400,AMA-O8581,2025-04-12,185.24,Paid,0.0
AMA-R16911,AMA-O14289,2023-10-16,18.7,Paid,0.0
AMA-R9035,AMA-O6338,26-Nov-2025,544.86,Pending,0.0
AMA-R16421,AMA-O12839,27-Oct-2024,36.38,Paid,0.0
AMA-R15851,AMA-O9935,03-Mar-2024,215.1,Paid,0.0
AMA-R14403,AMA-O5636,21-Jul-2025,147.48,Paid,0.0
AMA-R17191,AMA-O12032,03-Jul-2023,394.4,Paid,0.0
AMA-R9110,AMA-O6949,08-Dec-2025,93.3,Paid,0.0
AMA-R9850,AMA-O7364,04-Jan-2025,22.53,Paid,0.0
AMA-R15831,AMA-O14502,2023-09-08,389.76,Paid,0.0
AMA-R11730,AMA-O12852,01/06/2025,159.55,Paid,159.55
AMA-R17641,AMA-O5397,2025-03-31,155.92,Paid,0.0
AMA-R11275,AMA-O5616,2024-12-28,195.96,Paid,0.0
AMA-R11018,AMA-O5083,2025-07-15,780.16,Paid,780.16
AMA-R10653,AMA-O7715,2024-07-31,742.23,Paid,0.0
AMA-R17754,AMA-O8162,02-Oct-2025,157.16,Pending,0.0
AMA-R13637,AMA-O13590,2023-04-30,83.36,Paid,0.0
AMA-R16958,AMA-O11213,19-Oct-2024,822.99,Pending,0.0
AMA-R13415,AMA-O8218,04/07/2023,2116.44,Refunded,0.0
AMA-R11836,AMA-O8607,2024-05-19,55.65,Paid,0.0
AMA-R11593,AMA-O8740,08/13/2023,72.72,Refunded,0.0
AMA-R12869,AMA-O13508,28-Jan-2024,174.44,Paid,0.0
AMA-R16960,AMA-O9789,2025-08-29,160.9,Paid,160.9
AMA-R15025,AMA-O9718,2025-12-24,145.65,Pending,0.0
AMA-R15624,AMA-O7778,20-Dec-2024,552.74,Paid,0.0
AMA-R13736,AMA-O6713,28-Jan-2024,72.7,Paid,0.0
AMA-R14237,AMA-O10918,05-Apr-2023,71.32,Pending,0.0
AMA-R16885,AMA-O8896,14-Nov-2023,147.72,Paid,0.0
AMA-R11526,AMA-O10547,04/24/2023,19.64,Paid,0.0
AMA-R15940,AMA-O11513,2023-12-20,245.67,Paid,0.0
AMA-R15079,AMA-O8288,17-Dec-2023,114.84,Pending,0.0
AMA-R12015,AMA-O14521,11-Jul-2025,210.75,Paid,0.0
AMA-R16707,AMA-O14980,19-Mar-2024,86.1,Paid,0.0
AMA-R13901,AMA-O5680,2024-11-13,349.76,Paid,349.76
AMA-R15200,AMA-O11541,04/25/2025,24.49,Refunded,0.0
AMA-R13610,AMA-O12890,01/21/2024,39.33,Paid,0.0
AMA-R14109,AMA-O10288,07/19/2024,40.72,Paid,0.0
AMA-R9156,AMA-O9928,2025-06-02,90.64,Paid,0.0
AMA-R18218,AMA-O8700,2025-08-15,33.3,Paid,0.0
AMA-R10945,AMA-O5991,11/10/2023,292.3,Pending,0.0
AMA-R10941,AMA-O14086,2024-04-15,1761.65,Paid,0.0
AMA-R18243,AMA-O6786,03/11/2025,630.68,Paid,0.0
AMA-R16939,AMA-O5355,09/28/2025,14.5,Paid,14.5
AMA-R16213,AMA-O9853,10-Dec-2025,1344.9,Paid,284.96
AMA-R14628,AMA-O6010,05-Jan-2024,200.55,Paid,0.0
AMA-R14290,AMA-O13957,2023-05-02,152.35,Paid,0.0
AMA-R10927,AMA-O7011,2023-02-09,32.33,Pending,0.0
AMA-R10338,AMA-O7092,2025-02-09,87.55,Paid,0.0
AMA-R16015,AMA-O9534,2023-03-08,131.6,Paid,131.6
AMA-R12412,AMA-O8406,2023-06-17,335.55,Paid,0.0
AMA-R16459,AMA-O6262,2025-10-03,77.48,Paid,77.48
AMA-R12402,AMA-O13376,02/10/2025,111.56,Paid,0.0
AMA-R11720,AMA-O11004,06/22/2024,100.64,Paid,0.0
AMA-R9544,AMA-O11468,10/17/2023,484.55,Paid,0.0
AMA-R15407,AMA-O6458,21-Jan-2025,27.05,Paid,0.0
AMA-R11495,AMA-O10013,2023-04-20,1418.65,Paid,0.0
AMA-R14342,AMA-O10665,2024-05-22,105.76,Pending,0.0
AMA-R16631,AMA-O6397,2024-01-24,118.07,Pending,0.0
AMA-R9037,AMA-O8299,2025-12-17,7.96,Paid,7.96
AMA-R12698,AMA-O13998,07/17/2025,214.29,Pending,0.0
AMA-R11286,AMA-O8257,06/09/2025,440.94,Paid,0.0
AMA-R17098,AMA-O11495,2023-05-31,888.56,Paid,0.0
AMA-R14190,AMA-O11666,10-Jan-2023,31.54,Refunded,0.0
AMA-R10948,AMA-O7399,10/18/2024,34.04,Paid,0.0
AMA-R16183,AMA-O6141,09/12/2023,110.2,Paid,0.0
AMA-R14798,AMA-O9234,29-Nov-2025,159.55,Paid,0.0
AMA-R18464,AMA-O6183,2025-06-20,256.68,Paid,0.0
AMA-R14328,AMA-O10727,04/15/2023,190.95,Paid,0.0
AMA-R12226,AMA-O8038,12/04/2025,16.99,Paid,0.0
AMA-R15271,AMA-O8996,01-Feb-2025,38.12,Paid,0.0
AMA-R15165,AMA-O7459,29-Aug-2024,53.32,Paid,53.32
AMA-R12207,AMA-O6162,2024-06-07,438.24,Paid,438.24
AMA-R16211,AMA-O10141,07/12/2023,81.72,Paid,81.72
AMA-R16471,AMA-O6758,2024-02-02,79.8,Paid,0.0
AMA-R10780,AMA-O10294,20-Apr-2025,305.55,Paid,143.5
AMA-R14292,AMA-O7839,09/11/2023,30.98,Refunded,0.0
AMA-R10968,AMA-O6148,2023-10-12,734.68,Paid,0.0
AMA-R13538,AMA-O9089,24-Sep-2025,355.52,Paid,0.0
AMA-R18167,AMA-O10422,2024-09-27,655.2,Paid,655.2
AMA-R9852,AMA-O14420,07/25/2023,180.28,Paid,0.0
AMA-R9809,AMA-O8856,2023-03-08,57.61,Paid,0.0
AMA-R11160,AMA-O8091,05/03/2025,2955.75,Paid,2955.75
AMA-R16241,AMA-O13198,09/25/2025,1342.1,Paid,0.0
AMA-R10368,AMA-O14816,11/15/2024,978.24,Paid,0.0
AMA-R14410,AMA-O13540,05/28/2025,51.64,Paid,0.0
AMA-R9223,AMA-O14495,12-Jul-2025,131.9,Paid,0.0
AMA-R10174,AMA-O6564,28-May-2023,87.34,Paid,0.0
AMA-R11162,AMA-O5071,14-May-2024,42.85,Paid,0.0
AMA-R10510,AMA-O9779,2024-12-01,,Refunded,0.0
AMA-R10060,AMA-O9820,03-Oct-2024,510.24,Refunded,0.0
AMA-R11054,AMA-O5089,02/03/2024,17.33,Paid,0.0
AMA-R14730,AMA-O5262,2024-07-17,39.42,Paid,0.0
AMA-R10041,AMA-O7456,2024-10-13,39.3,Paid,0.0
AMA-R9879,AMA-O6829,2023-06-26,388.56,Paid,0.0
AMA-R11025,AMA-O8539,03/26/2025,502.15,Paid,0.0
AMA-R18036,AMA-O10454,2025-05-12,105.75,Paid,0.0
AMA-R14686,AMA-O5368,18-Jun-2023,247.23,Paid,0.0
AMA-R17002,AMA-O5147,03/03/2025,222.18,Refunded,0.0
AMA-R13594,AMA-O8964,2023-03-15,1886.52,Paid,0.0
AMA-R11058,AMA-O10594,09/05/2024,140.58,Paid,0.0
AMA-R9807,AMA-O11265,24-Apr-2023,139.68,Paid,0.0
AMA-R10831,AMA-O10224,14-Mar-2023,247.2,Pending,0.0
AMA-R11691,AMA-O7768,10/08/2024,487.34,Paid,0.0
AMA-R11583,AMA-O14147,2024-09-24,199.45,Paid,0.0
AMA-R18452,AMA-O9801,2024-11-24,32.95,Paid,0.0
AMA-R9569,AMA-O11794,13-Nov-2025,68.2,Paid,0.0
AMA-R18588,AMA-O11029,10/31/2024,184.75,Paid,0.0
AMA-R11297,AMA-O5869,27-Jul-2025,123.72,Paid,0.0
AMA-R16835,AMA-O8614,2024-12-14,61.14,Refunded,0.0
AMA-R11363,AMA-O11798,12/22/2024,92.33,Paid,0.0
AMA-R9679,AMA-O8983,2024-12-19,26.76,Paid,0.0
AMA-R18070,AMA-O8378,10/07/2023,91.84,Refunded,0.0
AMA-R10748,AMA-O13708,01/15/2024,24.62,Pending,0.0
AMA-R13352,AMA-O14499,10/20/2025,14.57,Paid,0.0
AMA-R13266,AMA-O10086,12/29/2025,187.98,Paid,0.0
AMA-R13277,AMA-O11791,01/10/2024,83.4,Paid,0.0
AMA-R16968,AMA-O5658,09/17/2024,57.6,Paid,0.0
AMA-R16639,AMA-O7163,2023-08-21,609.21,Paid,609.21
AMA-R12475,AMA-O14519,2024-04-06,,Paid,0.0
AMA-R14382,AMA-O6489,30-Jul-2025,57.24,Paid,0.0
AMA-R11536,AMA-O12593,30-Aug-2025,210.05,Paid,0.0
AMA-R12001,AMA-O13111,15-Jul-2023,52.02,Paid,0.0
AMA-R15061,AMA-O12637,24-Oct-2025,293.06,Paid,0.0
AMA-R10552,AMA-O11879,2024-08-28,440.1,Paid,0.0
AMA-R12387,AMA-O9137,2023-07-29,1148.16,Refunded,0.0
AMA-R13467,AMA-O12647,10-Feb-2024,131.67,Paid,131.67
AMA-R16547,AMA-O9413,04/03/2023,523.77,Paid,0.0
AMA-R17750,AMA-O7173,21-Nov-2024,289.2,Paid,289.2
AMA-R11212,AMA-O8483,29-Jan-2024,471.95,Paid,0.0
AMA-R11471,AMA-O14614,2024-10-12,168.88,Refunded,0.0
AMA-R9302,AMA-O13898,01/28/2023,22.83,Refunded,0.0
AMA-R12266,AMA-O6640,10/08/2024,708.24,Paid,0.0
AMA-R13272,AMA-O11115,2023-02-12,13.91,Paid,0.0
AMA-R11799,AMA-O7165,03/04/2023,117.21,Pending,0.0
AMA-R9210,AMA-O5127,2023-09-15,55.02,Refunded,0.0
AMA-R15988,AMA-O11855,01/03/2023,33.52,Refunded,0.0
AMA-R9449,AMA-O8797,10/20/2025,71.02,Refunded,0.0
AMA-R12111,AMA-O8169,03/02/2025,82.8,Pending,0.0
AMA-R17389,AMA-O11589,2024-01-28,,Paid,0.0
AMA-R12341,AMA-O13985,24-Aug-2025,17.13,Refunded,0.0
AMA-R10439,AMA-O14311,06/30/2023,854.75,Paid,124.3
AMA-R11573,AMA-O13555,2025-10-13,99.36,Paid,0.0
AMA-R16210,AMA-O8485,01/07/2024,1162.25,Refunded,0.0
AMA-R12442,AMA-O11517,2023-07-09,210.36,Paid,0.0
AMA-R17292,AMA-O5905,29-Mar-2025,437.04,Paid,0.0
AMA-R16488,AMA-O13243,2025-12-24,21.96,Paid,0.0
AMA-R14688,AMA-O5473,07/18/2024,64.45,Paid,64.45
AMA-R18234,AMA-O5353,21-Feb-2024,82.26,Paid,0.0
AMA-R9089,AMA-O12856,2025-02-06,188.72,Paid,0.0
AMA-R12154,AMA-O11906,2024-01-16,649.47,Paid,0.0
AMA-R15566,AMA-O14033,2023-01-30,195.66,Paid,0.0
AMA-R14091,AMA-O8562,22-Oct-2024,12.82,Paid,12.82
AMA-R13363,AMA-O13703,11/07/2024,32.2,Paid,0.0
AMA-R17885,AMA-O13131,2023-07-05,,Paid,0.0
AMA-R10056,AMA-O9198,2024-03-27,585.73,Paid,0.0
AMA-R9308,AMA-O6476,2024-03-17,101.04,Paid,101.04
AMA-R11029,AMA-O14473,09/22/2023,151.12,Paid,151.12
AMA-R17068,AMA-O11332,13-Apr-2025,3405.35,Paid,0.0
AMA-R12069,AMA-O5259,2024-10-23,279.7,Paid,0.0
AMA-R15947,AMA-O13027,2023-04-16,395.68,Paid,395.68
AMA-R13154,AMA-O13762,2025-11-03,119.07,Paid,119.07
AMA-R12576,AMA-O6168,09/16/2023,2513.3,Paid,0.0
AMA-R11440,AMA-O6882,2024-01-09,31.44,Paid,0.0
AMA-R12538,AMA-O12644,2023-12-24,331.58,Refunded,0.0
AMA-R12139,AMA-O6219,2025-01-30,228.85,Paid,0.0
AMA-R15936,AMA-O11068,21-Oct-2023,111.44,Paid,111.44
AMA-R15989,AMA-O9032,11/22/2024,,Refunded,0.0
AMA-R11871,AMA-O5686,2023-04-13,1151.55,Paid,0.0
AMA-R15499,AMA-O8214,04/18/2023,173.7,Paid,0.0
AMA-R17860,AMA-O5191,11/15/2023,214.36,Refunded,0.0
AMA-R10137,AMA-O11044,06/15/2023,636.52,Paid,0.0
AMA-R14953,AMA-O5572,2025-09-22,3003.64,Paid,0.0
AMA-R16151,AMA-O11599,24-Feb-2023,176.04,Paid,0.0
AMA-R15746,AMA-O9106,2023-10-12,154.06,Paid,0.0
AMA-R17187,AMA-O8048,07/27/2025,84.96,Paid,0.0
AMA-R13407,AMA-O8576,2024-06-27,1226.07,Paid,0.0
AMA-R17732,AMA-O8897,2023-04-08,329.75,Paid,0.0
AMA-R14703,AMA-O9334,13-Aug-2023,77.42,Paid,77.42
AMA-R13355,AMA-O11943,08/23/2024,1331.6,Pending,0.0
AMA-R11298,AMA-O5144,2025-09-20,241.79,Paid,241.79
AMA-R11144,AMA-O7914,05-May-2023,155.44,Paid,0.0
AMA-R12335,AMA-O12794,27-Jun-2024,71.52,Paid,0.0
AMA-R15901,AMA-O8914,30-Sep-2023,375.55,Pending,0.0
AMA-R18559,AMA-O14448,11-Oct-2024,7.34,Paid,0.0
AMA-R11270,AMA-O6759,01/26/2025,452.96,Paid,0.0
AMA-R11199,AMA-O14963,12/01/2023,3109.3,Refunded,0.0
AMA-R15632,AMA-O6657,26-Sep-2025,8.58,Refunded,3.95
AMA-R9647,AMA-O7582,03/12/2024,41.76,Paid,41.76
AMA-R17007,AMA-O5421,07-May-2024,638.19,Paid,0.0
AMA-R17549,AMA-O13744,2025-11-14,675.63,Paid,0.0
AMA-R12334,AMA-O9329,2025-10-09,118.28,Paid,0.0
AMA-R17475,AMA-O13675,2024-07-17,1069.85,Paid,0.0
AMA-R15473,AMA-O5323,05/21/2025,87.21,Paid,30.22
AMA-R17666,AMA-O13176,18-Jun-2025,52.44,Paid,0.0
AMA-R12605,AMA-O11532,30-Apr-2025,103.2,Paid,0.0
AMA-R10283,AMA-O8744,26-Sep-2025,440.68,Refunded,0.0
AMA-R14685,AMA-O5100,27-Sep-2023,225.87,Paid,0.0
AMA-R12768,AMA-O9679,12-Apr-2025,424.14,Paid,0.0
AMA-R18289,AMA-O10824,2023-12-28,239.02,Paid,0.0
AMA-R16652,AMA-O10625,08/02/2025,215.2,Paid,0.0
AMA-R13406,AMA-O9307,2024-08-15,37.5,Paid,0.0
AMA-R13670,AMA-O10436,2024-08-07,236.39,Refunded,0.0
AMA-R13300,AMA-O7900,12/17/2025,58.9,Paid,0.0
AMA-R11304,AMA-O13430,2025-02-08,133.42,Refunded,0.0
AMA-R10159,AMA-O9130,23-Mar-2023,524.22,Pending,0.0
AMA-R13530,AMA-O9646,2025-10-07,124.16,Paid,124.16
AMA-R10947,AMA-O14350,20-May-2023,372.7,Paid,0.0
AMA-R17459,AMA-O12313,01/27/2024,,Refunded,0.0
AMA-R17025,AMA-O8649,2024-11-09,60.8,Refunded,0.0
AMA-R15123,AMA-O5645,28-Mar-2025,743.6,Paid,0.0
AMA-R17954,AMA-O5884,23-Dec-2025,407.16,Paid,0.0
AMA-R12732,AMA-O8740,08/13/2023,72.72,Refunded,0.0
AMA-R16172,AMA-O10646,10/26/2025,41.52,Paid,0.0
AMA-R9458,AMA-O6629,09-Jul-2025,35.96,Paid,35.96
AMA-R12555,AMA-O6857,03/07/2025,255.6,Paid,0.0
AMA-R13294,AMA-O13704,2024-09-26,,Paid,0.0
AMA-R11222,AMA-O8203,16-Dec-2023,276.5,Paid,0.0
AMA-R13615,AMA-O9545,12-Aug-2023,81.54,Paid,0.0
AMA-R12049,AMA-O11631,18-Nov-2025,,Paid,67.94
AMA-R18362,AMA-O14115,20-Jul-2025,2667.85,Paid,0.0
AMA-R16442,AMA-O8879,02/13/2024,53.74,Paid,0.0
AMA-R16098,AMA-O10870,29-Sep-2025,51.75,Paid,0.0
AMA-R16594,AMA-O5304,13-Feb-2024,,Paid,0.0
AMA-R12474,AMA-O7607,2024-08-05,42.22,Paid,42.22
AMA-R10893,AMA-O7518,2023-11-26,1085.7,Paid,0.0
AMA-R9776,AMA-O11194,16-Dec-2024,2184.8,Paid,0.0
AMA-R15385,AMA-O12237,05-Jun-2025,14.82,Refunded,0.0
AMA-R15847,AMA-O14449,07-Oct-2025,206.95,Paid,0.0
AMA-R16389,AMA-O13885,2023-03-17,119.48,Paid,0.0
AMA-R15239,AMA-O12024,03-Jul-2025,343.04,Refunded,0.0
AMA-R13634,AMA-O5397,2025-03-31,155.92,Paid,0.0
AMA-R12741,AMA-O11024,04/15/2024,3663.35,Paid,0.0
AMA-R10416,AMA-O10306,12/19/2024,248.43,Paid,0.0
AMA-R9868,AMA-O9170,2025-03-23,12.84,Paid,0.0
AMA-R14660,AMA-O6329,2025-11-05,1048.75,Paid,403.58
AMA-R10243,AMA-O9353,2023-05-25,100.6,Paid,0.0
AMA-R13794,AMA-O5817,2023-08-11,32.96,Paid,0.0
AMA-R14201,AMA-O12862,20-Aug-2023,153.96,Paid,47.15
AMA-R9602,AMA-O8497,03-Jul-2025,112.28,Refunded,0.0
AMA-R9799,AMA-O9429,16-Jun-2024,163.45,Paid,0.0
AMA-R16079,AMA-O9420,2025-12-19,168.03,Paid,0.0
AMA-R15308,AMA-O11576,03/06/2024,234.08,Paid,0.0
AMA-R12503,AMA-O11197,05/16/2023,89.58,Paid,0.0
AMA-R18388,AMA-O12135,22-Jan-2023,50.58,Paid,0.0
AMA-R16117,AMA-O14434,03/11/2024,61.28,Refunded,0.0
AMA-R11010,AMA-O8407,2025-09-04,149.58,Paid,0.0
AMA-R16824,AMA-O8300,2023-01-02,128.73,Paid,128.73
AMA-R10218,AMA-O8314,2023-05-19,249.15,Pending,0.0
AMA-R13874,AMA-O10033,05/30/2024,23.78,Refunded,0.0
AMA-R9871,AMA-O10131,06-Jul-2023,90.4,Paid,0.0
AMA-R11754,AMA-O11074,29-Dec-2023,63.56,Paid,0.0
AMA-R10702,AMA-O8510,10/30/2023,,Paid,0.0
AMA-R18609,AMA-O9881,06/12/2023,845.24,Paid,0.0
AMA-R10437,AMA-O9744,12/12/2025,892.23,Paid,0.0
AMA-R12868,AMA-O8292,08-Dec-2024,179.15,Paid,0.0
AMA-R16140,AMA-O7962,2024-08-31,105.42,Paid,0.0
AMA-R18140,AMA-O6297,08/17/2024,35.94,Paid,0.0
AMA-R11567,AMA-O14811,30-May-2025,657.3,Paid,657.3
AMA-R12323,AMA-O9396,11/05/2024,160.48,Paid,0.0
AMA-R17723,AMA-O8577,12-Jul-2025,223.73,Paid,111.79
AMA-R12197,AMA-O9306,21-Jul-2023,615.2,Paid,0.0
AMA-R11652,AMA-O5978,2024-04-13,29.44,Paid,0.0
AMA-R10113,AMA-O11758,12-Jan-2025,344.24,Paid,344.24
AMA-R9774,AMA-O5887,2023-02-25,295.02,Pending,0.0
AMA-R13752,AMA-O10731,13-Apr-2023,135.24,Paid,135.24
AMA-R15483,AMA-O5104,22-Dec-2024,100.68,Pending,0.0
AMA-R11428,AMA-O8301,16-Apr-2025,53.58,Refunded,0.0
AMA-R18637,AMA-O7548,2024-07-24,476.91,Paid,0.0
AMA-R11688,AMA-O12259,2023-03-03,300.4,Pending,0.0
AMA-R12800,AMA-O5540,2024-07-20,276.24,Refunded,0.0
AMA-R14241,AMA-O14908,2023-12-03,520.05,Paid,0.0
AMA-R12116,AMA-O13650,2025-01-24,290.32,Paid,0.0
AMA-R12585,AMA-O6432,2023-03-29,1453.2,Paid,0.0
AMA-R9331,AMA-O7671,05/22/2025,790.8,Refunded,0.0
AMA-R12866,AMA-O8360,09-Nov-2024,109.64,Pending,0.0
AMA-R14224,AMA-O12615,10/12/2023,106.76,Paid,0.0
AMA-R17604,AMA-O11399,29-Aug-2024,273.16,Refunded,0.0
AMA-R16095,AMA-O6635,07/06/2023,342.3,Refunded,0.0
AMA-R15999,AMA-O12232,12-Apr-2024,293.49,Paid,0.0
AMA-R15921,AMA-O8480,2025-02-01,33.6,Paid,0.0
AMA-R11866,AMA-O11665,10-Feb-2025,336.75,Paid,0.0
AMA-R11153,AMA-O7818,2025-01-09,57.56,Paid,0.0
AMA-R10356,AMA-O7997,2023-03-13,120.84,Paid,0.0
AMA-R18310,AMA-O11331,25-Dec-2023,113.86,Paid,0.0
AMA-R18486,AMA-O9616,09/14/2024,16.7,Paid,0.0
AMA-R18035,AMA-O14916,2025-03-21,116.22,Paid,0.0
AMA-R16590,AMA-O10644,2024-06-09,13.72,Paid,0.0
AMA-R10574,AMA-O5460,04-Oct-2024,40.2,Paid,0.0
AMA-R17753,AMA-O9976,2023-06-10,22.42,Paid,0.0
AMA-R12717,AMA-O6053,27-May-2025,437.5,Paid,0.0
AMA-R14221,AMA-O12124,08/28/2024,178.2,Paid,0.0
AMA-R16786,AMA-O9156,12/21/2023,250.62,Paid,0.0
AMA-R11260,AMA-O10177,10/30/2024,20.98,Paid,0.0
AMA-R13585,AMA-O11325,11/29/2023,78.52,Paid,0.0
AMA-R13509,AMA-O12672,02/27/2025,163.35,Paid,0.0
AMA-R18422,AMA-O10375,2023-04-21,357.84,Paid,0.0
AMA-R15545,AMA-O14132,01/04/2023,158.24,Refunded,0.0
AMA-R15694,AMA-O10076,2025-11-02,172.8,Refunded,0.0
AMA-R13408,AMA-O13592,2024-01-02,193.6,Paid,0.0
AMA-R18013,AMA-O8501,2023-07-24,,Pending,0.0
AMA-R11825,AMA-O11165,24-Jul-2023,258.72,Paid,0.0
AMA-R12721,AMA-O8495,11/17/2025,333.8,Paid,333.8
AMA-R15905,AMA-O14551,2023-03-29,109.52,Paid,25.99
AMA-R13898,AMA-O13742,11/30/2023,309.75,Paid,309.75
AMA-R15086,AMA-O10113,21-Nov-2024,322.81,Pending,0.0
AMA-R15350,AMA-O9460,06-May-2024,292.02,Paid,65.0
AMA-R11714,AMA-O11124,07-Sep-2023,227.88,Refunded,0.0
AMA-R9216,AMA-O14580,08/03/2025,165.4,Paid,0.0
AMA-R18444,AMA-O9999,03-Aug-2025,287.5,Paid,0.0
AMA-R12489,AMA-O14152,04/02/2023,801.44,Paid,0.0
AMA-R13364,AMA-O10874,02/12/2024,14.58,Refunded,0.0
AMA-R15408,AMA-O14604,18-May-2025,346.25,Paid,0.0
AMA-R14433,AMA-O6416,25-Jun-2025,,Pending,0.0
AMA-R18581,AMA-O13475,05/11/2025,118.34,Paid,118.34
AMA-R16118,AMA-O5266,2024-03-18,14.04,Paid,0.0
AMA-R12776,AMA-O12154,09/11/2023,3132.4,Paid,0.0
AMA-R11489,AMA-O5070,06-Aug-2025,57.68,Paid,0.0
AMA-R12338,AMA-O8389,01/06/2025,1135.1,Paid,0.0
AMA-R16274,AMA-O5935,03/25/2023,76.3,Paid,0.0
AMA-R11610,AMA-O7897,20-May-2024,259.97,Pending,0.0
AMA-R10590,AMA-O11262,2025-02-04,1071.48,Paid,1071.48
AMA-R12505,AMA-O11708,11/05/2023,60.75,Paid,0.0
AMA-R14535,AMA-O6501,18-Apr-2023,168.72,Paid,0.0
AMA-R16613,AMA-O13850,2025-11-20,,Paid,0.0
AMA-R14068,AMA-O12600,14-Apr-2024,161.36,Paid,0.0
AMA-R17456,AMA-O11562,03-Sep-2023,92.45,Paid,0.0
AMA-R11049,AMA-O6604,11/05/2023,297.9,Paid,0.0
AMA-R12773,AMA-O14868,04/02/2025,1006.7,Paid,0.0
AMA-R16784,AMA-O5960,23-Mar-2023,136.32,Pending,0.0
AMA-R16454,AMA-O10452,09/22/2024,256.6,Paid,0.0
AMA-R18476,AMA-O5063,02-Nov-2025,324.0,Refunded,0.0
AMA-R11086,AMA-O8603,2023-08-03,492.55,Paid,0.0
AMA-R9079,AMA-O14586,12/25/2025,24.9,Paid,24.9
AMA-R16549,AMA-O5445,03/30/2024,93.28,Paid,0.0
AMA-R18583,AMA-O6389,03-Sep-2025,158.25,Refunded,0.0
AMA-R9846,AMA-O10502,09/15/2025,,Paid,0.0
AMA-R10640,AMA-O8005,08/23/2025,257.16,Paid,0.0
AMA-R15116,AMA-O10025,29-Jun-2023,36.45,Paid,0.0
AMA-R13109,AMA-O10696,08/10/2025,553.25,Pending,0.0
AMA-R13137,AMA-O12392,05-Jul-2023,737.98,Paid,0.0
AMA-R17538,AMA-O7252,09-Jun-2025,165.68,Paid,0.0
AMA-R13724,AMA-O12030,22-Feb-2024,244.81,Paid,0.0
AMA-R14699,AMA-O11916,2025-06-24,,Refunded,0.0
AMA-R13492,AMA-O5280,04/30/2024,3184.8,Paid,0.0
AMA-R15996,AMA-O12084,10/29/2024,40.74,Pending,0.0
AMA-R16043,AMA-O7550,20-Nov-2024,108.48,Paid,0.0
AMA-R11699,AMA-O11825,01/27/2025,497.14,Paid,497.14
AMA-R15256,AMA-O10614,18-Apr-2023,19.86,Paid,0.0
AMA-R9816,AMA-O10656,2025-01-17,291.56,Paid,0.0
AMA-R11132,AMA-O13275,13-Jul-2023,121.26,Paid,0.0
AMA-R17403,AMA-O8007,10/13/2024,108.08,Paid,108.08
AMA-R10093,AMA-O10684,09-Feb-2025,119.25,Paid,0.0
AMA-R12309,AMA-O9748,21-Mar-2025,469.08,Paid,0.0
AMA-R18661,AMA-O9999,08/16/2025,295.6,Paid,0.0
AMA-R16699,AMA-O7849,12/24/2025,,Paid,0.0
AMA-R16730,AMA-O5284,22-Oct-2024,273.21,Paid,0.0
AMA-R17149,AMA-O10571,2023-06-09,52.05,Paid,0.0
AMA-R11251,AMA-O7274,03-Nov-2024,51.51,Paid,0.0
AMA-R13112,AMA-O11821,03/10/2024,14.02,Paid,0.0
AMA-R15617,AMA-O12501,2024-04-19,35.64,Paid,0.0
AMA-R13040,AMA-O9644,06-Nov-2025,3633.75,Paid,0.0
AMA-R14731,AMA-O10324,01/11/2023,423.1,Paid,0.0
AMA-R15420,AMA-O8403,01/06/2025,96.75,Paid,0.0
AMA-R10177,AMA-O8190,04/12/2025,236.19,Paid,0.0
AMA-R18252,AMA-O9558,2024-08-07,117.32,Paid,0.0
AMA-R17513,AMA-O5018,12/23/2024,34.49,Paid,0.0
AMA-R16135,AMA-O10733,07/07/2024,254.84,Paid,0.0
AMA-R10099,AMA-O6456,04/29/2024,29.98,Paid,0.0
AMA-R11314,AMA-O12114,05/19/2023,161.86,Paid,161.86
AMA-R9003,AMA-O9690,09/25/2023,57.15,Paid,0.0
AMA-R13424,AMA-O14308,10/18/2025,87.36,Pending,0.0
AMA-R17260,AMA-O5795,2024-06-20,1367.9,Paid,1367.9
AMA-R14572,AMA-O11590,07-Jun-2023,74.8,Paid,0.0
AMA-R11235,AMA-O9380,22-Oct-2024,65.92,Paid,0.0
AMA-R9633,AMA-O13314,05/03/2024,151.6,Refunded,0.0
AMA-R9416,AMA-O9481,23-Sep-2025,,Paid,0.0
AMA-R11042,AMA-O10769,2024-03-31,24.62,Refunded,0.0
AMA-R17019,AMA-O14584,2025-06-05,69.04,Paid,69.04
AMA-R12047,AMA-O8032,19-Jun-2025,43.72,Paid,0.0
AMA-R14019,AMA-O12758,21-Sep-2023,31.05,Paid,31.05
AMA-R18470,AMA-O7917,09-Sep-2025,29.04,Paid,0.0
AMA-R17023,AMA-O5803,2025-02-28,33.55,Paid,0.0
AMA-R9492,AMA-O13642,2023-01-21,357.66,Paid,0.0
AMA-R14648,AMA-O8685,10-Oct-2024,189.35,Paid,0.0
AMA-R12578,AMA-O12017,11-Feb-2025,19.01,Paid,0.0
AMA-R10872,AMA-O6305,31-Oct-2023,22.9,Refunded,0.0
AMA-R15854,AMA-O6486,20-Nov-2023,1062.64,Paid,1062.64
AMA-R18354,AMA-O5578,05-Jan-2024,117.05,Paid,0.0
AMA-R13896,AMA-O13988,2025-11-26,78.92,Paid,0.0
AMA-R18222,AMA-O7235,05-Nov-2024,328.55,Paid,0.0
AMA-R13987,AMA-O14314,2023-11-22,72.91,Paid,0.0
AMA-R12884,AMA-O12091,08-Apr-2023,13.04,Paid,0.0
AMA-R18211,AMA-O9884,09-Oct-2025,15.66,Paid,15.66
AMA-R15783,AMA-O9203,2023-09-12,36.56,Pending,0.0
AMA-R17318,AMA-O14319,25-Oct-2024,67.26,Paid,0.0
AMA-R13188,AMA-O12666,2024-09-04,126.36,Paid,0.0
AMA-R12924,AMA-O9079,12-Dec-2025,463.1,Paid,0.0
AMA-R10140,AMA-O12086,2024-11-20,192.9,Paid,0.0
AMA-R16058,AMA-O7150,2024-08-18,20.59,Paid,0.0
AMA-R14772,AMA-O12760,08/02/2024,469.1,Paid,0.0
AMA-R13717,AMA-O8889,2023-12-13,,Refunded,0.0
AMA-R12074,AMA-O6992,2023-09-09,27.65,Pending,0.0
AMA-R10485,AMA-O11218,2025-05-17,64.35,Pending,0.0
AMA-R12512,AMA-O12369,07/25/2025,,Paid,0.0
AMA-R15716,AMA-O12853,02-Aug-2023,56.36,Paid,56.36
AMA-R9218,AMA-O9434,04-Apr-2023,139.64,Paid,0.0
AMA-R9040,AMA-O7836,21-Jul-2025,9.42,Paid,0.0
AMA-R11524,AMA-O14369,10/14/2023,241.77,Paid,0.0
AMA-R9966,AMA-O7497,2025-12-24,596.82,Paid,0.0
AMA-R9362,AMA-O8373,02/05/2023,482.63,Paid,482.63
AMA-R17700,AMA-O7351,01/06/2024,485.76,Paid,0.0
AMA-R9722,AMA-O9805,2025-12-31,106.4,Refunded,0.0
AMA-R17872,AMA-O8747,20-Oct-2024,202.44,Paid,0.0
AMA-R12185,AMA-O12549,07/12/2023,449.76,Paid,0.0
AMA-R18059,AMA-O13086,09-Dec-2023,242.48,Pending,0.0
AMA-R18277,AMA-O5080,09/02/2024,16.43,Refunded,0.0
AMA-R11107,AMA-O11112,2024-08-11,102.72,Paid,0.0
AMA-R13727,AMA-O7573,12/13/2023,25.23,Paid,0.0
AMA-R11861,AMA-O6970,01-Dec-2023,316.26,Paid,0.0
AMA-R10116,AMA-O12570,12/28/2023,132.7,Paid,0.0
AMA-R17606,AMA-O6409,29-Oct-2024,841.95,Paid,0.0
AMA-R10375,AMA-O6021,04/11/2024,48.24,Paid,0.0
AMA-R13250,AMA-O6224,2025-08-19,107.1,Paid,0.0
AMA-R15749,AMA-O8853,05/21/2025,250.0,Refunded,0.0
AMA-R15209,AMA-O7288,10-Feb-2023,42.06,Paid,42.06
AMA-R15294,AMA-O10856,07/11/2023,42.04,Paid,0.0
AMA-R13742,AMA-O10334,2024-11-01,104.28,Paid,0.0
AMA-R18485,AMA-O5939,12-Jan-2023,1743.7,Paid,1743.7
AMA-R13358,AMA-O12913,2024-12-31,,Paid,0.0
AMA-R17733,AMA-O10501,15-Oct-2023,554.1,Paid,0.0
AMA-R18507,AMA-O13015,24-Sep-2025,144.0,Refunded,0.0
AMA-R13943,AMA-O14880,2024-11-27,353.0,Paid,0.0
AMA-R13564,AMA-O6709,07/12/2023,623.5,Paid,623.5
AMA-R13840,AMA-O13175,08-Dec-2025,1651.38,Paid,0.0
AMA-R16386,AMA-O5846,16-Sep-2024,37.07,Pending,0.0
AMA-R11490,AMA-O6057,2025-05-17,421.02,Paid,421.02
AMA-R15337,AMA-O10332,07-Jun-2025,87.43,Paid,0.0
AMA-R9797,AMA-O9536,05/14/2025,2987.48,Paid,0.0
AMA-R16482,AMA-O12789,24-Jun-2023,390.8,Paid,0.0
AMA-R9830,AMA-O13520,05/27/2023,76.94,Paid,76.94
AMA-R10845,AMA-O7635,2025-04-13,390.4,Paid,0.0
AMA-R15231,AMA-O13103,2023-07-23,81.92,Paid,0.0
AMA-R14001,AMA-O14278,02-Sep-2023,497.44,Paid,0.0
AMA-R9361,AMA-O14506,2025-04-25,49.05,Paid,0.0
AMA-R18179,AMA-O11154,2025-08-09,76.6,Paid,0.0
AMA-R17720,AMA-O7186,06-Jul-2023,114.5,Paid,0.0
AMA-R15730,AMA-O10208,07/21/2025,,Refunded,0.0
AMA-R13716,AMA-O14326,10-Feb-2025,476.24,Paid,0.0
AMA-R12305,AMA-O6594,09/17/2024,798.6,Paid,0.0
AMA-R13204,AMA-O13906,09-Sep-2024,74.08,Paid,0.0
AMA-R18081,AMA-O14238,2023-03-17,155.86,Paid,43.92
AMA-R17760,AMA-O5170,29-Oct-2024,80.35,Paid,21.04
AMA-R10659,AMA-O7134,01/03/2023,53.3,Paid,0.0
AMA-R10680,AMA-O10980,2023-11-12,73.18,Paid,0.0
AMA-R15874,AMA-O9115,11/05/2023,769.2,Paid,769.2
AMA-R10794,AMA-O13859,2025-06-25,228.8,Paid,0.0
AMA-R16529,AMA-O13200,17-May-2023,27.64,Paid,0.0
AMA-R9547,AMA-O14171,2025-06-14,196.17,Paid,0.0
AMA-R14385,AMA-O6942,2023-07-15,180.2,Paid,0.0
AMA-R15440,AMA-O6436,2023-01-21,79.97,Paid,0.0
AMA-R13924,AMA-O5847,2024-03-29,513.1,Paid,513.1
AMA-R9808,AMA-O9645,11/02/2024,144.72,Paid,16.68
AMA-R18548,AMA-O14203,31-May-2023,472.88,Paid,472.88
AMA-R12833,AMA-O10741,07/29/2023,171.74,Paid,0.0
AMA-R13332,AMA-O13410,05/18/2023,59.15,Paid,0.0
AMA-R13320,AMA-O10623,2023-03-13,154.84,Paid,154.84
AMA-R16007,AMA-O12744,03-Feb-2025,118.44,Paid,0.0
AMA-R11693,AMA-O12865,03/24/2023,159.68,Pending,0.0
AMA-R10223,AMA-O9468,19-Aug-2025,47.52,Paid,0.0
AMA-R18590,AMA-O10011,02/24/2023,48.2,Refunded,0.0
AMA-R17689,AMA-O9111,04/18/2024,129.42,Pending,0.0
AMA-R9858,AMA-O12728,23-Dec-2025,219.05,Paid,0.0
AMA-R14302,AMA-O10615,2023-05-13,295.95,Paid,0.0
AMA-R17461,AMA-O8103,2024-09-09,103.65,Paid,0.0
AMA-R15323,AMA-O13992,04-Sep-2023,141.24,Paid,0.0
AMA-R11437,AMA-O12585,01/31/2025,30.85,Paid,0.0
AMA-R12657,AMA-O10624,11/06/2025,76.36,Paid,0.0
AMA-R17390,AMA-O9359,2025-09-29,95.35,Paid,95.35
AMA-R18575,AMA-O14550,06/08/2023,76.04,Paid,76.04
AMA-R12752,AMA-O5384,06/23/2024,42.53,Paid,0.0
AMA-R9672,AMA-O6995,13-Feb-2024,171.48,Paid,0.0
AMA-R10247,AMA-O10816,2023-08-11,11.0,Paid,11.0
AMA-R11460,AMA-O12508,05/03/2023,390.92,Paid,0.0
AMA-R18561,AMA-O7800,01/05/2025,90.12,Paid,0.0
AMA-R10369,AMA-O11861,02/01/2025,948.6,Paid,0.0
AMA-R17532,AMA-O11600,06/17/2023,,Paid,381.08
AMA-R12902,AMA-O11548,05-Oct-2025,428.65,Paid,0.0
AMA-R16579,AMA-O6227,2025-02-26,1072.6,Paid,0.0
AMA-R13296,AMA-O12559,02/10/2024,113.2,Paid,0.0
AMA-R10525,AMA-O13211,09/05/2025,598.68,Paid,0.0
AMA-R10315,AMA-O13512,2023-09-16,279.2,Paid,0.0
AMA-R9839,AMA-O7230,2023-12-08,155.6,Paid,0.0
AMA-R11533,AMA-O9340,03/28/2023,458.65,Refunded,0.0
AMA-R13658,AMA-O10527,03-Dec-2024,85.9,Paid,0.0
AMA-R16519,AMA-O13237,08-Aug-2025,80.07,Paid,0.0
AMA-R18514,AMA-O7250,29-Sep-2023,324.99,Paid,0.0
AMA-R14602,AMA-O8798,02/15/2025,34.24,Paid,0.0
AMA-R16067,AMA-O6519,2023-07-08,130.96,Paid,0.0
AMA-R15115,AMA-O8674,20-Jun-2023,253.8,Paid,0.0
AMA-R10340,AMA-O11819,2023-08-25,61.89,Paid,0.0
AMA-R16862,AMA-O7946,01/07/2025,913.4,Paid,913.4
AMA-R18317,AMA-O8213,2025-05-07,14.79,Paid,0.0
AMA-R16926,AMA-O10642,12/02/2023,854.88,Pending,0.0
AMA-R10469,AMA-O9795,05/16/2025,177.2,Pending,0.0
AMA-R14641,AMA-O5741,03-May-2023,68.48,Paid,0.0
AMA-R17671,AMA-O12980,28-Sep-2024,387.86,Paid,0.0
AMA-R14702,AMA-O5667,12/03/2023,1761.24,Paid,0.0
AMA-R17101,AMA-O5124,2025-10-28,587.9,Paid,587.9
AMA-R14652,AMA-O9300,04/03/2025,307.52,Paid,0.0
AMA-R11325,AMA-O8904,02/10/2023,231.52,Paid,56.02
AMA-R14132,AMA-O12793,12-Sep-2025,,Paid,0.0
AMA-R9548,AMA-O5466,2024-06-18,86.25,Paid,0.0
AMA-R17269,AMA-O7595,25-Feb-2025,,Paid,0.0
AMA-R17001,AMA-O11054,2024-03-07,668.92,Paid,668.92
AMA-R14840,AMA-O13388,12/01/2025,1271.31,Paid,1271.31
AMA-R15980,AMA-O11867,2025-01-09,116.7,Paid,0.0
AMA-R16017,AMA-O13547,2024-02-29,32.6,Pending,0.0
AMA-R11100,AMA-O7398,2025-06-08,218.2,Paid,0.0
AMA-R16705,AMA-O7315,2023-03-08,158.04,Refunded,0.0
AMA-R16534,AMA-O6350,10-Mar-2023,346.39,Paid,0.0
AMA-R13449,AMA-O7981,03/29/2023,580.1,Paid,0.0
AMA-R15340,AMA-O7043,2025-10-29,183.22,Pending,0.0
AMA-R15269,AMA-O9427,07/09/2024,82.44,Paid,0.0
AMA-R15485,AMA-O12646,10/04/2023,164.2,Paid,0.0
AMA-R15861,AMA-O10587,03-Apr-2025,3827.1,Paid,0.0
AMA-R16668,AMA-O13647,18-Jan-2024,338.32,Paid,0.0
AMA-R9694,AMA-O10636,2023-04-03,178.95,Paid,0.0
AMA-R10320,AMA-O9849,24-Oct-2024,54.12,Pending,0.0
AMA-R13420,AMA-O7746,06/29/2024,18.34,Paid,0.0
AMA-R18269,AMA-O11460,01/14/2024,1308.92,Paid,0.0
AMA-R16717,AMA-O7802,03/07/2023,1431.69,Paid,0.0
AMA-R17873,AMA-O13020,2023-06-20,536.76,Paid,0.0
AMA-R9060,AMA-O10678,2024-02-25,253.85,Paid,0.0
AMA-R15903,AMA-O9317,03/26/2024,147.44,Paid,0.0
AMA-R12319,AMA-O10687,13-Apr-2025,41.45,Paid,41.45
AMA-R9845,AMA-O13790,17-Jul-2023,94.85,Refunded,0.0
AMA-R11528,AMA-O10263,06-Mar-2024,1188.4,Paid,0.0
AMA-R17564,AMA-O13959,25-Oct-2024,1927.0,Paid,0.0
AMA-R10536,AMA-O12325,2024-02-22,34.49,Paid,0.0
AMA-R17064,AMA-O10607,12/21/2025,1790.4,Paid,0.0
AMA-R13458,AMA-O7027,12/24/2024,,Refunded,0.0
AMA-R12369,AMA-O6939,21-Jan-2025,41.16,Paid,41.16
AMA-R15781,AMA-O11381,02-Dec-2023,,Refunded,0.0
AMA-R9483,AMA-O6062,2023-02-03,72.54,Paid,0.0
AMA-R14130,AMA-O6253,20-Jan-2024,3687.6,Paid,0.0
AMA-R10798,AMA-O7920,03-Feb-2023,525.5,Refunded,0.0
AMA-R18484,AMA-O8900,11/30/2023,279.75,Paid,279.75
AMA-R9710,AMA-O5757,11-Dec-2023,29.73,Paid,0.0
AMA-R13486,AMA-O11876,01/26/2024,22.72,Paid,0.0
AMA-R9500,AMA-O6670,08/13/2025,53.59,Refunded,0.0
AMA-R10244,AMA-O6014,08/15/2025,1033.96,Paid,0.0
AMA-R12687,AMA-O12411,03-Dec-2023,66.26,Paid,0.0
AMA-R15184,AMA-O13112,2025-12-25,406.28,Paid,406.28
AMA-R14181,AMA-O13774,2023-11-18,33.14,Paid,33.14
AMA-R14092,AMA-O8583,06/12/2023,56.52,Refunded,0.0
AMA-R18630,AMA-O5788,12/16/2025,63.07,Refunded,0.0
AMA-R15581,AMA-O8834,26-Sep-2024,60.54,Paid,60.54
AMA-R14773,AMA-O6494,2024-03-07,209.8,Paid,0.0
AMA-R14775,AMA-O12217,02-Feb-2025,35.51,Paid,0.0
AMA-R12984,AMA-O11834,2025-06-27,114.92,Paid,0.0
AMA-R11663,AMA-O5592,11/22/2023,479.34,Paid,479.34
AMA-R14061,AMA-O13313,03/29/2025,222.84,Paid,0.0
AMA-R9623,AMA-O8482,04/09/2025,37.51,Paid,0.0
AMA-R11882,AMA-O12142,06-May-2024,71.78,Paid,0.0
AMA-R14709,AMA-O12590,02-Apr-2025,2268.28,Pending,0.0
AMA-R14946,AMA-O14673,2025-10-27,1009.48,Paid,1009.48
AMA-R15801,AMA-O8659,2024-02-07,10.4,Paid,0.0
AMA-R16586,AMA-O12986,11/17/2024,75.48,Paid,0.0
AMA-R13787,AMA-O10413,2024-10-31,718.8,Paid,0.0
AMA-R12994,AMA-O8026,02/19/2025,254.97,Paid,0.0
AMA-R12422,AMA-O14893,2024-01-31,,Paid,0.0
AMA-R14546,AMA-O12485,06/23/2023,189.15,Refunded,0.0
AMA-R11158,AMA-O5928,2024-08-23,43.11,Paid,0.0
AMA-R13146,AMA-O11890,07/31/2024,1729.83,Paid,0.0
AMA-R15370,AMA-O5642,31-Jul-2025,278.08,Paid,0.0
AMA-R18321,AMA-O10204,2023-12-16,420.26,Paid,0.0
AMA-R14261,AMA-O6080,2024-06-27,135.24,Pending,0.0
AMA-R9825,AMA-O14166,07/26/2023,392.75,Refunded,0.0
AMA-R17542,AMA-O8508,2025-05-11,398.4,Paid,0.0
AMA-R16931,AMA-O7574,2023-06-19,278.73,Paid,42.35
AMA-R9294,AMA-O7731,2023-12-13,1229.68,Paid,0.0
AMA-R13119,AMA-O13733,09-Jun-2025,139.59,Paid,0.0
AMA-R9900,AMA-O11739,2025-08-10,28.08,Paid,28.08
AMA-R10698,AMA-O9564,2023-11-01,72.02,Paid,72.02
AMA-R13152,AMA-O7254,26-Apr-2025,53.54,Paid,0.0
AMA-R14511,AMA-O7514,22-Jan-2025,222.81,Paid,0.0
AMA-R15863,AMA-O6213,04/10/2023,,Paid,0.0
AMA-R14397,AMA-O7748,20-Apr-2025,401.24,Paid,401.24
AMA-R13884,AMA-O14485,03/12/2023,103.28,Paid,0.0
AMA-R18045,AMA-O5530,21-Sep-2025,14.04,Paid,0.0
AMA-R9942,AMA-O13758,2025-12-02,77.7,Paid,0.0
AMA-R17934,AMA-O6285,2023-10-30,254.96,Paid,0.0
AMA-R13423,AMA-O14572,01/30/2025,55.17,Paid,0.0
AMA-R16441,AMA-O8310,03/10/2023,70.14,Paid,0.0
AMA-R11116,AMA-O10762,11/28/2023,308.72,Paid,308.72
AMA-R12426,AMA-O9239,2023-05-31,23.36,Refunded,0.0
AMA-R13149,AMA-O8266,05/26/2025,,Paid,1973.0
AMA-R13627,AMA-O7879,22-Jun-2025,,Paid,0.0
AMA-R15616,AMA-O8121,2023-08-19,107.28,Paid,0.0
AMA-R15539,AMA-O5218,2024-10-06,51.48,Refunded,0.0
AMA-R18546,AMA-O8290,2023-07-14,84.08,Paid,0.0
AMA-R14352,AMA-O14696,28-Mar-2025,201.92,Paid,0.0
AMA-R18592,AMA-O12951,06-Feb-2024,169.55,Paid,0.0
AMA-R11079,AMA-O6374,11/10/2023,152.45,Refunded,0.0
AMA-R17074,AMA-O5475,09/26/2023,54.9,Paid,54.9
AMA-R15843,AMA-O8270,19-Mar-2023,203.08,Paid,0.0
AMA-R15752,AMA-O9995,2024-09-06,1566.16,Paid,0.0
AMA-R18071,AMA-O8128,06-Jun-2024,980.6,Paid,980.6
AMA-R12039,AMA-O6850,2025-11-07,544.6,Paid,544.6
AMA-R17296,AMA-O12731,15-Jul-2024,34.72,Paid,0.0
AMA-R15245,AMA-O7109,17-Jun-2025,700.52,Paid,0.0
AMA-R17949,AMA-O14629,2025-07-24,113.5,Paid,0.0
AMA-R14075,AMA-O8490,2025-02-25,76.3,Paid,0.0
AMA-R9644,AMA-O8021,03/11/2023,240.14,Paid,0.0
AMA-R15346,AMA-O14660,31-Dec-2024,47.88,Paid,47.88
AMA-R10383,AMA-O5404,11/02/2025,1297.05,Paid,0.0
AMA-R15437,AMA-O7161,06/06/2024,279.35,Pending,0.0
AMA-R10688,AMA-O14450,06/04/2025,67.12,Paid,0.0
AMA-R16346,AMA-O13078,11/02/2023,155.2,Refunded,0.0
AMA-R11048,AMA-O12151,02/13/2025,152.08,Paid,0.0
AMA-R9899,AMA-O10099,2024-12-07,118.5,Paid,118.5
AMA-R15319,AMA-O7657,06/11/2024,261.44,Paid,0.0
AMA-R10051,AMA-O7823,2024-09-28,219.19,Paid,219.19
AMA-R15629,AMA-O14576,03/07/2023,295.54,Paid,0.0
AMA-R16279,AMA-O7107,2024-09-05,325.38,Paid,0.0
AMA-R10810,AMA-O7139,2023-12-12,34.5,Pending,0.0
AMA-R10820,AMA-O7841,01/05/2023,807.7,Paid,0.0
AMA-R16163,AMA-O13999,2024-11-19,202.76,Paid,0.0
AMA-R15486,AMA-O8690,19-Nov-2023,27.26,Refunded,0.0
AMA-R15856,AMA-O6598,2024-01-30,213.4,Pending,25.09
AMA-R12159,AMA-O6335,14-Dec-2023,310.96,Paid,0.0
AMA-R10663,AMA-O7886,2024-05-16,63.03,Refunded,0.0
AMA-R13197,AMA-O12581,2024-05-21,121.53,Paid,0.0
AMA-R9595,AMA-O14070,22-Sep-2023,64.75,Paid,0.0
AMA-R14966,AMA-O14365,20-Oct-2025,381.52,Paid,0.0
AMA-R17943,AMA-O13317,2025-01-15,104.34,Paid,104.34
AMA-R15291,AMA-O5210,2024-06-25,,Pending,0.0
AMA-R9207,AMA-O11761,21-May-2023,442.42,Refunded,0.0
AMA-R18155,AMA-O7038,31-Dec-2025,30.54,Pending,0.0
AMA-R12458,AMA-O12131,26-Sep-2023,48.48,Refunded,0.0
AMA-R12739,AMA-O13606,2025-05-19,290.22,Paid,0.0
AMA-R13581,AMA-O11053,04/20/2023,506.4,Paid,0.0
AMA-R11328,AMA-O13680,2025-02-03,170.65,Paid,0.0
AMA-R12719,AMA-O7621,20-Sep-2023,45.99,Paid,0.0
AMA-R15577,AMA-O13455,04/10/2024,71.37,Paid,0.0
AMA-R18215,AMA-O13706,28-Dec-2023,13.56,Refunded,0.0
AMA-R9603,AMA-O11932,03-Oct-2023,118.12,Paid,0.0
AMA-R12004,AMA-O14202,19-Dec-2024,22.11,Pending,0.0
AMA-R16747,AMA-O14246,05/22/2024,1105.95,Refunded,0.0
AMA-R15665,AMA-O9303,2025-07-15,606.21,Paid,606.21
AMA-R9939,AMA-O14756,08/20/2024,30.54,Paid,0.0
AMA-R12162,AMA-O6208,10-Dec-2025,239.8,Paid,239.8
AMA-R13047,AMA-O5542,03/04/2023,58.7,Paid,0.0
AMA-R14834,AMA-O10894,26-Apr-2023,121.85,Refunded,0.0
AMA-R15620,AMA-O7742,15-Jan-2025,152.82,Paid,0.0
AMA-R13353,AMA-O6244,06/28/2024,3123.24,Paid,0.0
AMA-R18585,AMA-O6645,02/05/2024,87.61,Paid,87.61
AMA-R17032,AMA-O14174,2024-05-06,1277.74,Paid,0.0
AMA-R9782,AMA-O10002,2023-08-13,600.35,Paid,0.0
AMA-R11263,AMA-O8899,05/12/2024,,Paid,0.0
AMA-R15362,AMA-O7333,29-Jan-2024,1570.5,Paid,0.0
AMA-R13677,AMA-O10126,08-Jul-2025,246.4,Paid,0.0
AMA-R9827,AMA-O5901,2023-10-17,1380.35,Paid,0.0
AMA-R16223,AMA-O6653,2024-10-25,256.4,Paid,0.0
AMA-R14935,AMA-O11304,02/02/2024,64.39,Paid,64.39
AMA-R15688,AMA-O7140,05/01/2024,320.1,Paid,0.0
AMA-R15098,AMA-O7473,2024-04-27,46.58,Paid,0.0
AMA-R11129,AMA-O14779,08-Sep-2025,71.49,Pending,0.0
AMA-R14358,AMA-O10816,2023-08-11,,Paid,11.0
AMA-R10939,AMA-O7386,16-May-2025,54.65,Paid,0.0
AMA-R9274,AMA-O13556,10/06/2025,173.92,Paid,0.0
AMA-R10255,AMA-O6097,29-Jan-2024,407.2,Paid,0.0
AMA-R9955,AMA-O14210,22-Jan-2025,894.18,Paid,0.0
AMA-R13381,AMA-O5509,17-Jun-2025,43.62,Paid,0.0
AMA-R13883,AMA-O12642,2023-03-18,194.05,Paid,0.0
AMA-R18149,AMA-O5403,21-Sep-2023,13.78,Paid,0.0
AMA-R10067,AMA-O7822,13-Oct-2024,75.5,Refunded,0.0
AMA-R10366,AMA-O11868,2024-01-24,153.24,Paid,0.0
AMA-R9407,AMA-O7458,31-Jan-2025,706.98,Paid,0.0
AMA-R9061,AMA-O6692,05/13/2023,77.55,Paid,0.0
AMA-R11981,AMA-O8974,06/26/2023,127.41,Paid,47.64
AMA-R11582,AMA-O14198,2025-01-04,197.55,Paid,0.0
AMA-R10418,AMA-O13734,2023-06-17,86.0,Paid,0.0
AMA-R16500,AMA-O11632,2023-04-23,167.9,Refunded,0.0
AMA-R15114,AMA-O7237,07/05/2024,270.3,Paid,0.0
AMA-R13258,AMA-O8725,12/20/2023,31.52,Paid,0.0
AMA-R14928,AMA-O6876,26-Sep-2023,668.58,Paid,0.0
AMA-R13941,AMA-O11551,05/25/2024,287.45,Paid,0.0
AMA-R13144,AMA-O9259,09/11/2023,45.75,Refunded,0.0
AMA-R12646,AMA-O14971,2025-07-04,51.74,Paid,0.0
AMA-R13797,AMA-O12500,2025-05-25,498.55,Paid,0.0
AMA-R11276,AMA-O13847,10/08/2025,145.2,Paid,0.0
AMA-R11732,AMA-O7017,03/30/2025,134.52,Paid,0.0
AMA-R16352,AMA-O12170,09/07/2023,81.9,Paid,0.0
AMA-R10515,AMA-O12774,07-Nov-2025,53.7,Paid,53.7
AMA-R10173,AMA-O5378,21-Mar-2024,54.78,Paid,54.78
AMA-R13643,AMA-O8520,11/26/2025,335.68,Paid,335.68
AMA-R17575,AMA-O5839,07/29/2023,106.62,Paid,0.0
AMA-R10670,AMA-O13536,07/31/2023,107.56,Paid,0.0
AMA-R13747,AMA-O9222,26-May-2024,119.25,Paid,0.0
AMA-R14573,AMA-O9765,2023-01-11,66.56,Paid,0.0
AMA-R10403,AMA-O7856,12-Oct-2024,118.26,Pending,0.0
AMA-R18521,AMA-O11070,07-Apr-2023,172.24,Refunded,0.0
AMA-R13344,AMA-O5003,2024-02-14,259.45,Paid,0.0
AMA-R11661,AMA-O11311,2024-05-17,102.89,Paid,0.0
AMA-R12440,AMA-O9606,08-Feb-2023,240.9,Paid,0.0
AMA-R17737,AMA-O6312,12/31/2024,127.05,Paid,0.0
AMA-R10023,AMA-O9343,07/10/2024,31.15,Paid,0.0
AMA-R18545,AMA-O9829,2024-10-12,8.08,Paid,8.08
AMA-R15423,AMA-O13973,22-Nov-2024,401.8,Paid,0.0
AMA-R10404,AMA-O14785,13-Apr-2025,85.92,Refunded,0.0
AMA-R16242,AMA-O10014,17-Feb-2025,185.65,Paid,0.0
AMA-R13469,AMA-O7320,2025-05-05,96.25,Paid,0.0
AMA-R14155,AMA-O14244,2023-01-03,971.64,Paid,0.0
AMA-R14912,AMA-O6419,10/22/2023,38.46,Paid,0.0
AMA-R11973,AMA-O9038,07-Oct-2023,370.15,Paid,0.0
AMA-R13749,AMA-O12568,2024-09-02,,Refunded,0.0
AMA-R12144,AMA-O5245,08/06/2023,,Paid,0.0
AMA-R13116,AMA-O5045,05-Nov-2024,394.3,Paid,394.3
AMA-R18525,AMA-O14339,19-Apr-2023,405.05,Pending,0.0
AMA-R10833,AMA-O11804,2023-04-09,132.96,Paid,0.0
AMA-R11331,AMA-O14731,2025-12-19,72.0,Paid,72.0
AMA-R9684,AMA-O9117,08/30/2025,186.91,Refunded,0.0
AMA-R13624,AMA-O10281,26-Feb-2023,255.24,Paid,0.0
AMA-R17408,AMA-O14402,2023-05-25,187.12,Paid,0.0
AMA-R11172,AMA-O11684,2023-07-12,137.55,Paid,0.0
AMA-R16573,AMA-O5038,2023-05-07,107.55,Paid,0.0
AMA-R17878,AMA-O12550,2025-05-16,315.04,Refunded,0.0
AMA-R18307,AMA-O6672,2024-07-05,1103.0,Pending,0.0
AMA-R11324,AMA-O13570,2023-08-11,266.3,Paid,266.3
AMA-R12394,AMA-O7957,21-Sep-2025,35.12,Paid,35.12
AMA-R9982,AMA-O13294,2023-03-29,51.64,Paid,0.0
AMA-R16982,AMA-O8185,2023-09-29,109.65,Paid,0.0
AMA-R12745,AMA-O10383,09/10/2025,226.95,Paid,0.0
AMA-R11435,AMA-O7124,14-Aug-2025,37.38,Paid,0.0
AMA-R15158,AMA-O6099,2024-03-27,538.08,Paid,0.0
AMA-R17028,AMA-O10714,03-Dec-2025,132.59,Paid,0.0
AMA-R10196,AMA-O6573,03/01/2023,298.55,Paid,298.55
AMA-R10198,AMA-O8262,15-Aug-2025,79.92,Paid,79.92
AMA-R18393,AMA-O13082,11-Jun-2025,64.85,Pending,0.0
AMA-R12827,AMA-O13625,2025-04-04,,Paid,0.0
AMA-R12920,AMA-O8382,24-Apr-2025,327.25,Paid,0.0
AMA-R10171,AMA-O7148,2023-06-14,249.8,Paid,0.0
AMA-R10427,AMA-O12057,02/03/2024,90.7,Paid,90.7
AMA-R18305,AMA-O5634,01/18/2025,77.03,Paid,0.0
AMA-R15608,AMA-O6292,09/28/2024,70.05,Pending,0.0
AMA-R9233,AMA-O9308,07/05/2024,307.7,Paid,0.0
AMA-R18443,AMA-O9635,2023-03-31,40.71,Paid,0.0
AMA-R14145,AMA-O9215,31-May-2023,377.04,Paid,73.45
AMA-R16680,AMA-O7114,02/20/2024,426.28,Pending,0.0
AMA-R17362,AMA-O13340,2024-02-15,167.48,Paid,0.0
AMA-R9264,AMA-O13473,11/04/2023,88.92,Paid,0.0
AMA-R14655,AMA-O12707,2025-06-04,1610.05,Paid,0.0
AMA-R17142,AMA-O8604,03/22/2023,68.65,Paid,0.0
AMA-R12340,AMA-O13187,2025-07-29,198.75,Paid,198.75
AMA-R13902,AMA-O6207,19-Feb-2025,733.84,Paid,0.0
AMA-R15235,AMA-O5059,2024-06-11,386.56,Paid,0.0
AMA-R11449,AMA-O6242,2024-06-26,133.4,Paid,0.0
AMA-R10749,AMA-O7732,22-Sep-2023,52.08,Refunded,0.0
AMA-R18176,AMA-O5342,2025-02-24,208.24,Refunded,0.0
AMA-R15718,AMA-O6026,2024-02-18,79.4,Paid,0.0
AMA-R16460,AMA-O6151,06/24/2024,69.4,Paid,0.0
AMA-R12241,AMA-O7773,2025-08-03,,Paid,0.0
AMA-R17716,AMA-O13178,2025-05-27,2545.95,Pending,0.0
AMA-R15051,AMA-O5344,09/29/2023,,Paid,0.0
AMA-R12964,AMA-O14286,2025-08-18,193.71,Paid,0.0
AMA-R9720,AMA-O14770,24-Feb-2024,13.59,Paid,0.0
AMA-R12615,AMA-O13862,03/24/2025,566.5,Paid,566.5
AMA-R9023,AMA-O11873,2024-07-19,35.04,Paid,0.0
AMA-R17003,AMA-O10384,05/22/2023,358.76,Pending,0.0
AMA-R17119,AMA-O13033,06-May-2023,36.36,Paid,0.0
AMA-R10900,AMA-O6487,09/15/2024,67.16,Paid,67.16
AMA-R13654,AMA-O9902,2023-03-27,112.08,Refunded,0.0
AMA-R18138,AMA-O6532,03/15/2025,1406.97,Paid,0.0
AMA-R16249,AMA-O5761,09/02/2025,1191.8,Paid,0.0
AMA-R15157,AMA-O9843,2025-10-29,59.2,Paid,0.0
AMA-R18506,AMA-O5341,2025-07-01,488.28,Paid,0.0
AMA-R9257,AMA-O13778,2024-01-29,224.43,Pending,0.0
AMA-R15993,AMA-O14701,2025-03-31,116.94,Paid,0.0
AMA-R17291,AMA-O5925,06/10/2023,1740.12,Paid,0.0
AMA-R11393,AMA-O8340,2025-07-01,1015.65,Pending,0.0
AMA-R9291,AMA-O10517,2023-10-26,40.53,Paid,0.0
AMA-R13504,AMA-O6620,2023-02-26,69.42,Paid,15.57
AMA-R9798,AMA-O10854,06/22/2025,81.18,Paid,0.0
AMA-R9992,AMA-O11472,2023-11-15,258.32,Paid,258.32
AMA-R12783,AMA-O6267,2024-10-18,43.48,Paid,0.0
AMA-R11411,AMA-O9661,18-Nov-2024,466.48,Paid,0.0
AMA-R13773,AMA-O11616,06/16/2023,116.16,Paid,0.0
AMA-R12909,AMA-O6307,11/09/2023,475.28,Paid,0.0
AMA-R10460,AMA-O13008,2023-04-20,56.3,Paid,0.0
AMA-R11923,AMA-O9734,17-Oct-2025,98.1,Paid,0.0
AMA-R15403,AMA-O11254,21-May-2023,459.75,Paid,0.0
AMA-R10817,AMA-O7370,2025-06-18,31.18,Paid,0.0
AMA-R16481,AMA-O11280,05/22/2025,104.25,Paid,0.0
AMA-R11059,AMA-O12522,08/16/2024,116.66,Paid,29.48
AMA-R14819,AMA-O5918,12/30/2025,342.8,Paid,0.0
AMA-R14914,AMA-O13521,2024-11-02,118.74,Paid,0.0
AMA-R13790,AMA-O12000,2025-05-01,50.22,Refunded,0.0
AMA-R9861,AMA-O13873,22-Dec-2023,907.6,Paid,0.0
AMA-R16074,AMA-O14830,2023-02-07,21.03,Paid,0.0
AMA-R14176,AMA-O8231,07/05/2024,71.82,Paid,0.0
AMA-R10195,AMA-O6551,2023-09-28,402.92,Refunded,0.0
AMA-R15659,AMA-O6196,2023-06-09,972.65,Paid,0.0
AMA-R18401,AMA-O5885,2023-07-02,161.0,Paid,0.0
AMA-R15865,AMA-O6784,2024-12-07,2693.55,Paid,0.0
AMA-R11830,AMA-O7683,07/22/2024,122.45,Paid,0.0
AMA-R17396,AMA-O9982,13-Mar-2025,570.9,Pending,0.0
AMA-R10457,AMA-O13694,30-Nov-2023,102.78,Paid,102.78
AMA-R12971,AMA-O13255,09/17/2023,413.46,Paid,0.0
AMA-R18425,AMA-O14157,2025-10-08,82.72,Refunded,0.0
AMA-R10902,AMA-O12711,2025-04-22,180.04,Paid,0.0
AMA-R13180,AMA-O13152,07/05/2023,102.22,Paid,0.0
AMA-R9643,AMA-O7025,12/30/2025,27.6,Refunded,0.0
AMA-R15355,AMA-O12443,22-Sep-2025,19.9,Refunded,0.0
AMA-R12988,AMA-O7592,10/07/2025,,Refunded,0.0
AMA-R14943,AMA-O8774,23-Jul-2025,31.8,Paid,0.0
AMA-R11853,AMA-O10819,27-Feb-2025,75.24,Paid,0.0
AMA-R9537,AMA-O12591,12/31/2023,103.16,Paid,0.0
AMA-R12125,AMA-O5310,2025-08-30,21.18,Paid,0.0
AMA-R11620,AMA-O13955,2024-10-02,450.4,Paid,0.0
AMA-R17779,AMA-O8874,2024-12-07,89.22,Paid,0.0
AMA-R12540,AMA-O13918,12/09/2025,176.28,Pending,0.0
AMA-R12149,AMA-O9369,11/20/2025,191.54,Refunded,0.0
AMA-R15015,AMA-O12013,02/17/2025,2642.95,Paid,0.0
AMA-R11380,AMA-O9710,22-Jul-2023,29.45,Paid,0.0
AMA-R18005,AMA-O10338,09-Jul-2023,41.47,Paid,0.0
AMA-R10873,AMA-O13401,09/07/2023,41.19,Paid,0.0
AMA-R11710,AMA-O5917,21-Sep-2024,87.1,Paid,0.0
AMA-R12167,AMA-O14321,07-Feb-2024,223.26,Paid,0.0
AMA-R10493,AMA-O6676,07-Oct-2025,1061.35,Pending,0.0
AMA-R13652,AMA-O10917,09/19/2023,21.16,Paid,0.0
AMA-R17038,AMA-O6407,13-Feb-2023,54.12,Paid,0.0
AMA-R16306,AMA-O6019,11/22/2025,351.75,Paid,0.0
AMA-R17288,AMA-O11981,01-Feb-2025,57.52,Paid,0.0
AMA-R14551,AMA-O8178,2023-05-25,223.66,Paid,0.0
AMA-R16935,AMA-O11892,2025-10-09,87.6,Paid,0.0
AMA-R10126,AMA-O9988,2024-02-04,149.98,Paid,0.0
AMA-R14841,AMA-O7472,27-Mar-2025,188.8,Paid,0.0
AMA-R10726,AMA-O6747,2025-03-13,,Refunded,0.0
AMA-R13218,AMA-O7005,12/01/2023,137.14,Paid,0.0
AMA-R13442,AMA-O12021,10-Aug-2025,88.4,Paid,0.0
AMA-R12713,AMA-O11847,05/19/2025,370.05,Paid,0.0
AMA-R10757,AMA-O7303,2023-06-03,422.07,Paid,0.0
AMA-R15118,AMA-O14920,2023-09-14,19.41,Paid,0.0
AMA-R14797,AMA-O10822,09/15/2025,28.92,Refunded,0.0
AMA-R9245,AMA-O6402,2024-04-16,44.86,Paid,0.0
AMA-R12832,AMA-O8099,2023-10-06,1585.48,Paid,0.0
AMA-R14532,AMA-O6327,2025-01-15,152.97,Paid,0.0
AMA-R17382,AMA-O12678,03/12/2023,,Paid,0.0
AMA-R9730,AMA-O7555,29-Nov-2024,208.85,Paid,0.0
AMA-R17717,AMA-O9477,2024-10-08,513.06,Paid,0.0
AMA-R9083,AMA-O6559,10/26/2024,255.56,Refunded,0.0
AMA-R11131,AMA-O12129,03/13/2023,95.52,Paid,0.0
AMA-R9685,AMA-O7605,03-Mar-2025,30.58,Paid,0.0
AMA-R16691,AMA-O12682,03/13/2024,9.57,Paid,0.0
AMA-R18370,AMA-O13370,03/09/2025,,Paid,0.0
AMA-R9261,AMA-O12518,2023-06-20,117.69,Paid,0.0
AMA-R10081,AMA-O5721,06/30/2024,28.88,Paid,0.0
AMA-R17824,AMA-O10991,12/10/2025,318.86,Paid,318.86
AMA-R10979,AMA-O14588,01-Oct-2025,280.44,Paid,280.44
AMA-R17991,AMA-O5448,01/25/2023,435.85,Pending,0.0
AMA-R14829,AMA-O10999,04-Nov-2024,224.4,Paid,0.0
AMA-R18576,AMA-O14781,01/05/2023,494.16,Paid,0.0
AMA-R9877,AMA-O6843,19-Jan-2024,27.09,Paid,0.0
AMA-R16845,AMA-O13736,10-Oct-2025,119.9,Paid,0.0
AMA-R13891,AMA-O10852,14-Aug-2024,1544.3,Paid,426.89
AMA-R10507,AMA-O8298,17-Sep-2025,99.57,Pending,0.0
AMA-R15990,AMA-O13482,2025-06-21,543.8,Paid,0.0
AMA-R10887,AMA-O7810,2024-09-22,70.9,Paid,0.0
AMA-R12715,AMA-O14990,2025-06-26,76.68,Paid,0.0
AMA-R13297,AMA-O14426,29-Dec-2024,35.48,Paid,0.0
AMA-R12304,AMA-O9211,2025-09-16,,Paid,0.0
AMA-R14974,AMA-O11778,2025-04-01,,Paid,0.0
AMA-R9237,AMA-O6738,2024-05-17,81.22,Paid,81.22
AMA-R13200,AMA-O11634,09/08/2024,481.54,Paid,0.0
AMA-R14399,AMA-O5487,21-Apr-2023,71.16,Refunded,0.0
AMA-R14340,AMA-O7786,23-Jan-2025,10.48,Paid,0.0
AMA-R17590,AMA-O10611,22-Apr-2024,202.9,Paid,202.9
AMA-R17903,AMA-O5243,2024-10-13,109.28,Paid,0.0
AMA-R18448,AMA-O7368,30-Apr-2024,188.36,Paid,188.36
AMA-R12183,AMA-O9047,07/24/2025,325.86,Paid,0.0
AMA-R17301,AMA-O11163,2023-11-27,232.96,Refunded,0.0
AMA-R17756,AMA-O7678,2024-02-22,1645.35,Paid,0.0
AMA-R9737,AMA-O6024,06-Jul-2024,98.24,Paid,0.0
AMA-R16037,AMA-O10579,2025-08-01,406.68,Paid,0.0
AMA-R12910,AMA-O14019,2025-11-08,110.04,Paid,0.0
AMA-R15553,AMA-O12937,2025-03-29,216.32,Paid,0.0
AMA-R13131,AMA-O13882,2024-08-26,28.79,Refunded,0.0
AMA-R15139,AMA-O9021,2024-02-24,304.76,Paid,0.0
AMA-R15204,AMA-O13065,09/17/2025,956.48,Paid,0.0
AMA-R16646,AMA-O6322,2023-03-04,157.14,Paid,0.0
AMA-R16397,AMA-O6708,08/24/2023,212.95,Paid,0.0
AMA-R9832,AMA-O10998,07/19/2023,794.76,Paid,0.0
AMA-R11674,AMA-O8999,24-Apr-2025,2263.02,Paid,522.79
AMA-R11051,AMA-O12291,05/26/2023,1136.0,Pending,0.0
AMA-R10731,AMA-O12885,05/17/2023,110.5,Paid,0.0
AMA-R13593,AMA-O6878,2025-06-11,34.89,Paid,0.0
AMA-R9408,AMA-O12460,20-Feb-2023,,Paid,0.0
AMA-R11468,AMA-O5793,2024-02-23,157.44,Paid,157.44
AMA-R14394,AMA-O11423,2023-05-10,161.88,Refunded,0.0
AMA-R10708,AMA-O10389,2025-02-26,356.2,Paid,356.2
AMA-R17764,AMA-O8698,01-Mar-2023,5.42,Paid,0.0
AMA-R10760,AMA-O5638,03-Sep-2025,166.29,Paid,166.29
AMA-R9587,AMA-O8859,16-Dec-2025,87.98,Paid,87.98
AMA-R11455,AMA-O11489,08/07/2024,71.97,Paid,71.97
AMA-R12803,AMA-O6046,01/01/2024,399.4,Paid,170.6
AMA-R14305,AMA-O9038,07-Oct-2023,370.15,Paid,0.0
AMA-R10489,AMA-O12904,11-Sep-2025,736.7,Paid,0.0
AMA-R14297,AMA-O13748,12/20/2025,93.3,Paid,93.3
AMA-R17440,AMA-O5534,11/30/2025,288.5,Paid,0.0
AMA-R12957,AMA-O6927,2023-09-13,90.3,Paid,0.0
AMA-R15735,AMA-O9255,05/06/2024,930.64,Paid,930.64
AMA-R15386,AMA-O11214,2023-03-29,333.7,Paid,0.0
AMA-R16830,AMA-O8723,06-Nov-2023,177.98,Refunded,0.0
AMA-R14586,AMA-O14461,11/17/2023,1466.68,Paid,0.0
AMA-R13520,AMA-O8500,02-May-2023,687.96,Paid,0.0
AMA-R9702,AMA-O10261,04/22/2025,2149.77,Paid,0.0
AMA-R13425,AMA-O8650,07/20/2023,438.64,Paid,0.0
AMA-R16512,AMA-O5186,2025-08-03,85.94,Paid,0.0
AMA-R15036,AMA-O5386,03/04/2024,181.02,Paid,0.0
AMA-R17478,AMA-O11704,28-Sep-2023,967.9,Paid,0.0
AMA-R13253,AMA-O6764,14-Sep-2024,115.54,Paid,0.0
AMA-R14189,AMA-O12050,07/19/2023,106.0,Paid,0.0
AMA-R10666,AMA-O10591,07/29/2024,139.01,Refunded,0.0
AMA-R14701,AMA-O13986,2024-10-12,34.08,Paid,0.0
AMA-R16338,AMA-O11806,23-Jun-2025,141.05,Paid,141.05
AMA-R13335,AMA-O12239,2024-06-26,3117.5,Paid,0.0
AMA-R14125,AMA-O8627,01/12/2025,216.25,Paid,0.0
AMA-R13306,AMA-O9747,04-Nov-2023,89.21,Paid,0.0
AMA-R17289,AMA-O12524,2024-08-09,277.98,Paid,277.98
AMA-R12244,AMA-O13619,2025-12-31,141.15,Paid,0.0
AMA-R11615,AMA-O7050,2025-01-27,199.44,Paid,0.0
AMA-R16929,AMA-O5943,2025-05-02,130.77,Pending,0.0
AMA-R10331,AMA-O7954,05/11/2023,65.7,Paid,0.0
AMA-R9128,AMA-O8574,14-Jan-2024,885.99,Paid,0.0
AMA-R12863,AMA-O5738,2023-05-22,84.52,Paid,0.0
AMA-R14858,AMA-O6621,08-Feb-2025,62.98,Paid,0.0
AMA-R16618,AMA-O5485,2025-12-11,48.0,Paid,48.0
AMA-R13848,AMA-O6763,01/30/2024,72.89,Pending,0.0
AMA-R13373,AMA-O7667,15-Oct-2025,,Refunded,0.0
AMA-R17774,AMA-O10976,23-Jun-2024,434.0,Pending,0.0
AMA-R15887,AMA-O8491,2025-05-13,248.94,Paid,248.94
AMA-R13304,AMA-O8239,29-Oct-2025,15.88,Paid,0.0
AMA-R10458,AMA-O14901,09/24/2025,1670.0,Paid,1670.0
AMA-R15583,AMA-O5155,01-Mar-2025,263.01,Paid,0.0
AMA-R16413,AMA-O7645,2024-08-21,249.24,Paid,249.24
AMA-R13687,AMA-O13037,01/25/2024,32.85,Paid,32.85
AMA-R10250,AMA-O13794,07/13/2024,15.58,Paid,15.58
AMA-R15592,AMA-O14842,31-Mar-2024,103.8,Paid,0.0
AMA-R17238,AMA-O10159,12/10/2024,160.0,Paid,0.0
AMA-R12676,AMA-O10677,04-May-2023,258.44,Paid,0.0
AMA-R12766,AMA-O11436,11-Jan-2024,215.56,Paid,215.56
AMA-R12424,AMA-O10171,22-Jun-2023,46.06,Paid,0.0
AMA-R13782,AMA-O13485,30-Jul-2024,450.12,Paid,0.0
AMA-R15720,AMA-O6299,11-Mar-2025,134.04,Refunded,0.0
AMA-R16109,AMA-O11510,07-Feb-2024,431.6,Paid,431.6
AMA-R18297,AMA-O14288,2023-05-30,639.45,Paid,639.45
AMA-R13889,AMA-O12667,05/22/2024,111.8,Paid,0.0
AMA-R17755,AMA-O8850,06/17/2023,1115.12,Pending,0.0
AMA-R9609,AMA-O8922,08/11/2025,703.95,Refunded,0.0
AMA-R15297,AMA-O14416,2025-12-01,27.8,Paid,0.0
AMA-R13983,AMA-O11295,2025-09-29,124.17,Pending,0.0
AMA-R9348,AMA-O7383,2023-02-21,30.68,Paid,0.0
AMA-R11032,AMA-O9983,31-May-2025,37.76,Paid,37.76
AMA-R12587,AMA-O13838,30-Apr-2024,60.9,Pending,0.0
AMA-R14717,AMA-O10081,2025-11-02,218.48,Paid,0.0
AMA-R9378,AMA-O11372,20-Mar-2023,465.2,Refunded,0.0
AMA-R16555,AMA-O9634,01-Aug-2024,137.43,Paid,0.0
AMA-R11068,AMA-O8542,2025-01-16,,Paid,0.0
AMA-R15432,AMA-O12875,08-Jul-2024,6.03,Refunded,0.0
AMA-R12919,AMA-O5199,04/13/2025,418.14,Paid,418.14
AMA-R16344,AMA-O5025,2023-05-15,15.84,Paid,15.84
AMA-R16227,AMA-O10817,05/26/2024,508.52,Refunded,0.0
AMA-R10285,AMA-O8264,03/29/2024,243.9,Refunded,0.0
AMA-R16418,AMA-O5367,09/03/2024,77.7,Paid,0.0
AMA-R18638,AMA-O5981,07/24/2023,420.96,Paid,0.0
AMA-R13669,AMA-O13982,31-Dec-2024,32.67,Paid,32.67
AMA-R17890,AMA-O13325,29-Jun-2023,416.3,Paid,0.0
AMA-R16916,AMA-O12479,08/18/2025,328.9,Paid,0.0
AMA-R13183,AMA-O5091,08/18/2023,187.0,Paid,0.0
AMA-R16836,AMA-O11119,2024-02-25,,Paid,0.0
AMA-R9521,AMA-O12089,25-Dec-2024,566.62,Paid,0.0
AMA-R10788,AMA-O10061,16-May-2023,251.19,Paid,0.0
AMA-R11478,AMA-O10164,01/02/2025,319.65,Paid,0.0
AMA-R14956,AMA-O12523,01-Sep-2024,2205.15,Refunded,0.0
AMA-R10272,AMA-O8557,09/01/2023,165.78,Paid,0.0
AMA-R16745,AMA-O7278,30-Nov-2025,591.35,Paid,0.0
AMA-R16243,AMA-O14168,13-Feb-2025,601.4,Paid,0.0
AMA-R10541,AMA-O5614,07/16/2024,664.56,Paid,664.56
AMA-R18492,AMA-O5790,02/16/2025,6.88,Paid,6.88
AMA-R18641,AMA-O10692,25-Apr-2024,23.56,Paid,23.56
AMA-R14048,AMA-O6186,2025-01-21,132.4,Paid,132.4
AMA-R17975,AMA-O9727,2024-11-16,357.4,Refunded,0.0
AMA-R15961,AMA-O7511,09/26/2025,26.5,Paid,8.71
AMA-R14220,AMA-O14975,03/02/2025,680.12,Paid,680.12
AMA-R10341,AMA-O9586,18-Mar-2024,56.45,Paid,0.0
AMA-R13057,AMA-O12498,09-Jan-2024,25.44,Refunded,0.0
AMA-R13541,AMA-O11484,11-Sep-2025,133.45,Paid,0.0
AMA-R13270,AMA-O14746,09/29/2023,278.05,Paid,278.05
AMA-R16078,AMA-O8446,06/12/2024,388.6,Paid,0.0
AMA-R17497,AMA-O8606,01/30/2025,54.15,Paid,0.0
AMA-R9173,AMA-O11201,07/19/2023,3437.6,Paid,0.0
AMA-R9169,AMA-O8289,09-Apr-2023,1893.0,Paid,0.0
AMA-R9431,AMA-O6666,12/30/2024,885.8,Paid,0.0
AMA-R13535,AMA-O12244,04-May-2024,437.05,Paid,437.05
AMA-R18014,AMA-O11572,06/13/2024,3167.0,Paid,0.0
AMA-R12060,AMA-O11457,2025-06-21,25.94,Paid,0.0
AMA-R16336,AMA-O8464,17-Jul-2024,305.64,Paid,0.0
AMA-R10102,AMA-O8080,02/23/2024,231.7,Refunded,0.0
AMA-R14494,AMA-O9989,03-Jun-2024,1004.12,Paid,0.0
AMA-R9538,AMA-O12594,12-May-2025,346.4,Paid,346.4
AMA-R10566,AMA-O11617,01/11/2025,114.2,Paid,0.0
AMA-R17862,AMA-O14559,2024-10-03,117.6,Paid,117.6
AMA-R10306,AMA-O5565,2025-09-09,271.12,Paid,0.0
AMA-R16790,AMA-O10441,19-Aug-2024,344.48,Paid,344.48
AMA-R16467,AMA-O10526,08/30/2023,468.63,Paid,468.63
AMA-R15049,AMA-O9598,2024-10-12,49.26,Paid,0.0
AMA-R13042,AMA-O12159,2023-07-19,193.52,Paid,0.0
AMA-R12691,AMA-O12626,2023-10-18,31.56,Paid,0.0
AMA-R10282,AMA-O11161,11-Jan-2024,758.56,Refunded,92.08
AMA-R9961,AMA-O5377,04-Jul-2024,1543.05,Paid,0.0
AMA-R11214,AMA-O5010,20-Jan-2023,69.33,Paid,0.0
AMA-R17467,AMA-O12571,2024-11-09,370.0,Paid,0.0
AMA-R9236,AMA-O8172,2023-02-16,29.64,Pending,0.0
AMA-R16033,AMA-O8655,02/10/2024,619.24,Paid,0.0
AMA-R15129,AMA-O5015,2024-05-25,263.82,Paid,0.0
AMA-R9516,AMA-O7337,10-Mar-2025,156.25,Paid,156.25
AMA-R10556,AMA-O6596,09-Feb-2024,90.52,Paid,0.0
AMA-R12065,AMA-O10103,20-Oct-2025,238.73,Paid,0.0
AMA-R12601,AMA-O7340,2023-04-16,110.14,Paid,0.0
AMA-R16956,AMA-O14859,2023-05-08,87.84,Paid,0.0
AMA-R11621,AMA-O13129,03/19/2025,67.98,Paid,0.0
AMA-R13159,AMA-O14140,03/14/2023,372.24,Paid,0.0
AMA-R17904,AMA-O9715,2024-07-04,116.16,Paid,0.0
AMA-R12905,AMA-O5271,08/15/2025,913.9,Paid,0.0
AMA-R9430,AMA-O10557,2024-03-16,266.92,Paid,0.0
AMA-R13977,AMA-O8306,12-Dec-2024,100.11,Refunded,0.0
AMA-R9554,AMA-O13289,30-Jul-2025,52.89,Pending,0.0
AMA-R14708,AMA-O7533,06/20/2023,31.98,Refunded,0.0
AMA-R13528,AMA-O14518,05-Nov-2023,24.96,Paid,0.0
AMA-R16584,AMA-O12938,2024-12-23,37.49,Paid,0.0
AMA-R18582,AMA-O5495,2024-03-26,604.8,Pending,0.0
AMA-R17259,AMA-O5951,2025-07-06,112.49,Paid,0.0
AMA-R12972,AMA-O7754,27-Jul-2023,18.32,Paid,0.0
AMA-R15160,AMA-O7462,09/11/2025,36.67,Paid,0.0
AMA-R14383,AMA-O5673,2025-08-18,6.35,Paid,6.35
AMA-R9752,AMA-O5233,04/04/2025,40.03,Refunded,0.0
AMA-R14617,AMA-O8069,11/16/2024,20.45,Paid,0.0
AMA-R11046,AMA-O12433,04/20/2025,747.0,Pending,0.0
AMA-R11038,AMA-O11173,2023-01-04,195.86,Paid,0.0
AMA-R16221,AMA-O12905,02-May-2023,1314.2,Pending,0.0
AMA-R17819,AMA-O7292,2023-05-15,80.04,Paid,0.0
AMA-R9293,AMA-O14678,27-Feb-2023,426.95,Paid,0.0
AMA-R13608,AMA-O8706,12-Mar-2023,12.07,Paid,12.07
AMA-R18541,AMA-O7577,18-Dec-2025,646.5,Paid,0.0
AMA-R16129,AMA-O14464,2025-08-14,246.15,Paid,246.15
AMA-R13668,AMA-O8890,05/15/2023,186.78,Paid,0.0
AMA-R12374,AMA-O14627,11/27/2025,395.32,Paid,0.0
AMA-R12457,AMA-O9469,2024-07-12,97.1,Refunded,0.0
AMA-R10396,AMA-O7363,18-Oct-2025,,Refunded,0.0
AMA-R11198,AMA-O8933,2024-05-14,,Paid,82.41
AMA-R15304,AMA-O8913,2025-03-14,35.59,Paid,0.0
AMA-R14999,AMA-O14394,27-Jun-2023,160.71,Pending,0.0
AMA-R16902,AMA-O14239,2024-09-14,,Paid,0.0
AMA-R11113,AMA-O6468,2023-04-05,28.45,Paid,0.0
AMA-R18629,AMA-O12935,23-Oct-2025,272.37,Paid,0.0
AMA-R14124,AMA-O10107,2024-06-10,163.39,Paid,0.0
AMA-R9928,AMA-O6754,09/28/2024,185.4,Refunded,0.0
AMA-R16133,AMA-O10075,03/29/2024,207.36,Paid,0.0
AMA-R12852,AMA-O7692,2025-01-13,,Paid,0.0
AMA-R10065,AMA-O11809,02/13/2025,204.04,Paid,0.0
AMA-R14558,AMA-O7139,2023-12-12,34.5,Paid,0.0
AMA-R12480,AMA-O9121,12/03/2025,135.12,Paid,0.0
AMA-R12796,AMA-O12504,02/02/2025,67.2,Paid,0.0
AMA-R18233,AMA-O11359,04/06/2024,36.28,Paid,0.0
AMA-R15827,AMA-O11365,04/23/2025,42.05,Paid,0.0
AMA-R14972,AMA-O6108,05/25/2025,73.12,Paid,0.0
AMA-R16921,AMA-O8479,2025-02-01,60.4,Paid,0.0
AMA-R14135,AMA-O5492,27-Jan-2024,9.91,Refunded,0.0
AMA-R17350,AMA-O10398,03-Mar-2025,306.56,Paid,0.0
AMA-R16167,AMA-O13929,15-Sep-2023,18.3,Paid,0.0
AMA-R16708,AMA-O14530,09/08/2025,72.0,Paid,0.0
AMA-R15954,AMA-O10495,2025-01-11,176.06,Paid,0.0
AMA-R13970,AMA-O7455,08/22/2025,11.35,Paid,0.0
AMA-R13289,AMA-O9541,05/15/2025,53.78,Refunded,0.0
AMA-R14153,AMA-O10612,27-Feb-2023,3117.6,Paid,3117.6
AMA-R9917,AMA-O9473,09/12/2024,316.75,Paid,0.0
AMA-R16576,AMA-O8697,12/08/2023,54.92,Paid,0.0
AMA-R17198,AMA-O9404,2023-10-01,9.48,Refunded,0.0
AMA-R18182,AMA-O14099,08/29/2025,209.06,Refunded,0.0
AMA-R14367,AMA-O9298,06/25/2023,29.88,Paid,0.0
AMA-R17877,AMA-O8652,02-May-2025,203.71,Paid,203.71
AMA-R12668,AMA-O13288,2024-04-07,92.5,Paid,11.4
AMA-R14420,AMA-O5383,23-Jun-2023,929.4,Paid,0.0
AMA-R18272,AMA-O10805,2025-06-21,150.81,Paid,0.0
AMA-R10707,AMA-O11481,2024-07-19,107.04,Paid,0.0
AMA-R11989,AMA-O10137,02/14/2023,1047.25,Paid,0.0
AMA-R14504,AMA-O9277,04/16/2024,81.51,Paid,0.0
AMA-R15924,AMA-O13641,02-Sep-2025,914.12,Paid,0.0
AMA-R16570,AMA-O11400,2025-07-30,120.3,Paid,0.0
AMA-R18596,AMA-O11143,2024-02-13,498.1,Paid,0.0
AMA-R14359,AMA-O7121,2023-03-14,352.56,Refunded,0.0
AMA-R12284,AMA-O10597,14-May-2025,282.2,Paid,0.0
AMA-R10717,AMA-O8761,2024-08-24,97.68,Paid,0.0
AMA-R11239,AMA-O12918,2024-08-21,337.74,Paid,0.0
AMA-R17767,AMA-O6771,2024-09-29,746.8,Pending,0.0
AMA-R17026,AMA-O6503,06/07/2025,209.45,Pending,0.0
AMA-R16458,AMA-O13867,08-Jul-2023,40.48,Paid,0.0
AMA-R17102,AMA-O14739,02/21/2023,114.42,Paid,0.0
AMA-R17841,AMA-O9742,2025-11-09,,Paid,254.0
AMA-R12147,AMA-O12530,05/23/2023,170.84,Paid,0.0
AMA-R18245,AMA-O11052,04/03/2025,101.13,Paid,0.0
AMA-R16541,AMA-O14398,11-Aug-2024,248.64,Refunded,0.0
AMA-R11936,AMA-O14723,18-Nov-2023,58.67,Paid,0.0
AMA-R18345,AMA-O10440,2025-06-04,126.3,Paid,0.0
AMA-R12893,AMA-O5215,2024-02-11,547.75,Paid,0.0
AMA-R17657,AMA-O11223,01-Feb-2023,746.51,Paid,746.51
AMA-R11230,AMA-O14415,09/05/2024,303.96,Paid,0.0
AMA-R12757,AMA-O8256,2023-03-18,26.09,Paid,0.0
AMA-R12000,AMA-O14590,04/21/2023,249.2,Paid,249.2
AMA-R17312,AMA-O14367,02/29/2024,244.29,Paid,0.0
AMA-R16640,AMA-O10360,29-Jun-2023,83.96,Paid,0.0
AMA-R11069,AMA-O6838,13-Jul-2024,473.44,Refunded,0.0
AMA-R12182,AMA-O9407,21-Jan-2025,1494.2,Refunded,0.0
AMA-R16254,AMA-O13779,25-Jun-2023,226.89,Paid,0.0
AMA-R18266,AMA-O14037,22-Jul-2024,15.39,Paid,0.0
AMA-R11566,AMA-O14439,2023-05-06,,Paid,0.0
AMA-R18564,AMA-O6464,2025-01-10,109.06,Paid,0.0
AMA-R11872,AMA-O12602,07/07/2023,45.02,Paid,0.0
AMA-R14434,AMA-O14876,2025-08-10,132.26,Paid,132.26
AMA-R12248,AMA-O12428,05/18/2023,214.86,Paid,214.86
AMA-R14671,AMA-O6530,06/12/2025,180.55,Paid,0.0
AMA-R17059,AMA-O11002,19-May-2023,102.51,Paid,0.0
AMA-R9894,AMA-O8936,2024-08-05,96.39,Paid,96.39
AMA-R11088,AMA-O13404,02/06/2025,2115.15,Paid,0.0
AMA-R16946,AMA-O8339,05/20/2025,,Paid,0.0
AMA-R14865,AMA-O12487,20-Aug-2025,353.94,Pending,0.0
AMA-R14657,AMA-O6702,2023-04-15,833.4,Paid,0.0
AMA-R10800,AMA-O9911,07-Dec-2024,226.24,Paid,99.35
AMA-R18647,AMA-O12425,2023-08-13,34.44,Paid,0.0
AMA-R12658,AMA-O6946,2025-05-19,2.33,Refunded,0.31
AMA-R16013,AMA-O5036,2023-02-19,189.45,Paid,0.0
AMA-R10678,AMA-O13624,05-Jan-2024,328.8,Paid,0.0
AMA-R16728,AMA-O12212,09/10/2024,19.64,Paid,6.51
AMA-R10150,AMA-O13784,07-Jun-2023,223.82,Paid,0.0
AMA-R11627,AMA-O14640,06/12/2024,58.21,Pending,0.0
AMA-R12431,AMA-O6687,22-Sep-2023,71.2,Paid,0.0
AMA-R12263,AMA-O7489,07-Sep-2023,86.3,Paid,0.0
AMA-R15243,AMA-O11746,14-Jan-2023,824.6,Refunded,0.0
AMA-R11183,AMA-O11147,2023-09-13,6.06,Paid,0.0
AMA-R10565,AMA-O5079,08-Dec-2023,168.8,Paid,0.0
AMA-R14537,AMA-O12350,04/29/2024,272.6,Paid,0.0
AMA-R14272,AMA-O10549,15-May-2023,353.2,Pending,0.0
AMA-R10166,AMA-O14481,11/11/2025,200.7,Paid,64.46
AMA-R9810,AMA-O6780,2024-12-17,87.45,Paid,0.0
AMA-R14134,AMA-O12712,04/09/2023,14.82,Paid,0.0
AMA-R14843,AMA-O14363,23-Aug-2023,288.06,Refunded,0.0
AMA-R18415,AMA-O12453,2023-09-23,314.2,Paid,0.0
AMA-R11952,AMA-O12290,2025-08-23,738.78,Paid,0.0
AMA-R9041,AMA-O6770,2025-01-18,731.68,Paid,731.68
AMA-R12942,AMA-O9866,16-Feb-2024,53.28,Refunded,0.0
AMA-R14497,AMA-O6189,2024-04-15,28.2,Paid,0.0
AMA-R13184,AMA-O7520,03/14/2025,518.25,Paid,0.0
AMA-R13626,AMA-O12216,2024-07-07,1039.4,Paid,0.0
AMA-R13781,AMA-O6920,05/11/2024,407.2,Paid,0.0
AMA-R12385,AMA-O13481,13-Jul-2024,97.2,Paid,0.0
AMA-R17225,AMA-O11938,2025-11-25,310.18,Paid,0.0
AMA-R14922,AMA-O14143,09/15/2023,199.3,Paid,0.0
AMA-R12981,AMA-O5804,08/19/2025,,Pending,0.0
AMA-R13303,AMA-O11229,2025-09-27,136.48,Paid,14.52
AMA-R11008,AMA-O10929,05/31/2025,136.8,Refunded,0.0
AMA-R10123,AMA-O7933,06-Aug-2024,607.65,Paid,607.65
AMA-R12894,AMA-O14126,16-Jun-2023,515.31,Paid,0.0
AMA-R14427,AMA-O10995,2025-09-15,878.52,Paid,0.0
AMA-R16171,AMA-O9885,2024-07-24,13.48,Paid,0.0
AMA-R10068,AMA-O5410,03/28/2024,1342.75,Paid,0.0
AMA-R17912,AMA-O14634,06/04/2024,50.82,Refunded,0.0
AMA-R10205,AMA-O5670,28-Feb-2024,250.8,Paid,0.0
AMA-R10856,AMA-O9858,03-Jun-2025,322.12,Paid,322.12
AMA-R15830,AMA-O5894,2023-01-28,266.2,Paid,0.0
AMA-R18320,AMA-O5955,10/21/2024,198.81,Paid,0.0
AMA-R12118,AMA-O11090,09/30/2024,2310.08,Paid,0.0
AMA-R11202,AMA-O11305,01-Dec-2023,,Paid,24.75
AMA-R16615,AMA-O11421,16-Jun-2025,11.88,Refunded,0.0
AMA-R11764,AMA-O10879,15-Oct-2023,38.37,Paid,0.0
AMA-R16246,AMA-O11533,2023-04-15,31.3,Paid,0.0
AMA-R16487,AMA-O6787,13-Nov-2023,24.93,Refunded,0.0
AMA-R10286,AMA-O10057,02/17/2023,58.16,Paid,0.0
AMA-R13072,AMA-O5101,04-Mar-2025,519.65,Refunded,0.0
AMA-R10864,AMA-O13620,02/24/2023,118.85,Paid,0.0
AMA-R11982,AMA-O11697,2025-04-29,490.39,Paid,0.0
AMA-R12267,AMA-O8432,05/05/2023,21.68,Paid,21.68
AMA-R15600,AMA-O6744,2024-04-08,152.24,Refunded,0.0
AMA-R14613,AMA-O12814,07/07/2023,356.94,Pending,0.0
AMA-R12076,AMA-O5333,04-Jan-2023,,Paid,0.0
AMA-R11193,AMA-O10244,2024-02-28,150.84,Paid,0.0
AMA-R18054,AMA-O10079,11/11/2025,,Paid,0.0
AMA-R9058,AMA-O5418,04/26/2024,93.48,Paid,0.0
AMA-R13354,AMA-O11285,2025-03-16,834.75,Paid,193.92
AMA-R15669,AMA-O5034,2024-12-22,282.45,Paid,282.45
AMA-R9806,AMA-O6115,02/15/2023,297.24,Pending,0.0
AMA-R15279,AMA-O14872,2024-02-10,2138.88,Refunded,0.0
AMA-R17906,AMA-O7806,22-Dec-2023,150.86,Paid,0.0
AMA-R16681,AMA-O12001,01/14/2023,,Paid,0.0
AMA-R17458,AMA-O5610,07/03/2024,153.15,Paid,0.0
AMA-R18487,AMA-O7205,08-Dec-2024,14.82,Paid,0.0
AMA-R11962,AMA-O11350,05-May-2025,171.28,Paid,0.0
AMA-R15714,AMA-O5876,05-Nov-2024,23.74,Paid,23.74
AMA-R13641,AMA-O8120,05-Mar-2025,211.72,Paid,0.0
AMA-R15984,AMA-O5968,24-Aug-2024,265.26,Refunded,0.0
AMA-R13428,AMA-O8332,2025-01-16,92.6,Paid,0.0
AMA-R13798,AMA-O12343,06/16/2023,316.08,Paid,316.08
AMA-R15475,AMA-O9399,2023-08-08,348.37,Paid,0.0
AMA-R16643,AMA-O8101,2023-11-10,1166.5,Paid,1166.5
AMA-R12611,AMA-O6029,11/20/2025,37.28,Paid,37.28
AMA-R16858,AMA-O9863,09/19/2024,323.36,Paid,0.0
AMA-R11343,AMA-O6717,18-Feb-2025,78.93,Refunded,0.0
AMA-R11249,AMA-O10003,2025-09-18,62.42,Paid,0.0
AMA-R17710,AMA-O10921,26-Mar-2023,,Paid,0.0
AMA-R12524,AMA-O11287,12/22/2024,108.0,Refunded,0.0
AMA-R14246,AMA-O10133,13-Jul-2025,468.05,Paid,0.0
AMA-R13542,AMA-O14304,06/02/2024,543.33,Paid,0.0
AMA-R13493,AMA-O13840,05-Jun-2023,45.96,Paid,0.0
AMA-R14329,AMA-O9880,2025-06-19,1196.28,Paid,1196.28
AMA-R10184,AMA-O12985,03/19/2025,376.85,Paid,93.11
AMA-R12311,AMA-O9011,24-Nov-2023,293.0,Paid,0.0
AMA-R10498,AMA-O10959,2023-02-10,57.32,Refunded,0.0
AMA-R15236,AMA-O12543,12/31/2025,695.2,Paid,0.0
AMA-R12753,AMA-O9917,2023-01-27,465.55,Paid,0.0
AMA-R13700,AMA-O12373,2025-04-02,68.11,Paid,0.0
AMA-R15128,AMA-O11977,17-Oct-2023,573.33,Paid,0.0
AMA-R10230,AMA-O14873,2023-09-24,469.89,Paid,0.0
AMA-R13309,AMA-O6563,2023-12-28,93.78,Paid,0.0
AMA-R12070,AMA-O10655,20-Jul-2024,60.72,Refunded,0.0
AMA-R15900,AMA-O9402,2024-10-29,378.35,Paid,0.0
AMA-R16160,AMA-O9361,2024-06-15,296.75,Paid,0.0
AMA-R16372,AMA-O5770,13-Apr-2025,282.35,Paid,0.0
AMA-R11638,AMA-O10128,2025-09-23,69.15,Paid,69.15
AMA-R12264,AMA-O7826,02/21/2023,39.21,Paid,0.0
AMA-R18660,AMA-O9999,2024-05-06,415.69,Paid,0.0
AMA-R17500,AMA-O7149,2023-09-21,2417.8,Paid,0.0
AMA-R12227,AMA-O10314,06-Jan-2023,1414.25,Paid,0.0
AMA-R9570,AMA-O10211,12-Jan-2024,45.76,Paid,0.0
AMA-R13900,AMA-O8579,07/01/2023,,Paid,0.0
AMA-R12662,AMA-O13125,12/22/2025,708.32,Pending,0.0
AMA-R17871,AMA-O5028,10/26/2025,305.32,Paid,0.0
AMA-R14929,AMA-O10374,09/16/2025,60.08,Paid,60.08
AMA-R9004,AMA-O13995,01-Sep-2023,565.56,Paid,0.0
AMA-R16196,AMA-O8780,2024-08-05,26.7,Paid,0.0
AMA-R15862,AMA-O12052,07/04/2024,58.14,Paid,0.0
AMA-R10562,AMA-O13248,05-Dec-2023,34.05,Paid,0.0
AMA-R13598,AMA-O7798,27-Oct-2023,82.2,Paid,82.2
AMA-R14640,AMA-O9854,05/28/2023,707.38,Refunded,0.0
AMA-R15447,AMA-O13685,08/28/2024,779.56,Refunded,0.0
AMA-R11414,AMA-O8814,08-Jan-2024,68.24,Paid,0.0
AMA-R12553,AMA-O12782,29-Jun-2023,52.74,Pending,0.0
AMA-R9805,AMA-O8215,06/01/2024,3066.85,Paid,3066.85
AMA-R18373,AMA-O5490,15-Oct-2023,88.2,Paid,0.0
AMA-R10406,AMA-O8730,2024-01-26,157.1,Paid,157.1
AMA-R16944,AMA-O8707,2024-12-29,60.68,Paid,0.0
AMA-R9681,AMA-O13174,2023-11-19,272.2,Paid,0.0
AMA-R15203,AMA-O14382,10/31/2023,50.37,Paid,0.0
AMA-R10422,AMA-O13854,2025-08-02,46.31,Paid,46.31
AMA-R10172,AMA-O8420,01/13/2024,28.56,Paid,0.0
AMA-R17899,AMA-O8918,04-Jul-2024,111.21,Paid,0.0
AMA-R11546,AMA-O13534,2023-10-21,98.12,Paid,0.0
AMA-R9366,AMA-O10203,2024-06-08,39.82,Paid,39.82
AMA-R18381,AMA-O14541,28-Apr-2024,,Paid,0.0
AMA-R14222,AMA-O8031,2025-09-04,256.75,Paid,0.0
AMA-R18237,AMA-O6454,10-Jun-2023,26.93,Refunded,0.0
AMA-R17535,AMA-O6844,10-Dec-2024,212.52,Paid,212.52
AMA-R9496,AMA-O6077,01/15/2023,58.7,Paid,58.7
AMA-R12748,AMA-O9624,18-Aug-2023,841.2,Paid,841.2
AMA-R15872,AMA-O13295,2025-03-16,248.79,Refunded,0.0
AMA-R18094,AMA-O13292,2023-09-27,581.05,Paid,0.0
AMA-R10896,AMA-O14118,04/03/2024,308.19,Paid,0.0
AMA-R12238,AMA-O8653,12/29/2025,,Paid,0.0
AMA-R16857,AMA-O5683,2025-11-24,32.64,Paid,32.64
AMA-R10634,AMA-O13874,07/12/2023,178.68,Refunded,0.0
AMA-R18090,AMA-O5773,2025-10-07,113.13,Paid,0.0
AMA-R10097,AMA-O9165,09/20/2025,163.72,Paid,0.0
AMA-R14170,AMA-O6577,2024-03-30,88.07,Paid,0.0
AMA-R10039,AMA-O10373,10/07/2023,83.13,Paid,0.0
AMA-R12938,AMA-O5379,2023-10-19,604.75,Refunded,0.0
AMA-R13644,AMA-O14027,2023-04-09,70.98,Paid,0.0
AMA-R18284,AMA-O8812,10/22/2024,184.68,Paid,0.0
AMA-R12093,AMA-O5546,07-May-2024,50.24,Paid,50.24
AMA-R9712,AMA-O6885,17-Jan-2025,872.95,Paid,0.0
AMA-R10186,AMA-O7915,2024-11-12,156.4,Paid,0.0
AMA-R14244,AMA-O10940,04/06/2025,154.65,Paid,0.0
AMA-R12846,AMA-O8287,02-May-2024,85.24,Refunded,0.0
AMA-R15017,AMA-O9530,2025-02-23,,Paid,47.45
AMA-R15021,AMA-O8242,05-May-2025,110.05,Pending,0.0
AMA-R13361,AMA-O6571,03/08/2024,13.99,Paid,0.0
AMA-R11966,AMA-O12999,2025-08-09,73.56,Paid,73.56
AMA-R12331,AMA-O10633,05-Jan-2024,23.22,Paid,0.0
AMA-R17248,AMA-O5568,12-Dec-2023,56.38,Paid,56.38
AMA-R16686,AMA-O13667,2023-07-17,121.96,Refunded,0.0
AMA-R17984,AMA-O7157,2024-04-01,63.45,Paid,0.0
AMA-R13690,AMA-O11612,08/07/2025,90.27,Pending,0.0
AMA-R12106,AMA-O13084,11/24/2023,162.84,Paid,0.0
AMA-R17476,AMA-O9051,08/02/2023,107.8,Paid,0.0
AMA-R18087,AMA-O8295,2024-06-24,91.4,Paid,91.4
AMA-R12376,AMA-O9462,07-Mar-2023,31.28,Refunded,0.0
AMA-R16219,AMA-O7276,2023-09-22,3063.3,Paid,3063.3
AMA-R13412,AMA-O9475,2023-01-16,199.7,Refunded,0.0
AMA-R15007,AMA-O7132,05/06/2024,399.05,Paid,399.05
AMA-R9999,AMA-O5719,06/17/2023,1020.2,Paid,0.0
AMA-R17659,AMA-O6851,2024-09-29,,Paid,0.0
AMA-R13827,AMA-O6251,13-Aug-2025,27.58,Paid,0.0
AMA-R9462,AMA-O11753,2023-01-17,275.57,Paid,0.0
AMA-R16770,AMA-O6566,28-Dec-2025,590.61,Paid,0.0
AMA-R9958,AMA-O8347,30-Jun-2025,152.7,Paid,0.0
AMA-R14770,AMA-O11462,2024-08-12,45.33,Paid,0.0
AMA-R16600,AMA-O10982,10/10/2024,529.55,Paid,529.55
AMA-R9724,AMA-O8828,26-Feb-2025,81.21,Paid,0.0
AMA-R11502,AMA-O6868,2025-12-14,133.05,Paid,0.0
AMA-R10534,AMA-O6894,05-Aug-2023,574.85,Paid,574.85
AMA-R17910,AMA-O13309,05/14/2023,33.96,Paid,0.0
AMA-R9920,AMA-O7814,04-Jul-2024,159.0,Paid,0.0
AMA-R11507,AMA-O7178,2024-03-11,320.55,Paid,0.0
AMA-R17585,AMA-O6925,07/21/2024,168.1,Paid,0.0
AMA-R9246,AMA-O14212,03/16/2024,355.64,Paid,0.0
AMA-R11886,AMA-O6664,02-Jan-2023,59.44,Refunded,0.0
AMA-R12003,AMA-O14717,2023-05-05,113.7,Paid,0.0
AMA-R16162,AMA-O6714,04/20/2023,74.56,Paid,0.0
AMA-R13695,AMA-O10830,08-Jun-2025,,Paid,0.0
AMA-R12357,AMA-O10181,08/12/2024,112.78,Paid,0.0
AMA-R12780,AMA-O7499,05/26/2024,55.56,Paid,55.56
AMA-R15417,AMA-O6824,15-Aug-2025,83.88,Paid,0.0
AMA-R16622,AMA-O6198,02-Dec-2023,109.74,Refunded,0.0
AMA-R15628,AMA-O5637,2025-06-26,245.68,Paid,245.68
AMA-R9266,AMA-O10504,2023-11-19,,Paid,0.0
AMA-R11277,AMA-O14768,29-Dec-2023,279.69,Paid,0.0
AMA-R9706,AMA-O5011,06/12/2023,59.94,Paid,0.0
AMA-R16785,AMA-O12183,2023-10-23,233.46,Paid,0.0
AMA-R11311,AMA-O8297,2024-04-08,381.36,Paid,0.0
AMA-R15018,AMA-O11816,06/16/2025,287.31,Pending,0.0
AMA-R11750,AMA-O6453,05/14/2023,546.3,Paid,0.0
AMA-R11775,AMA-O5632,02/12/2024,45.93,Paid,0.0
AMA-R14854,AMA-O14967,2024-05-27,426.5,Paid,0.0
AMA-R9543,AMA-O5601,05-Oct-2025,330.99,Paid,330.99
AMA-R14469,AMA-O9388,05/27/2025,97.5,Paid,0.0
AMA-R9622,AMA-O12860,30-Oct-2024,300.8,Paid,0.0
AMA-R10805,AMA-O8982,05-Aug-2023,73.42,Refunded,0.0
AMA-R17861,AMA-O11037,2024-05-08,56.0,Refunded,0.0
AMA-R9424,AMA-O6769,2024-05-04,67.71,Paid,0.0
AMA-R15897,AMA-O8303,2023-03-30,417.28,Refunded,0.0
AMA-R16518,AMA-O12097,10/21/2024,844.56,Pending,0.0
AMA-R13263,AMA-O14753,2023-05-04,918.75,Paid,0.0
AMA-R11229,AMA-O9140,2025-03-21,731.19,Paid,0.0
AMA-R15026,AMA-O7932,20-Nov-2023,3906.35,Paid,3906.35
AMA-R15445,AMA-O5287,2023-03-13,48.36,Paid,48.36
AMA-R17380,AMA-O13395,2025-11-11,727.48,Paid,0.0
AMA-R13267,AMA-O6984,06/10/2024,138.96,Paid,56.18
AMA-R16909,AMA-O10187,10/18/2024,77.48,Paid,0.0
AMA-R17713,AMA-O9967,2025-10-15,180.6,Paid,0.0
AMA-R11123,AMA-O9446,15-Apr-2025,56.9,Paid,0.0
AMA-R14066,AMA-O14124,08/13/2025,626.55,Paid,0.0
AMA-R17433,AMA-O11909,2024-11-04,159.75,Paid,0.0
AMA-R14965,AMA-O14224,04/01/2024,25.34,Paid,0.0
AMA-R17926,AMA-O12491,01/03/2023,743.26,Refunded,0.0
AMA-R13025,AMA-O8467,01/01/2023,,Paid,0.0
AMA-R10346,AMA-O14419,2025-02-08,775.85,Paid,775.85
AMA-R12388,AMA-O9097,04/20/2025,36.86,Paid,0.0
AMA-R12289,AMA-O7448,20-Dec-2024,12.27,Paid,0.0
AMA-R17471,AMA-O7175,2024-06-24,119.25,Paid,0.0
AMA-R14000,AMA-O6104,2025-05-16,236.28,Paid,0.0
AMA-R15978,AMA-O7686,2024-11-24,106.81,Paid,0.0
AMA-R12570,AMA-O7734,11/05/2023,964.05,Paid,0.0
AMA-R17783,AMA-O6091,09/07/2023,9.38,Refunded,0.0
AMA-R12295,AMA-O13933,2023-06-25,83.58,Paid,0.0
AMA-R16062,AMA-O6618,23-Dec-2024,2121.1,Paid,0.0
AMA-R10176,AMA-O8055,05/08/2025,629.2,Paid,0.0
AMA-R11930,AMA-O12547,09/13/2024,239.34,Paid,0.0
AMA-R10194,AMA-O14178,2023-01-09,205.2,Refunded,0.0
AMA-R13764,AMA-O6529,27-Jun-2024,,Paid,0.0
AMA-R12979,AMA-O6078,07-Dec-2025,31.75,Paid,0.0
AMA-R17364,AMA-O7054,15-Dec-2023,348.95,Refunded,0.0
AMA-R13082,AMA-O8636,2024-03-17,290.48,Refunded,0.0
AMA-R13115,AMA-O10848,2023-08-06,121.5,Refunded,0.0
AMA-R9486,AMA-O13875,08/11/2023,172.65,Paid,0.0
AMA-R13151,AMA-O5046,05/28/2024,107.13,Paid,0.0
AMA-R11264,AMA-O11979,08/29/2023,98.7,Paid,98.7
AMA-R12487,AMA-O9929,2023-11-09,136.17,Paid,0.0
AMA-R9113,AMA-O9149,04-Aug-2025,449.85,Refunded,0.0
AMA-R9984,AMA-O13793,04/29/2025,200.43,Refunded,0.0
AMA-R17465,AMA-O12598,02/15/2024,71.93,Paid,71.93
AMA-R14502,AMA-O11240,2025-06-16,922.2,Paid,0.0
AMA-R18169,AMA-O13383,2024-12-10,52.46,Paid,0.0
AMA-R11972,AMA-O13170,01/12/2025,1236.9,Paid,0.0
AMA-R9557,AMA-O11038,23-Oct-2023,55.3,Paid,0.0
AMA-R14304,AMA-O14180,07-Mar-2023,74.93,Paid,0.0
AMA-R12849,AMA-O14762,11-Apr-2025,476.8,Paid,476.8
AMA-R11379,AMA-O6128,10/04/2025,2039.85,Paid,0.0
AMA-R15428,AMA-O12554,2023-01-29,580.85,Paid,0.0
AMA-R14418,AMA-O14233,2024-11-09,41.4,Pending,0.0
AMA-R12782,AMA-O9139,2025-07-12,42.22,Paid,0.0
AMA-R12390,AMA-O13354,2025-11-26,117.03,Paid,0.0
AMA-R13310,AMA-O8499,12/20/2024,163.8,Paid,0.0
AMA-R9761,AMA-O14935,04/26/2025,439.0,Refunded,0.0
AMA-R10449,AMA-O6852,11/05/2025,89.4,Paid,0.0
AMA-R13193,AMA-O5980,05/18/2024,312.4,Paid,0.0
AMA-R10641,AMA-O14871,03/08/2025,14.2,Refunded,0.0
AMA-R16465,AMA-O6268,08/26/2024,897.42,Paid,0.0
AMA-R17543,AMA-O10700,18-May-2023,341.9,Paid,0.0
AMA-R11420,AMA-O10525,28-Nov-2025,190.1,Paid,0.0
AMA-R17377,AMA-O8912,20-Mar-2025,15.6,Pending,0.0
AMA-R14501,AMA-O9411,2025-04-25,131.07,Paid,0.0
AMA-R12071,AMA-O10545,09/18/2025,177.48,Paid,0.0
AMA-R13888,AMA-O8785,08-Sep-2023,53.96,Paid,0.0
AMA-R15792,AMA-O14474,2023-01-02,306.64,Pending,0.0
AMA-R9757,AMA-O6264,12-Jun-2024,244.62,Paid,0.0
AMA-R10858,AMA-O12926,10/05/2025,687.9,Paid,0.0
AMA-R17772,AMA-O5426,2025-08-10,41.38,Paid,0.0
AMA-R12237,AMA-O8948,2025-06-11,81.24,Paid,0.0
AMA-R12137,AMA-O10382,2025-07-30,273.12,Pending,0.0
AMA-R9194,AMA-O12620,2023-12-12,279.3,Paid,0.0
AMA-R15011,AMA-O9310,2025-05-26,,Refunded,0.0
AMA-R16540,AMA-O9188,2025-02-19,656.31,Paid,0.0
AMA-R14204,AMA-O11558,10-Feb-2023,,Refunded,0.0
AMA-R9739,AMA-O7861,2023-01-30,178.9,Paid,0.0
AMA-R17555,AMA-O10889,2024-03-07,29.38,Pending,0.0
AMA-R14781,AMA-O14927,09/21/2024,,Paid,58.6
AMA-R10080,AMA-O6203,06/21/2024,242.11,Paid,242.11
AMA-R9185,AMA-O5503,2024-11-13,227.96,Paid,0.0
AMA-R14670,AMA-O11303,11/24/2024,92.36,Paid,0.0
AMA-R13307,AMA-O10857,22-Jun-2025,1309.3,Paid,1309.3
AMA-R11466,AMA-O9468,19-Aug-2025,47.52,Paid,0.0
AMA-R12136,AMA-O6755,04/20/2023,31.12,Paid,0.0
AMA-R9278,AMA-O13818,2023-04-02,518.44,Refunded,0.0
AMA-R13750,AMA-O7463,10/21/2025,197.21,Paid,0.0
AMA-R14035,AMA-O13429,07-Jan-2024,631.5,Paid,0.0
AMA-R13919,AMA-O10654,01/20/2025,126.44,Paid,0.0
AMA-R14735,AMA-O5512,2024-04-10,40.26,Refunded,0.0
AMA-R16732,AMA-O6399,2025-05-19,79.84,Paid,0.0
AMA-R16146,AMA-O12909,07/20/2025,139.44,Paid,139.44
AMA-R10554,AMA-O14534,2024-10-09,180.34,Paid,0.0
AMA-R17845,AMA-O13750,14-Aug-2025,133.12,Paid,0.0
AMA-R9676,AMA-O12617,12-Jan-2024,123.56,Paid,123.56
AMA-R15650,AMA-O12174,01/26/2023,172.26,Paid,0.0
AMA-R12077,AMA-O12095,09/25/2024,266.61,Paid,0.0
AMA-R14808,AMA-O14718,07-Jul-2025,530.64,Paid,0.0
AMA-R17062,AMA-O8689,17-Apr-2025,58.68,Paid,0.0
AMA-R11694,AMA-O11470,08/03/2025,,Paid,0.0
AMA-R11211,AMA-O5447,10/25/2024,415.6,Paid,0.0
AMA-R10791,AMA-O8934,2023-10-13,96.96,Paid,0.0
AMA-R17100,AMA-O10042,21-Nov-2024,315.52,Paid,315.52
AMA-R13960,AMA-O14601,08/30/2023,105.68,Paid,41.14
AMA-R12500,AMA-O9270,20-Aug-2024,1241.75,Paid,0.0
AMA-R14915,AMA-O11869,09/01/2023,43.47,Paid,0.0
AMA-R9239,AMA-O12972,08/15/2025,422.34,Paid,422.34
AMA-R14658,AMA-O6837,07/01/2025,76.5,Paid,0.0
AMA-R9148,AMA-O13589,07/29/2023,30.0,Paid,30.0
AMA-R15124,AMA-O9518,2024-10-11,583.77,Paid,0.0
AMA-R10431,AMA-O8802,08-Jul-2024,544.71,Paid,0.0
AMA-R10648,AMA-O6828,11/11/2024,675.81,Paid,0.0
AMA-R15324,AMA-O11941,12-Jun-2025,117.55,Refunded,0.0
AMA-R9258,AMA-O13558,2025-06-28,50.94,Paid,50.94
AMA-R12958,AMA-O13207,01/26/2025,20.39,Pending,0.0
AMA-R12824,AMA-O12497,06/09/2023,38.24,Paid,0.0
AMA-R16718,AMA-O9944,06-Jun-2023,58.37,Paid,0.0
AMA-R13444,AMA-O6334,09/17/2025,267.78,Paid,0.0
AMA-R17165,AMA-O12612,01-Dec-2024,33.89,Paid,0.0
AMA-R15819,AMA-O7969,25-Mar-2025,6.19,Pending,0.0
AMA-R17902,AMA-O12056,06-Dec-2025,112.2,Paid,0.0
AMA-R10862,AMA-O12697,27-May-2023,245.73,Paid,245.73
AMA-R15067,AMA-O8393,11/21/2023,270.56,Paid,129.87
AMA-R17892,AMA-O12894,05/16/2025,86.02,Paid,0.0
AMA-R17945,AMA-O9093,06-Feb-2023,394.84,Pending,0.0
AMA-R14196,AMA-O9951,2023-01-13,58.72,Paid,0.0
AMA-R13525,AMA-O14101,28-May-2025,118.43,Paid,118.43
AMA-R12300,AMA-O7837,09/29/2025,834.93,Paid,0.0
AMA-R13386,AMA-O8890,05/15/2023,186.78,Paid,0.0
AMA-R14280,AMA-O11248,26-Jan-2023,431.5,Pending,0.0
AMA-R11537,AMA-O5952,25-Jun-2024,5.56,Paid,5.56
AMA-R16090,AMA-O10219,03-Feb-2025,128.75,Paid,128.75
AMA-R14086,AMA-O5211,25-Aug-2024,498.42,Paid,0.0
AMA-R11672,AMA-O13056,2025-04-20,444.32,Paid,444.32
AMA-R10839,AMA-O6064,2025-10-08,,Refunded,0.0
AMA-R9141,AMA-O9926,12-Jun-2025,511.44,Refunded,0.0
AMA-R16597,AMA-O6978,07-Jan-2024,742.67,Paid,0.0
AMA-R15250,AMA-O9510,21-Dec-2024,208.92,Paid,208.92
AMA-R14111,AMA-O6321,2025-10-18,183.48,Pending,0.0
AMA-R9397,AMA-O9194,2023-03-12,315.1,Paid,0.0
AMA-R10980,AMA-O11808,26-Mar-2024,97.56,Paid,0.0
AMA-R13968,AMA-O9326,10/01/2025,191.32,Paid,0.0
AMA-R17232,AMA-O11122,2024-07-15,57.98,Paid,57.98
AMA-R12999,AMA-O8668,11/28/2023,1019.22,Paid,0.0
AMA-R15825,AMA-O7696,2024-01-30,55.32,Paid,0.0
AMA-R15962,AMA-O8253,15-May-2023,655.92,Pending,0.0
AMA-R12229,AMA-O10307,20-Oct-2023,376.84,Paid,49.91
AMA-R9512,AMA-O5275,03/14/2025,95.49,Refunded,0.0
AMA-R11187,AMA-O9214,02/18/2023,214.44,Paid,75.62
AMA-R15960,AMA-O13903,02-May-2024,3257.25,Paid,0.0
AMA-R12523,AMA-O13754,2023-06-03,127.28,Paid,0.0
AMA-R11152,AMA-O10951,23-Nov-2024,84.45,Paid,0.0
AMA-R16637,AMA-O12190,2025-02-26,185.22,Paid,0.0
AMA-R11385,AMA-O10703,2024-08-02,27.09,Paid,0.0
AMA-R11192,AMA-O10619,08/01/2025,272.15,Paid,0.0
AMA-R10799,AMA-O14596,23-Aug-2023,239.15,Paid,0.0
AMA-R9759,AMA-O12167,08/17/2024,382.35,Paid,0.0
AMA-R9981,AMA-O5476,2023-01-14,163.74,Paid,0.0
AMA-R16928,AMA-O6848,08/11/2023,130.47,Paid,130.47
AMA-R13863,AMA-O10657,2024-09-16,44.02,Paid,0.0
AMA-R13224,AMA-O11936,21-Mar-2024,96.96,Refunded,0.0
AMA-R15411,AMA-O7833,12/30/2024,408.9,Paid,0.0
AMA-R16120,AMA-O6488,2025-06-25,6.22,Paid,0.0
AMA-R14213,AMA-O6735,31-Dec-2023,37.17,Paid,0.0
AMA-R10343,AMA-O13583,01/15/2023,255.5,Paid,0.0
AMA-R13190,AMA-O8665,04-Apr-2023,,Paid,0.0
AMA-R14015,AMA-O13911,2024-05-31,381.65,Paid,381.65
AMA-R16609,AMA-O12850,17-Apr-2023,195.87,Paid,195.87
AMA-R11097,AMA-O9740,02/27/2025,3213.85,Paid,0.0
AMA-R17477,AMA-O12727,2023-02-21,57.87,Paid,0.0
AMA-R16291,AMA-O8280,01/31/2025,80.4,Paid,0.0
AMA-R11588,AMA-O10836,03/22/2023,1632.75,Pending,0.0
AMA-R13436,AMA-O13603,2024-10-16,221.97,Pending,0.0
AMA-R12204,AMA-O14259,17-Mar-2024,108.3,Refunded,0.0
AMA-R14694,AMA-O8106,31-Oct-2024,1538.54,Paid,0.0
AMA-R12452,AMA-O12917,2024-02-20,365.4,Paid,0.0
AMA-R9133,AMA-O11142,2024-01-29,555.0,Paid,0.0
AMA-R18594,AMA-O9144,15-Jan-2023,599.8,Paid,0.0
AMA-R13058,AMA-O9672,05/12/2025,143.72,Paid,0.0
AMA-R14580,AMA-O6731,2024-04-18,99.6,Paid,99.6
AMA-R18591,AMA-O14956,11/09/2023,902.08,Paid,0.0
AMA-R12583,AMA-O6449,2023-07-26,162.05,Paid,0.0
AMA-R10245,AMA-O10220,09/20/2023,98.98,Paid,0.0
AMA-R10724,AMA-O6584,27-Aug-2024,,Refunded,0.0
AMA-R12530,AMA-O6309,04-Jan-2024,24.45,Paid,0.0
AMA-R15119,AMA-O13140,10-Apr-2024,433.16,Paid,433.16
AMA-R14799,AMA-O13311,2024-06-12,127.68,Paid,0.0
AMA-R13475,AMA-O9900,06/07/2025,,Paid,0.0
AMA-R9399,AMA-O11005,2023-09-15,563.55,Paid,0.0
AMA-R16337,AMA-O5965,2024-10-14,227.66,Paid,0.0
AMA-R14493,AMA-O12408,2024-05-28,304.3,Paid,0.0
AMA-R16503,AMA-O13088,11/03/2023,127.44,Paid,127.44
AMA-R15120,AMA-O10403,04/28/2024,350.1,Paid,0.0
AMA-R12145,AMA-O9550,2025-11-22,8.36,Paid,0.0
AMA-R17356,AMA-O11625,10-Sep-2024,322.28,Paid,322.28
AMA-R10490,AMA-O10166,2025-09-27,,Paid,0.0
AMA-R14002,AMA-O9445,10/28/2023,,Paid,0.0
AMA-R14355,AMA-O10269,12/11/2023,,Refunded,0.0
AMA-R17431,AMA-O10997,18-Mar-2023,736.44,Paid,0.0
AMA-R15824,AMA-O10217,27-Aug-2025,84.45,Paid,0.0
AMA-R18386,AMA-O5488,02/05/2024,180.0,Paid,0.0
AMA-R12247,AMA-O14633,24-Nov-2023,105.6,Paid,0.0
AMA-R16452,AMA-O8839,08-Dec-2023,,Paid,0.0
AMA-R14506,AMA-O11660,07/22/2024,314.34,Paid,0.0
AMA-R18186,AMA-O14185,12/08/2023,127.2,Paid,0.0
AMA-R18280,AMA-O6013,2025-06-20,394.8,Paid,0.0
AMA-R16119,AMA-O11774,2025-03-20,17.68,Paid,0.0
AMA-R11803,AMA-O10339,15-Aug-2023,427.26,Paid,0.0
AMA-R9657,AMA-O7009,30-Jul-2024,6.67,Refunded,2.87
AMA-R18359,AMA-O9533,2025-05-03,33.9,Paid,0.0
AMA-R17521,AMA-O9163,26-Nov-2023,146.64,Paid,0.0
AMA-R9555,AMA-O5865,13-Aug-2023,3050.0,Paid,3050.0
AMA-R11438,AMA-O14241,18-Oct-2025,713.57,Paid,0.0
AMA-R10933,AMA-O5820,18-Sep-2023,121.36,Paid,0.0
AMA-R14868,AMA-O14030,27-Feb-2023,8.52,Paid,0.0
AMA-R17795,AMA-O14052,07/28/2023,129.36,Paid,0.0
AMA-R15983,AMA-O11509,2023-12-28,48.42,Refunded,0.0
AMA-R17103,AMA-O14328,2023-12-27,239.14,Paid,0.0
AMA-R17169,AMA-O10194,12/21/2025,,Paid,0.0
AMA-R16222,AMA-O9150,02/27/2025,105.51,Refunded,0.0
AMA-R13094,AMA-O9344,16-Jun-2024,81.88,Paid,0.0
AMA-R17383,AMA-O9992,01-Feb-2025,241.0,Paid,241.0
AMA-R12272,AMA-O14738,2024-02-23,13.08,Paid,0.0
AMA-R12644,AMA-O8753,06-Jun-2025,206.52,Paid,0.0
AMA-R13506,AMA-O8144,03/06/2024,99.24,Paid,0.0
AMA-R10847,AMA-O12803,01-Oct-2025,,Paid,0.0
AMA-R9793,AMA-O10735,05/06/2024,1894.47,Paid,0.0
AMA-R13481,AMA-O8751,21-Feb-2024,263.91,Paid,263.91
AMA-R18342,AMA-O5689,22-Nov-2025,784.59,Paid,0.0
AMA-R13260,AMA-O5166,27-Jun-2023,74.2,Pending,0.0
AMA-R17447,AMA-O6678,07-Jul-2024,23.34,Paid,0.0
AMA-R11043,AMA-O14410,06-Mar-2023,,Paid,0.0
AMA-R16483,AMA-O13622,2025-09-24,1530.08,Paid,0.0
AMA-R14541,AMA-O10981,05/17/2024,836.88,Paid,0.0
AMA-R11509,AMA-O8691,2023-09-02,66.24,Paid,0.0
AMA-R15561,AMA-O12284,14-Oct-2025,192.42,Paid,0.0
AMA-R14869,AMA-O7830,08-Aug-2023,114.88,Paid,114.88
AMA-R13177,AMA-O8831,04-Nov-2025,715.16,Paid,0.0
AMA-R15020,AMA-O11084,01/31/2025,97.98,Refunded,0.0
AMA-R11761,AMA-O10052,2024-12-25,258.75,Pending,0.0
AMA-R18002,AMA-O8453,2023-05-18,253.89,Paid,253.89
AMA-R16501,AMA-O8281,2025-03-28,33.72,Paid,0.0
AMA-R18080,AMA-O9640,06-Aug-2025,511.45,Paid,0.0
AMA-R18049,AMA-O11108,04/09/2024,54.6,Pending,0.0
AMA-R17180,AMA-O13235,2023-09-25,41.58,Paid,0.0
AMA-R12389,AMA-O12109,05/26/2025,451.68,Paid,0.0
AMA-R18244,AMA-O13061,2023-08-14,921.4,Paid,0.0
AMA-R12494,AMA-O5328,14-Aug-2023,231.58,Paid,0.0
AMA-R12462,AMA-O11619,07/06/2023,247.38,Refunded,0.0
AMA-R10762,AMA-O12583,10/03/2023,18.57,Pending,0.0
AMA-R11557,AMA-O6613,2025-11-26,1001.85,Refunded,0.0
AMA-R9465,AMA-O10423,12-Apr-2024,75.48,Paid,0.0
AMA-R15832,AMA-O6595,25-Dec-2025,251.25,Paid,58.1
AMA-R13905,AMA-O5900,19-Apr-2024,266.9,Paid,0.0
AMA-R18248,AMA-O7803,02/26/2023,56.0,Refunded,0.0
AMA-R14733,AMA-O12729,11-Aug-2024,32.48,Paid,0.0
AMA-R9074,AMA-O8829,03/31/2023,598.35,Paid,0.0
AMA-R15300,AMA-O10232,2024-12-09,1057.68,Refunded,0.0
AMA-R12321,AMA-O11973,04/04/2023,65.56,Paid,0.0
AMA-R18509,AMA-O14749,11/04/2023,421.04,Refunded,176.63
AMA-R12504,AMA-O14156,01/31/2025,289.71,Paid,0.0
AMA-R14437,AMA-O14387,01/20/2025,226.08,Paid,0.0
AMA-R9535,AMA-O5824,01/28/2023,,Paid,0.0
AMA-R9998,AMA-O6446,10/07/2024,29.22,Paid,0.0
AMA-R18655,AMA-O5957,2023-10-24,183.3,Paid,0.0
AMA-R10307,AMA-O6652,06/05/2023,817.05,Paid,817.05
AMA-R17827,AMA-O9921,11-Sep-2025,1405.54,Paid,0.0
AMA-R16924,AMA-O7334,21-Oct-2024,52.3,Pending,0.0
AMA-R16382,AMA-O5967,2024-03-29,191.28,Pending,0.0
AMA-R11146,AMA-O13092,2023-04-09,35.48,Paid,0.0
AMA-R13176,AMA-O5859,2025-07-03,511.86,Paid,0.0
AMA-R16722,AMA-O8167,2023-03-13,9.85,Pending,0.0
AMA-R9487,AMA-O13104,2024-06-24,87.3,Paid,0.0
AMA-R13568,AMA-O13768,02/02/2024,105.65,Paid,105.65
AMA-R17953,AMA-O13167,2023-12-12,322.85,Pending,0.0
AMA-R14562,AMA-O5343,02-Mar-2025,17.26,Paid,0.0
AMA-R13351,AMA-O6938,2024-06-27,758.1,Paid,0.0
AMA-R10879,AMA-O11335,09/04/2025,203.92,Paid,0.0
AMA-R16112,AMA-O8676,05-Dec-2025,42.1,Paid,0.0
AMA-R11614,AMA-O14376,2024-10-28,89.2,Paid,89.2
AMA-R13366,AMA-O10253,03/19/2023,33.85,Paid,0.0
AMA-R9014,AMA-O10713,2023-03-11,385.52,Paid,0.0
AMA-R13318,AMA-O8872,04-Jul-2024,230.0,Paid,46.1
AMA-R9689,AMA-O13865,09/21/2023,83.34,Paid,83.34
AMA-R10486,AMA-O8667,19-Jul-2024,113.01,Paid,0.0
AMA-R9186,AMA-O13492,01/19/2023,164.1,Paid,0.0
AMA-R9687,AMA-O14808,05/16/2023,,Pending,0.0
AMA-R18101,AMA-O13191,2025-09-08,24.19,Paid,0.0
AMA-R16923,AMA-O11992,01/26/2023,148.71,Paid,0.0
AMA-R13801,AMA-O9046,2023-06-15,522.63,Paid,522.63
AMA-R18598,AMA-O9357,15-Jul-2024,112.56,Paid,0.0
AMA-R18273,AMA-O14346,2024-04-07,52.29,Paid,0.0
AMA-R10599,AMA-O7075,04-Jul-2024,100.83,Paid,100.83
AMA-R15837,AMA-O5078,2024-06-07,163.8,Paid,0.0
AMA-R10336,AMA-O14501,04/18/2023,943.65,Paid,0.0
AMA-R9556,AMA-O6908,06/23/2024,116.76,Refunded,0.0
AMA-R15997,AMA-O13415,18-Jan-2024,150.57,Paid,0.0
AMA-R17744,AMA-O7232,18-Feb-2024,41.15,Paid,0.0
AMA-R14306,AMA-O12766,2023-05-26,161.74,Paid,0.0
AMA-R14818,AMA-O6418,04/05/2024,238.7,Paid,0.0
AMA-R12088,AMA-O13994,2024-07-20,68.94,Paid,0.0
AMA-R10145,AMA-O7484,2024-05-26,226.01,Paid,0.0
AMA-R16322,AMA-O11058,2025-07-10,402.45,Paid,0.0
AMA-R11806,AMA-O12834,05/10/2025,153.05,Paid,0.0
AMA-R17574,AMA-O9263,2024-02-21,217.2,Refunded,0.0
AMA-R10219,AMA-O8621,10/15/2023,1123.2,Paid,1123.2
AMA-R13451,AMA-O7691,02-May-2025,340.95,Refunded,0.0
AMA-R16427,AMA-O11749,03/02/2025,1147.62,Paid,0.0
AMA-R16777,AMA-O6042,07/21/2023,68.46,Refunded,0.0
AMA-R17726,AMA-O14636,12-Jan-2024,121.65,Paid,0.0
AMA-R10461,AMA-O8733,2025-12-02,155.52,Refunded,0.0
AMA-R10765,AMA-O12790,2025-03-09,23.32,Paid,0.0
AMA-R14723,AMA-O12888,2024-08-04,135.5,Refunded,0.0
AMA-R17446,AMA-O8061,10/16/2023,48.42,Paid,0.0
AMA-R18346,AMA-O8468,09-Sep-2025,52.31,Paid,52.31
AMA-R14653,AMA-O12087,04-Feb-2025,57.7,Paid,0.0
AMA-R15833,AMA-O9955,2025-06-06,48.24,Paid,48.24
AMA-R15076,AMA-O6102,2025-03-12,136.72,Refunded,0.0
AMA-R12921,AMA-O5123,25-Dec-2024,106.58,Paid,0.0
AMA-R14746,AMA-O12395,05/17/2025,426.65,Refunded,0.0
AMA-R15976,AMA-O7587,22-Jun-2024,354.8,Paid,0.0
AMA-R16979,AMA-O7425,12-Aug-2024,1006.3,Paid,0.0
AMA-R17849,AMA-O6721,2023-08-26,257.48,Paid,0.0
AMA-R15131,AMA-O8461,28-Nov-2025,,Paid,0.0
AMA-R13281,AMA-O5482,16-Dec-2024,66.14,Paid,0.0
AMA-R9389,AMA-O12821,2025-07-08,2174.55,Paid,0.0
AMA-R13639,AMA-O13403,11-Oct-2023,17.63,Paid,0.0
AMA-R11467,AMA-O13769,2024-10-29,763.5,Paid,763.5
AMA-R10379,AMA-O8017,05/29/2023,79.85,Paid,0.0
AMA-R17645,AMA-O11899,07/11/2023,139.43,Paid,139.43
AMA-R9365,AMA-O5370,08-Aug-2025,832.96,Paid,0.0
AMA-R10921,AMA-O5646,12/30/2024,20.66,Paid,0.0
AMA-R15796,AMA-O5703,03/10/2023,,Paid,34.96
AMA-R12383,AMA-O10821,2023-04-01,190.22,Paid,0.0
AMA-R16127,AMA-O9283,28-Feb-2023,184.64,Paid,0.0
AMA-R9406,AMA-O7153,05/31/2025,201.28,Paid,0.0
AMA-R14887,AMA-O10968,2024-06-25,280.4,Paid,0.0
AMA-R14265,AMA-O12079,2024-11-03,359.64,Paid,0.0
AMA-R18436,AMA-O12474,2023-08-11,218.55,Refunded,0.0
AMA-R11096,AMA-O7835,09/15/2025,160.0,Paid,0.0
AMA-R9637,AMA-O10827,05/24/2025,194.24,Paid,194.24
AMA-R16209,AMA-O6817,08/24/2025,134.7,Paid,0.0
AMA-R12251,AMA-O7480,03/17/2023,24.7,Refunded,0.0
AMA-R9953,AMA-O8020,12-Nov-2025,25.87,Paid,0.0
AMA-R14763,AMA-O7959,2023-01-16,619.59,Paid,0.0
AMA-R17496,AMA-O13148,2025-11-15,66.35,Paid,0.0
AMA-R16678,AMA-O13663,23-Jan-2023,2814.76,Paid,0.0
AMA-R15640,AMA-O11153,08/24/2024,111.04,Paid,0.0
AMA-R14317,AMA-O12249,04/07/2024,919.52,Paid,0.0
AMA-R15802,AMA-O10919,05-Jan-2023,1112.18,Paid,1112.18
AMA-R17935,AMA-O14498,10/24/2024,1724.68,Paid,1724.68
AMA-R10073,AMA-O6569,07-Feb-2025,118.32,Paid,0.0
AMA-R17136,AMA-O8371,05/27/2023,714.63,Paid,0.0
AMA-R13813,AMA-O12458,2025-09-08,21.57,Paid,0.0
AMA-R12187,AMA-O12147,2024-04-24,62.85,Paid,0.0
AMA-R18639,AMA-O9528,03/04/2024,17.86,Paid,0.0
AMA-R17870,AMA-O11136,15-Dec-2023,79.74,Paid,0.0
AMA-R14557,AMA-O14069,19-Aug-2023,2381.7,Paid,0.0
AMA-R11708,AMA-O10869,02/16/2023,,Paid,78.87
AMA-R17637,AMA-O8062,2024-10-12,79.66,Refunded,0.0
AMA-R9605,AMA-O6008,10-Feb-2024,25.78,Paid,0.0
AMA-R17138,AMA-O12510,2023-06-28,121.9,Paid,0.0
AMA-R11255,AMA-O6500,03/30/2024,53.38,Pending,0.0
AMA-R13096,AMA-O7796,11/14/2025,327.28,Paid,0.0
AMA-R12033,AMA-O7509,2023-11-23,1051.48,Refunded,0.0
AMA-R12581,AMA-O14145,04/05/2023,355.2,Paid,0.0
AMA-R14984,AMA-O10530,2023-04-15,32.36,Paid,0.0
AMA-R13809,AMA-O14545,05-Mar-2023,707.4,Paid,0.0
AMA-R16099,AMA-O7047,21-Oct-2024,185.84,Paid,185.84
AMA-R16851,AMA-O9759,07/10/2023,18.36,Paid,4.79
AMA-R10038,AMA-O6122,03/16/2024,140.1,Paid,0.0
AMA-R14318,AMA-O12002,03/20/2025,522.69,Paid,0.0
AMA-R15667,AMA-O5652,05/17/2025,49.9,Paid,49.9
AMA-R16173,AMA-O10336,2023-06-25,188.75,Paid,0.0
AMA-R18613,AMA-O7147,2024-11-10,176.95,Paid,0.0
AMA-R16002,AMA-O7077,08-Jan-2024,1218.6,Paid,0.0
AMA-R14527,AMA-O8105,15-May-2025,1938.36,Refunded,0.0
AMA-R18453,AMA-O14268,2023-06-05,1271.86,Paid,0.0
AMA-R17833,AMA-O13019,18-Sep-2023,134.3,Paid,0.0
AMA-R16159,AMA-O9896,2024-09-23,15.26,Paid,0.0
AMA-R18369,AMA-O7817,06-Nov-2025,518.8,Paid,0.0
AMA-R10000,AMA-O7408,24-Feb-2025,280.88,Paid,0.0
AMA-R10609,AMA-O12281,03-Jun-2023,1046.55,Paid,0.0
AMA-R18563,AMA-O10729,2024-12-04,51.45,Paid,0.0
AMA-R11805,AMA-O11430,15-Mar-2024,71.45,Paid,0.0
AMA-R13937,AMA-O9537,19-Aug-2023,162.63,Paid,0.0
AMA-R16288,AMA-O14206,03/03/2025,22.68,Paid,0.0
AMA-R12674,AMA-O9791,2023-01-04,864.58,Paid,0.0
AMA-R11659,AMA-O5727,2025-04-10,928.72,Paid,928.72
AMA-R17426,AMA-O6524,06/27/2025,294.13,Paid,0.0
AMA-R16021,AMA-O8422,02/23/2024,134.72,Paid,0.0
AMA-R12639,AMA-O10807,14-Jul-2025,208.92,Paid,0.0
AMA-R16635,AMA-O11950,13-Apr-2023,1214.3,Refunded,0.0
AMA-R9426,AMA-O12698,05/12/2023,193.8,Paid,0.0
AMA-R18640,AMA-O10031,23-Oct-2023,183.42,Pending,0.0
AMA-R10990,AMA-O12368,30-Oct-2025,41.48,Paid,0.0
AMA-R17632,AMA-O13041,09-Sep-2025,59.44,Paid,0.0
AMA-R9551,AMA-O7783,09/02/2025,1138.9,Paid,1138.9
AMA-R18625,AMA-O7606,02/15/2024,104.82,Paid,104.82
AMA-R12704,AMA-O6971,03/25/2025,113.76,Paid,0.0
AMA-R17584,AMA-O12148,2024-09-10,285.78,Paid,39.67
AMA-R9181,AMA-O14836,02-Dec-2024,40.8,Paid,0.0
AMA-R16048,AMA-O10565,2025-01-20,,Refunded,0.0
AMA-R12640,AMA-O9171,2023-05-29,310.75,Paid,0.0
AMA-R10411,AMA-O6795,29-Jun-2025,45.14,Paid,0.0
AMA-R17859,AMA-O10451,01/14/2023,138.32,Paid,0.0
AMA-R17163,AMA-O13498,05/25/2023,289.45,Paid,0.0
AMA-R11382,AMA-O5628,01/02/2023,51.1,Paid,0.0
AMA-R15842,AMA-O5661,2024-05-21,467.34,Refunded,0.0
AMA-R17556,AMA-O6231,03-Dec-2024,138.68,Paid,138.68
AMA-R13327,AMA-O12952,2023-12-13,153.05,Refunded,0.0
AMA-R11631,AMA-O5122,10/05/2024,108.76,Paid,108.76
AMA-R11404,AMA-O7770,07-Jan-2024,438.88,Pending,0.0
AMA-R12127,AMA-O7540,2025-08-05,1444.55,Paid,0.0
AMA-R17402,AMA-O14002,2023-05-12,26.61,Refunded,0.0
AMA-R16469,AMA-O12721,27-Oct-2023,161.8,Paid,69.83
AMA-R18309,AMA-O11607,09-Oct-2023,369.32,Paid,0.0
AMA-R16972,AMA-O13812,06-Aug-2024,2223.35,Paid,0.0
AMA-R14986,AMA-O11875,10-Apr-2025,170.86,Paid,0.0
AMA-R16309,AMA-O14188,05/30/2025,629.5,Paid,0.0
AMA-R10122,AMA-O5221,2025-09-27,108.18,Paid,0.0
AMA-R10647,AMA-O9761,29-May-2025,2966.88,Paid,0.0
AMA-R13370,AMA-O14438,05-Sep-2023,97.95,Refunded,0.0
AMA-R17817,AMA-O9976,2023-06-10,22.42,Paid,0.0
AMA-R16729,AMA-O11649,27-Sep-2025,79.82,Paid,0.0
AMA-R17709,AMA-O5261,2025-08-31,47.3,Paid,0.0
AMA-R10069,AMA-O12775,2024-09-06,123.4,Refunded,0.0
AMA-R14898,AMA-O6131,03/18/2024,77.24,Pending,0.0
AMA-R16446,AMA-O7571,07-Mar-2025,56.64,Paid,56.64
AMA-R14645,AMA-O7376,02/24/2024,57.45,Paid,0.0
AMA-R13793,AMA-O12661,2023-01-20,199.58,Paid,0.0
AMA-R13135,AMA-O6470,2024-02-17,160.68,Paid,0.0
AMA-R11938,AMA-O5255,11/13/2023,24.12,Paid,0.0
AMA-R11487,AMA-O14312,2025-01-10,115.0,Paid,0.0
AMA-R14614,AMA-O13944,12-Jul-2025,155.32,Paid,155.32
AMA-R9800,AMA-O11216,31-Dec-2024,50.9,Refunded,0.0
AMA-R12053,AMA-O5189,04/01/2025,34.46,Paid,0.0
AMA-R16239,AMA-O8487,08/28/2024,,Pending,0.0
AMA-R11890,AMA-O12746,12/10/2023,1620.2,Paid,0.0
AMA-R17160,AMA-O9455,05/18/2023,76.08,Refunded,0.0
AMA-R15263,AMA-O7521,25-Jun-2024,185.1,Paid,0.0
AMA-R14643,AMA-O13006,2023-07-26,170.8,Paid,170.8
AMA-R15645,AMA-O9833,06-Apr-2024,176.9,Paid,0.0
AMA-R9895,AMA-O8223,2024-01-22,353.04,Paid,0.0
AMA-R10846,AMA-O6481,01/02/2023,39.36,Paid,0.0
AMA-R12889,AMA-O14205,10/31/2023,142.36,Paid,0.0
AMA-R10191,AMA-O12376,2025-12-21,1077.6,Paid,1077.6
AMA-R12862,AMA-O12230,06/11/2025,,Paid,0.0
AMA-R16307,AMA-O10343,01-Jul-2023,88.35,Paid,0.0
AMA-R12708,AMA-O14366,10/04/2023,1165.9,Paid,0.0
AMA-R9964,AMA-O14200,26-Jul-2024,,Paid,65.85
AMA-R14870,AMA-O10066,08/14/2025,232.17,Refunded,0.0
AMA-R17663,AMA-O8019,2025-11-02,385.08,Paid,385.08
AMA-R14206,AMA-O8484,08/04/2024,34.23,Paid,0.0
AMA-R13881,AMA-O6789,2024-06-29,1777.77,Pending,0.0
AMA-R13841,AMA-O7944,06/26/2024,303.44,Paid,0.0
AMA-R18141,AMA-O6646,05/30/2023,52.92,Paid,0.0
AMA-R10917,AMA-O11494,19-May-2025,238.05,Paid,0.0
AMA-R9349,AMA-O13345,2025-07-02,23.01,Paid,0.0
AMA-R17596,AMA-O8647,04-Dec-2025,696.21,Paid,0.0
AMA-R13596,AMA-O9538,19-Dec-2023,49.58,Pending,0.0
AMA-R16546,AMA-O8247,02/15/2024,114.24,Paid,0.0
AMA-R12046,AMA-O10701,2024-11-22,18.95,Paid,0.0
AMA-R9708,AMA-O9832,12-Mar-2025,52.52,Paid,52.52
AMA-R14386,AMA-O12200,02-Mar-2023,128.52,Paid,0.0
AMA-R17204,AMA-O8820,05-Mar-2024,21.66,Paid,5.76
AMA-R13118,AMA-O5953,13-Nov-2024,1256.08,Paid,1256.08
AMA-R14724,AMA-O11628,01/31/2023,550.8,Paid,0.0
AMA-R17434,AMA-O13640,03/25/2023,99.28,Refunded,0.0
AMA-R17373,AMA-O9966,2025-05-06,,Pending,0.0
AMA-R10506,AMA-O10810,2024-09-24,22.98,Paid,0.0
AMA-R13516,AMA-O10402,15-May-2025,3678.4,Pending,0.0
AMA-R13203,AMA-O9267,06/29/2024,99.65,Paid,99.65
AMA-R12590,AMA-O7996,2023-02-18,152.68,Paid,152.68
AMA-R9986,AMA-O5412,2024-01-30,707.63,Paid,707.63
AMA-R12168,AMA-O7585,13-Jun-2025,,Paid,0.0
AMA-R16034,AMA-O5571,01/02/2024,123.08,Paid,123.08
AMA-R16827,AMA-O13018,11/18/2025,68.24,Paid,0.0
AMA-R11233,AMA-O7329,2024-08-24,63.35,Pending,0.0
AMA-R14663,AMA-O9923,2024-11-19,,Paid,106.66
AMA-R10572,AMA-O8656,2024-05-18,31.68,Refunded,0.0
AMA-R10254,AMA-O8302,2025-04-20,179.67,Paid,0.0
AMA-R17990,AMA-O13013,2024-03-03,55.02,Paid,0.0
AMA-R17797,AMA-O11261,07-Apr-2024,29.79,Paid,0.0
AMA-R12856,AMA-O13692,08/27/2023,348.88,Pending,0.0
AMA-R10395,AMA-O5789,2023-01-08,34.59,Pending,0.0
AMA-R18355,AMA-O14512,2023-05-25,279.42,Paid,279.42
AMA-R15799,AMA-O11926,09-Nov-2023,110.31,Paid,0.0
AMA-R13223,AMA-O13877,06/19/2024,152.12,Paid,0.0
AMA-R17205,AMA-O12630,2023-09-30,172.75,Paid,0.0
AMA-R13820,AMA-O9119,06-Mar-2025,408.8,Paid,408.8
AMA-R12332,AMA-O13637,07/05/2023,2815.5,Paid,0.0
AMA-R13583,AMA-O7068,09/26/2023,1870.52,Paid,0.0
AMA-R15795,AMA-O13824,02/13/2025,103.8,Paid,0.0
AMA-R12253,AMA-O9875,05/11/2024,139.6,Paid,0.0
AMA-R10545,AMA-O8466,2025-12-19,443.25,Refunded,0.0
AMA-R17572,AMA-O11898,08-Jan-2025,855.0,Paid,0.0
AMA-R10118,AMA-O12025,2025-04-10,105.34,Paid,0.0
AMA-R10918,AMA-O13265,2023-05-10,106.4,Paid,0.0
AMA-R15155,AMA-O14310,08/17/2023,162.21,Refunded,0.0
AMA-R14939,AMA-O9862,2024-10-01,2082.36,Paid,0.0
AMA-R17179,AMA-O8163,2024-08-21,6.6,Paid,0.0
AMA-R16986,AMA-O7935,2023-07-09,187.24,Paid,0.0
AMA-R14045,AMA-O13686,05/02/2025,73.92,Paid,0.0
AMA-R16071,AMA-O7037,05-Jul-2024,305.16,Paid,0.0
AMA-R10690,AMA-O14269,24-Mar-2024,206.76,Paid,0.0
AMA-R9931,AMA-O7048,25-Aug-2024,84.51,Refunded,0.0
AMA-R11707,AMA-O10641,2024-08-09,55.18,Paid,0.0
AMA-R14957,AMA-O5217,06/16/2024,84.93,Paid,84.93
AMA-R14582,AMA-O5712,2025-04-24,184.65,Paid,0.0
AMA-R17058,AMA-O14405,01/28/2023,115.48,Paid,0.0
AMA-R10523,AMA-O10705,04-Jul-2025,22.27,Paid,0.0
AMA-R14193,AMA-O7275,05/13/2023,3.7,Paid,0.0
AMA-R10014,AMA-O8408,12/18/2025,67.56,Paid,67.56
AMA-R13299,AMA-O7721,03/23/2023,349.8,Paid,349.8
AMA-R11195,AMA-O11889,27-May-2025,207.09,Paid,0.0
AMA-R17479,AMA-O13771,2024-01-02,828.68,Paid,0.0
AMA-R9135,AMA-O12058,06-Mar-2024,118.7,Paid,24.86
AMA-R9228,AMA-O14626,03/18/2023,22.53,Paid,0.0
AMA-R12789,AMA-O14647,16-Apr-2025,32.38,Refunded,0.0
AMA-R18239,AMA-O14585,2024-02-28,238.59,Pending,0.0
AMA-R16846,AMA-O5044,02/20/2023,560.64,Paid,0.0
AMA-R16610,AMA-O9004,10/17/2023,242.4,Paid,0.0
AMA-R13268,AMA-O7795,2023-07-07,309.0,Paid,309.0
AMA-R16339,AMA-O9374,2023-06-22,25.02,Refunded,0.0
AMA-R14948,AMA-O6256,11/20/2023,79.98,Paid,79.98
AMA-R9707,AMA-O10751,10-Oct-2025,22.54,Paid,0.0
AMA-R9396,AMA-O5586,12/06/2025,45.6,Paid,0.0
AMA-R14205,AMA-O8334,11/11/2024,402.5,Refunded,0.0
AMA-R14084,AMA-O7289,19-Dec-2025,228.28,Paid,0.0
AMA-R14740,AMA-O5200,2024-08-01,31.14,Paid,0.0
AMA-R17075,AMA-O6403,04/06/2025,241.17,Paid,0.0
AMA-R17421,AMA-O11521,30-Oct-2023,242.2,Paid,0.0
AMA-R14505,AMA-O7266,2024-11-11,438.75,Pending,0.0
AMA-R15402,AMA-O7633,23-May-2025,313.6,Paid,0.0
AMA-R10251,AMA-O10498,20-Apr-2025,368.64,Paid,0.0
AMA-R16003,AMA-O6394,20-Dec-2025,68.92,Paid,0.0
AMA-R12243,AMA-O6176,10/12/2023,83.68,Paid,83.68
AMA-R15573,AMA-O12391,10-Sep-2025,275.39,Refunded,0.0
AMA-R9885,AMA-O9472,2024-10-22,522.54,Paid,0.0
AMA-R11315,AMA-O7724,2024-10-24,29.02,Paid,0.0
AMA-R17404,AMA-O11427,14-Nov-2025,149.64,Paid,0.0
AMA-R12142,AMA-O12222,01/27/2023,102.2,Paid,0.0
AMA-R14722,AMA-O8009,01-Jul-2023,282.45,Paid,0.0
AMA-R14936,AMA-O7820,2024-02-16,3672.9,Refunded,0.0
AMA-R13753,AMA-O10488,25-Feb-2023,562.38,Paid,0.0
AMA-R18537,AMA-O14077,16-Feb-2024,46.61,Paid,46.61
AMA-R17566,AMA-O12475,2023-11-02,217.92,Paid,0.0
AMA-R9201,AMA-O13714,2023-04-21,216.69,Paid,216.69
AMA-R14536,AMA-O6105,2023-01-05,148.7,Paid,0.0
AMA-R11454,AMA-O9262,2024-12-07,77.2,Paid,0.0
AMA-R16992,AMA-O12018,2024-12-05,340.17,Paid,340.17
AMA-R13726,AMA-O11329,07/31/2023,233.6,Paid,0.0
AMA-R14933,AMA-O6300,10/02/2023,714.42,Paid,0.0
AMA-R15166,AMA-O12901,03-Nov-2023,29.25,Paid,0.0
AMA-R14444,AMA-O7890,2023-10-23,,Paid,0.0
AMA-R12974,AMA-O5873,28-Mar-2023,53.91,Paid,53.91
AMA-R15378,AMA-O12268,14-Feb-2023,137.18,Paid,0.0
AMA-R18024,AMA-O11241,2025-06-09,238.95,Refunded,0.0
AMA-R12767,AMA-O8731,10/17/2025,98.67,Refunded,0.0
AMA-R12649,AMA-O12143,2024-01-13,18.68,Refunded,0.0
AMA-R13075,AMA-O10144,03/02/2025,28.42,Paid,28.42
AMA-R9188,AMA-O9940,2023-06-23,17.68,Paid,0.0
AMA-R13472,AMA-O9821,2023-11-25,51.76,Paid,0.0
AMA-R15789,AMA-O11789,16-Oct-2025,109.64,Paid,0.0
AMA-R11178,AMA-O7784,2025-10-09,55.32,Paid,0.0
AMA-R18303,AMA-O13924,2023-10-16,932.08,Paid,0.0
AMA-R13642,AMA-O8902,08/10/2023,600.32,Paid,0.0
AMA-R14570,AMA-O10169,2023-09-19,72.35,Paid,72.35
AMA-R12193,AMA-O12815,01-Nov-2025,664.57,Paid,664.57
AMA-R15763,AMA-O13032,17-Jul-2025,,Paid,0.0
AMA-R14471,AMA-O13245,11/09/2024,2221.41,Paid,0.0
AMA-R15438,AMA-O10726,2025-05-05,258.4,Paid,45.98
AMA-R18051,AMA-O10068,03/29/2024,315.71,Paid,0.0
AMA-R10729,AMA-O11748,2023-08-25,20.02,Pending,0.0
AMA-R12097,AMA-O12348,04-Dec-2023,36.2,Pending,0.0
AMA-R12032,AMA-O14999,2025-08-08,22.5,Paid,0.0
AMA-R13301,AMA-O11768,2023-11-04,1114.15,Refunded,0.0
AMA-R14835,AMA-O5544,10/01/2025,75.4,Paid,0.0
AMA-R10482,AMA-O5973,15-Apr-2023,81.09,Paid,0.0
AMA-R10018,AMA-O10573,04-Jan-2025,26.38,Refunded,0.0
AMA-R15444,AMA-O7390,2025-09-30,1081.75,Pending,0.0
AMA-R17711,AMA-O10094,2024-05-09,163.62,Paid,0.0
AMA-R12359,AMA-O13535,08/31/2023,1224.35,Paid,0.0
AMA-R12614,AMA-O6520,05/13/2025,20.37,Paid,0.0
AMA-R9454,AMA-O13469,08/24/2024,264.79,Paid,0.0
AMA-R16032,AMA-O11386,2025-10-15,933.05,Paid,0.0
AMA-R12992,AMA-O12241,16-Sep-2024,2406.24,Paid,2406.24
AMA-R11877,AMA-O13072,07/11/2025,507.45,Paid,0.0
AMA-R18534,AMA-O9158,11/19/2023,103.31,Paid,0.0
AMA-R18058,AMA-O6554,10-Feb-2025,17.67,Paid,0.0
AMA-R10625,AMA-O7790,2024-01-12,592.83,Paid,592.83
AMA-R17213,AMA-O14936,13-Feb-2023,857.96,Paid,0.0
AMA-R13921,AMA-O6790,2024-03-16,50.2,Paid,0.0
AMA-R14251,AMA-O10788,07/14/2024,261.75,Paid,0.0
AMA-R17319,AMA-O11630,30-Dec-2023,516.45,Paid,516.45
AMA-R12392,AMA-O12072,2024-04-24,1161.1,Paid,0.0
AMA-R18259,AMA-O7532,05/05/2024,13.02,Paid,0.0
AMA-R17913,AMA-O12178,23-May-2023,146.04,Paid,0.0
AMA-R17642,AMA-O13450,12/06/2024,634.26,Paid,0.0
AMA-R16945,AMA-O5983,2024-04-12,302.91,Paid,0.0
AMA-R17295,AMA-O6423,18-Aug-2024,182.84,Paid,0.0
AMA-R11978,AMA-O9769,11/30/2025,25.4,Paid,0.0
AMA-R13388,AMA-O11049,02/27/2024,3370.9,Paid,0.0
AMA-R10844,AMA-O8166,15-Jun-2023,48.92,Paid,0.0
AMA-R15033,AMA-O8430,2023-07-02,627.54,Pending,0.0
AMA-R13348,AMA-O10168,09/08/2024,34.36,Paid,0.0
AMA-R14212,AMA-O9950,09/20/2024,100.65,Pending,13.97
AMA-R18557,AMA-O7674,2025-01-26,70.8,Refunded,0.0
AMA-R12550,AMA-O8033,12/31/2024,107.68,Paid,0.0
AMA-R13999,AMA-O11949,2025-08-12,137.8,Paid,0.0
AMA-R14275,AMA-O7503,10/25/2024,28.47,Paid,0.0
AMA-R15689,AMA-O7763,2025-12-10,22.32,Paid,0.0
AMA-R16231,AMA-O13367,24-Apr-2023,144.09,Paid,144.09
AMA-R13549,AMA-O7687,09-Oct-2024,166.64,Paid,0.0
AMA-R14918,AMA-O12053,2023-10-17,107.43,Paid,0.0
AMA-R12948,AMA-O5272,13-Mar-2024,69.03,Paid,0.0
AMA-R17413,AMA-O14747,10-Nov-2024,262.48,Paid,0.0
AMA-R17922,AMA-O5334,2024-11-28,,Paid,32.74
AMA-R13536,AMA-O11398,2024-01-11,1018.02,Paid,1018.02
AMA-R18664,AMA-O9999,2024-12-03,70.4,Paid,0.0
AMA-R16764,AMA-O7000,06/12/2024,,Paid,43.89
AMA-R13273,AMA-O14617,16-Jul-2023,,Paid,0.0
AMA-R9321,AMA-O9026,08/07/2024,156.74,Pending,0.0
AMA-R18331,AMA-O5193,01/29/2023,718.89,Paid,0.0
AMA-R12795,AMA-O5302,07/25/2025,99.95,Paid,99.95
AMA-R15776,AMA-O8694,07/08/2025,365.76,Paid,0.0
AMA-R16392,AMA-O9495,2024-10-26,137.22,Paid,0.0
AMA-R14371,AMA-O7083,09/06/2023,,Refunded,0.0
AMA-R11341,AMA-O5163,28-Jan-2024,,Paid,0.0
AMA-R11701,AMA-O7637,2023-10-06,419.94,Pending,0.0
AMA-R12495,AMA-O7343,05/22/2023,70.14,Paid,0.0
AMA-R14962,AMA-O12418,02/29/2024,175.71,Paid,0.0
AMA-R17425,AMA-O11987,2025-11-12,124.2,Pending,0.0
AMA-R12951,AMA-O6492,12-Feb-2025,152.91,Paid,0.0
AMA-R11793,AMA-O8438,2024-03-21,9.48,Paid,0.0
AMA-R12759,AMA-O5671,13-Nov-2025,158.88,Paid,0.0
AMA-R18040,AMA-O8207,19-Jan-2025,429.5,Paid,0.0
AMA-R11579,AMA-O9883,2024-08-06,734.6,Paid,0.0
AMA-R16204,AMA-O12171,05/31/2023,11.67,Pending,0.0
AMA-R16105,AMA-O14265,28-Mar-2025,141.99,Refunded,0.0
AMA-R13174,AMA-O5936,03/13/2025,169.96,Paid,169.96
AMA-R16810,AMA-O9719,2024-10-19,7.28,Paid,0.0
AMA-R17270,AMA-O12188,27-Aug-2024,476.48,Pending,161.46
AMA-R14138,AMA-O11021,2023-07-03,505.8,Paid,0.0
AMA-R13899,AMA-O10230,24-May-2023,215.01,Paid,0.0
AMA-R9836,AMA-O10590,02/13/2025,250.89,Paid,0.0
AMA-R18124,AMA-O7993,07-Jul-2023,320.92,Paid,0.0
AMA-R15321,AMA-O7544,05/01/2023,960.7,Paid,0.0
AMA-R15328,AMA-O10209,2023-04-20,,Paid,0.0
AMA-R12572,AMA-O10348,07-Jan-2023,87.69,Paid,0.0
AMA-R16947,AMA-O6935,02/29/2024,45.84,Paid,0.0
AMA-R13714,AMA-O8352,09/13/2024,989.24,Paid,0.0
AMA-R17553,AMA-O13588,07/20/2024,994.56,Paid,994.56
AMA-R15839,AMA-O5441,18-Sep-2025,1117.64,Paid,0.0
AMA-R17441,AMA-O13179,18-Sep-2024,2489.85,Paid,0.0
AMA-R10032,AMA-O6379,03/16/2023,68.04,Paid,0.0
AMA-R12845,AMA-O12118,09/01/2025,286.82,Paid,0.0
AMA-R12793,AMA-O5277,01/11/2024,28.49,Paid,0.0
AMA-R13394,AMA-O5919,2023-09-09,363.7,Paid,0.0
AMA-R10909,AMA-O8951,09/11/2024,,Refunded,0.0
AMA-R9332,AMA-O6719,04-Mar-2023,16.1,Paid,0.0
AMA-R18022,AMA-O6533,2024-06-08,72.12,Paid,0.0
AMA-R16767,AMA-O13932,25-May-2025,78.28,Paid,0.0
AMA-R15757,AMA-O12320,08/14/2025,25.47,Paid,25.47
AMA-R10584,AMA-O9041,16-Apr-2023,,Pending,0.0
AMA-R10649,AMA-O7272,21-Sep-2023,264.33,Paid,0.0
AMA-R12410,AMA-O11041,2023-01-16,58.84,Paid,0.0
AMA-R10467,AMA-O7625,09/12/2023,112.2,Paid,112.2
AMA-R11543,AMA-O14639,08/12/2024,142.78,Paid,0.0
AMA-R13282,AMA-O14150,06/20/2025,69.69,Refunded,0.0
AMA-R16788,AMA-O6914,2023-07-22,86.88,Refunded,0.0
AMA-R17505,AMA-O5599,14-Jul-2023,171.15,Paid,171.15
AMA-R13134,AMA-O8545,03/04/2024,95.0,Paid,0.0
AMA-R15590,AMA-O10116,2025-01-12,99.21,Pending,0.0
AMA-R12816,AMA-O8847,10/17/2025,119.4,Paid,0.0
AMA-R17917,AMA-O14496,2025-12-02,74.06,Paid,0.0
AMA-R10551,AMA-O12997,30-Sep-2024,112.11,Paid,0.0
AMA-R16042,AMA-O7813,05/01/2025,438.09,Paid,0.0
AMA-R9282,AMA-O5988,2024-06-20,170.4,Paid,0.0
AMA-R15726,AMA-O13146,07/21/2023,79.7,Pending,0.0
AMA-R11766,AMA-O9048,2025-10-27,19.91,Paid,0.0
AMA-R14022,AMA-O9330,07/05/2025,968.16,Paid,0.0
AMA-R18072,AMA-O13671,22-Jul-2024,464.64,Paid,464.64
AMA-R11939,AMA-O8773,2024-12-17,234.65,Paid,0.0
AMA-R13911,AMA-O6965,2023-03-31,1916.07,Paid,0.0
AMA-R14473,AMA-O11930,25-Aug-2025,113.25,Paid,0.0
AMA-R12620,AMA-O6896,23-May-2024,167.02,Paid,0.0
AMA-R15421,AMA-O12090,14-Apr-2024,42.4,Pending,0.0
AMA-R17520,AMA-O13163,2025-08-19,603.45,Paid,0.0
AMA-R17488,AMA-O12942,2023-04-20,24.3,Paid,0.0
AMA-R15306,AMA-O14151,10/16/2024,98.67,Paid,98.67
AMA-R12693,AMA-O6266,05-Apr-2023,335.13,Paid,0.0
AMA-R13066,AMA-O11289,2023-01-07,23.72,Paid,0.0
AMA-R9591,AMA-O13528,07-Nov-2024,108.27,Paid,108.27
AMA-R16837,AMA-O12356,2025-08-27,45.64,Pending,0.0
AMA-R15092,AMA-O14378,03/10/2023,1237.95,Paid,0.0
AMA-R12980,AMA-O9561,2025-07-08,169.76,Paid,0.0
AMA-R9667,AMA-O10480,2025-09-21,1142.07,Paid,0.0
AMA-R9405,AMA-O10508,03-Sep-2025,219.93,Paid,0.0
AMA-R13397,AMA-O7622,2025-06-14,334.32,Paid,0.0
AMA-R18412,AMA-O9209,06/29/2025,95.81,Refunded,45.09
AMA-R10706,AMA-O8428,2024-11-09,715.86,Paid,0.0
AMA-R14236,AMA-O11888,01-Jun-2023,76.26,Paid,76.26
AMA-R13103,AMA-O12465,2024-01-09,980.48,Paid,0.0
AMA-R12164,AMA-O5678,12/17/2025,18.92,Paid,0.0
AMA-R14815,AMA-O8986,13-Jul-2025,358.92,Refunded,0.0
AMA-R16596,AMA-O9683,24-Mar-2023,337.92,Paid,0.0
AMA-R10465,AMA-O11947,2023-01-08,1838.49,Paid,0.0
AMA-R10575,AMA-O5917,21-Sep-2024,87.1,Pending,0.0
AMA-R9615,AMA-O5146,2023-01-01,121.41,Paid,121.41
AMA-R15932,AMA-O7725,05-May-2024,211.05,Paid,58.38
AMA-R14587,AMA-O7359,09/04/2025,39.18,Paid,0.0
AMA-R18185,AMA-O12858,2024-08-08,,Paid,0.0
AMA-R15530,AMA-O7834,14-Mar-2024,75.14,Paid,19.58
AMA-R18057,AMA-O14408,07/03/2025,62.47,Refunded,0.0
AMA-R17828,AMA-O6575,2025-05-30,23.63,Refunded,0.0
AMA-R9980,AMA-O13936,2023-11-08,177.8,Paid,177.8
AMA-R11881,AMA-O11706,10/22/2024,62.3,Paid,0.0
AMA-R16925,AMA-O6107,06/27/2025,16.05,Paid,0.0
AMA-R9172,AMA-O5222,2023-10-25,50.35,Paid,0.0
AMA-R15873,AMA-O5137,2023-07-22,1138.9,Paid,0.0
AMA-R18400,AMA-O6170,08-Nov-2025,82.92,Paid,0.0
AMA-R11092,AMA-O12420,08-Oct-2023,96.11,Paid,41.57
AMA-R16537,AMA-O11586,04/12/2023,339.96,Refunded,0.0
AMA-R18128,AMA-O8971,25-Oct-2023,236.32,Paid,236.32
AMA-R11256,AMA-O8486,12/16/2025,,Paid,0.0
AMA-R11458,AMA-O8980,2025-12-28,165.09,Paid,0.0
AMA-R9409,AMA-O8343,17-Feb-2024,388.84,Refunded,0.0
AMA-R17173,AMA-O11210,30-Dec-2024,,Paid,0.0
AMA-R9117,AMA-O12424,07/24/2023,55.6,Pending,20.16
AMA-R13443,AMA-O13118,2024-08-14,212.02,Paid,0.0
AMA-R12059,AMA-O6993,07/26/2023,145.76,Paid,0.0
AMA-R17818,AMA-O13468,2025-11-17,43.29,Pending,0.0
AMA-R14316,AMA-O9149,04-Aug-2025,449.85,Refunded,0.0
AMA-R9311,AMA-O5411,21-Oct-2023,698.95,Paid,0.0
AMA-R11020,AMA-O5909,12/16/2025,292.48,Paid,0.0
AMA-R15747,AMA-O14208,15-Aug-2024,34.0,Paid,0.0
AMA-R12678,AMA-O5138,10/10/2025,550.56,Paid,0.0
AMA-R9786,AMA-O13600,04-Oct-2025,10.41,Pending,0.0
AMA-R17939,AMA-O7611,2023-08-11,163.25,Paid,0.0
AMA-R16591,AMA-O7106,2025-08-27,,Paid,0.0
AMA-R16638,AMA-O12022,2024-12-19,167.56,Paid,0.0
AMA-R14941,AMA-O8417,2023-05-30,426.63,Paid,0.0
AMA-R16325,AMA-O5633,31-Mar-2025,61.75,Refunded,0.0
AMA-R10372,AMA-O7291,09/24/2023,664.02,Paid,0.0
AMA-R12935,AMA-O11975,2025-12-21,357.2,Refunded,0.0
AMA-R15416,AMA-O8867,2023-03-18,206.34,Paid,0.0
AMA-R13515,AMA-O14831,2023-03-15,100.74,Paid,0.0
AMA-R17920,AMA-O8365,19-Nov-2025,53.98,Paid,0.0
AMA-R12408,AMA-O13386,27-Jul-2024,327.58,Paid,327.58
AMA-R9106,AMA-O11525,04/25/2024,1021.25,Paid,0.0
AMA-R11513,AMA-O9331,2024-11-04,63.72,Paid,0.0
AMA-R18275,AMA-O11853,2023-02-13,1687.6,Refunded,0.0
AMA-R14409,AMA-O10215,12/15/2023,277.08,Paid,0.0
AMA-R9878,AMA-O8047,28-Apr-2024,122.34,Paid,37.35
AMA-R17171,AMA-O14878,09-Nov-2024,21.92,Refunded,0.0
AMA-R16302,AMA-O10787,17-Jan-2023,21.16,Paid,0.0
AMA-R14389,AMA-O6656,07/16/2025,690.45,Paid,0.0
AMA-R10811,AMA-O7154,22-Feb-2024,24.89,Paid,24.89
AMA-R18356,AMA-O10906,22-Jun-2023,53.91,Paid,53.91
AMA-R16052,AMA-O5074,07/15/2025,462.38,Paid,462.38
AMA-R11970,AMA-O13363,01/10/2024,1256.8,Refunded,0.0
AMA-R11598,AMA-O7714,2023-02-14,60.81,Paid,0.0
AMA-R14167,AMA-O14709,07/17/2024,111.4,Pending,0.0
AMA-R17278,AMA-O13909,12-Jun-2023,204.58,Refunded,0.0
AMA-R10623,AMA-O6840,26-Apr-2025,,Refunded,0.0
AMA-R16313,AMA-O8732,2023-03-23,137.32,Paid,0.0
AMA-R13487,AMA-O13559,2024-05-24,1967.44,Refunded,0.0
AMA-R12107,AMA-O5427,2023-12-25,258.84,Paid,0.0
AMA-R13674,AMA-O13335,2024-12-24,2339.04,Paid,0.0
AMA-R13821,AMA-O14864,08-Apr-2025,4.47,Paid,0.0
AMA-R15760,AMA-O12349,2025-05-08,88.8,Paid,0.0
AMA-R10027,AMA-O10349,2025-03-04,33.72,Paid,33.72
AMA-R17105,AMA-O6686,09/17/2024,64.6,Paid,0.0
AMA-R9452,AMA-O10850,11-Apr-2024,243.8,Paid,0.0
AMA-R16478,AMA-O8260,22-Sep-2025,421.24,Paid,0.0
AMA-R12663,AMA-O5827,12/19/2025,1750.56,Paid,0.0
AMA-R17056,AMA-O8375,2025-10-11,43.17,Paid,0.0
AMA-R9116,AMA-O5563,12-Mar-2023,1148.96,Paid,1148.96
AMA-R18385,AMA-O6757,07-Aug-2024,,Paid,0.0
AMA-R18099,AMA-O9939,02/06/2024,70.2,Pending,0.0
AMA-R17600,AMA-O5627,07-Jan-2024,223.12,Paid,0.0
AMA-R13895,AMA-O7373,07/24/2024,387.06,Paid,387.06
AMA-R11005,AMA-O14796,03/15/2025,,Paid,42.9
AMA-R10535,AMA-O11307,2025-09-07,,Paid,0.0
AMA-R18568,AMA-O14520,2025-11-12,869.1,Paid,0.0
AMA-R14337,AMA-O14635,12/21/2023,39.38,Paid,0.0
AMA-R16894,AMA-O8909,07/09/2024,185.0,Paid,0.0
AMA-R14786,AMA-O12270,22-Apr-2024,51.76,Paid,0.0
AMA-R13374,AMA-O14067,29-Jun-2023,,Paid,0.0
AMA-R16055,AMA-O5775,06-Feb-2025,988.08,Paid,0.0
AMA-R18047,AMA-O13609,28-Nov-2024,161.58,Paid,161.58
AMA-R13130,AMA-O12435,07-Feb-2024,3053.24,Paid,0.0
AMA-R18411,AMA-O5573,06/08/2024,1522.35,Paid,313.29
AMA-R15864,AMA-O11963,21-Sep-2025,83.9,Refunded,0.0
AMA-R12575,AMA-O5832,22-May-2024,104.48,Paid,0.0
AMA-R18619,AMA-O12347,09-Feb-2024,304.8,Pending,0.0
AMA-R16760,AMA-O10813,08/17/2025,483.63,Paid,0.0
AMA-R14158,AMA-O11446,2025-06-06,15.06,Paid,0.0
AMA-R13783,AMA-O13269,22-Jan-2025,960.94,Paid,960.94
AMA-R16839,AMA-O13786,08/30/2025,320.73,Pending,0.0
AMA-R18634,AMA-O12964,13-Jul-2024,66.2,Paid,66.2
AMA-R9429,AMA-O6743,2023-05-01,164.05,Paid,0.0
AMA-R11749,AMA-O11524,22-Jul-2025,36.44,Refunded,0.0
AMA-R16025,AMA-O6369,2025-08-18,167.22,Paid,0.0
AMA-R18550,AMA-O7184,09/07/2024,140.84,Paid,140.84
AMA-R15248,AMA-O5375,22-Jul-2025,124.98,Refunded,0.0
AMA-R13517,AMA-O13173,2023-05-08,535.38,Paid,0.0
AMA-R12308,AMA-O9953,07/26/2025,122.55,Paid,122.55
AMA-R14398,AMA-O11805,14-Aug-2025,1489.5,Paid,0.0
AMA-R9252,AMA-O8783,01/20/2025,2.47,Paid,0.0
AMA-R12476,AMA-O14763,2025-12-11,1323.9,Paid,0.0
AMA-R17445,AMA-O6173,06-Jan-2024,1168.95,Paid,0.0
AMA-R16620,AMA-O7522,24-Dec-2024,41.5,Paid,0.0
AMA-R10433,AMA-O11417,08/22/2025,170.3,Paid,22.57
AMA-R9296,AMA-O9948,2024-10-24,21.84,Pending,0.0
AMA-R16856,AMA-O8255,26-Jul-2025,18.15,Paid,0.0
AMA-R15981,AMA-O9453,2024-12-25,88.59,Paid,0.0
AMA-R9387,AMA-O8077,12-Mar-2024,23.28,Pending,0.0
AMA-R9692,AMA-O7617,01/31/2024,874.35,Paid,0.0
AMA-R9705,AMA-O9978,11/20/2025,1460.8,Paid,1460.8
AMA-R14441,AMA-O5866,06-May-2023,928.15,Paid,0.0
AMA-R12325,AMA-O5440,02/03/2024,166.35,Paid,0.0
AMA-R9889,AMA-O9815,05-Jun-2025,371.85,Paid,0.0
AMA-R12779,AMA-O9945,03/20/2025,,Paid,0.0
AMA-R15341,AMA-O6976,2024-07-17,91.92,Paid,0.0
AMA-R15176,AMA-O9275,11/23/2023,58.17,Paid,0.0
AMA-R10744,AMA-O5516,2024-05-06,73.3,Paid,0.0
AMA-R9760,AMA-O9099,10-Mar-2024,296.94,Paid,0.0
AMA-R17460,AMA-O8703,09/07/2023,,Paid,0.0
AMA-R17018,AMA-O8888,08/11/2024,168.09,Paid,0.0
AMA-R14764,AMA-O14707,03/15/2023,69.15,Paid,0.0
AMA-R10913,AMA-O13374,10/30/2023,39.1,Refunded,0.0
AMA-R9656,AMA-O5895,06/10/2025,26.64,Paid,26.64
AMA-R16194,AMA-O12054,2023-08-21,172.96,Refunded,0.0
AMA-R16138,AMA-O14016,08/26/2023,210.69,Paid,210.69
AMA-R15717,AMA-O10143,16-Apr-2025,83.52,Paid,0.0
AMA-R16951,AMA-O9373,2023-12-08,574.44,Paid,0.0
AMA-R17134,AMA-O14888,25-Oct-2024,1899.2,Paid,0.0
AMA-R17874,AMA-O10763,2025-01-29,129.39,Refunded,0.0
AMA-R11532,AMA-O12012,05/19/2024,55.2,Paid,0.0
AMA-R10526,AMA-O12206,05-Jul-2024,2677.7,Paid,2677.7
AMA-R14401,AMA-O8672,11/20/2025,666.0,Paid,666.0
AMA-R10148,AMA-O14795,29-Aug-2025,153.14,Paid,0.0
AMA-R11376,AMA-O8873,12/19/2024,849.42,Refunded,0.0
AMA-R10679,AMA-O11701,01/16/2025,323.76,Paid,0.0
AMA-R14373,AMA-O13928,03/12/2025,,Paid,0.0
AMA-R10752,AMA-O11699,25-Jan-2024,235.28,Pending,0.0
AMA-R13843,AMA-O9848,2024-07-28,289.8,Paid,84.99
AMA-R14713,AMA-O13728,2024-06-13,456.94,Paid,0.0
AMA-R18225,AMA-O11448,09/24/2024,,Paid,0.0
AMA-R16245,AMA-O8276,2025-11-20,145.68,Paid,0.0
AMA-R13561,AMA-O8439,29-Oct-2024,83.38,Paid,83.38
AMA-R9270,AMA-O12404,25-Aug-2025,51.66,Paid,0.0
AMA-R12342,AMA-O14225,28-Sep-2025,49.36,Paid,21.41
AMA-R9790,AMA-O7365,10/08/2023,65.79,Paid,0.0
AMA-R13145,AMA-O9333,2024-05-08,202.52,Paid,202.52
AMA-R13194,AMA-O8356,2025-04-03,,Paid,0.0
AMA-R11015,AMA-O8232,16-Jul-2025,1344.36,Pending,0.0
AMA-R13722,AMA-O10100,07-Jan-2023,219.16,Pending,0.0
AMA-R15479,AMA-O12318,2025-01-15,91.14,Refunded,0.0
AMA-R11127,AMA-O9438,31-Jul-2025,13.97,Pending,0.0
AMA-R9136,AMA-O13002,20-May-2025,218.19,Paid,0.0
AMA-R9549,AMA-O5157,2025-06-29,2.05,Pending,0.0
AMA-R17715,AMA-O11732,21-Apr-2023,24.71,Pending,0.0
AMA-R11780,AMA-O6393,29-Apr-2024,16.14,Paid,0.0
AMA-R14995,AMA-O8035,03/11/2023,122.76,Paid,0.0
AMA-R16957,AMA-O14128,2024-02-16,163.6,Paid,0.0
AMA-R16650,AMA-O12295,2023-06-05,,Refunded,0.0
AMA-R9479,AMA-O8208,08/20/2023,706.2,Paid,706.2
AMA-R18341,AMA-O5431,12/05/2025,6.99,Paid,0.0
AMA-R11023,AMA-O14193,10/31/2025,762.12,Pending,0.0
AMA-R9002,AMA-O10329,2023-02-18,,Paid,186.33
AMA-R9240,AMA-O12513,2024-01-21,159.7,Paid,0.0
AMA-R12825,AMA-O10871,2023-03-12,,Paid,0.0
AMA-R9813,AMA-O9855,01/08/2024,76.82,Paid,0.0
AMA-R14989,AMA-O7323,06-Oct-2025,190.48,Paid,0.0
AMA-R9560,AMA-O10449,10/13/2023,73.06,Paid,0.0
AMA-R14899,AMA-O9002,10-Oct-2025,921.4,Paid,0.0
AMA-R16238,AMA-O8865,06/12/2025,432.49,Paid,118.93
AMA-R10401,AMA-O12417,01/26/2024,1473.12,Refunded,0.0
AMA-R16714,AMA-O9696,10/26/2023,29.6,Paid,0.0
AMA-R18529,AMA-O14513,2025-05-17,3260.4,Paid,0.0
AMA-R16125,AMA-O9774,2023-11-28,35.15,Paid,0.0
AMA-R17776,AMA-O11075,2023-07-29,12.66,Paid,0.0
AMA-R11461,AMA-O12494,2025-10-13,550.89,Paid,0.0
AMA-R16922,AMA-O6730,02-Mar-2024,1591.6,Pending,0.0
AMA-R18212,AMA-O14028,2024-07-12,734.92,Paid,0.0
AMA-R17130,AMA-O13239,12-Jan-2024,543.28,Paid,0.0
AMA-R11236,AMA-O7382,2025-02-11,55.62,Paid,0.0
AMA-R15845,AMA-O9754,05/06/2025,,Paid,0.0
AMA-R15374,AMA-O5768,09/01/2023,59.96,Paid,59.96
AMA-R15091,AMA-O9426,30-Apr-2023,646.56,Paid,646.56
AMA-R9599,AMA-O12003,2024-09-08,137.82,Paid,0.0
AMA-R13015,AMA-O9258,10/02/2025,143.82,Paid,41.63
AMA-R18142,AMA-O5659,10/28/2023,14.8,Paid,14.8
AMA-R11876,AMA-O5395,2025-06-12,296.92,Refunded,0.0
AMA-R11684,AMA-O5961,08/21/2024,124.16,Paid,0.0
AMA-R13083,AMA-O14214,2023-01-21,367.04,Pending,0.0
AMA-R9725,AMA-O7287,10/07/2023,356.2,Paid,0.0
AMA-R11839,AMA-O10242,2025-11-07,134.35,Refunded,0.0
AMA-R9012,AMA-O9555,2023-12-05,238.45,Refunded,0.0
AMA-R9112,AMA-O5582,02/15/2025,,Refunded,0.0
AMA-R14517,AMA-O14453,2025-08-15,1400.2,Paid,0.0
AMA-R11957,AMA-O10293,2023-07-31,148.65,Paid,0.0
AMA-R13576,AMA-O12374,12/07/2025,31.62,Pending,0.0
AMA-R11584,AMA-O8392,05/14/2024,,Paid,0.0
AMA-R18375,AMA-O5986,2025-12-01,115.69,Paid,0.0
AMA-R13894,AMA-O6214,2024-09-14,40.2,Paid,0.0
AMA-R17937,AMA-O9617,2023-03-05,152.72,Paid,152.72
AMA-R13880,AMA-O12029,2024-11-15,28.56,Paid,11.39
AMA-R15029,AMA-O12616,02-Jan-2025,125.24,Paid,0.0
AMA-R14783,AMA-O13136,05/03/2024,99.5,Paid,0.0
AMA-R17631,AMA-O6241,07-Jan-2025,191.7,Paid,40.43
AMA-R15896,AMA-O13931,10-Feb-2023,1042.7,Paid,0.0
AMA-R18365,AMA-O9128,03/04/2025,,Paid,0.0
AMA-R12566,AMA-O5098,22-Feb-2023,74.36,Paid,74.36
AMA-R18033,AMA-O9072,14-Jan-2023,183.88,Refunded,0.0
AMA-R16970,AMA-O10796,12/15/2023,581.22,Refunded,0.0
AMA-R18066,AMA-O10520,01/30/2025,99.57,Paid,0.0
AMA-R14533,AMA-O10464,08/10/2025,427.88,Paid,427.88
AMA-R9824,AMA-O12716,01/11/2023,1083.39,Paid,0.0
AMA-R17660,AMA-O11635,11/13/2023,870.96,Refunded,0.0
AMA-R17696,AMA-O14447,08/19/2023,111.95,Paid,0.0
AMA-R9129,AMA-O8876,09/23/2025,897.48,Paid,0.0
AMA-R15907,AMA-O9505,2023-02-25,75.7,Refunded,0.0
AMA-R15643,AMA-O12164,05/23/2023,1160.36,Paid,1160.36
AMA-R10620,AMA-O7643,05/07/2025,261.74,Paid,0.0
AMA-R15519,AMA-O8845,12/24/2025,2340.64,Refunded,0.0
AMA-R12622,AMA-O11755,15-Apr-2025,38.11,Paid,0.0
AMA-R9227,AMA-O10022,12/10/2025,511.0,Paid,0.0
AMA-R10070,AMA-O6921,2023-09-15,241.59,Paid,0.0
AMA-R16030,AMA-O11694,07/26/2025,53.76,Paid,0.0
AMA-R13886,AMA-O11314,09/21/2024,139.23,Paid,0.0
AMA-R14750,AMA-O5252,08/28/2024,102.6,Paid,0.0
AMA-R17078,AMA-O5352,2024-05-17,85.75,Pending,0.0
AMA-R17694,AMA-O8405,04-Nov-2025,312.63,Refunded,0.0
AMA-R14466,AMA-O10652,2024-08-24,134.5,Paid,0.0
AMA-R12024,AMA-O13569,2023-06-09,137.0,Paid,137.0
AMA-R11955,AMA-O7688,2023-01-25,268.28,Paid,0.0
AMA-R17793,AMA-O12197,2024-12-16,30.07,Paid,0.0
AMA-R14596,AMA-O12008,2024-12-11,342.05,Paid,0.0
AMA-R10268,AMA-O9936,09-Apr-2024,147.28,Paid,0.0
AMA-R15972,AMA-O14432,30-Apr-2024,126.63,Paid,0.0
AMA-R14672,AMA-O10210,09/07/2024,198.3,Paid,0.0
AMA-R10770,AMA-O10884,2024-03-01,27.5,Paid,0.0
AMA-R11751,AMA-O13353,13-Dec-2025,131.0,Paid,0.0
AMA-R9174,AMA-O8114,12/21/2023,185.26,Paid,0.0
AMA-R13927,AMA-O9802,2024-03-14,98.95,Paid,98.95
AMA-R17310,AMA-O8792,27-Aug-2025,32.9,Paid,0.0
AMA-R15892,AMA-O8726,03-Jul-2024,50.3,Paid,0.0
AMA-R11024,AMA-O13707,04/20/2025,35.49,Paid,0.0
AMA-R13803,AMA-O7453,02/28/2025,119.34,Paid,0.0
AMA-R14754,AMA-O13652,07/23/2023,,Paid,127.28
AMA-R10922,AMA-O14341,11/06/2023,209.42,Refunded,0.0
AMA-R17021,AMA-O5016,2025-01-21,132.15,Paid,0.0
AMA-R17573,AMA-O7519,2023-04-20,88.89,Pending,0.0
AMA-R12597,AMA-O12755,2025-10-06,24.52,Paid,0.0
AMA-R10261,AMA-O11952,24-Jul-2025,267.96,Paid,267.96
AMA-R17451,AMA-O8030,05/16/2025,53.6,Paid,0.0
AMA-R10689,AMA-O13681,30-Apr-2023,54.52,Paid,54.52
AMA-R10593,AMA-O13434,06/10/2025,30.22,Paid,0.0
AMA-R15638,AMA-O6556,28-Oct-2024,315.18,Paid,0.0
AMA-R9030,AMA-O6835,06/25/2024,192.6,Paid,0.0
AMA-R16263,AMA-O14549,2024-04-27,42.32,Refunded,0.0
AMA-R9883,AMA-O14628,03/30/2025,5.3,Pending,0.0
AMA-R11155,AMA-O14356,02-Jan-2024,1884.3,Paid,0.0
AMA-R16642,AMA-O5295,02/24/2025,14.5,Paid,0.0
AMA-R11637,AMA-O10937,05/21/2023,367.47,Paid,0.0
AMA-R11998,AMA-O8201,2025-06-13,292.64,Paid,0.0
AMA-R13914,AMA-O8450,2025-03-02,89.73,Paid,0.0
AMA-R12131,AMA-O13677,2025-01-15,2563.48,Paid,2563.48
AMA-R14524,AMA-O7385,2023-10-27,48.57,Paid,0.0
AMA-R15285,AMA-O6958,2024-07-09,252.45,Paid,0.0
AMA-R16800,AMA-O7741,12/04/2023,445.16,Paid,0.0
AMA-R15412,AMA-O5904,2025-10-22,757.5,Paid,757.5
AMA-R11821,AMA-O10029,01/24/2025,245.24,Paid,0.0
AMA-R15470,AMA-O10826,01/02/2025,15.34,Paid,0.0
AMA-R11516,AMA-O9652,06/04/2025,101.64,Paid,101.64
AMA-R10650,AMA-O13582,11-Feb-2025,679.11,Refunded,0.0
AMA-R14137,AMA-O10482,2025-03-17,75.62,Refunded,0.0
AMA-R10200,AMA-O6294,13-May-2024,261.51,Refunded,0.0
AMA-R9677,AMA-O11189,12/05/2025,295.4,Refunded,93.21
AMA-R12184,AMA-O14924,05-Jul-2023,19.38,Paid,0.0
AMA-R14525,AMA-O5545,24-Nov-2024,80.75,Paid,80.75
AMA-R11715,AMA-O12203,2024-04-01,58.11,Paid,0.0
AMA-R14150,AMA-O10855,24-Oct-2024,362.75,Paid,0.0
AMA-R11496,AMA-O10558,03/03/2024,64.86,Refunded,0.0
AMA-R16510,AMA-O6736,12/21/2025,160.95,Refunded,0.0
AMA-R9309,AMA-O12422,2025-02-07,163.76,Paid,0.0
AMA-R15500,AMA-O13797,30-Dec-2025,147.0,Paid,147.0
AMA-R17745,AMA-O7103,08/20/2025,80.02,Refunded,0.0
AMA-R12777,AMA-O10569,2025-11-05,1076.76,Paid,0.0
AMA-R9445,AMA-O12876,2024-11-07,177.24,Paid,177.24
AMA-R17901,AMA-O5595,2023-04-19,197.52,Refunded,0.0
AMA-R9755,AMA-O5587,2025-03-04,99.4,Paid,0.0
AMA-R9709,AMA-O5821,2023-04-28,95.28,Paid,0.0
AMA-R17738,AMA-O11883,2024-12-25,206.25,Paid,206.25
AMA-R11245,AMA-O13098,25-Nov-2024,3294.6,Paid,0.0
AMA-R11776,AMA-O6797,2025-01-10,173.6,Paid,0.0
AMA-R16778,AMA-O14694,2024-02-27,286.4,Paid,0.0
AMA-R15558,AMA-O14487,03/25/2023,293.45,Refunded,0.0
AMA-R15511,AMA-O12740,2025-01-25,1073.2,Refunded,0.0
AMA-R14404,AMA-O12039,16-Nov-2024,160.89,Paid,70.94
AMA-R13043,AMA-O7702,2025-03-28,96.7,Paid,0.0
AMA-R17683,AMA-O8174,13-May-2024,2699.48,Paid,0.0
AMA-R9437,AMA-O8632,21-Jun-2024,425.75,Paid,0.0
AMA-R15459,AMA-O6027,2025-03-16,630.05,Paid,0.0
AMA-R10987,AMA-O6275,01/22/2024,127.62,Paid,29.91
AMA-R17357,AMA-O9956,02-Dec-2025,,Paid,0.0
AMA-R12701,AMA-O14803,14-May-2023,279.43,Refunded,0.0
AMA-R12054,AMA-O6392,2024-12-10,131.6,Paid,0.0
AMA-R9153,AMA-O7085,12/17/2023,127.82,Refunded,52.26
AMA-R14438,AMA-O11759,01/02/2023,270.8,Pending,0.0
AMA-R16808,AMA-O8476,01/30/2023,1067.42,Refunded,0.0
AMA-R13853,AMA-O8183,2024-04-01,145.47,Paid,0.0
AMA-R17053,AMA-O13938,06/25/2023,62.5,Refunded,0.0
AMA-R18256,AMA-O11039,04-Feb-2025,623.88,Paid,623.88
AMA-R12750,AMA-O5575,01-Dec-2023,83.58,Paid,0.0
AMA-R13779,AMA-O14845,2025-03-29,416.58,Paid,0.0
AMA-R15745,AMA-O12812,10/17/2023,221.94,Paid,0.0
AMA-R17054,AMA-O5308,30-Apr-2024,1756.95,Pending,0.0
AMA-R13091,AMA-O9743,2025-04-05,,Paid,0.0
AMA-R16175,AMA-O7028,01/27/2023,158.9,Paid,0.0
AMA-R14455,AMA-O12106,10/05/2023,150.2,Paid,150.2
AMA-R9297,AMA-O8724,2023-10-14,398.04,Paid,398.04
AMA-R11931,AMA-O7483,2024-05-16,57.64,Paid,0.0
AMA-R9410,AMA-O12175,2024-07-09,213.28,Paid,0.0
AMA-R16217,AMA-O13472,11/26/2024,52.75,Paid,52.75
AMA-R17649,AMA-O8460,2023-01-29,576.12,Refunded,0.0
AMA-R17769,AMA-O6180,10-Aug-2024,896.8,Paid,0.0
AMA-R12231,AMA-O9689,27-Dec-2024,100.19,Paid,0.0
AMA-R14481,AMA-O5760,02/22/2025,39.25,Refunded,0.0
AMA-R10754,AMA-O5572,2025-09-22,,Paid,0.0
AMA-R13127,AMA-O13284,2025-12-31,177.49,Pending,0.0
AMA-R15618,AMA-O6261,28-Apr-2024,97.83,Refunded,0.0
AMA-R10063,AMA-O10427,2025-07-28,,Paid,0.0
AMA-R18631,AMA-O6120,2023-11-03,234.85,Paid,234.85
AMA-R17942,AMA-O9133,11-Aug-2025,286.04,Paid,0.0
AMA-R17212,AMA-O11642,17-Sep-2025,528.98,Paid,0.0
AMA-R14387,AMA-O6440,2025-04-21,405.32,Paid,0.0
AMA-R13680,AMA-O11840,11-Jul-2023,341.76,Paid,341.76
AMA-R17679,AMA-O12527,2023-07-11,83.7,Paid,0.0
AMA-R17869,AMA-O7442,2024-12-21,293.16,Paid,0.0
AMA-R9517,AMA-O12144,09-Jul-2025,54.21,Refunded,0.0
AMA-R11166,AMA-O6016,10/25/2024,118.65,Paid,118.65
AMA-R17504,AMA-O14446,2024-03-13,860.56,Paid,0.0
AMA-R15336,AMA-O12847,15-Apr-2024,1310.02,Paid,1310.02
AMA-R11465,AMA-O7360,2024-10-26,60.2,Paid,0.0
AMA-R11370,AMA-O5594,2025-01-06,1140.9,Paid,0.0
AMA-R11947,AMA-O6821,2023-02-25,,Paid,0.0
AMA-R14050,AMA-O7262,2025-01-18,134.3,Paid,0.0
AMA-R11810,AMA-O13889,29-Jul-2025,60.2,Paid,60.2
AMA-R12035,AMA-O5110,19-Jan-2023,75.26,Refunded,0.0
AMA-R13684,AMA-O11360,17-Aug-2024,109.36,Paid,0.0
AMA-R12366,AMA-O10710,2023-05-23,907.84,Paid,0.0
AMA-R16595,AMA-O9083,10/20/2025,77.22,Paid,0.0
AMA-R15913,AMA-O10618,29-Apr-2025,1131.2,Paid,0.0
AMA-R12900,AMA-O11734,19-Nov-2024,678.85,Pending,0.0
AMA-R11036,AMA-O7438,12-Aug-2025,272.88,Paid,272.88
AMA-R14269,AMA-O5039,01/20/2025,262.14,Refunded,0.0
AMA-R17444,AMA-O6975,2024-08-17,216.3,Paid,0.0
AMA-R11319,AMA-O8199,05/28/2023,107.92,Paid,0.0
AMA-R16753,AMA-O5474,2025-04-01,164.84,Paid,0.0
AMA-R10727,AMA-O11040,2023-03-20,111.38,Paid,0.0
AMA-R13350,AMA-O12573,02/15/2024,26.36,Refunded,0.0
AMA-R13325,AMA-O7614,02/13/2024,982.6,Paid,982.6
AMA-R15117,AMA-O6265,07/31/2025,371.25,Paid,0.0
AMA-R14346,AMA-O11564,11/10/2025,823.65,Paid,0.0
AMA-R9546,AMA-O7891,2025-12-11,87.15,Refunded,0.0
AMA-R18413,AMA-O9045,06-Nov-2025,16.85,Paid,0.0
AMA-R18194,AMA-O8384,09/18/2025,34.4,Paid,0.0
AMA-R9835,AMA-O6801,04-Oct-2024,302.3,Refunded,0.0
AMA-R12943,AMA-O12614,2025-03-24,232.44,Paid,232.44
AMA-R11603,AMA-O5296,18-Mar-2024,597.16,Paid,0.0
AMA-R11896,AMA-O9834,24-Sep-2025,191.2,Paid,0.0
AMA-R11470,AMA-O9613,2023-07-26,52.48,Paid,0.0
AMA-R11399,AMA-O13137,2024-02-06,129.76,Paid,0.0
AMA-R15663,AMA-O9865,01/12/2023,1467.6,Paid,1467.6
AMA-R16455,AMA-O10792,2024-10-09,108.26,Refunded,0.0
AMA-R12061,AMA-O12430,09/13/2023,651.15,Paid,0.0
AMA-R11906,AMA-O14011,15-May-2025,2520.36,Refunded,0.0
AMA-R10626,AMA-O7403,2025-09-30,84.42,Paid,0.0
AMA-R9470,AMA-O13089,05/14/2023,251.19,Paid,0.0
AMA-R11705,AMA-O8566,11/06/2025,226.36,Paid,0.0
AMA-R17757,AMA-O13981,09/20/2023,2100.44,Refunded,0.0
AMA-R13099,AMA-O7661,09/13/2025,12.0,Paid,0.0
AMA-R17207,AMA-O12849,2025-03-28,71.64,Paid,0.0
AMA-R17950,AMA-O12076,09/03/2025,129.66,Paid,0.0
AMA-R10603,AMA-O12563,03/22/2025,2271.45,Paid,0.0
AMA-R15766,AMA-O12335,07/14/2023,18.98,Paid,18.98
AMA-R18653,AMA-O8046,2024-12-26,65.19,Paid,65.19
AMA-R12026,AMA-O12638,09/27/2025,371.45,Paid,0.0
AMA-R10502,AMA-O9698,2024-02-03,149.9,Paid,0.0
AMA-R12439,AMA-O12473,2023-01-21,86.61,Paid,0.0
AMA-R10608,AMA-O8956,12/28/2025,308.6,Paid,0.0
AMA-R15985,AMA-O5113,2023-04-08,258.0,Paid,258.0
AMA-R13673,AMA-O6511,13-Mar-2024,121.53,Paid,121.53
AMA-R17010,AMA-O10167,01-Oct-2025,169.16,Pending,0.0
AMA-R9140,AMA-O6800,2023-01-18,436.28,Paid,0.0
AMA-R13555,AMA-O13478,05/15/2025,772.6,Paid,0.0
AMA-R10132,AMA-O8648,09-Feb-2025,180.86,Pending,0.0
AMA-R10388,AMA-O7855,2025-10-05,81.74,Paid,0.0
AMA-R16574,AMA-O8915,24-Sep-2025,31.41,Paid,0.0
AMA-R16230,AMA-O14427,08/10/2025,11.08,Paid,11.08
AMA-R9823,AMA-O13181,26-Aug-2023,352.44,Paid,0.0
AMA-R18213,AMA-O5959,09/04/2024,266.7,Refunded,0.0
AMA-R16878,AMA-O14802,12-Jul-2023,2059.77,Pending,0.0
AMA-R16521,AMA-O13266,05/19/2025,55.74,Paid,0.0
AMA-R16216,AMA-O12196,01-Jun-2024,74.58,Paid,0.0
AMA-R10202,AMA-O13552,29-Oct-2024,153.16,Refunded,0.0
AMA-R13800,AMA-O12263,20-Oct-2025,213.45,Paid,75.85
AMA-R18532,AMA-O5698,10/08/2025,41.85,Paid,41.85
AMA-R14144,AMA-O11673,26-Oct-2024,147.5,Refunded,0.0
AMA-R9995,AMA-O13375,2025-02-07,595.08,Paid,595.08
AMA-R18023,AMA-O10132,09-Jul-2025,29.93,Paid,0.0
AMA-R10024,AMA-O11951,17-Feb-2024,1384.8,Paid,0.0
AMA-R13405,AMA-O7310,02/08/2023,369.12,Paid,0.0
AMA-R14514,AMA-O7782,11/08/2025,156.0,Paid,0.0
AMA-R11858,AMA-O5195,01-Jul-2023,29.92,Paid,0.0
AMA-R12664,AMA-O5194,17-Feb-2023,111.76,Paid,0.0
AMA-R14968,AMA-O13697,05-Mar-2023,72.6,Paid,72.6
AMA-R12742,AMA-O6599,07-May-2025,616.92,Paid,0.0
AMA-R13195,AMA-O14169,08-Feb-2024,268.86,Paid,0.0
AMA-R11303,AMA-O12540,06-Jul-2025,87.65,Paid,0.0
AMA-R10371,AMA-O12359,08/11/2023,135.85,Paid,0.0
AMA-R11974,AMA-O10297,26-Aug-2025,,Paid,1230.6
AMA-R14480,AMA-O7777,2025-11-26,60.26,Paid,0.0
AMA-R18593,AMA-O9903,2024-06-22,39.99,Paid,0.0
AMA-R12911,AMA-O9508,08/26/2023,116.0,Paid,0.0
AMA-R15800,AMA-O8546,2024-01-17,9.63,Refunded,0.0
AMA-R13805,AMA-O10585,05/17/2023,305.1,Paid,0.0
AMA-R18474,AMA-O9732,12/22/2023,445.92,Refunded,0.0
AMA-R16131,AMA-O6237,30-Jun-2023,29.8,Refunded,0.0
AMA-R18319,AMA-O9860,2023-12-08,233.75,Paid,0.0
AMA-R13460,AMA-O13785,2023-07-18,592.98,Refunded,0.0
AMA-R9371,AMA-O14964,07/28/2023,549.92,Pending,0.0
AMA-R17848,AMA-O7727,03/23/2025,90.98,Paid,90.98
AMA-R11416,AMA-O6222,21-Jan-2024,,Paid,343.71
AMA-R14468,AMA-O13282,24-Apr-2025,112.52,Paid,0.0
AMA-R12259,AMA-O14607,28-Apr-2024,62.6,Paid,0.0
AMA-R17011,AMA-O6745,17-Nov-2025,31.92,Paid,0.0
AMA-R11033,AMA-O12449,13-Mar-2024,42.08,Paid,0.0
AMA-R9787,AMA-O11860,25-Sep-2025,351.8,Refunded,0.0
AMA-R12812,AMA-O6874,07/31/2025,35.1,Paid,0.0
AMA-R9304,AMA-O5428,04/06/2025,46.96,Paid,0.0
AMA-R10362,AMA-O9078,2023-11-16,2547.05,Paid,2547.05
AMA-R16920,AMA-O7257,2025-08-31,1173.2,Paid,1173.2
AMA-R12526,AMA-O7470,10-Apr-2023,1426.7,Paid,0.0
AMA-R12986,AMA-O14085,29-May-2025,32.62,Paid,32.62
AMA-R17012,AMA-O6069,10/10/2025,240.12,Pending,0.0
AMA-R9202,AMA-O7071,18-Feb-2025,109.64,Refunded,0.0
AMA-R13378,AMA-O13059,08/17/2023,25.05,Paid,0.0
AMA-R16405,AMA-O13316,08/05/2024,50.08,Paid,50.08
AMA-R13545,AMA-O10972,10-Jun-2023,,Paid,0.0
AMA-R14321,AMA-O9323,2024-01-24,,Paid,0.0
AMA-R18659,AMA-O9999,03/17/2023,121.79,Paid,0.0
AMA-R17780,AMA-O9638,07/18/2024,1606.05,Paid,0.0
AMA-R12455,AMA-O5177,26-Feb-2023,246.48,Paid,0.0
AMA-R11206,AMA-O5878,2025-06-26,657.72,Paid,657.72
AMA-R10497,AMA-O9416,06/26/2025,65.73,Paid,0.0
AMA-R13138,AMA-O8937,06-Sep-2025,360.93,Paid,0.0
AMA-R13473,AMA-O9521,04/10/2024,565.86,Paid,0.0
AMA-R9566,AMA-O6425,2024-06-22,303.65,Refunded,0.0
AMA-R14083,AMA-O10272,2024-02-19,236.8,Paid,0.0
AMA-R15148,AMA-O9292,22-Sep-2024,31.6,Paid,31.6
AMA-R12815,AMA-O11500,10/19/2024,700.17,Paid,0.0
AMA-R11897,AMA-O5635,2025-05-08,152.64,Paid,0.0
AMA-R15612,AMA-O7844,03/07/2024,28.82,Paid,0.0
AMA-R9446,AMA-O8045,08/04/2024,96.2,Paid,0.0
AMA-R18127,AMA-O10775,07/14/2024,542.0,Pending,234.12
AMA-R17337,AMA-O13934,2023-06-18,1653.72,Refunded,0.0
AMA-R12419,AMA-O8671,2024-10-26,85.2,Paid,0.0
AMA-R15032,AMA-O6169,08-Jan-2025,353.25,Paid,0.0
AMA-R16028,AMA-O5709,14-Nov-2025,133.95,Paid,0.0
AMA-R12848,AMA-O7281,2024-09-07,159.9,Paid,159.9
AMA-R10838,AMA-O8492,2023-04-27,71.66,Paid,0.0
AMA-R9528,AMA-O10030,11/02/2025,2486.72,Paid,0.0
AMA-R14583,AMA-O5856,02-May-2025,51.08,Paid,0.0
AMA-R11442,AMA-O11574,03-Sep-2023,261.65,Paid,0.0
AMA-R13178,AMA-O12574,09/07/2024,264.35,Paid,0.0
AMA-R14782,AMA-O11831,09/25/2024,95.64,Refunded,0.0
AMA-R12329,AMA-O8084,2024-11-03,379.0,Paid,0.0
AMA-R18117,AMA-O8871,02-Jul-2024,36.7,Paid,0.0
AMA-R13563,AMA-O8952,2025-12-24,85.32,Paid,0.0
AMA-R16215,AMA-O7168,09/25/2023,783.96,Paid,783.96
AMA-R11711,AMA-O14887,2024-07-30,1471.26,Pending,0.0
AMA-R18116,AMA-O9627,03-Sep-2023,320.8,Refunded,0.0
AMA-R9654,AMA-O7717,2024-01-16,397.35,Paid,0.0
AMA-R16045,AMA-O9525,12/24/2025,,Paid,0.0
AMA-R10293,AMA-O5691,15-Feb-2025,230.4,Paid,230.4
AMA-R10158,AMA-O10913,09-May-2024,693.22,Paid,0.0
AMA-R9009,AMA-O11718,01/15/2024,1209.84,Paid,0.0
AMA-R16623,AMA-O5529,2025-11-07,115.32,Paid,0.0
AMA-R15391,AMA-O12998,22-Apr-2025,,Paid,0.0
AMA-R14247,AMA-O5798,24-Nov-2023,406.52,Paid,0.0
AMA-R16676,AMA-O14951,21-Jul-2025,1213.95,Paid,0.0
AMA-R14166,AMA-O8910,2023-04-02,1360.4,Refunded,0.0
AMA-R9513,AMA-O14252,03-Dec-2024,20.34,Refunded,0.0
AMA-R17888,AMA-O5257,06-Mar-2023,210.54,Refunded,0.0
AMA-R16364,AMA-O11763,04/15/2023,482.45,Refunded,0.0
AMA-R10474,AMA-O6192,2025-09-01,85.46,Paid,0.0
AMA-R17531,AMA-O7923,03/05/2025,1012.88,Paid,0.0
AMA-R16880,AMA-O12944,06/21/2024,21.12,Paid,0.0
AMA-R10106,AMA-O6881,01/19/2025,234.86,Paid,0.0
AMA-R13807,AMA-O6597,07-Jun-2023,23.4,Paid,0.0
AMA-R18323,AMA-O13039,12/04/2025,93.96,Paid,0.0
AMA-R10225,AMA-O14477,29-Jul-2024,78.48,Paid,0.0
AMA-R18553,AMA-O13362,04/22/2025,501.2,Paid,0.0
AMA-R12256,AMA-O11559,12/14/2025,18.92,Paid,0.0
AMA-R16016,AMA-O5176,2025-05-10,554.9,Refunded,0.0
AMA-R16326,AMA-O7324,02/26/2023,10.26,Paid,0.0
AMA-R10509,AMA-O6628,05-Oct-2025,471.36,Paid,0.0
AMA-R16663,AMA-O6270,07/10/2024,179.0,Paid,0.0
AMA-R9450,AMA-O11622,09/17/2023,32.37,Paid,0.0
AMA-R18278,AMA-O7982,2025-04-04,932.82,Paid,932.82
AMA-R9524,AMA-O5819,2025-02-28,161.55,Paid,0.0
AMA-R10318,AMA-O13212,2025-08-08,1065.7,Paid,0.0
AMA-R15974,AMA-O12748,10/10/2023,89.38,Paid,0.0
AMA-R10885,AMA-O13806,20-Nov-2025,57.24,Paid,57.24
AMA-R13005,AMA-O12276,04/11/2025,312.09,Refunded,0.0
AMA-R18085,AMA-O12887,01/23/2024,,Paid,0.0
AMA-R11709,AMA-O5491,06-Mar-2023,,Paid,671.67
AMA-R16543,AMA-O7850,2024-12-09,119.68,Paid,0.0
AMA-R14192,AMA-O6376,07-May-2023,468.16,Paid,0.0
AMA-R16361,AMA-O7268,12-May-2024,237.5,Paid,0.0
AMA-R14705,AMA-O11896,04/29/2025,298.4,Paid,298.4
AMA-R17150,AMA-O7584,2025-01-17,324.88,Refunded,0.0
AMA-R9974,AMA-O6280,05/18/2023,93.2,Paid,0.0
AMA-R16749,AMA-O12658,21-Jun-2023,490.79,Pending,0.0
AMA-R9303,AMA-O5429,10-Sep-2023,165.93,Paid,0.0
AMA-R10141,AMA-O9264,2024-12-23,367.88,Pending,0.0
AMA-R11342,AMA-O9352,2025-11-30,352.35,Refunded,0.0
AMA-R9024,AMA-O5818,2024-07-08,343.14,Paid,0.0
AMA-R15205,AMA-O14317,2025-04-05,633.76,Refunded,0.0
AMA-R12996,AMA-O6497,2023-02-13,28.62,Refunded,0.0
AMA-R18405,AMA-O10034,06-Apr-2023,205.6,Paid,0.0
AMA-R10365,AMA-O9282,2025-07-23,323.08,Paid,0.0
AMA-R17830,AMA-O14229,01/24/2025,1667.91,Paid,0.0
AMA-R18442,AMA-O13202,08-Aug-2025,587.0,Paid,0.0
AMA-R10793,AMA-O6918,04/04/2024,77.43,Refunded,0.0
AMA-R14430,AMA-O5561,2024-04-27,172.16,Paid,0.0
AMA-R12198,AMA-O7089,05/21/2024,154.4,Paid,0.0
AMA-R13878,AMA-O5465,21-Sep-2025,98.97,Paid,0.0
AMA-R17502,AMA-O10148,2025-03-19,439.28,Paid,0.0
AMA-R18261,AMA-O8307,01/31/2023,24.23,Refunded,0.0
AMA-R15748,AMA-O13775,04/08/2024,,Paid,0.0
AMA-R9268,AMA-O12996,08/27/2023,1153.68,Paid,0.0
AMA-R15637,AMA-O7063,28-Mar-2025,386.18,Paid,0.0
AMA-R10977,AMA-O7942,22-Sep-2023,51.42,Refunded,0.0
AMA-R16334,AMA-O7377,03/12/2024,325.86,Paid,0.0
AMA-R9418,AMA-O7922,05-Jun-2025,122.8,Paid,0.0
AMA-R12423,AMA-O11978,2024-07-12,,Paid,0.0
AMA-R11592,AMA-O9463,21-Oct-2023,789.6,Paid,0.0
AMA-R14975,AMA-O12289,02/25/2023,32.13,Refunded,0.0
AMA-R12119,AMA-O14715,04/04/2023,119.44,Refunded,0.0
AMA-R15706,AMA-O11769,29-Nov-2024,27.54,Paid,0.0
AMA-R13616,AMA-O10399,12/19/2025,107.94,Refunded,0.0
AMA-R11554,AMA-O13696,20-Sep-2024,46.94,Paid,0.0
AMA-R18358,AMA-O5553,03/24/2023,86.2,Paid,0.0
AMA-R17256,AMA-O10960,01/26/2024,8.15,Paid,2.22
AMA-R13858,AMA-O10505,12/05/2025,135.52,Paid,135.52
AMA-R12285,AMA-O9403,03/18/2025,208.84,Pending,0.0
AMA-R9767,AMA-O9387,02-Dec-2024,43.52,Paid,0.0
AMA-R17358,AMA-O7066,01/13/2024,1532.24,Paid,0.0
AMA-R18114,AMA-O12187,2024-10-24,11.45,Paid,0.0
AMA-R18431,AMA-O10491,2024-04-02,1414.53,Paid,0.0
AMA-R11784,AMA-O10380,06/18/2024,337.88,Paid,0.0
AMA-R11368,AMA-O6415,13-Jun-2025,325.4,Paid,0.0
AMA-R9419,AMA-O12447,10/24/2023,132.06,Paid,0.0
AMA-R10781,AMA-O9785,05/19/2024,,Pending,0.0
AMA-R14416,AMA-O10493,10/22/2024,,Paid,0.0
AMA-R16933,AMA-O11252,12-Oct-2024,102.64,Refunded,0.0
AMA-R16915,AMA-O12811,2023-11-18,81.12,Paid,0.0
AMA-R11943,AMA-O14911,2023-05-25,898.78,Pending,126.6
AMA-R11012,AMA-O7885,04-Dec-2023,140.19,Paid,41.22
AMA-R18573,AMA-O8623,06/14/2025,51.45,Paid,51.45
AMA-R12020,AMA-O13996,05/21/2023,124.5,Paid,124.5
AMA-R13928,AMA-O9676,01/24/2025,213.15,Refunded,0.0
AMA-R15068,AMA-O5130,08/30/2023,84.46,Paid,0.0
AMA-R10668,AMA-O10688,2024-01-19,224.9,Paid,0.0
AMA-R13041,AMA-O12310,10/17/2025,1467.08,Paid,1467.08
AMA-R16303,AMA-O6622,26-Jul-2024,99.96,Pending,0.0
AMA-R13769,AMA-O11667,2024-08-12,13.36,Paid,0.0
AMA-R9383,AMA-O8249,23-Sep-2023,334.76,Paid,334.76
AMA-R12645,AMA-O13979,02/14/2025,133.8,Paid,0.0
AMA-R9425,AMA-O6907,07/31/2024,742.16,Paid,0.0
AMA-R15108,AMA-O7699,2023-02-18,679.02,Paid,0.0
AMA-R12194,AMA-O6040,13-Jul-2024,439.66,Paid,0.0
AMA-R17305,AMA-O7074,06/26/2023,273.7,Paid,0.0
AMA-R9183,AMA-O14222,24-May-2023,2148.15,Refunded,0.0
AMA-R10413,AMA-O5105,19-Nov-2023,653.07,Refunded,0.0
AMA-R10539,AMA-O13656,2023-08-12,98.98,Paid,32.16
AMA-R14595,AMA-O9730,26-Aug-2024,,Paid,0.0
AMA-R16890,AMA-O11962,2024-02-15,85.07,Paid,0.0
AMA-R18461,AMA-O11901,13-Sep-2025,50.32,Paid,50.32
AMA-R15366,AMA-O14986,09-Jan-2023,573.48,Paid,0.0
AMA-R15535,AMA-O9436,03/06/2025,138.25,Paid,0.0
AMA-R15644,AMA-O12113,11/01/2023,,Paid,0.0
AMA-R18343,AMA-O5317,25-May-2023,381.72,Paid,0.0
AMA-R10107,AMA-O6691,2024-04-29,18.1,Paid,18.1
AMA-R13242,AMA-O6737,24-Mar-2023,55.98,Paid,0.0
AMA-R15162,AMA-O10907,2023-02-08,31.47,Paid,0.0
AMA-R11022,AMA-O14570,31-Mar-2023,100.46,Paid,0.0
AMA-R11575,AMA-O7065,2024-03-31,27.94,Paid,0.0
AMA-R14590,AMA-O8471,08-Apr-2025,215.28,Paid,0.0
AMA-R13387,AMA-O7445,08/12/2024,85.73,Paid,0.0
AMA-R16451,AMA-O5480,01/15/2024,,Paid,0.0
AMA-R11073,AMA-O10781,30-Mar-2024,144.48,Paid,18.0
AMA-R11340,AMA-O6904,2024-12-28,47.37,Paid,0.0
AMA-R9929,AMA-O13527,01-Sep-2025,169.85,Paid,0.0
AMA-R18230,AMA-O10254,10/08/2025,554.01,Pending,0.0
AMA-R10289,AMA-O6930,01/08/2024,191.46,Paid,0.0
AMA-R13508,AMA-O10258,03-Aug-2025,347.72,Refunded,0.0
AMA-R9177,AMA-O14237,12-Jul-2023,20.7,Pending,0.0
AMA-R14681,AMA-O6050,2023-07-21,45.08,Paid,0.0
AMA-R9515,AMA-O10676,02/15/2025,50.66,Paid,0.0
AMA-R13262,AMA-O9186,04/25/2024,1708.35,Paid,0.0
AMA-R18480,AMA-O11035,17-Oct-2025,106.89,Paid,106.89
AMA-R13018,AMA-O9154,2025-05-10,279.3,Paid,279.3
AMA-R18380,AMA-O5976,08-Apr-2025,197.4,Pending,0.0
AMA-R12103,AMA-O11186,05-May-2024,213.68,Pending,0.0
AMA-R16253,AMA-O5278,07/27/2024,44.31,Paid,0.0
AMA-R12367,AMA-O11877,2023-02-13,320.25,Paid,0.0
AMA-R17372,AMA-O7271,04/01/2023,88.56,Paid,0.0
AMA-R12064,AMA-O13719,16-May-2025,202.3,Refunded,0.0
AMA-R15523,AMA-O8893,2025-09-18,2996.35,Paid,0.0
AMA-R10876,AMA-O11326,2024-04-12,62.85,Refunded,0.0
AMA-R12804,AMA-O7747,2023-06-08,117.87,Paid,0.0
AMA-R9353,AMA-O9527,07/19/2024,83.36,Paid,0.0
AMA-R17325,AMA-O6856,2025-07-09,76.52,Paid,0.0
AMA-R14474,AMA-O7629,2024-11-05,77.34,Paid,0.0
AMA-R16793,AMA-O11420,13-May-2024,849.88,Paid,0.0
AMA-R14566,AMA-O7804,10/27/2023,2675.55,Paid,0.0
AMA-R17703,AMA-O13669,04/07/2025,898.5,Paid,0.0
AMA-R12277,AMA-O13965,05/22/2025,1195.8,Refunded,0.0
AMA-R15344,AMA-O13627,27-Jan-2025,97.56,Paid,0.0
AMA-R15143,AMA-O7737,25-Sep-2023,402.76,Paid,0.0
AMA-R15793,AMA-O8666,24-Feb-2023,45.34,Paid,0.0
AMA-R11290,AMA-O10082,11/02/2023,154.45,Paid,0.0
AMA-R14232,AMA-O8563,2024-06-15,260.13,Refunded,0.0
AMA-R12101,AMA-O14195,29-Apr-2025,1121.15,Paid,0.0
AMA-R9713,AMA-O10610,01/04/2025,219.55,Pending,0.0
AMA-R11163,AMA-O9812,08/31/2025,49.05,Paid,0.0
AMA-R11619,AMA-O14807,01/16/2024,143.56,Paid,0.0
AMA-R17896,AMA-O5896,2024-02-05,93.95,Paid,0.0
AMA-R10326,AMA-O5867,10-Oct-2025,776.74,Paid,776.74
AMA-R10211,AMA-O6001,08/12/2025,442.85,Paid,0.0
AMA-R17742,AMA-O8954,11/14/2024,,Paid,0.0
AMA-R12153,AMA-O12851,02/16/2023,217.44,Paid,0.0
AMA-R10190,AMA-O8619,05/08/2023,243.46,Paid,0.0
AMA-R15072,AMA-O11826,30-Jan-2024,25.97,Paid,7.52
AMA-R10577,AMA-O11128,09-Oct-2024,249.86,Paid,249.86
AMA-R10742,AMA-O8372,2023-04-04,180.52,Paid,0.0
AMA-R11790,AMA-O11845,26-Jan-2025,190.1,Refunded,0.0
AMA-R13986,AMA-O6093,05/24/2023,105.92,Paid,0.0
AMA-R15083,AMA-O8227,22-Apr-2025,389.95,Paid,0.0
AMA-R10578,AMA-O10550,11/05/2023,3935.1,Paid,0.0
AMA-R12471,AMA-O14522,2023-01-26,41.64,Refunded,18.82
AMA-R9690,AMA-O14751,05/09/2024,197.92,Paid,0.0
AMA-R15154,AMA-O13301,14-Nov-2025,20.99,Pending,0.0
AMA-R15700,AMA-O9375,20-May-2024,466.75,Pending,0.0
AMA-R12617,AMA-O5004,05/03/2023,247.92,Paid,0.0
AMA-R18119,AMA-O11276,12/29/2023,15.82,Paid,0.0
AMA-R11302,AMA-O5058,27-Dec-2025,,Paid,0.0
AMA-R18125,AMA-O8142,11/18/2023,86.8,Paid,0.0
AMA-R14381,AMA-O9095,31-Oct-2025,587.24,Paid,0.0
AMA-R9559,AMA-O5093,22-Oct-2024,435.25,Pending,0.0
AMA-R10711,AMA-O13887,12/25/2023,220.44,Paid,0.0
AMA-R12770,AMA-O9217,31-Dec-2025,67.28,Paid,0.0
AMA-R18366,AMA-O10753,02-Jan-2024,110.0,Paid,110.0
AMA-R17439,AMA-O5493,2025-07-04,1082.12,Paid,0.0
AMA-R16807,AMA-O13197,2023-10-04,536.45,Paid,0.0
AMA-R13369,AMA-O5654,2025-08-18,75.1,Refunded,0.0
AMA-R17762,AMA-O6356,19-Feb-2024,527.95,Refunded,0.0
AMA-R15810,AMA-O8370,04-Aug-2024,522.13,Paid,0.0
AMA-R13852,AMA-O10062,06/13/2023,40.06,Paid,0.0
AMA-R17613,AMA-O9037,08-Dec-2024,14.5,Paid,0.0
AMA-R13071,AMA-O5647,2025-09-01,70.49,Refunded,0.0
AMA-R18246,AMA-O9496,2024-08-16,228.72,Paid,0.0
AMA-R14522,AMA-O5226,06/19/2025,156.56,Paid,0.0
AMA-R13315,AMA-O6249,2024-03-12,52.25,Paid,0.0
AMA-R13276,AMA-O6630,18-Nov-2023,2322.56,Paid,0.0
AMA-R16991,AMA-O6254,07-Dec-2025,28.93,Paid,0.0
AMA-R14591,AMA-O8836,09/19/2024,321.2,Paid,0.0
AMA-R14483,AMA-O5785,01/10/2025,1091.85,Paid,1091.85
AMA-R12007,AMA-O9279,2024-06-01,105.24,Refunded,0.0
AMA-R14691,AMA-O5362,21-Sep-2025,85.9,Refunded,0.0
AMA-R14330,AMA-O11543,02-May-2024,159.45,Paid,159.45
AMA-R11600,AMA-O7265,03/20/2023,98.7,Paid,0.0
AMA-R14567,AMA-O8245,03/30/2025,64.23,Refunded,0.0
AMA-R12050,AMA-O11648,2024-08-10,5.43,Paid,0.0
AMA-R18481,AMA-O14544,06-Apr-2023,222.18,Paid,0.0
AMA-R16431,AMA-O13128,2023-01-24,122.46,Refunded,0.0
AMA-R13426,AMA-O8054,2025-08-31,893.22,Paid,893.22
AMA-R18337,AMA-O6550,07/06/2024,110.68,Paid,0.0
AMA-R12946,AMA-O11965,01/01/2025,592.56,Paid,0.0
AMA-R10573,AMA-O10672,06-Feb-2023,843.05,Paid,0.0
AMA-R11335,AMA-O14054,2024-06-30,371.88,Paid,0.0
AMA-R11961,AMA-O12946,24-Dec-2023,2823.7,Paid,0.0
AMA-R15946,AMA-O6588,01-Nov-2024,63.18,Paid,0.0
AMA-R10631,AMA-O14642,2023-02-10,144.28,Paid,0.0
AMA-R11865,AMA-O12551,07-Nov-2023,187.95,Paid,0.0
AMA-R12121,AMA-O11596,01/14/2023,109.05,Paid,109.05
AMA-R15510,AMA-O7554,14-Jan-2024,51.63,Paid,0.0
AMA-R12744,AMA-O13425,02/05/2025,,Paid,0.0
AMA-R10299,AMA-O8136,2025-04-01,,Paid,0.0
AMA-R9650,AMA-O9412,07-May-2025,48.57,Paid,0.0
AMA-R9273,AMA-O10150,04-Feb-2023,24.65,Paid,0.0
AMA-R15042,AMA-O7897,20-May-2024,259.97,Pending,0.0
AMA-R13013,AMA-O11377,2025-06-25,54.72,Paid,0.0
AMA-R13776,AMA-O7214,2025-03-11,64.48,Refunded,0.0
AMA-R18419,AMA-O6937,24-Nov-2025,75.06,Paid,0.0
AMA-R12353,AMA-O6366,11-Mar-2025,171.6,Paid,0.0
AMA-R18143,AMA-O14305,08-Jul-2023,257.4,Paid,0.0
AMA-R15672,AMA-O14706,2024-01-11,3919.25,Paid,0.0
AMA-R17805,AMA-O9104,17-Aug-2025,4.77,Paid,0.0
AMA-R15260,AMA-O13659,02/12/2023,51.54,Paid,0.0
AMA-R9503,AMA-O5266,2024-03-18,14.04,Paid,0.0
AMA-R14952,AMA-O6216,08/07/2023,198.84,Paid,0.0
AMA-R10335,AMA-O11674,04-Jan-2023,136.68,Paid,0.0
AMA-R16580,AMA-O10301,10/04/2023,3046.6,Paid,0.0
AMA-R14214,AMA-O7290,01/28/2023,17.79,Paid,0.0
AMA-R12697,AMA-O10801,2024-06-10,377.84,Paid,0.0
AMA-R18604,AMA-O6493,2023-03-09,216.19,Refunded,0.0
AMA-R15031,AMA-O12476,12/13/2024,51.6,Paid,0.0
AMA-R14661,AMA-O5481,25-Aug-2023,878.25,Refunded,0.0
AMA-R17182,AMA-O13347,09/30/2024,405.04,Paid,0.0
AMA-R13490,AMA-O5236,2024-12-02,770.69,Paid,770.69
AMA-R10971,AMA-O13151,02/17/2023,11.5,Paid,0.0
AMA-R17156,AMA-O5269,11/01/2023,196.12,Paid,0.0
AMA-R18657,AMA-O13431,05-Apr-2025,119.22,Paid,0.0
AMA-R18530,AMA-O11725,15-Nov-2024,82.56,Paid,0.0
AMA-R18100,AMA-O10750,2024-05-04,62.95,Paid,9.44
AMA-R12491,AMA-O13442,31-Dec-2024,85.59,Paid,85.59
AMA-R13997,AMA-O11374,2025-08-20,69.8,Paid,0.0
AMA-R11003,AMA-O9043,25-Jul-2024,34.14,Paid,0.0
AMA-R17615,AMA-O14526,15-Jan-2025,191.85,Paid,0.0
AMA-R16766,AMA-O7976,2025-03-03,2050.68,Refunded,0.0
AMA-R15675,AMA-O13923,03/09/2023,190.38,Paid,0.0
AMA-R12157,AMA-O12454,2025-12-17,263.25,Paid,263.25
AMA-R9552,AMA-O8154,2023-06-19,5.77,Refunded,0.0
AMA-R11105,AMA-O9941,09-Apr-2025,84.36,Paid,0.0
AMA-R15894,AMA-O12902,10-Oct-2025,63.03,Paid,0.0
AMA-R11602,AMA-O12014,25-Dec-2023,118.36,Paid,118.36
AMA-R15698,AMA-O13927,2024-12-28,88.15,Paid,0.0
AMA-R11531,AMA-O5049,2025-05-10,431.2,Paid,0.0
AMA-R11640,AMA-O12663,31-May-2025,236.24,Paid,0.0
AMA-R16997,AMA-O7138,11-Oct-2023,32.04,Paid,0.0
AMA-R11774,AMA-O14623,07-Aug-2024,52.39,Paid,0.0
AMA-R18170,AMA-O10458,12/21/2025,379.4,Paid,0.0
AMA-R18161,AMA-O6847,2023-12-17,,Paid,0.0
AMA-R9453,AMA-O14458,05-Apr-2025,152.8,Paid,0.0
AMA-R14734,AMA-O8329,10/10/2024,23.23,Refunded,0.0
AMA-R13523,AMA-O13448,2023-01-04,91.72,Refunded,0.0
AMA-R9574,AMA-O7983,2023-06-10,316.97,Paid,0.0
AMA-R16973,AMA-O6583,2025-09-16,113.6,Pending,0.0
AMA-R16041,AMA-O8772,06/16/2024,91.0,Paid,0.0
AMA-R16624,AMA-O13183,30-Sep-2023,395.45,Paid,0.0
AMA-R14916,AMA-O7864,07/10/2025,30.35,Paid,0.0
AMA-R18304,AMA-O13682,29-Nov-2024,14.4,Paid,0.0
AMA-R13938,AMA-O9224,11-Oct-2023,18.46,Paid,0.0
AMA-R16649,AMA-O13141,10/07/2023,21.01,Paid,0.0
AMA-R14738,AMA-O7346,2023-05-19,1420.72,Paid,0.0
AMA-R16057,AMA-O7261,29-Aug-2024,41.14,Paid,0.0
AMA-R13356,AMA-O11405,15-May-2023,57.14,Paid,0.0
AMA-R10881,AMA-O11672,2023-05-05,173.58,Paid,173.58
AMA-R15008,AMA-O14711,23-Jun-2024,185.8,Paid,0.0
AMA-R16672,AMA-O8436,12/20/2023,2194.44,Paid,0.0
AMA-R12807,AMA-O7039,2025-07-06,464.72,Paid,464.72
AMA-R14313,AMA-O14445,09/08/2024,112.75,Refunded,0.0
AMA-R12497,AMA-O13787,2024-11-04,190.1,Pending,0.0
AMA-R15188,AMA-O8857,03-Nov-2024,1102.45,Paid,0.0
AMA-R11244,AMA-O8217,2023-12-25,532.2,Paid,532.2
AMA-R9350,AMA-O13453,15-Dec-2024,67.08,Paid,0.0
AMA-R12843,AMA-O10840,06/01/2025,232.48,Paid,232.48
AMA-R16174,AMA-O12351,10/29/2023,333.85,Paid,0.0
AMA-R13376,AMA-O6574,2023-04-18,115.7,Paid,0.0
AMA-R14500,AMA-O7195,18-Dec-2024,737.6,Paid,737.6
AMA-R10004,AMA-O7641,2023-08-20,441.54,Paid,0.0
AMA-R16974,AMA-O8449,11/19/2023,80.86,Paid,80.86
AMA-R13978,AMA-O7326,2023-11-30,224.75,Paid,0.0
AMA-R18387,AMA-O13045,2023-06-11,425.9,Paid,0.0
AMA-R10773,AMA-O7177,2024-09-06,28.26,Paid,0.0
AMA-R9190,AMA-O6411,05/02/2023,,Paid,0.0
AMA-R10062,AMA-O8137,02/28/2025,322.47,Refunded,144.67
AMA-R16154,AMA-O11959,22-Jun-2024,31.59,Paid,0.0
AMA-R14792,AMA-O14003,05/04/2024,13.7,Paid,0.0
AMA-R9460,AMA-O6516,01-Mar-2023,39.45,Paid,39.45
AMA-R16860,AMA-O13639,21-Nov-2024,109.86,Paid,0.0
AMA-R14211,AMA-O11675,06/02/2025,152.96,Paid,0.0
AMA-R9606,AMA-O10674,30-Jul-2025,208.84,Paid,0.0
AMA-R15484,AMA-O7848,19-Mar-2025,2180.4,Paid,0.0
AMA-R15302,AMA-O11022,2023-10-24,45.95,Paid,0.0
AMA-R16381,AMA-O8989,01/27/2024,32.83,Paid,0.0
AMA-R15699,AMA-O7599,20-Feb-2024,726.25,Paid,0.0
AMA-R10777,AMA-O5697,09/27/2025,584.76,Refunded,0.0
AMA-R10993,AMA-O10891,05/04/2024,29.37,Paid,0.0
AMA-R17321,AMA-O5809,05/06/2024,12.32,Paid,0.0
AMA-R13686,AMA-O8418,12/25/2024,345.76,Paid,0.0
AMA-R13142,AMA-O9954,17-Oct-2023,1228.4,Paid,0.0
AMA-R12273,AMA-O8319,29-Mar-2025,268.7,Paid,0.0
AMA-R10229,AMA-O7815,2023-05-26,281.34,Paid,281.34
AMA-R15552,AMA-O9684,2023-02-19,241.51,Paid,0.0
AMA-R13630,AMA-O7501,2025-03-30,212.31,Paid,0.0
AMA-R14742,AMA-O6332,2025-08-26,50.2,Pending,0.0
AMA-R10385,AMA-O5956,2023-06-26,15.47,Paid,0.0
AMA-R11898,AMA-O10323,27-May-2024,1119.64,Refunded,0.0
AMA-R17375,AMA-O7244,11/04/2023,340.52,Paid,0.0
AMA-R17462,AMA-O5171,01-Sep-2025,533.16,Refunded,168.79
AMA-R14873,AMA-O11397,04/06/2024,41.76,Paid,0.0
AMA-R16636,AMA-O6017,2024-04-19,126.96,Paid,0.0
AMA-R12859,AMA-O9457,01/11/2025,1923.95,Paid,1923.95
AMA-R16966,AMA-O8683,06/22/2024,45.37,Paid,14.12
AMA-R17088,AMA-O9583,05/03/2025,227.3,Paid,106.02
AMA-R14589,AMA-O14271,06/25/2025,222.4,Paid,0.0
AMA-R14737,AMA-O8658,21-Dec-2024,374.18,Refunded,0.0
AMA-R17806,AMA-O8153,2025-08-10,172.36,Paid,0.0
AMA-R15425,AMA-O8261,23-Mar-2024,36.84,Paid,0.0
AMA-R17199,AMA-O13976,06/02/2023,109.0,Paid,0.0
AMA-R12288,AMA-O14898,12/02/2024,313.04,Paid,0.0
AMA-R16888,AMA-O8410,08/12/2024,303.2,Refunded,0.0
AMA-R17690,AMA-O10018,26-Nov-2025,276.72,Paid,276.72
AMA-R12734,AMA-O12168,12-Mar-2025,414.85,Pending,0.0
AMA-R17322,AMA-O8496,03-Aug-2023,483.85,Paid,0.0
AMA-R13871,AMA-O12469,11/30/2024,,Pending,0.0
AMA-R10220,AMA-O12329,22-Apr-2023,200.24,Paid,0.0
AMA-R11687,AMA-O7345,2025-01-23,84.49,Refunded,0.0
AMA-R12224,AMA-O10554,06/10/2023,119.13,Paid,119.13
AMA-R10812,AMA-O5389,03/28/2024,87.51,Pending,0.0
AMA-R10364,AMA-O7304,04/09/2024,590.15,Paid,0.0
AMA-R15739,AMA-O12971,03/29/2024,106.0,Paid,0.0
AMA-R17898,AMA-O7545,2023-11-10,59.98,Paid,0.0
AMA-R17162,AMA-O14947,2023-11-10,153.69,Paid,0.0
AMA-R12895,AMA-O5807,05-Feb-2025,212.82,Paid,0.0
AMA-R10938,AMA-O7807,2024-09-14,114.24,Paid,0.0
AMA-R10091,AMA-O8285,2024-04-11,60.08,Paid,0.0
AMA-R17211,AMA-O13247,2023-12-23,,Refunded,0.0
AMA-R13828,AMA-O10450,2025-08-07,582.15,Paid,0.0
AMA-R16907,AMA-O11171,03/13/2025,336.82,Refunded,0.0
AMA-R11905,AMA-O11375,12/18/2024,231.42,Pending,0.0
AMA-R15495,AMA-O12659,09-Jul-2025,166.42,Paid,0.0
AMA-R13763,AMA-O6977,15-Aug-2024,13.04,Paid,13.04
AMA-R13084,AMA-O8115,24-Oct-2024,269.06,Refunded,0.0
AMA-R14629,AMA-O11715,2024-01-28,59.66,Paid,0.0
AMA-R14178,AMA-O10556,07/26/2024,214.45,Paid,0.0
AMA-R12293,AMA-O5042,26-Mar-2025,80.24,Paid,80.24
AMA-R9475,AMA-O8093,07-Nov-2025,,Paid,0.0
AMA-R9196,AMA-O12007,04/05/2025,224.28,Paid,0.0
AMA-R13349,AMA-O13177,11-Jul-2025,79.47,Paid,0.0
AMA-R13989,AMA-O9700,18-Jun-2023,69.36,Paid,0.0
AMA-R15070,AMA-O13597,16-Mar-2024,47.34,Paid,12.48
AMA-R14169,AMA-O6287,02/08/2025,587.52,Paid,0.0
AMA-R10944,AMA-O13802,24-Dec-2024,304.62,Pending,0.0
AMA-R18580,AMA-O11818,12/22/2025,1145.2,Paid,1145.2
AMA-R16107,AMA-O12227,10/27/2024,679.4,Paid,0.0
AMA-R16614,AMA-O13007,07-Dec-2024,92.33,Paid,0.0
AMA-R12786,AMA-O7188,12/01/2023,197.01,Paid,0.0
AMA-R16315,AMA-O7002,2024-02-14,37.26,Paid,37.26
AMA-R11728,AMA-O13664,11/15/2023,164.85,Paid,0.0
AMA-R10568,AMA-O5249,02-Aug-2025,113.75,Paid,0.0
AMA-R17147,AMA-O12166,20-Jan-2023,43.14,Paid,0.0
AMA-R9281,AMA-O7561,2023-07-14,360.44,Refunded,0.0
AMA-R12873,AMA-O8025,09/14/2024,680.1,Paid,0.0
AMA-R12551,AMA-O11237,15-Dec-2025,71.82,Pending,0.0
AMA-R10235,AMA-O6450,17-Jun-2025,137.48,Paid,0.0
AMA-R12217,AMA-O9025,2025-07-11,81.2,Paid,0.0
AMA-R10513,AMA-O8265,2023-01-20,119.84,Paid,0.0
AMA-R16197,AMA-O8351,03/23/2025,138.88,Paid,0.0
AMA-R11625,AMA-O8635,24-Apr-2023,43.75,Paid,43.75
AMA-R11052,AMA-O13723,2025-12-15,76.71,Refunded,0.0
AMA-R16466,AMA-O11369,2025-12-06,1550.8,Paid,0.0
AMA-R12002,AMA-O13472,11/26/2024,52.75,Paid,52.75
AMA-R16787,AMA-O6951,21-Dec-2024,95.19,Paid,0.0
AMA-R9104,AMA-O5461,2023-02-19,259.68,Paid,0.0
AMA-R11521,AMA-O8784,11/05/2023,168.4,Paid,168.4
AMA-R11258,AMA-O8620,2024-12-15,207.36,Refunded,0.0
AMA-R11077,AMA-O6044,07-Mar-2025,37.08,Paid,0.0
AMA-R12051,AMA-O5159,06/20/2025,348.68,Refunded,0.0
AMA-R18219,AMA-O13238,10-Feb-2023,37.68,Refunded,0.0
AMA-R13766,AMA-O6070,12/15/2025,119.02,Paid,57.39
AMA-R17727,AMA-O14583,2023-04-05,602.55,Paid,0.0
AMA-R16828,AMA-O11871,11/04/2025,51.64,Refunded,0.0
AMA-R16443,AMA-O14714,10/16/2025,51.1,Paid,51.1
AMA-R10823,AMA-O6414,06/04/2024,,Paid,0.0
AMA-R17634,AMA-O10442,11/20/2023,113.3,Refunded,0.0
AMA-R14656,AMA-O6547,12-Oct-2024,315.8,Paid,0.0
AMA-R11717,AMA-O6701,03/29/2024,272.92,Paid,0.0
AMA-R13812,AMA-O9520,04-Feb-2024,152.54,Pending,0.0
AMA-R13249,AMA-O12932,12-May-2023,1027.62,Refunded,0.0
AMA-R14888,AMA-O7594,2023-05-15,120.02,Pending,0.0
AMA-R11716,AMA-O9371,10/11/2023,81.15,Paid,0.0
AMA-R14458,AMA-O10988,2023-06-12,14.7,Paid,0.0
AMA-R12892,AMA-O11771,2024-02-22,713.6,Paid,0.0
AMA-R9769,AMA-O14680,11/16/2025,,Paid,184.0
AMA-R9481,AMA-O14482,10/31/2025,155.65,Paid,0.0
AMA-R16024,AMA-O14141,12-Feb-2023,184.92,Paid,0.0
AMA-R14314,AMA-O10885,04-May-2025,109.68,Paid,0.0
AMA-R18192,AMA-O9181,11-Oct-2023,272.37,Paid,272.37
AMA-R18633,AMA-O8548,2024-04-18,,Paid,271.86
AMA-R11406,AMA-O8419,10/03/2025,57.16,Paid,0.0
AMA-R16379,AMA-O6076,07-May-2023,1037.5,Paid,1037.5
AMA-R15074,AMA-O5422,16-Feb-2023,,Paid,0.0
AMA-R12235,AMA-O9762,10-Jun-2025,412.94,Paid,412.94
AMA-R15132,AMA-O8526,09/17/2024,291.55,Paid,0.0
AMA-R17346,AMA-O9931,2023-10-23,102.35,Paid,0.0
AMA-R10514,AMA-O5996,05/14/2023,496.98,Paid,0.0
AMA-R10546,AMA-O5676,2025-09-20,240.03,Paid,240.03
AMA-R11412,AMA-O11496,2025-03-12,21.68,Paid,0.0
AMA-R11883,AMA-O11056,06-Jul-2025,179.56,Paid,0.0
AMA-R11459,AMA-O9924,2025-09-25,29.48,Paid,0.0
AMA-R13212,AMA-O14703,2024-08-10,3856.85,Paid,0.0
AMA-R16651,AMA-O11920,29-Oct-2023,132.4,Paid,132.4
AMA-R9987,AMA-O10637,04-Oct-2025,80.28,Pending,0.0
AMA-R17931,AMA-O8923,20-Dec-2023,39.59,Pending,0.0
AMA-R12746,AMA-O14038,20-Sep-2024,74.36,Paid,0.0
AMA-R12239,AMA-O11836,01-Nov-2025,,Paid,106.03
AMA-R17712,AMA-O8564,23-Jan-2025,172.94,Paid,0.0
AMA-R11581,AMA-O9325,15-May-2024,261.64,Paid,261.64
AMA-R17143,AMA-O5031,07/22/2024,2006.8,Paid,2006.8
AMA-R16818,AMA-O5096,08/27/2025,128.2,Paid,0.0
AMA-R13088,AMA-O12248,2023-07-27,57.48,Paid,57.48
AMA-R15052,AMA-O8366,2023-11-25,,Paid,103.72
AMA-R14998,AMA-O13828,13-Sep-2024,861.48,Paid,0.0
AMA-R14254,AMA-O10074,2025-01-14,106.96,Paid,106.96
AMA-R12514,AMA-O12508,05/03/2023,,Paid,0.0
AMA-R11664,AMA-O6846,21-Apr-2025,171.78,Paid,0.0
AMA-R15225,AMA-O12150,11-Aug-2023,1471.05,Paid,1471.05
AMA-R17196,AMA-O8677,10/11/2025,269.86,Paid,0.0
AMA-R12685,AMA-O9345,15-Jan-2024,152.9,Paid,0.0
AMA-R11157,AMA-O6130,07/27/2025,414.25,Pending,0.0
AMA-R18067,AMA-O13227,13-Mar-2023,469.35,Paid,0.0
AMA-R13081,AMA-O12648,2023-04-14,288.4,Paid,0.0
AMA-R15809,AMA-O6681,12/12/2024,153.1,Paid,153.1
AMA-R16304,AMA-O6054,2024-08-26,111.63,Paid,0.0
AMA-R11431,AMA-O12389,11/26/2024,77.91,Refunded,0.0
AMA-R15389,AMA-O7439,03/03/2024,74.96,Paid,0.0
AMA-R12851,AMA-O10160,24-Jun-2025,123.18,Refunded,0.0
AMA-R16424,AMA-O5088,08/22/2023,28.52,Paid,28.52
AMA-R11697,AMA-O6740,08/21/2024,633.64,Paid,0.0
AMA-R12854,AMA-O13526,03/27/2023,190.8,Paid,190.8
AMA-R13287,AMA-O9607,03/09/2023,947.12,Pending,0.0
AMA-R10363,AMA-O13377,12/22/2024,48.75,Paid,0.0
AMA-R14622,AMA-O12020,2023-03-25,62.28,Paid,0.0
AMA-R10302,AMA-O7753,2023-10-20,,Paid,0.0
AMA-R11928,AMA-O7951,2023-01-15,224.2,Paid,0.0
AMA-R18339,AMA-O10602,06/27/2025,40.92,Pending,0.0
AMA-R11410,AMA-O9195,2025-02-05,358.52,Pending,0.0
AMA-R18162,AMA-O8317,2025-05-06,70.47,Paid,0.0
AMA-R12864,AMA-O12048,14-Apr-2025,95.27,Refunded,0.0
AMA-R18018,AMA-O13123,04/19/2025,93.81,Paid,0.0
AMA-R9379,AMA-O9001,24-Dec-2024,96.28,Paid,0.0
AMA-R17704,AMA-O12437,26-Aug-2023,54.84,Paid,54.84
AMA-R12855,AMA-O10994,20-Nov-2023,217.76,Paid,0.0
AMA-R18483,AMA-O8229,12/28/2024,39.45,Paid,0.0
AMA-R11671,AMA-O14945,2023-07-25,364.53,Paid,0.0
AMA-R17297,AMA-O10925,29-Aug-2023,42.11,Paid,0.0
AMA-R10153,AMA-O10845,24-Jul-2024,85.11,Paid,0.0
AMA-R16088,AMA-O7534,10/31/2025,151.08,Paid,0.0
AMA-R10586,AMA-O11364,02-Apr-2025,210.51,Paid,0.0
AMA-R16721,AMA-O8633,08/30/2023,291.31,Refunded,0.0
AMA-R10192,AMA-O12936,18-Jan-2023,72.2,Paid,0.0
AMA-R9028,AMA-O12889,2024-08-01,6.31,Paid,0.0
AMA-R13703,AMA-O6528,07/20/2023,185.76,Paid,0.0
AMA-R9910,AMA-O7812,20-Mar-2023,47.35,Paid,0.0
AMA-R13521,AMA-O9504,08/06/2025,337.56,Paid,0.0
AMA-R13657,AMA-O6877,04/19/2024,103.4,Paid,0.0
AMA-R14982,AMA-O14401,25-May-2025,18.66,Pending,0.0
AMA-R12360,AMA-O10265,30-Nov-2024,33.01,Paid,33.01
AMA-R12835,AMA-O7185,06/27/2024,169.4,Paid,169.4
AMA-R13996,AMA-O8556,02-Jul-2023,17.48,Paid,0.0
AMA-R10580,AMA-O9553,06/07/2023,132.26,Paid,0.0
AMA-R9395,AMA-O9544,08/05/2023,2339.15,Paid,0.0
AMA-R10994,AMA-O12829,15-Aug-2025,77.64,Refunded,0.0
AMA-R15680,AMA-O10408,15-Feb-2024,797.86,Paid,0.0
AMA-R9438,AMA-O7059,04/13/2025,288.76,Paid,288.76
AMA-R18290,AMA-O12226,19-Mar-2023,,Paid,0.0
AMA-R15963,AMA-O10196,03-Mar-2024,17.84,Paid,17.84
AMA-R10664,AMA-O5880,10-Aug-2024,240.28,Paid,0.0
AMA-R13141,AMA-O14889,01/14/2024,135.48,Paid,0.0
AMA-R15965,AMA-O8612,09-Jan-2025,144.4,Paid,0.0
AMA-R13993,AMA-O5030,05/28/2023,116.04,Paid,0.0
AMA-R10986,AMA-O12275,2023-09-13,188.84,Paid,0.0
AMA-R11481,AMA-O13075,2024-08-14,179.0,Paid,179.0
AMA-R12762,AMA-O7482,10-Jul-2023,,Paid,287.21
AMA-R14435,AMA-O11440,2024-08-12,239.25,Paid,0.0
AMA-R14690,AMA-O6845,06/11/2024,706.5,Paid,0.0
AMA-R14642,AMA-O11820,05-Aug-2024,509.28,Refunded,0.0
AMA-R13660,AMA-O9187,27-Apr-2023,710.07,Paid,0.0
AMA-R13672,AMA-O14406,06-Aug-2025,775.77,Paid,0.0
AMA-R11098,AMA-O8584,2025-12-16,1094.44,Paid,0.0
AMA-R9527,AMA-O5393,08/17/2025,246.88,Paid,0.0
AMA-R16634,AMA-O12038,2023-03-25,320.92,Paid,0.0
AMA-R16737,AMA-O5774,07-Mar-2023,10.33,Paid,0.0
AMA-R9130,AMA-O8749,16-Feb-2025,19.8,Paid,0.0
AMA-R13991,AMA-O5902,12-Jul-2025,386.36,Paid,0.0
AMA-R14361,AMA-O10853,09/20/2023,,Refunded,0.0
AMA-R15969,AMA-O11910,12-Aug-2025,2330.55,Paid,0.0
AMA-R12554,AMA-O11444,2024-09-14,142.06,Refunded,0.0
AMA-R9123,AMA-O10985,09-Jul-2023,229.06,Paid,0.0
AMA-R9435,AMA-O13919,2025-11-09,242.84,Paid,0.0
AMA-R17947,AMA-O7412,27-Mar-2023,158.65,Paid,0.0
AMA-R16556,AMA-O8947,11/23/2023,105.33,Paid,0.0
AMA-R12828,AMA-O10695,03/29/2025,153.01,Paid,0.0
AMA-R10637,AMA-O7662,26-Nov-2023,,Paid,0.0
AMA-R13061,AMA-O6068,05/24/2023,,Paid,0.0
AMA-R12301,AMA-O5043,11-Jul-2025,49.46,Paid,0.0
AMA-R15952,AMA-O14088,27-Nov-2023,109.84,Paid,109.84
AMA-R16398,AMA-O7719,28-Feb-2024,59.68,Paid,0.0
AMA-R14885,AMA-O5979,2025-12-17,3830.3,Paid,847.88
AMA-R9588,AMA-O13324,15-Jan-2024,91.44,Paid,0.0
AMA-R10064,AMA-O11179,12-Oct-2024,79.5,Paid,0.0
AMA-R14544,AMA-O7576,18-Oct-2025,1223.46,Refunded,0.0
AMA-R11272,AMA-O9637,05/24/2024,100.28,Paid,0.0
AMA-R14751,AMA-O13025,05/24/2024,3196.24,Paid,0.0
AMA-R13965,AMA-O6526,01/24/2025,157.92,Paid,0.0
AMA-R12470,AMA-O11101,04/23/2025,80.13,Pending,0.0
AMA-R15994,AMA-O8660,10/08/2024,71.5,Pending,0.0
AMA-R17125,AMA-O11508,2023-02-25,175.45,Paid,0.0
AMA-R9951,AMA-O8729,07/03/2024,91.32,Paid,0.0
AMA-R9658,AMA-O10533,03/07/2023,51.52,Paid,0.0
AMA-R16562,AMA-O13866,06-May-2025,84.87,Refunded,0.0
AMA-R16435,AMA-O11006,24-Apr-2025,352.05,Pending,0.0
AMA-R15798,AMA-O12477,2023-09-29,346.56,Refunded,0.0
AMA-R17473,AMA-O11750,15-Oct-2023,279.95,Paid,0.0
AMA-R13534,AMA-O14486,04/27/2025,31.48,Paid,0.0
AMA-R18217,AMA-O13387,09/05/2024,84.57,Paid,0.0
AMA-R17927,AMA-O9673,09-Jun-2025,271.12,Paid,0.0
AMA-R9604,AMA-O5212,2023-09-17,78.92,Paid,0.0
AMA-R13140,AMA-O14525,31-Dec-2023,115.08,Refunded,0.0
AMA-R9853,AMA-O13670,03-Aug-2025,35.91,Paid,35.91
AMA-R12955,AMA-O12181,01/03/2024,39.28,Paid,0.0
AMA-R17277,AMA-O14060,2024-09-06,,Pending,0.0
AMA-R18551,AMA-O6694,01/22/2025,321.21,Paid,0.0
AMA-R13755,AMA-O5161,06-Nov-2024,370.86,Paid,0.0
AMA-R16690,AMA-O7273,09-Nov-2025,123.0,Paid,123.0
AMA-R15316,AMA-O13036,24-Aug-2023,43.3,Paid,0.0
AMA-R12346,AMA-O7496,2025-08-19,61.66,Refunded,0.0
AMA-R14319,AMA-O5178,2024-06-18,30.68,Paid,0.0
AMA-R9514,AMA-O8580,29-Nov-2025,211.04,Paid,0.0
AMA-R9444,AMA-O11747,01-Dec-2025,302.7,Pending,0.0
AMA-R18624,AMA-O5349,2025-12-21,582.88,Paid,0.0
AMA-R15770,AMA-O12406,2024-04-21,166.96,Refunded,0.0
AMA-R14851,AMA-O8638,2024-02-29,135.84,Paid,0.0
AMA-R15844,AMA-O8613,2023-08-29,158.35,Paid,158.35
AMA-R14088,AMA-O14244,2023-01-03,971.64,Paid,0.0
AMA-R14728,AMA-O11611,07/18/2023,39.79,Paid,0.0
AMA-R16648,AMA-O12125,2023-02-09,35.82,Paid,35.82
AMA-R11366,AMA-O14946,10/23/2024,3559.65,Paid,3559.65
AMA-R12056,AMA-O11131,26-Jan-2023,77.32,Paid,77.32
AMA-R13290,AMA-O5444,03-Apr-2023,32.56,Refunded,0.0
AMA-R9821,AMA-O13134,06/02/2023,292.35,Paid,0.0
AMA-R16143,AMA-O13759,08/08/2023,27.94,Paid,0.0
AMA-R9729,AMA-O7660,04/16/2025,491.95,Paid,0.0
AMA-R16589,AMA-O7759,09/11/2025,245.37,Pending,0.0
AMA-R14784,AMA-O9023,12-Sep-2025,176.04,Pending,0.0
AMA-R9508,AMA-O7854,2025-10-23,126.63,Refunded,34.65
AMA-R17030,AMA-O5547,02/12/2023,74.49,Paid,0.0
AMA-R14692,AMA-O10965,01/21/2024,219.86,Paid,0.0
AMA-R9578,AMA-O13166,19-Jun-2023,77.08,Paid,0.0
AMA-R18037,AMA-O5319,12-Mar-2025,155.61,Pending,0.0
AMA-R12631,AMA-O7143,2024-12-14,337.66,Paid,0.0
AMA-R9081,AMA-O6987,12/20/2025,101.84,Paid,101.84
AMA-R16395,AMA-O11554,13-Oct-2024,1763.45,Paid,0.0
AMA-R13981,AMA-O5687,2023-08-30,530.97,Paid,0.0
AMA-R14120,AMA-O14655,2024-08-21,114.5,Pending,0.0
AMA-R11990,AMA-O12730,2024-01-05,33.98,Paid,0.0
AMA-R13430,AMA-O8028,07-Feb-2024,48.97,Paid,0.0
AMA-R17565,AMA-O14503,01/10/2023,1307.78,Paid,0.0
AMA-R15944,AMA-O5875,02/16/2024,294.81,Paid,81.06
AMA-R9803,AMA-O5630,24-May-2023,78.05,Paid,0.0
AMA-R14695,AMA-O5437,27-Jan-2023,45.95,Pending,21.04
AMA-R14983,AMA-O9578,04-Nov-2025,225.81,Paid,225.81
AMA-R9834,AMA-O5756,14-Jul-2023,75.36,Paid,75.36
AMA-R17778,AMA-O13348,18-Jun-2025,16.56,Paid,16.56
AMA-R18009,AMA-O8094,06/12/2023,256.0,Pending,0.0
AMA-R11548,AMA-O8916,2024-09-05,428.05,Paid,0.0
AMA-R16741,AMA-O7556,22-Oct-2023,181.76,Paid,181.76
AMA-R18270,AMA-O9568,2024-11-30,421.94,Paid,421.94
AMA-R16773,AMA-O10117,08/15/2023,46.65,Refunded,0.0
AMA-R10958,AMA-O5763,18-Nov-2025,34.9,Refunded,0.0
AMA-R18447,AMA-O12719,2023-12-25,1318.28,Paid,0.0
AMA-R10869,AMA-O14451,26-May-2025,1569.22,Refunded,0.0
AMA-R16976,AMA-O14801,2025-04-14,,Paid,0.0
AMA-R12623,AMA-O11913,02/25/2025,48.94,Paid,0.0
AMA-R9017,AMA-O10064,19-Sep-2023,68.02,Paid,68.02
AMA-R9051,AMA-O14129,05-Apr-2025,253.16,Paid,0.0
AMA-R18083,AMA-O13343,2024-07-05,276.1,Paid,0.0
AMA-R13979,AMA-O6809,2023-09-12,68.9,Paid,0.0
AMA-R15251,AMA-O10300,01/20/2023,110.76,Paid,0.0
AMA-R9182,AMA-O13046,24-May-2024,51.66,Paid,0.0
AMA-R10157,AMA-O11255,04-Jul-2023,112.62,Paid,0.0
AMA-R17999,AMA-O9728,03/10/2025,251.2,Paid,0.0
AMA-R12130,AMA-O10496,15-May-2025,195.75,Paid,0.0
AMA-R13562,AMA-O13153,2024-10-22,217.16,Paid,0.0
AMA-R18108,AMA-O13740,30-May-2025,359.48,Paid,0.0
AMA-R10588,AMA-O11624,09-Nov-2024,42.86,Paid,0.0
AMA-R11656,AMA-O5861,11/29/2023,683.28,Paid,683.28
AMA-R15740,AMA-O8437,02/09/2025,17.18,Paid,0.0
AMA-R11828,AMA-O6360,19-Jan-2025,127.64,Paid,127.64
AMA-R18437,AMA-O7565,11-Nov-2025,158.82,Paid,0.0
AMA-R11494,AMA-O13064,08/04/2025,2222.52,Paid,0.0
AMA-R12246,AMA-O10392,2025-06-12,10.86,Paid,0.0
AMA-R14093,AMA-O8042,05/21/2024,71.16,Paid,0.0
AMA-R9489,AMA-O5037,2024-04-17,108.65,Paid,0.0
AMA-R9082,AMA-O11202,15-Sep-2023,66.64,Refunded,0.0
AMA-R15627,AMA-O7141,07/17/2025,269.24,Paid,0.0
AMA-R15895,AMA-O5069,30-May-2024,52.2,Paid,0.0
AMA-R14104,AMA-O6174,05/24/2023,140.24,Paid,0.0
AMA-R11742,AMA-O13631,06/10/2025,496.06,Paid,0.0
AMA-R13248,AMA-O7152,12/03/2023,,Refunded,0.0
AMA-R12072,AMA-O9059,2025-01-15,261.96,Paid,117.3
AMA-R11900,AMA-O10049,19-Nov-2023,1858.12,Paid,0.0
AMA-R16989,AMA-O14360,2024-01-16,29.3,Paid,0.0
AMA-R13468,AMA-O10432,12-Jun-2025,97.62,Paid,0.0
AMA-R14097,AMA-O10364,08/04/2023,,Refunded,0.0
AMA-R11855,AMA-O8844,18-Jan-2025,1100.3,Paid,0.0
AMA-R13737,AMA-O7568,01/27/2024,39.42,Paid,0.0
AMA-R12899,AMA-O11716,07/01/2023,446.45,Paid,153.87
AMA-R9263,AMA-O12274,2024-02-03,192.4,Paid,0.0
AMA-R15559,AMA-O13411,21-Apr-2023,11.64,Paid,0.0
AMA-R18112,AMA-O9788,2024-03-05,568.64,Paid,0.0
AMA-R9795,AMA-O13551,2024-02-01,210.52,Paid,0.0
AMA-R11904,AMA-O10941,10-Apr-2025,137.3,Paid,0.0
AMA-R13618,AMA-O7653,25-Nov-2024,533.64,Paid,0.0
AMA-R18635,AMA-O9022,27-Jan-2025,419.2,Paid,0.0
AMA-R10843,AMA-O10567,03/09/2025,623.36,Paid,0.0
AMA-R13946,AMA-O12677,2024-07-31,,Paid,0.0
AMA-R12513,AMA-O5931,09-Dec-2023,392.0,Paid,0.0
AMA-R10017,AMA-O13139,18-Oct-2024,174.55,Paid,0.0
AMA-R18253,AMA-O10770,06/18/2024,1109.44,Refunded,0.0
AMA-R9742,AMA-O5309,2025-12-19,587.4,Paid,0.0
AMA-R15431,AMA-O7296,12-Apr-2025,,Pending,0.0
AMA-R13461,AMA-O5651,06-Oct-2024,172.77,Paid,0.0
AMA-R13375,AMA-O9861,2024-03-10,,Pending,0.0
AMA-R12313,AMA-O7794,2023-12-01,58.18,Paid,58.18
AMA-R10420,AMA-O7529,03-Jun-2023,307.3,Refunded,0.0
AMA-R16396,AMA-O13643,16-Sep-2025,15.57,Paid,15.57
AMA-R15101,AMA-O8111,04-Sep-2023,132.63,Pending,0.0
AMA-R15671,AMA-O8811,2025-06-29,433.5,Paid,0.0
AMA-R10135,AMA-O8431,01-Mar-2025,107.82,Paid,0.0
AMA-R11156,AMA-O5443,2025-11-30,91.13,Refunded,0.0
AMA-R14268,AMA-O11281,2023-01-17,162.72,Refunded,0.0
AMA-R12102,AMA-O13323,02/20/2024,53.53,Refunded,0.0
AMA-R18146,AMA-O11698,04/02/2025,366.6,Paid,366.6
AMA-R10034,AMA-O8018,04/13/2025,587.94,Paid,0.0
AMA-R18153,AMA-O13777,26-Sep-2025,381.24,Paid,0.0
AMA-R16051,AMA-O6171,24-Aug-2023,283.08,Paid,283.08
AMA-R15048,AMA-O7710,24-Feb-2025,95.65,Paid,95.65
AMA-R9837,AMA-O7200,05/17/2023,234.8,Pending,0.0
AMA-R15314,AMA-O8102,2023-11-11,3238.55,Paid,0.0
AMA-R18154,AMA-O6061,2023-11-27,125.82,Paid,125.82
AMA-R10138,AMA-O10892,04/27/2024,191.28,Paid,0.0
AMA-R13676,AMA-O12963,2023-10-19,145.32,Paid,0.0
AMA-R10445,AMA-O11017,15-Oct-2024,171.1,Refunded,40.61
AMA-R11833,AMA-O12662,14-May-2023,405.0,Pending,0.0
AMA-R13121,AMA-O5298,2025-08-09,50.4,Refunded,0.0
AMA-R10755,AMA-O9260,03/26/2025,62.92,Paid,0.0
AMA-R13398,AMA-O7284,19-Dec-2024,343.48,Pending,0.0
AMA-R15750,AMA-O14327,02/28/2025,172.65,Refunded,0.0
AMA-R16316,AMA-O7166,12/14/2025,222.0,Pending,0.0
AMA-R9701,AMA-O6615,02/02/2025,95.46,Paid,0.0
AMA-R13156,AMA-O13701,2023-06-28,207.23,Paid,0.0
AMA-R15923,AMA-O6552,02-Jul-2024,47.18,Pending,0.0
AMA-R11002,AMA-O8544,30-Sep-2024,242.12,Paid,242.12
AMA-R15888,AMA-O8755,03/25/2023,105.32,Paid,48.85
AMA-R18517,AMA-O8702,21-Feb-2025,558.85,Paid,0.0
AMA-R17369,AMA-O11863,26-Dec-2023,,Paid,0.0
AMA-R10654,AMA-O13077,05/03/2023,1749.05,Paid,0.0
AMA-R10797,AMA-O8158,27-Sep-2024,694.28,Refunded,0.0
AMA-R12883,AMA-O14778,01/01/2023,159.15,Paid,159.15
AMA-R15904,AMA-O8799,21-Jun-2024,,Paid,0.0
AMA-R18232,AMA-O13869,16-Jan-2025,10.48,Paid,0.0
AMA-R10334,AMA-O7958,05/10/2023,177.0,Paid,177.0
AMA-R17484,AMA-O12201,11/07/2025,2.97,Pending,0.0
AMA-R15283,AMA-O10716,17-Dec-2023,37.01,Paid,0.0
AMA-R16321,AMA-O5596,2023-09-14,87.87,Paid,0.0
AMA-R10676,AMA-O9269,31-Dec-2025,2042.64,Refunded,0.0
AMA-R11221,AMA-O5802,2023-06-25,26.05,Paid,0.0
AMA-R11246,AMA-O10391,14-Sep-2023,16.36,Paid,0.0
AMA-R16232,AMA-O8681,17-Apr-2023,63.12,Paid,0.0
AMA-R14707,AMA-O6510,2024-12-21,13.45,Refunded,0.0
AMA-R15708,AMA-O5438,21-Aug-2025,163.44,Refunded,56.97
AMA-R13701,AMA-O7680,14-Nov-2025,771.3,Paid,0.0
AMA-R14257,AMA-O11490,2023-05-02,21.12,Paid,21.12
AMA-R9288,AMA-O5434,2025-10-16,259.15,Paid,0.0
AMA-R16277,AMA-O10578,12-Jan-2024,136.86,Paid,0.0
AMA-R13494,AMA-O14013,05-Dec-2023,714.4,Paid,0.0
AMA-R10204,AMA-O10367,2025-05-24,522.45,Paid,0.0
AMA-R9315,AMA-O5554,2023-08-05,11.7,Paid,0.0
AMA-R11508,AMA-O11669,2023-08-22,97.24,Paid,97.24
AMA-R18030,AMA-O5314,2023-10-14,30.4,Paid,0.0
AMA-R11911,AMA-O10720,21-Nov-2025,632.04,Paid,0.0
AMA-R11891,AMA-O10289,2023-05-26,331.75,Paid,0.0
AMA-R10351,AMA-O8324,10/01/2023,30.0,Paid,0.0
AMA-R10970,AMA-O11145,18-Sep-2024,70.74,Paid,0.0
AMA-R14559,AMA-O14792,2024-07-01,33.54,Paid,0.0
AMA-R9265,AMA-O7580,12/08/2024,81.94,Paid,0.0
AMA-R14156,AMA-O11638,05/07/2025,1512.65,Paid,1512.65
AMA-R16930,AMA-O9908,07/03/2024,85.78,Paid,85.78
AMA-R9220,AMA-O12353,2023-05-21,,Paid,0.0
AMA-R9682,AMA-O13034,04/28/2024,67.46,Refunded,0.0
AMA-R18407,AMA-O8567,06/06/2024,23.47,Refunded,0.0
AMA-R17090,AMA-O6328,2025-11-05,249.22,Paid,249.22
AMA-R12536,AMA-O12822,2024-01-20,,Paid,0.0
AMA-R10170,AMA-O7694,31-Dec-2024,9.07,Paid,0.0
AMA-R15172,AMA-O8950,2025-05-16,,Paid,0.0
AMA-R16426,AMA-O13960,08/10/2024,83.42,Paid,0.0
AMA-R11551,AMA-O7916,10-Nov-2023,70.44,Pending,0.0
AMA-R14067,AMA-O7630,04/25/2023,436.25,Paid,436.25
AMA-R16712,AMA-O14823,03/21/2024,1671.45,Paid,0.0
AMA-R12446,AMA-O12071,13-Mar-2024,157.6,Paid,157.6
AMA-R9027,AMA-O9350,05-May-2023,114.5,Paid,0.0
AMA-R17268,AMA-O11384,06-Apr-2023,145.28,Paid,0.0
AMA-R12876,AMA-O6413,07/22/2023,,Paid,0.0
AMA-R14515,AMA-O9686,2025-11-24,2145.88,Paid,2145.88
AMA-R18281,AMA-O12544,2024-12-24,85.76,Paid,85.76
AMA-R17195,AMA-O6200,21-Jun-2024,,Refunded,0.0
AMA-R11040,AMA-O5172,2025-08-11,25.4,Paid,0.0
AMA-R10305,AMA-O9691,04/06/2023,94.56,Paid,0.0
AMA-R10492,AMA-O14899,08/19/2025,118.68,Paid,118.68
AMA-R14233,AMA-O11685,01-Jan-2023,47.31,Paid,0.0
AMA-R11667,AMA-O8400,22-Mar-2023,85.89,Paid,0.0
AMA-R18223,AMA-O9009,15-Dec-2025,370.68,Paid,0.0
AMA-R9372,AMA-O5263,2024-09-30,101.04,Paid,101.04
AMA-R12212,AMA-O5077,2024-12-07,3.67,Paid,0.0
AMA-R14038,AMA-O14083,30-Apr-2023,48.06,Refunded,0.0
AMA-R10504,AMA-O7528,10/01/2025,155.3,Paid,0.0
AMA-R13964,AMA-O14424,2024-12-05,1925.44,Paid,0.0
AMA-R12818,AMA-O9028,01-Nov-2025,1424.68,Paid,0.0
AMA-R16918,AMA-O9876,2024-05-19,123.84,Refunded,0.0
AMA-R13067,AMA-O14938,04/23/2024,532.53,Paid,0.0
AMA-R10226,AMA-O7097,2025-06-23,171.34,Paid,0.0
AMA-R15536,AMA-O14047,06-Apr-2023,173.94,Paid,0.0
AMA-R11402,AMA-O12577,2025-09-18,111.92,Refunded,0.0
AMA-R17336,AMA-O10053,09/10/2024,192.56,Paid,0.0
AMA-R16899,AMA-O12734,2024-10-06,2527.72,Paid,0.0
AMA-R13243,AMA-O8600,2023-01-14,626.85,Paid,0.0
AMA-R9219,AMA-O12472,05/03/2025,120.76,Paid,46.7
AMA-R15517,AMA-O10325,2025-05-09,628.42,Paid,628.42
AMA-R16723,AMA-O11324,01/14/2025,52.56,Paid,0.0
AMA-R14969,AMA-O7098,2023-04-11,86.8,Paid,0.0
AMA-R14937,AMA-O9773,2023-05-18,1069.4,Refunded,0.0
AMA-R18249,AMA-O8570,2023-02-14,68.56,Paid,0.0
AMA-R13139,AMA-O13505,19-Apr-2025,29.22,Paid,0.0
AMA-R13558,AMA-O6682,2023-04-29,1992.05,Paid,0.0
AMA-R13209,AMA-O14556,30-Oct-2024,24.45,Refunded,0.0
AMA-R13215,AMA-O10890,15-Dec-2024,39.3,Paid,0.0
AMA-R16740,AMA-O14089,2023-08-07,359.85,Pending,0.0
AMA-R15065,AMA-O9524,2024-03-26,66.84,Paid,66.84
AMA-R17921,AMA-O11488,2025-01-11,136.83,Paid,0.0
AMA-R12261,AMA-O13360,07/11/2023,7.75,Paid,0.0
AMA-R10321,AMA-O14914,07-Nov-2025,274.35,Paid,0.0
AMA-R13170,AMA-O8541,2025-09-03,191.68,Pending,0.0
AMA-R13409,AMA-O11942,2024-04-04,61.05,Refunded,0.0
AMA-R9494,AMA-O5541,04/01/2024,353.69,Paid,0.0
AMA-R9534,AMA-O9014,2024-04-20,847.11,Paid,0.0
AMA-R14227,AMA-O11310,12/24/2025,146.19,Paid,0.0
AMA-R12638,AMA-O12575,2024-08-21,251.88,Paid,0.0
AMA-R17084,AMA-O9499,11-Mar-2024,368.6,Paid,0.0
AMA-R14200,AMA-O11048,10/20/2023,204.75,Paid,0.0
AMA-R10152,AMA-O14777,2024-04-11,218.14,Pending,0.0
AMA-R10983,AMA-O11676,2025-04-12,52.38,Paid,0.0
AMA-R17241,AMA-O11292,01-Oct-2024,110.38,Paid,110.38
AMA-R17183,AMA-O6964,14-Dec-2024,385.85,Paid,0.0
AMA-R17517,AMA-O6283,08/01/2023,30.22,Paid,30.22
AMA-R12618,AMA-O5811,12-Apr-2024,80.3,Paid,80.3
AMA-R15807,AMA-O14300,21-Mar-2023,78.61,Paid,0.0
AMA-R18395,AMA-O12723,02/04/2025,16.82,Paid,0.0
AMA-R12316,AMA-O14818,11-Jul-2025,205.85,Paid,0.0
AMA-R9930,AMA-O6814,30-Mar-2024,76.84,Paid,0.0
AMA-R12361,AMA-O14839,01/09/2025,1992.8,Paid,0.0
AMA-R15846,AMA-O13917,2025-10-24,47.84,Paid,0.0
AMA-R9211,AMA-O10084,17-Jun-2023,109.52,Refunded,0.0
AMA-R18011,AMA-O11351,2024-12-06,1929.75,Paid,0.0
AMA-R13211,AMA-O7524,04/05/2023,163.23,Paid,0.0
AMA-R15569,AMA-O14284,06/02/2025,139.4,Paid,0.0
AMA-R14335,AMA-O9126,2023-09-21,461.16,Paid,461.16
AMA-R10345,AMA-O9091,08/20/2024,626.48,Paid,0.0
AMA-R9727,AMA-O13756,11/14/2023,369.63,Pending,0.0
AMA-R15056,AMA-O6696,13-Nov-2024,303.72,Paid,0.0
AMA-R13336,AMA-O13568,05-Nov-2025,130.95,Paid,0.0
AMA-R12031,AMA-O14672,2024-11-13,,Paid,0.0
AMA-R16603,AMA-O13221,03/12/2025,63.32,Paid,0.0
AMA-R16599,AMA-O12165,14-Feb-2024,43.56,Refunded,0.0
AMA-R17298,AMA-O8170,2025-09-15,159.63,Paid,0.0
AMA-R13403,AMA-O6252,2023-07-27,149.1,Paid,0.0
AMA-R10613,AMA-O10054,04/19/2024,716.28,Paid,716.28
AMA-R18180,AMA-O9363,11/26/2023,122.6,Paid,0.0
AMA-R12299,AMA-O13524,2023-04-07,739.14,Refunded,0.0
AMA-R9021,AMA-O14191,20-Aug-2023,830.55,Paid,0.0
AMA-R11333,AMA-O14658,06-Oct-2024,13.43,Paid,0.0
AMA-R10658,AMA-O9817,22-Dec-2025,216.45,Paid,0.0
AMA-R17946,AMA-O5949,14-Nov-2025,43.5,Paid,43.5
AMA-R13678,AMA-O10958,2025-01-06,1111.85,Paid,0.0
AMA-R15927,AMA-O14835,15-Jul-2024,424.84,Paid,424.84
AMA-R12282,AMA-O9433,01/22/2024,152.04,Refunded,0.0
AMA-R17311,AMA-O9362,09/30/2024,278.94,Paid,0.0
AMA-R16393,AMA-O12954,28-Jun-2025,31.04,Pending,0.0
AMA-R12557,AMA-O11790,04-Sep-2024,25.41,Paid,0.0
AMA-R13158,AMA-O12400,23-Dec-2025,22.84,Paid,0.0
AMA-R9447,AMA-O13863,14-Apr-2025,123.8,Refunded,0.0
AMA-R16191,AMA-O12105,07/29/2023,234.75,Paid,234.75
AMA-R12297,AMA-O12077,2024-05-21,45.13,Paid,0.0
AMA-R11811,AMA-O6895,2024-02-24,9.84,Refunded,0.0
AMA-R16345,AMA-O13984,09-Jan-2023,445.3,Paid,0.0
AMA-R11719,AMA-O9120,06/01/2024,374.0,Refunded,0.0
AMA-R10417,AMA-O5744,2025-07-29,,Paid,0.0
AMA-R13778,AMA-O7769,2025-12-10,17.78,Paid,0.0
AMA-R16270,AMA-O10366,2025-01-24,114.96,Paid,0.0
AMA-R11868,AMA-O10410,2023-05-15,192.44,Paid,0.0
AMA-R17334,AMA-O10153,09/30/2023,348.92,Paid,0.0
AMA-R11696,AMA-O13398,08-Sep-2023,175.56,Paid,0.0
AMA-R10638,AMA-O10097,17-Jul-2023,183.81,Refunded,0.0
AMA-R16658,AMA-O7164,04/22/2024,198.9,Paid,0.0
AMA-R14187,AMA-O14000,03-Apr-2023,850.02,Paid,0.0
AMA-R10101,AMA-O5849,07/22/2024,308.45,Refunded,0.0
AMA-R12552,AMA-O13575,2024-04-29,97.75,Refunded,0.0
AMA-R14852,AMA-O8630,11/10/2024,843.12,Refunded,0.0
AMA-R17562,AMA-O8390,26-Dec-2023,51.92,Paid,0.0
AMA-R10779,AMA-O6523,17-Jan-2023,746.4,Paid,0.0
AMA-R14142,AMA-O10184,10-Oct-2023,281.1,Paid,0.0
AMA-R9561,AMA-O9027,05-Sep-2023,80.88,Paid,0.0
AMA-R17905,AMA-O8928,22-May-2023,16.98,Refunded,0.0
AMA-R15229,AMA-O10570,25-Oct-2025,783.05,Paid,0.0
AMA-R13491,AMA-O13801,05/03/2025,41.64,Pending,0.0
AMA-R17808,AMA-O14591,2023-10-08,179.12,Paid,0.0
AMA-R10044,AMA-O7955,2023-05-27,136.34,Paid,0.0
AMA-R18374,AMA-O12495,05-Oct-2024,877.47,Paid,340.75
AMA-R12343,AMA-O7374,2023-04-07,594.95,Paid,267.58
AMA-R9881,AMA-O13893,18-Apr-2023,38.84,Pending,0.0
AMA-R16706,AMA-O8554,2024-10-24,149.43,Refunded,0.0
AMA-R15493,AMA-O12512,2024-10-07,210.84,Paid,0.0
AMA-R13870,AMA-O14863,25-Sep-2023,39.99,Paid,0.0
AMA-R9063,AMA-O11668,04/30/2025,320.3,Paid,320.3
AMA-R10612,AMA-O6485,2025-08-08,172.5,Refunded,0.0
AMA-R16190,AMA-O6777,06-Jan-2025,54.8,Paid,0.0
AMA-R15508,AMA-O12410,03-May-2023,23.34,Refunded,10.61
AMA-R11089,AMA-O5299,2023-02-26,26.4,Pending,0.0
AMA-R16490,AMA-O9386,09/10/2023,132.26,Paid,0.0
AMA-R12391,AMA-O11760,08-Jul-2023,118.7,Pending,0.0
AMA-R15850,AMA-O5907,2023-02-27,64.23,Paid,64.23
AMA-R9688,AMA-O14841,08-Jul-2025,152.28,Pending,0.0
AMA-R11563,AMA-O13384,11/11/2024,122.88,Paid,0.0
AMA-R9369,AMA-O5672,16-Feb-2025,202.3,Paid,0.0
AMA-R11444,AMA-O6428,2025-07-17,33.65,Paid,0.0
AMA-R10031,AMA-O13397,2023-11-03,381.5,Paid,381.5
AMA-R14565,AMA-O13925,03/25/2024,192.92,Pending,0.0
AMA-R14600,AMA-O13661,12/13/2024,389.58,Pending,0.0
AMA-R10114,AMA-O9933,18-Jul-2025,219.88,Paid,0.0
AMA-R9576,AMA-O12405,05-Feb-2023,162.63,Paid,0.0
AMA-R14356,AMA-O6820,2023-12-13,460.92,Paid,0.0
AMA-R12844,AMA-O9659,02/08/2025,52.92,Paid,0.0
AMA-R9149,AMA-O14462,11/19/2025,24.39,Paid,0.0
AMA-R11028,AMA-O9430,2025-11-08,109.44,Paid,0.0
AMA-R12842,AMA-O9588,2024-01-13,93.34,Refunded,0.0
AMA-R11692,AMA-O12921,2024-11-28,202.12,Paid,0.0
AMA-R9608,AMA-O7974,2024-06-22,279.28,Paid,0.0
AMA-R11217,AMA-O12461,2025-03-30,31.94,Paid,0.0
AMA-R15826,AMA-O8235,08/07/2023,344.48,Paid,0.0
AMA-R17442,AMA-O8427,01/13/2025,6.6,Paid,6.6
AMA-R10651,AMA-O13720,2025-11-30,577.52,Paid,0.0
AMA-R15710,AMA-O11414,2023-10-03,532.8,Paid,0.0
AMA-R17595,AMA-O7709,21-Aug-2025,8.73,Paid,8.73
AMA-R13692,AMA-O13168,15-Jan-2024,126.26,Paid,0.0
AMA-R14710,AMA-O6762,2025-10-25,249.41,Paid,0.0
AMA-R10407,AMA-O5883,16-Mar-2025,1444.05,Paid,0.0
AMA-R15104,AMA-O10363,10/25/2025,71.75,Refunded,33.98
AMA-R10792,AMA-O9891,25-Jul-2024,168.69,Paid,32.19
AMA-R14031,AMA-O6434,2025-05-31,200.05,Refunded,0.0
AMA-R15234,AMA-O8097,2024-01-26,462.9,Pending,0.0
AMA-R11418,AMA-O10429,05/02/2024,36.44,Paid,0.0
AMA-R11874,AMA-O14324,10-Apr-2025,138.63,Paid,0.0
AMA-R10598,AMA-O8979,21-Feb-2023,23.48,Paid,0.0
AMA-R18265,AMA-O7016,2025-08-16,24.26,Paid,24.26
AMA-R10500,AMA-O13791,2024-09-13,64.48,Paid,0.0
AMA-R10956,AMA-O8043,2025-09-18,,Pending,0.0
AMA-R12221,AMA-O11982,2024-06-20,51.44,Paid,0.0
AMA-R11182,AMA-O6990,15-Sep-2025,159.08,Paid,0.0
AMA-R16269,AMA-O10598,30-Sep-2023,252.8,Refunded,0.0
AMA-R17897,AMA-O14719,23-Jan-2025,223.22,Pending,0.0
AMA-R13621,AMA-O11966,25-Jul-2023,111.92,Paid,0.0
AMA-R16965,AMA-O9013,05-May-2025,119.52,Paid,119.52
AMA-R12591,AMA-O6166,24-Sep-2023,8.78,Pending,0.0
AMA-R16985,AMA-O8456,2023-07-12,46.35,Paid,0.0
AMA-R17466,AMA-O9216,30-Dec-2025,494.76,Paid,0.0
AMA-R17220,AMA-O10088,2023-08-05,104.69,Paid,0.0
AMA-R15280,AMA-O12040,17-Mar-2024,41.67,Paid,41.67
AMA-R15107,AMA-O12703,2023-03-05,100.32,Refunded,0.0
AMA-R14060,AMA-O8346,2025-12-21,29.94,Refunded,0.0
AMA-R11355,AMA-O12515,12/27/2023,,Paid,0.0
AMA-R14539,AMA-O13474,09/26/2025,139.75,Paid,139.75
AMA-R13264,AMA-O14072,03/22/2024,53.76,Pending,0.0
AMA-R15713,AMA-O6201,2023-09-24,564.4,Paid,0.0
AMA-R12260,AMA-O9153,12/31/2023,,Pending,0.0
AMA-R9161,AMA-O5417,2023-06-20,41.42,Paid,41.42
AMA-R17250,AMA-O14994,2023-06-07,55.83,Paid,0.0
AMA-R10972,AMA-O6295,16-Aug-2023,127.62,Paid,0.0
AMA-R17223,AMA-O8775,06-Apr-2025,122.34,Paid,0.0
AMA-R15106,AMA-O10050,2024-02-29,36.64,Paid,36.64
AMA-R10053,AMA-O10359,2024-11-14,49.92,Refunded,0.0
AMA-R9367,AMA-O5747,08/18/2023,70.04,Paid,0.0
AMA-R18046,AMA-O13251,03-Sep-2025,,Paid,0.0
AMA-R10871,AMA-O7046,2025-03-15,76.58,Paid,0.0
AMA-R17017,AMA-O9448,2024-02-26,77.49,Paid,0.0
AMA-R14789,AMA-O14122,2023-10-23,24.04,Paid,0.0
AMA-R14266,AMA-O12867,09-Jul-2025,140.18,Refunded,0.0
AMA-R11553,AMA-O6568,08/30/2025,516.69,Paid,119.21
AMA-R9036,AMA-O11580,06-Oct-2024,1337.6,Paid,0.0
AMA-R12969,AMA-O12403,2024-06-25,788.72,Paid,0.0
AMA-R18135,AMA-O11438,14-May-2024,120.99,Refunded,0.0
AMA-R16100,AMA-O8396,28-Jul-2023,327.52,Paid,0.0
AMA-R18318,AMA-O6674,31-Mar-2024,34.03,Paid,0.0
AMA-R18056,AMA-O7583,03/17/2025,16.23,Paid,0.0
AMA-R10309,AMA-O9927,10/29/2024,102.09,Paid,0.0
AMA-R18074,AMA-O9559,2024-02-15,186.81,Paid,0.0
AMA-R14766,AMA-O14700,02/24/2024,38.36,Paid,38.36
AMA-R16087,AMA-O10098,07/27/2024,578.55,Paid,0.0
AMA-R9937,AMA-O9296,26-Oct-2023,24.9,Paid,0.0
AMA-R16553,AMA-O13225,09-Oct-2023,2651.56,Paid,0.0
AMA-R14149,AMA-O12841,04/23/2025,269.67,Refunded,0.0
AMA-R13836,AMA-O9486,03/07/2023,747.9,Pending,0.0
AMA-R14293,AMA-O9065,10/29/2023,557.64,Paid,557.64
AMA-R12549,AMA-O5581,12/05/2023,81.44,Paid,0.0
AMA-R17563,AMA-O6038,2023-05-16,99.98,Paid,99.98
AMA-R16412,AMA-O13513,23-Sep-2025,2078.52,Paid,0.0
AMA-R14574,AMA-O12636,11/30/2024,184.05,Paid,0.0
AMA-R13372,AMA-O12879,06/11/2024,111.99,Paid,0.0
AMA-R10112,AMA-O5055,03/07/2025,27.83,Refunded,0.0
AMA-R17725,AMA-O10249,2023-03-11,75.29,Paid,0.0
AMA-R15450,AMA-O11293,10/31/2024,349.14,Paid,349.14
AMA-R12095,AMA-O7908,2025-05-11,87.9,Paid,87.9
AMA-R15167,AMA-O13253,2023-10-20,339.36,Paid,0.0
AMA-R12594,AMA-O8109,03/29/2024,80.85,Paid,80.85
AMA-R15822,AMA-O8448,2024-08-31,55.58,Paid,0.0
AMA-R9289,AMA-O8076,30-Jan-2023,24.09,Paid,0.0
AMA-R10642,AMA-O7829,10/09/2025,197.68,Paid,0.0
AMA-R11841,AMA-O11455,2023-02-14,62.9,Paid,0.0
AMA-R14741,AMA-O9124,2025-11-16,729.72,Paid,0.0
AMA-R13649,AMA-O5312,2024-10-01,491.94,Paid,0.0
AMA-R16141,AMA-O5297,03-Jul-2023,32.82,Paid,32.82
AMA-R9927,AMA-O13341,19-Dec-2024,178.77,Paid,0.0
AMA-R14489,AMA-O5612,2025-04-21,187.83,Paid,0.0
AMA-R12336,AMA-O13222,03-Jul-2023,118.32,Paid,118.32
AMA-R12656,AMA-O7733,08-Jun-2023,287.25,Paid,0.0
AMA-R13645,AMA-O14599,29-Mar-2023,160.42,Paid,0.0
AMA-R9826,AMA-O14546,2023-01-10,1667.5,Paid,0.0
AMA-R9018,AMA-O11688,21-Jan-2025,66.28,Paid,0.0
AMA-R12834,AMA-O11034,12-Feb-2025,786.18,Paid,0.0
AMA-R10284,AMA-O14977,07/21/2025,57.32,Paid,57.32
AMA-R9147,AMA-O6916,2023-09-15,168.48,Paid,0.0
AMA-R14521,AMA-O6100,2024-02-26,119.9,Paid,27.8
AMA-R9062,AMA-O13651,01/04/2024,352.8,Refunded,0.0
AMA-R11809,AMA-O6257,11/13/2025,1033.06,Refunded,0.0
AMA-R18293,AMA-O9633,09/14/2025,87.12,Paid,0.0
AMA-R17656,AMA-O14902,2023-09-10,1872.88,Pending,0.0
AMA-R10822,AMA-O11203,08/01/2023,34.62,Paid,34.62
AMA-R11383,AMA-O11450,2025-11-17,149.32,Paid,0.0
AMA-R9355,AMA-O5584,02-Mar-2024,108.72,Paid,0.0
AMA-R13392,AMA-O8801,2025-11-23,17.02,Paid,0.0
AMA-R14913,AMA-O8060,01/02/2024,139.0,Paid,0.0
AMA-R11948,AMA-O14691,2024-02-13,44.56,Paid,0.0
AMA-R16910,AMA-O11570,17-May-2025,118.83,Paid,0.0
AMA-R14575,AMA-O8643,02/10/2023,2635.5,Paid,0.0
AMA-R15371,AMA-O8565,07/11/2023,153.56,Paid,0.0
AMA-R11000,AMA-O9201,04-Sep-2025,117.14,Paid,0.0
AMA-R11917,AMA-O10835,2025-07-09,177.75,Paid,177.75
AMA-R11464,AMA-O9726,09/03/2025,383.96,Paid,56.42
AMA-R18175,AMA-O6167,04/13/2024,,Pending,0.0
AMA-R14357,AMA-O14480,2024-03-15,120.12,Paid,0.0
AMA-R12728,AMA-O9249,11/03/2025,151.55,Paid,151.55
AMA-R11996,AMA-O6109,01/24/2023,46.26,Paid,0.0
AMA-R15692,AMA-O9695,2025-03-31,176.76,Refunded,0.0
AMA-R10563,AMA-O10699,16-May-2025,167.55,Paid,0.0
AMA-R16425,AMA-O14109,2023-07-15,77.0,Paid,0.0
AMA-R14907,AMA-O6722,16-Feb-2025,230.92,Paid,0.0
AMA-R17360,AMA-O11887,2023-11-01,193.2,Refunded,0.0
AMA-R15257,AMA-O14944,13-Dec-2023,23.61,Paid,23.61
AMA-R10442,AMA-O6705,03-Feb-2023,238.72,Paid,0.0
AMA-R10354,AMA-O10072,2023-08-12,168.36,Paid,43.23
AMA-R17834,AMA-O8228,2024-04-02,100.84,Paid,100.84
AMA-R9271,AMA-O12962,06/03/2024,143.94,Paid,0.0
AMA-R14369,AMA-O6087,02/19/2023,249.55,Paid,249.55
AMA-R16564,AMA-O8424,21-Dec-2024,,Paid,0.0
AMA-R13740,AMA-O6522,2023-04-25,600.48,Refunded,0.0
AMA-R12830,AMA-O14671,25-Mar-2023,450.0,Paid,0.0
AMA-R18235,AMA-O11383,03/06/2025,75.4,Paid,0.0
AMA-R17309,AMA-O6452,01/14/2025,17.31,Paid,0.0
AMA-R15912,AMA-O8293,04-May-2025,68.96,Paid,0.0
AMA-R12461,AMA-O8625,07/06/2024,42.4,Paid,0.0
AMA-R12655,AMA-O9490,2024-08-09,16.26,Paid,0.0
AMA-R10521,AMA-O10239,2023-01-13,457.55,Pending,0.0
AMA-R15201,AMA-O13424,27-Oct-2023,393.35,Paid,0.0
AMA-R15977,AMA-O5165,2023-12-19,1300.45,Pending,0.0
AMA-R12038,AMA-O12780,29-May-2023,34.02,Paid,0.0
AMA-R16305,AMA-O12305,04-Aug-2024,329.01,Paid,329.01
AMA-R14238,AMA-O9432,2025-04-05,89.35,Paid,0.0
AMA-R16667,AMA-O12650,2023-07-02,73.86,Paid,0.0
AMA-R10459,AMA-O14981,2025-08-07,222.84,Paid,0.0
AMA-R15122,AMA-O14758,22-Sep-2025,20.77,Paid,0.0
AMA-R12797,AMA-O11111,2024-01-11,1595.76,Paid,0.0
AMA-R15512,AMA-O5067,09-Jan-2025,79.86,Paid,0.0
AMA-R14285,AMA-O10474,2025-12-16,95.94,Paid,0.0
AMA-R15054,AMA-O13157,2023-03-01,191.5,Paid,0.0
AMA-R14407,AMA-O5405,2024-09-05,109.26,Paid,0.0
AMA-R10291,AMA-O13726,05/08/2024,494.1,Paid,0.0
AMA-R10266,AMA-O13144,05/06/2023,495.48,Paid,0.0
AMA-R10384,AMA-O5588,2025-05-21,101.82,Paid,0.0
AMA-R13237,AMA-O10240,30-Oct-2024,104.84,Pending,0.0
AMA-R15198,AMA-O14383,25-Mar-2024,812.05,Refunded,0.0
AMA-R14800,AMA-O10138,09/13/2024,563.55,Pending,0.0
AMA-R14981,AMA-O7578,09/17/2024,2424.8,Paid,0.0
AMA-R16268,AMA-O13154,2025-10-12,,Paid,0.0
AMA-R12499,AMA-O9221,2023-03-01,147.75,Paid,0.0
AMA-R16897,AMA-O5486,2024-01-02,145.94,Paid,145.94
AMA-R9721,AMA-O9575,12/13/2023,181.65,Paid,0.0
AMA-R11346,AMA-O12701,11-Feb-2023,764.36,Paid,0.0
AMA-R11617,AMA-O6033,08/22/2024,52.65,Paid,0.0
AMA-R10262,AMA-O14196,07/02/2023,47.92,Paid,0.0
AMA-R14683,AMA-O6255,01-Nov-2023,2320.88,Refunded,0.0
AMA-R12280,AMA-O13121,2024-09-19,103.5,Paid,0.0
AMA-R14693,AMA-O14050,20-Jun-2023,257.5,Paid,257.5
AMA-R17317,AMA-O14553,2025-02-13,,Paid,165.74
AMA-R11218,AMA-O7588,03-May-2024,147.9,Refunded,0.0
AMA-R10344,AMA-O9368,10/21/2024,18.25,Paid,18.25
AMA-R11893,AMA-O10691,09-Mar-2024,26.58,Refunded,0.0
AMA-R15602,AMA-O8001,05-Nov-2025,84.2,Paid,0.0
AMA-R12982,AMA-O11155,01-May-2025,280.56,Paid,280.56
AMA-R11770,AMA-O10207,2023-09-02,1731.8,Paid,0.0
AMA-R18622,AMA-O7411,2025-03-15,236.04,Paid,0.0
AMA-R9375,AMA-O10842,09/01/2025,994.96,Paid,0.0
AMA-R13879,AMA-O6779,29-Aug-2024,6.33,Paid,3.14
AMA-R11916,AMA-O8942,03-Dec-2024,,Refunded,0.0
AMA-R15364,AMA-O5009,23-Jan-2024,147.68,Paid,0.0
AMA-R17907,AMA-O10724,03/26/2024,43.04,Paid,43.04
AMA-R16086,AMA-O10216,12/21/2024,70.65,Paid,0.0
AMA-R11148,AMA-O7116,2024-11-26,,Paid,0.0
AMA-R13685,AMA-O11125,09/10/2025,140.78,Paid,0.0
AMA-R15756,AMA-O6634,2024-01-06,53.56,Paid,23.6
AMA-R13595,AMA-O7612,2024-02-19,78.04,Refunded,0.0
AMA-R11205,AMA-O9557,12/17/2025,78.62,Paid,0.0
AMA-R11992,AMA-O8662,07-May-2023,79.49,Paid,0.0
AMA-R13930,AMA-O7718,12-Sep-2024,231.0,Paid,0.0
AMA-R13233,AMA-O5072,05/07/2023,655.0,Paid,0.0
AMA-R12008,AMA-O13530,05-May-2023,62.78,Paid,62.78
AMA-R12482,AMA-O6276,2024-07-06,265.17,Refunded,0.0
AMA-R17240,AMA-O9937,10/04/2025,12.74,Paid,0.0
AMA-R9562,AMA-O7193,11/28/2024,114.28,Refunded,0.0
AMA-R9564,AMA-O7895,12/04/2023,23.31,Paid,0.0
AMA-R15224,AMA-O11014,01/06/2025,108.18,Paid,108.18
AMA-R11143,AMA-O6491,02-Oct-2023,729.5,Refunded,0.0
AMA-R14256,AMA-O6751,2023-09-17,253.2,Paid,0.0
AMA-R10787,AMA-O8041,03/23/2025,515.1,Paid,0.0
AMA-R16022,AMA-O7215,20-Jul-2025,195.32,Paid,0.0
AMA-R10432,AMA-O12365,2025-01-26,147.64,Paid,0.0
AMA-R9913,AMA-O14942,2025-04-03,59.08,Paid,0.0
AMA-R13340,AMA-O14068,20-Feb-2025,113.28,Paid,0.0
AMA-R15001,AMA-O5749,08/10/2025,57.18,Refunded,0.0
AMA-R15136,AMA-O10912,28-Oct-2023,59.3,Paid,0.0
AMA-R9653,AMA-O10603,2024-10-08,78.74,Pending,0.0
AMA-R9015,AMA-O10067,01/16/2023,135.24,Paid,0.0
AMA-R13404,AMA-O14217,17-Mar-2023,57.83,Paid,57.83
AMA-R16685,AMA-O14557,24-Nov-2023,19.51,Paid,0.0
AMA-R12328,AMA-O12073,11-Dec-2025,42.27,Paid,0.0
AMA-R17035,AMA-O6035,04/22/2023,93.02,Paid,0.0
AMA-R18569,AMA-O12914,22-Jun-2025,266.0,Pending,0.0
AMA-R13014,AMA-O11907,11/23/2025,,Pending,0.0
AMA-R14179,AMA-O6608,2025-02-19,343.14,Paid,100.74
AMA-R9254,AMA-O12419,2025-12-21,1028.45,Paid,0.0
AMA-R17048,AMA-O9996,16-Sep-2024,163.65,Paid,163.65
AMA-R14644,AMA-O6580,19-Nov-2025,19.02,Paid,19.02
AMA-R14624,AMA-O8313,15-Dec-2023,292.35,Refunded,0.0
AMA-R10370,AMA-O7964,04/23/2025,18.96,Paid,18.96
AMA-R18501,AMA-O12984,06/04/2025,87.32,Paid,0.0
AMA-R10009,AMA-O11884,10/08/2023,85.4,Paid,0.0
AMA-R15309,AMA-O10719,02/03/2024,95.05,Paid,0.0
AMA-R9275,AMA-O14409,02-Feb-2024,251.4,Paid,0.0
AMA-R15975,AMA-O6230,05/13/2025,90.88,Pending,0.0
AMA-R14360,AMA-O13564,10/31/2023,53.05,Paid,0.0
AMA-R11550,AMA-O9076,2024-08-08,247.12,Paid,0.0
AMA-R15883,AMA-O12633,06-Jan-2025,584.16,Paid,0.0
AMA-R15013,AMA-O11967,2025-06-20,294.0,Paid,294.0
AMA-R15457,AMA-O8610,2023-05-04,33.74,Paid,0.0
AMA-R16319,AMA-O6443,06/04/2023,674.1,Refunded,0.0
AMA-R11647,AMA-O14466,03/15/2023,82.55,Refunded,0.0
AMA-R11347,AMA-O9335,2025-12-14,34.62,Paid,0.0
AMA-R18003,AMA-O11858,16-Jun-2023,644.97,Paid,0.0
AMA-R15870,AMA-O6364,13-Mar-2024,25.62,Refunded,0.0
AMA-R12150,AMA-O9068,05/30/2025,213.0,Paid,0.0
AMA-R11145,AMA-O13901,13-Jul-2025,150.08,Paid,0.0
AMA-R14820,AMA-O6572,2025-01-18,762.48,Paid,0.0
AMA-R17658,AMA-O12819,2023-03-06,92.08,Paid,0.0
AMA-R13908,AMA-O11656,27-Oct-2025,47.24,Paid,0.0
AMA-R12872,AMA-O13668,18-Jul-2023,49.44,Refunded,0.0
AMA-R11814,AMA-O12708,05/31/2023,12.23,Paid,0.0
AMA-R15524,AMA-O12108,08/25/2023,234.27,Paid,70.97
AMA-R9890,AMA-O9392,05/13/2025,2066.2,Paid,2066.2
AMA-R10471,AMA-O14108,01/20/2023,279.68,Refunded,0.0
AMA-R17226,AMA-O7560,30-Jul-2025,1471.98,Paid,0.0
AMA-R18488,AMA-O5167,08/01/2025,308.15,Paid,308.15
AMA-R11838,AMA-O11604,2024-08-12,89.92,Paid,0.0
AMA-R16453,AMA-O10790,06/26/2023,27.64,Paid,0.0
AMA-R11837,AMA-O12532,04-Dec-2023,17.58,Paid,17.58
AMA-R14429,AMA-O13012,19-May-2025,819.28,Paid,0.0
AMA-R14376,AMA-O12336,08-Oct-2025,527.7,Pending,0.0
AMA-R14064,AMA-O9680,31-May-2024,280.98,Paid,0.0
AMA-R11913,AMA-O14991,01/10/2023,50.91,Paid,50.91
AMA-R12966,AMA-O14804,2023-11-28,1624.0,Paid,0.0
AMA-R10462,AMA-O8622,01/23/2024,286.5,Paid,0.0
AMA-R13447,AMA-O13821,05/01/2023,591.18,Paid,0.0
AMA-R17247,AMA-O6534,06/28/2024,1049.16,Paid,1049.16
AMA-R13365,AMA-O13214,06/02/2023,95.58,Paid,0.0
AMA-R10059,AMA-O12342,06/27/2024,59.6,Paid,0.0
AMA-R14499,AMA-O6746,06-Aug-2025,2956.4,Paid,0.0
AMA-R10134,AMA-O14313,2025-06-28,327.0,Paid,0.0
AMA-R13855,AMA-O12846,2024-10-15,92.26,Paid,0.0
AMA-R9385,AMA-O8786,05/20/2023,73.58,Paid,0.0
AMA-R12384,AMA-O14877,2024-08-07,247.98,Paid,0.0
AMA-R17993,AMA-O14775,2024-08-07,729.5,Paid,0.0
AMA-R17855,AMA-O9096,06/28/2025,91.8,Paid,0.0
AMA-R9509,AMA-O12656,06-Dec-2023,292.32,Pending,0.0
AMA-R15292,AMA-O6152,12/28/2025,797.6,Refunded,0.0
AMA-R17381,AMA-O12791,2023-06-09,160.04,Paid,0.0
AMA-R14017,AMA-O6899,08-May-2025,86.07,Paid,0.0
AMA-R11686,AMA-O10950,12/06/2024,443.28,Paid,0.0
AMA-R14129,AMA-O14891,04/16/2023,532.36,Paid,0.0
AMA-R11257,AMA-O12327,01/07/2025,354.63,Refunded,0.0
AMA-R17287,AMA-O6110,06-Oct-2025,1151.1,Paid,0.0
AMA-R13929,AMA-O6352,08-Mar-2024,1207.45,Pending,0.0
AMA-R16583,AMA-O10944,12/10/2023,299.8,Paid,299.8
AMA-R13825,AMA-O5736,2023-06-08,84.5,Paid,0.0
AMA-R17665,AMA-O12296,2025-09-13,346.53,Paid,0.0
AMA-R16983,AMA-O6981,10/23/2023,26.32,Pending,0.0
AMA-R10412,AMA-O6536,04/14/2025,392.18,Paid,0.0
AMA-R9221,AMA-O13040,04/04/2023,184.16,Paid,0.0
AMA-R15934,AMA-O10532,2024-10-20,133.32,Paid,0.0
AMA-R11133,AMA-O10740,19-Apr-2025,62.19,Paid,0.0
AMA-R14523,AMA-O11234,10-Dec-2023,570.87,Paid,570.87
AMA-R14807,AMA-O14697,03/29/2025,67.42,Refunded,0.0
AMA-R11644,AMA-O9061,21-Jun-2024,35.27,Paid,0.0
AMA-R13226,AMA-O9825,21-Feb-2024,,Paid,94.29
AMA-R10518,AMA-O14058,01/11/2023,2140.23,Paid,0.0
AMA-R12429,AMA-O12580,04/21/2023,6.3,Paid,0.0
AMA-R11547,AMA-O13210,06-Jan-2024,99.92,Paid,0.0
AMA-R13974,AMA-O11046,10/01/2025,189.6,Paid,0.0
AMA-R13689,AMA-O9979,2025-06-14,300.48,Paid,0.0
AMA-R17829,AMA-O8895,2025-12-06,169.7,Paid,0.0
AMA-R17370,AMA-O8657,2023-03-30,99.43,Paid,0.0
AMA-R16796,AMA-O7225,03/25/2024,36.38,Paid,0.0
AMA-R15476,AMA-O13980,2025-08-29,10.52,Paid,0.0
AMA-R16657,AMA-O5035,12/18/2025,83.55,Paid,83.55
AMA-R12415,AMA-O13763,09/25/2024,232.95,Paid,0.0
AMA-R17231,AMA-O14490,02-Jun-2024,118.7,Paid,0.0
AMA-R12501,AMA-O9358,2024-05-24,80.88,Paid,80.88
AMA-R15406,AMA-O12064,06/25/2023,864.96,Paid,0.0
AMA-R17190,AMA-O10747,02/28/2024,,Refunded,0.0
AMA-R9620,AMA-O14729,12/10/2024,204.4,Paid,204.4
AMA-R11826,AMA-O5716,09/19/2023,54.66,Refunded,0.0
AMA-R14350,AMA-O14342,19-Dec-2025,72.48,Paid,0.0
AMA-R13316,AMA-O6144,24-May-2025,543.96,Refunded,0.0
AMA-R16406,AMA-O10312,2025-11-21,537.35,Pending,0.0
AMA-R18632,AMA-O11663,2025-04-06,,Paid,0.0
AMA-R12841,AMA-O8981,14-Nov-2025,,Paid,0.0
AMA-R16273,AMA-O5305,03/15/2023,1530.88,Paid,0.0
AMA-R16250,AMA-O7414,2025-05-30,271.75,Paid,0.0
AMA-R16731,AMA-O13689,2023-02-20,1024.86,Paid,0.0
AMA-R13023,AMA-O14508,06/27/2025,59.11,Paid,0.0
AMA-R12434,AMA-O10662,20-Jul-2025,260.65,Paid,0.0
AMA-R14755,AMA-O7219,30-Mar-2024,147.88,Paid,147.88
AMA-R11336,AMA-O11995,23-Apr-2024,87.52,Paid,87.52
AMA-R14531,AMA-O9443,24-May-2025,155.12,Paid,0.0
AMA-R15178,AMA-O13186,2024-12-23,207.52,Paid,0.0
AMA-R15648,AMA-O8654,28-May-2025,209.79,Paid,0.0
AMA-R13897,AMA-O11419,2023-06-22,57.84,Paid,0.0
AMA-R13129,AMA-O5048,2025-03-06,135.93,Paid,0.0
AMA-R13945,AMA-O13822,30-Sep-2025,429.8,Refunded,0.0
AMA-R16402,AMA-O10368,14-Oct-2023,81.16,Paid,0.0
AMA-R11389,AMA-O6015,28-Feb-2024,58.37,Paid,0.0
AMA-R12517,AMA-O8205,2024-03-30,,Paid,0.0
AMA-R13054,AMA-O14015,01/17/2025,31.36,Paid,0.0
AMA-R11756,AMA-O10342,2025-05-24,220.8,Paid,0.0
AMA-R15085,AMA-O10887,26-Jul-2023,992.05,Paid,0.0
AMA-R13573,AMA-O8029,21-Jan-2025,1121.55,Pending,0.0
AMA-R17069,AMA-O10152,03/17/2024,7.67,Paid,0.0
AMA-R12400,AMA-O7026,06/12/2024,167.61,Paid,167.61
AMA-R16715,AMA-O10250,01/02/2024,23.81,Paid,0.0
AMA-R14927,AMA-O14142,29-Aug-2024,577.44,Paid,0.0
AMA-R18526,AMA-O12215,2024-11-20,235.5,Paid,0.0
AMA-R18618,AMA-O6147,2024-10-03,,Paid,0.0
AMA-R16554,AMA-O9220,16-Jul-2025,16.35,Paid,0.0
AMA-R13844,AMA-O11290,2025-12-01,1963.08,Paid,0.0
AMA-R14117,AMA-O9276,07/24/2024,71.8,Paid,0.0
AMA-R18172,AMA-O13819,28-Jan-2024,14.01,Paid,1.85
AMA-R17823,AMA-O14075,06/23/2023,58.27,Paid,0.0
AMA-R11867,AMA-O5695,2024-01-31,71.9,Paid,0.0
AMA-R17803,AMA-O7701,2024-11-17,295.83,Paid,295.83
AMA-R9802,AMA-O11011,2023-10-24,1127.92,Paid,0.0
AMA-R18199,AMA-O9109,11-Jul-2023,1404.32,Paid,0.0
AMA-R11967,AMA-O12717,03/08/2024,,Refunded,0.0
AMA-R12201,AMA-O13811,2023-02-20,127.0,Paid,0.0
AMA-R14606,AMA-O13605,29-Mar-2025,244.86,Refunded,0.0
AMA-R12140,AMA-O13633,2023-11-04,232.25,Paid,232.25
AMA-R9086,AMA-O6760,09/20/2025,44.16,Paid,0.0
AMA-R10308,AMA-O8254,22-Feb-2024,313.35,Refunded,0.0
AMA-R13810,AMA-O8148,13-Aug-2025,261.99,Pending,75.35
AMA-R10684,AMA-O9717,08/18/2025,188.82,Paid,0.0
AMA-R9873,AMA-O10280,06/09/2025,229.4,Paid,229.4
AMA-R15126,AMA-O5621,2023-09-18,72.9,Paid,72.9
AMA-R11706,AMA-O12517,02/22/2023,113.32,Paid,0.0
AMA-R12428,AMA-O8898,2025-07-03,243.55,Paid,0.0
AMA-R17972,AMA-O12622,2024-02-03,240.52,Paid,0.0
AMA-R15409,AMA-O5301,2025-01-21,125.94,Refunded,0.0
AMA-R15603,AMA-O6375,04/27/2024,47.76,Paid,0.0
AMA-R15773,AMA-O7387,2023-09-28,29.8,Paid,0.0
AMA-R14262,AMA-O7410,03-May-2024,29.48,Paid,0.0
AMA-R16513,AMA-O13143,11/10/2024,39.0,Paid,0.0
AMA-R12683,AMA-O8536,2025-11-16,34.97,Paid,0.0
AMA-R15930,AMA-O10362,2025-02-21,526.74,Paid,0.0
AMA-R9611,AMA-O6553,12-Apr-2023,545.88,Paid,0.0
AMA-R12257,AMA-O7471,18-Apr-2025,17.48,Paid,0.0
AMA-R16996,AMA-O12279,06/14/2025,1483.32,Refunded,0.0
AMA-R11345,AMA-O10377,09/01/2025,412.29,Paid,0.0
AMA-R13936,AMA-O10670,04-Apr-2024,,Paid,0.0
AMA-R12386,AMA-O5613,12/29/2025,791.68,Paid,0.0
AMA-R9814,AMA-O9755,12/16/2024,161.04,Refunded,0.0
AMA-R14010,AMA-O12654,2025-04-17,329.95,Paid,0.0
AMA-R11733,AMA-O13618,22-Nov-2023,47.44,Paid,0.0
AMA-R13694,AMA-O5771,2025-10-14,140.36,Paid,0.0
AMA-R17887,AMA-O14213,03/19/2024,755.28,Paid,0.0
AMA-R12738,AMA-O13097,2025-03-12,49.31,Paid,0.0
AMA-R12098,AMA-O5204,30-Jul-2023,157.8,Paid,0.0
AMA-R14837,AMA-O12355,04/21/2023,65.08,Paid,0.0
AMA-R18274,AMA-O7569,2023-04-10,162.45,Paid,0.0
AMA-R16522,AMA-O5924,12-Jan-2024,,Pending,0.0
AMA-R13390,AMA-O14662,22-Nov-2024,146.14,Pending,0.0
AMA-R13546,AMA-O11918,2025-09-16,19.42,Paid,0.0
AMA-R9490,AMA-O10203,2024-06-08,39.82,Paid,39.82
