customer_id,customer_name,email,city,state_or_region,country,signup_date,membership_tier
AMA-C2939,James Khan,,denver,CO,US,03/19/2021,Prime Student
AMA-C3426,Carlos Singh,carlos.singh648@example.com,New York,NY,US,07-Mar-2023,Non-Prime
AMA-C3628,Aarav Smith,aarav.smith827@example.com,Los Angeles,CA,US,12/07/2025,Prime Student
AMA-C10124,Vivaan Rossi,vivaan.rossi449@example.com,Seattle,WA,US,04/19/2024,Non-Prime
AMA-C3188,John Rossi,john.rossi573@example.com,Los Angeles,CA,US,11-Jun-2021,Prime Student
AMA-C8025,Wei Suzuki,wei.suzuki790@example.com,Atlanta,GA,US,2025-06-25,Non-Prime
AMA-C6058,Noah Singh,noah.singh250@example.com,Atlanta,GA,US,26-Jun-2023,Prime
AMA-C3286,Emma Khan,emma.khan536@example.com,Seattle,WA,US,16-Sep-2024,Non-Prime
AMA-C2889,Ava Lee,ava.lee497@example.com,denver,CO,US,2025-10-01,Prime Student
AMA-C5599, Anna Johnson ,anna.johnson584@example.com,Boston,MA,US,2022-04-16,Non-Prime
AMA-C8167,Rahul Garcia,rahul.garcia269@example.com,Boston,MA,US,03-Dec-2021,Prime Student
AMA-C2302,Priya Yamada,priya.yamada543@example.com,Boston,MA,US,2022-01-01,Non-Prime
AMA-C2315,VIVAAN WANG,vivaan.wang555@example.com,Houston,TX,US,03-Jan-2025,Prime Student
AMA-C3103,Ben Tanaka,ben.tanaka118@example.com,DENVER,CO,US,2022-07-24,Non-Prime
AMA-C5323,Aditya Lee,aditya.lee247@example.com,Atlanta,GA,US,02/12/2022,Prime
AMA-C2209,Michael Brown,michael.brown149@example.com,Phoenix,AZ,US,23-Jul-2021,Prime Student
AMA-C2686,Sara Patel,sara.patel15@example.com,Phoenix,AZ,US,2023-09-30,Prime Student
AMA-C9722,Ben Anderson,ben.anderson597@example.com,Miami,FL,US,2022-01-21,Prime
AMA-C10749,Chen Tanaka,,New York,NY,US,07-Jan-2025,
AMA-C5806,John Johnson,,Los Angeles,CA,US,2025-03-19,Prime
AMA-C1968,Fatima Rossi,,Seattle,WA,US,2023-08-10,Non-Prime
AMA-C1393, Carlos Davis ,carlos.davis740 at example.com,new york,NY,US,23-Feb-2025,Non-Prime
AMA-C6282,Mohammed Wilson,mohammed.wilson203@example.com,Phoenix,AZ,US,11/17/2022,Prime
AMA-C8813,Maria Smith,,Atlanta,GA,US,01-Jun-2023,Prime Student
AMA-C2457,CHEN ROSSI,chen.rossi481@example.com,Miami,FL,US,18-Dec-2025,Non-Prime
AMA-C7777,Yuki Kim,yuki.kim34@example.com,Boston,MA,US,2023-12-04,Non-Prime
AMA-C7712,Aditya Patel,aditya.patel133@example.com,Atlanta,GA,US,11/27/2021,Prime
AMA-C10131,Emma Kim,emma.kim201@example.com,Boston,MA,US,31-Aug-2021,Non-Prime
AMA-C1918,Priya Johnson,priya.johnson269@example.com,Phoenix,AZ,US,07/12/2023,Prime Student
AMA-C5986,David Garcia,david.garcia643 at example.com,Houston,TX,US,23-May-2025,Non-Prime
AMA-C5535,James Rossi,james.rossi471@example.com,Boston,MA,US,2022-01-10,
AMA-C5047,Ken Anderson,ken.anderson608@example.com,Chicago,IL,US,10-Jun-2023,Prime
AMA-C5993,michael martin,michael.martin735@example.com,Boston,MA,US,2023-09-19,Prime
AMA-C7041,Anna Chen,anna.chen468@example.com,Chicago,IL,US,06-Sep-2024,Non-Prime
AMA-C6370,VIVAAN MÜLLER,vivaan.müller90@example.com,New York,NY,US,23-Mar-2021,Non-Prime
AMA-C7013,Yuki Davis,yuki.davis298@example.com,Chicago,IL,US,11/17/2024,Prime
AMA-C1763,Fatima Chen,fatima.chen434@example.com,Miami,FL,US,03-Mar-2024,Prime Student
AMA-C1197,Sara Tanaka,sara.tanaka211@example.com,Phoenix,AZ,US,2021-12-26,
AMA-C5033,anna kim,anna.kim331@example.com,Los Angeles,CA,US,2024-12-10,Prime
AMA-C7553,MICHAEL CHEN,michael.chen391@example.com,Atlanta,GA,US,2023-05-19,Prime
AMA-C2442,ZOE DAVIS,,HOUSTON,TX,US,10/19/2022,
AMA-C4900,Ava Kim,ava.kim60@example.com,Houston,TX,US,01/15/2025,Prime Student
AMA-C3424,Ava Garcia,ava.garcia284@example.com,Atlanta,GA,US,01/26/2023,Prime Student
AMA-C7881,Sofia Tanaka,sofia.tanaka145@example.com,Boston,MA,US,2025-05-04,Non-Prime
AMA-C2141,Yuki Davis,yuki.davis364@example.com,Los Angeles,CA,US,19-Nov-2022,Prime
AMA-C3608,Sofia Anderson,sofia.anderson129@example.com,Atlanta,GA,US,01/16/2023,Prime
AMA-C1067,Ava Singh,ava.singh834 at example.com,Phoenix,AZ,US,10/05/2025,Prime
AMA-C2501,David Smith,david.smith137 at example.com,Seattle,WA,US,03/15/2024,Non-Prime
AMA-C6778,Fatima Chen,fatima.chen760@example.com,Denver,CO,US,08/31/2023,Prime Student
AMA-C10473,Sofia Lee,sofia.lee498@example.com,Denver,CO,US,24-Aug-2025,Prime Student
AMA-C9710,Zoe Sharma,zoe.sharma315@example.com,denver,CO,US,2024-01-27,Non-Prime
AMA-C1238,Wei Wang,wei.wang277@example.com,Los Angeles,CA,US,2022-02-07,Prime Student
AMA-C1015,sara kumar,sara.kumar259@example.com,Chicago,IL,US,07/23/2024,Non-Prime
AMA-C6235,Wei Chen,wei.chen145@example.com,Miami,FL,US,11/18/2021,Prime Student
AMA-C4817,Liam Garcia,liam.garcia92@example.com,Atlanta,GA,US,24-Jan-2025,Non-Prime
AMA-C4617, Anna Sharma ,anna.sharma422@example.com,Chicago,IL,US,09-Jun-2023,Prime Student
AMA-C10232,Aarav Tanaka,aarav.tanaka273@example.com,Seattle,WA,US,25-May-2024,Prime Student
AMA-C7234,liam kumar,liam.kumar927@example.com,Miami,FL,US,2021-02-17,Prime Student
AMA-C9480,Li Davis,li.davis636@example.com,New York,NY,US,01/14/2021,Prime Student
AMA-C10469,Wei Kumar,wei.kumar280@example.com,Seattle,WA,US,08/26/2024,Prime Student
AMA-C8911,anna martin,anna.martin13@example.com,chicago,IL,US,10/22/2022,Non-Prime
AMA-C3178,ANNA WANG,anna.wang511@example.com,Chicago,IL,US,2023-11-08,Prime Student
AMA-C2733,Mohammed Sharma,mohammed.sharma36@example.com,Denver,CO,US,21-Sep-2021,Non-Prime
AMA-C6422,Sara Sharma,sara.sharma158@example.com,Seattle,WA,US,2022-05-10,Prime Student
AMA-C7679,Maria Johnson,maria.johnson774@example.com,CHICAGO,IL,US,14-Dec-2022,Prime
AMA-C10798,Maria Brown,maria.brown770@example.com,Boston,MA,US,2024-07-13,
AMA-C9666,Olivia Johnson,olivia.johnson634@example.com,Chicago,IL,US,2023-06-25,Prime
AMA-C5282,Carlos Anderson,carlos.anderson628@example.com,Los Angeles,CA,US,03/14/2023,Prime
AMA-C10666,anna müller,anna.müller12@example.com,Chicago,IL,US,08/14/2022,Prime Student
AMA-C4324,olivia sharma,olivia.sharma185@example.com,Atlanta,GA,US,2022-09-30,Non-Prime
AMA-C2352,Olivia Tanaka,olivia.tanaka329@example.com,Chicago,IL,US,25-Apr-2021,
AMA-C7562, Chen Garcia ,chen.garcia228@example.com,Boston,MA,US,2021-01-30,Prime
AMA-C10880, Vivaan Smith ,vivaan.smith922@example.com,Chicago,IL,US,2025-06-20,Non-Prime
AMA-C8996,Maria Lee,maria.lee203@example.com,Los Angeles,CA,US,10/19/2024,Prime Student
AMA-C9982,Anna Martin,anna.martin632@example.com,Los Angeles,CA,US,2023-04-02,Prime Student
AMA-C1654,WEI YAMADA,wei.yamada343@example.com,Los Angeles,CA,US,02/11/2024,Non-Prime
AMA-C7447,Ava Wilson,ava.wilson2@example.com,Miami,FL,US,2021-04-26,Non-Prime
AMA-C9920,zoe kumar,zoe.kumar472@example.com,Miami,FL,US,05/02/2022,Prime
AMA-C7746, Emma Johnson ,emma.johnson777@example.com,Phoenix,AZ,US,2023-09-04,
AMA-C5833,Noah Patel,noah.patel93@example.com,Atlanta,GA,US,06/29/2021,Prime
AMA-C5147,Noah Kumar,noah.kumar184@example.com,Miami,FL,US,06/29/2023,
AMA-C6694,Chen Khan,chen.khan100@example.com,Atlanta,GA,US,16-Mar-2023,Prime
AMA-C4425,FATIMA SMITH,fatima.smith307@example.com,Houston,TX,US,03/11/2023,Prime Student
AMA-C6337,Aarav Khan,aarav.khan788@example.com,Phoenix,AZ,US,12/11/2021,Non-Prime
AMA-C3375,noah chen,noah.chen249@example.com,New York,NY,US,10/15/2021,Non-Prime
AMA-C6110,Noah Davis,noah.davis399@example.com,Chicago,IL,US,2025-10-04,Prime
AMA-C6767,Aditya Chen,aditya.chen810@example.com,Miami,FL,US,08/16/2024,Prime
AMA-C8371,Ken Davis,ken.davis678@example.com,New York,NY,US,06/15/2021,Non-Prime
AMA-C3899,Ken Wang,ken.wang55@example.com,Chicago,IL,US,20-Feb-2024,Prime Student
AMA-C6474,sofia martin,sofia.martin197@example.com,Los Angeles,CA,US,19-Oct-2024,Non-Prime
AMA-C1997,Mohammed Johnson,mohammed.johnson612@example.com,Phoenix,AZ,US,31-Dec-2025,Non-Prime
AMA-C5554,Li Wilson,li.wilson890@example.com,Denver,CO,US,2022-08-13,Prime
AMA-C7035,Michael Garcia,michael.garcia597@example.com,Atlanta,GA,US,18-Jul-2023,Non-Prime
AMA-C6636,Priya Khan,priya.khan16@example.com,BOSTON,MA,US,03/27/2021,
AMA-C1622,Aarav Sharma,aarav.sharma57@example.com,Los Angeles,CA,US,2025-09-21,Non-Prime
AMA-C10468,Priya Davis,priya.davis300@example.com,Atlanta,GA,US,09-Jan-2022,Prime
AMA-C6918,Yuki Suzuki,yuki.suzuki442@example.com,Miami,FL,US,21-Apr-2021,Non-Prime
AMA-C4752,Anna Wang,,Miami,FL,US,05-Sep-2025,Non-Prime
AMA-C6758,Aditya Sharma,aditya.sharma899@example.com,Atlanta,GA,US,07/17/2025,Non-Prime
AMA-C1357,Sofia Singh,sofia.singh735@example.com,Los Angeles,CA,US,2024-08-26,Non-Prime
AMA-C5902,Aarav Lee,,Houston,TX,US,2023-06-08,Non-Prime
AMA-C8897,Ben Johnson,ben.johnson849@example.com,Denver,CO,US,2025-09-03,
AMA-C3220,DAVID MARTIN,david.martin379@example.com,Denver,CO,US,2023-06-14,Non-Prime
AMA-C3023,Yuki Kim,yuki.kim538@example.com,Houston,TX,US,05/20/2021,Non-Prime
AMA-C7727,Noah Davis,noah.davis886@example.com,Houston,TX,US,2023-07-24,Prime Student
AMA-C1157,Aarav Kim,aarav.kim713@example.com,Seattle,WA,US,17-Aug-2023,Non-Prime
AMA-C2965,Sara Smith,,Atlanta,GA,US,17-Jul-2022,Prime
AMA-C7646,Sara Wilson,sara.wilson654@example.com,Denver,CO,US,2022-08-11,
AMA-C7261,Ben Anderson,ben.anderson604@example.com,Chicago,IL,US,02-Oct-2024,Prime
AMA-C9008,Olivia Rossi,olivia.rossi270@example.com,Miami,FL,US,11-Jan-2023,Prime
AMA-C6310,FATIMA KUMAR,fatima.kumar53@example.com,Miami,FL,US,27-Aug-2021,Prime
AMA-C5116, David Singh ,david.singh197@example.com,Boston,MA,US,05/28/2021,Prime Student
AMA-C1261,sofia wang,sofia.wang858@example.com,Atlanta,GA,US,27-Jan-2023,Prime
AMA-C8083, Priya Johnson ,priya.johnson111@example.com,Phoenix,AZ,US,05/08/2023,Prime
AMA-C4587,Michael Brown,,Denver,CO,US,2024-06-19,Non-Prime
AMA-C7977,Sofia Davis,sofia.davis999@example.com,Houston,TX,US,2023-10-18,Prime
AMA-C4685,Maria Suzuki,maria.suzuki924@example.com,New York,NY,US,04/14/2021,Prime Student
AMA-C7455,Carlos Wang,carlos.wang905@example.com,boston,MA,US,05-Aug-2022,Prime
AMA-C7313,Carlos Kumar,carlos.kumar591@example.com,Boston,MA,US,2025-05-01,Prime
AMA-C5771,YUKI TANAKA,yuki.tanaka20@example.com,New York,NY,US,11/19/2023,Non-Prime
AMA-C4244,John Patel,john.patel869@example.com,Miami,FL,US,29-Nov-2021,Non-Prime
AMA-C7843,Sara Tanaka,sara.tanaka259@example.com,Atlanta,GA,US,10/02/2021,Prime Student
AMA-C9660,David Garcia,david.garcia871@example.com,Atlanta,GA,US,01-Feb-2023,Non-Prime
AMA-C6703,CARLOS MÜLLER,carlos.müller829@example.com,New York,NY,US,2022-12-27,Prime Student
AMA-C2741,ken müller,ken.müller690@example.com,CHICAGO,IL,US,11/21/2024,
AMA-C8974,Michael Sharma,michael.sharma650@example.com,Seattle,WA,US,2022-01-26,Non-Prime
AMA-C1000,Fatima Wang,,Miami,FL,US,2024-08-26,
AMA-C9681,Noah Tanaka,noah.tanaka714@example.com,HOUSTON,TX,US,13-Oct-2025,Prime Student
AMA-C4423,Vivaan Wang,vivaan.wang999@example.com,Boston,MA,US,10-Jul-2023,Prime
AMA-C2453,Mohammed Brown,mohammed.brown116@example.com,Seattle,WA,US,11-May-2024,Prime Student
AMA-C10706,Fatima Müller,fatima.müller146@example.com,Los Angeles,CA,US,03/27/2021,Prime
AMA-C4856,OLIVIA BROWN,olivia.brown396 at example.com,Chicago,IL,US,01-Aug-2022,Non-Prime
AMA-C2603,Yuki Patel,yuki.patel764@example.com,Chicago,IL,US,23-Apr-2024,Prime Student
AMA-C8154,Rahul Singh,rahul.singh514@example.com,Houston,TX,US,28-Feb-2021,Non-Prime
AMA-C1205,Ben Müller,ben.müller587@example.com,Chicago,IL,US,10/01/2024,Prime
AMA-C10434,Zoe Yamada,zoe.yamada600@example.com,Seattle,WA,US,08-Feb-2022,Non-Prime
AMA-C2080,WEI GARCIA,wei.garcia541@example.com,Seattle,WA,US,11-Jan-2021,Prime
AMA-C1820,Priya Chen,priya.chen998@example.com,Boston,MA,US,29-Aug-2024,Prime
AMA-C1587,Anna Johnson,anna.johnson503@example.com,Denver,CO,US,11/28/2024,Prime
AMA-C1198,John Suzuki,john.suzuki739@example.com,Miami,FL,US,09/19/2025,Non-Prime
AMA-C6447,Noah Wilson,noah.wilson377 at example.com,Chicago,IL,US,12/19/2023,Non-Prime
AMA-C5944,Sara Khan,sara.khan293@example.com,Seattle,WA,US,05/27/2025,Prime
AMA-C8404,Rahul Lee,rahul.lee423@example.com,Phoenix,AZ,US,08/21/2024,
AMA-C5370, Mohammed Chen ,mohammed.chen635@example.com,Atlanta,GA,US,04/05/2025,Non-Prime
AMA-C8855,Mohammed Kim,mohammed.kim814@example.com,Phoenix,AZ,US,02-Jun-2021,Prime Student
AMA-C4605,Maria Anderson,maria.anderson252@example.com,Denver,CO,US,02/17/2024,Non-Prime
AMA-C5971,RAHUL JOHNSON,,Denver,CO,US,05/06/2024,Prime
AMA-C8677,Anna Johnson,anna.johnson951 at example.com,New York,NY,US,12/12/2024,Prime Student
AMA-C7600,Rahul Sharma,,Chicago,IL,US,28-May-2025,Prime
AMA-C4414,Mohammed Kim,mohammed.kim114@example.com,BOSTON,MA,US,23-Aug-2022,Non-Prime
AMA-C9610,Noah Martin,noah.martin203@example.com,Atlanta,GA,US,23-May-2022,Prime
AMA-C8209,Vivaan Yamada,vivaan.yamada327@example.com,Denver,CO,US,01/29/2021,Non-Prime
AMA-C9472,Mohammed Sharma,mohammed.sharma51@example.com,Seattle,WA,US,2025-11-21,Prime Student
AMA-C7729,YUKI SHARMA,yuki.sharma963@example.com,Houston,TX,US,07/11/2022,Prime Student
AMA-C2057,chen martin,chen.martin331@example.com,Phoenix,AZ,US,19-Dec-2025,Prime
AMA-C6159,RAHUL SINGH,rahul.singh505@example.com,Miami,FL,US,12/18/2024,Prime
AMA-C3691, Mohammed Anderson ,mohammed.anderson672 at example.com,Los Angeles,CA,US,01/12/2023,Prime
AMA-C7965, Anna Rossi ,anna.rossi83@example.com,New York,NY,US,03/20/2021,Prime
AMA-C8599,Maria Tanaka,,Chicago,IL,US,02/23/2021,Prime Student
AMA-C1501,james patel,james.patel726@example.com,New York,NY,US,03-Nov-2022,Non-Prime
AMA-C7090,James Martin,james.martin268@example.com,Seattle,WA,US,20-Sep-2023,Prime Student
AMA-C10739,John Johnson,john.johnson927@example.com,New York,NY,US,2025-03-09,Prime
AMA-C8479,Wei Sharma,wei.sharma379@example.com,Boston,MA,US,11-May-2023,Prime
AMA-C8239,Zoe Sharma,zoe.sharma384@example.com,Seattle,WA,US,2023-08-14,Prime Student
AMA-C7689,Zoe Smith,zoe.smith734@example.com,Chicago,IL,US,12/02/2024,Prime
AMA-C5541,Maria Lee,maria.lee837@example.com,New York,NY,US,01/08/2021,Prime
AMA-C4530,LIAM SHARMA,liam.sharma442@example.com,denver,CO,US,2023-10-30,Non-Prime
AMA-C4297,aditya davis,aditya.davis180@example.com,Miami,FL,US,2023-11-07,Non-Prime
AMA-C8044,Fatima Müller,fatima.müller59@example.com,New York,NY,US,01/13/2024,Prime
AMA-C2006,John Rossi,john.rossi455@example.com,Denver,CO,US,27-Jun-2023,Prime
AMA-C10447,Sara Brown,sara.brown254@example.com,Houston,TX,US,2024-02-21,Prime
AMA-C9773,Olivia Müller,olivia.müller592@example.com,Los Angeles,CA,US,2021-04-28,Prime
AMA-C9202,Ava Müller,ava.müller323@example.com,Miami,FL,US,11/22/2022,Prime Student
AMA-C4263,Olivia Khan,olivia.khan383@example.com,Seattle,WA,US,2024-09-25,Prime
AMA-C8733,Ken Sharma,ken.sharma17@example.com,New York,NY,US,10-Sep-2022,Prime
AMA-C10979,Liam Tanaka,liam.tanaka98@example.com,Houston,TX,US,2022-03-16,Non-Prime
AMA-C2790,Vivaan Yamada,,Denver,CO,US,2023-03-10,Prime Student
AMA-C9290, Fatima Rossi ,fatima.rossi635@example.com,New York,NY,US,2024-01-26,Prime
AMA-C4916,Fatima Garcia,fatima.garcia323@example.com,Boston,MA,US,2025-10-31,Non-Prime
AMA-C6197,Chen Wilson,chen.wilson551@example.com,Miami,FL,US,08/12/2022,Prime
AMA-C7758,Emma Patel,emma.patel126@example.com,Atlanta,GA,US,12/27/2023,
AMA-C5334,Li Lee,li.lee800@example.com,Boston,MA,US,2022-02-13,Prime Student
AMA-C5565,Yuki Khan,yuki.khan476@example.com,Atlanta,GA,US,05-May-2022,Prime
AMA-C4343,David Müller,david.müller242@example.com,Denver,CO,US,21-May-2022,Prime Student
AMA-C4717,rahul müller,,Los Angeles,CA,US,2024-04-27,Prime Student
AMA-C3801,CHEN ROSSI,chen.rossi931@example.com,Boston,MA,US,2025-05-01,Prime Student
AMA-C3053,Yuki Singh,yuki.singh807@example.com,Houston,TX,US,2021-02-17,Non-Prime
AMA-C2435,David Tanaka,david.tanaka124@example.com,Atlanta,GA,US,2022-02-05,Non-Prime
AMA-C7920,Priya Suzuki,priya.suzuki42@example.com,Houston,TX,US,27-Aug-2024,Prime Student
AMA-C6540,Wei Lee,wei.lee155@example.com,Seattle,WA,US,28-Sep-2024,Prime
AMA-C3807,WEI ANDERSON,wei.anderson995@example.com,Atlanta,GA,US,01/16/2025,Prime Student
AMA-C6502,Ava Brown,ava.brown480@example.com,Chicago,IL,US,26-Mar-2023,Prime Student
AMA-C1420,li rossi,li.rossi262@example.com,Chicago,IL,US,2021-07-24,Prime Student
AMA-C8651,Yuki Tanaka,yuki.tanaka389 at example.com,Boston,MA,US,2024-05-11,Non-Prime
AMA-C8221,Liam Garcia,liam.garcia326@example.com,boston,MA,US,10/29/2021,Non-Prime
AMA-C7289,Mohammed Brown,mohammed.brown633@example.com,Houston,TX,US,05-Dec-2022,Prime Student
AMA-C7678,Ben Anderson,ben.anderson336@example.com,Boston,MA,US,04-Nov-2021,Prime Student
AMA-C5958,Mohammed Lee,mohammed.lee759@example.com,Phoenix,AZ,US,10/14/2024,
AMA-C6417,Ken Yamada,ken.yamada521@example.com,New York,NY,US,03-Nov-2025,Prime
AMA-C2153,carlos davis,carlos.davis515@example.com,Denver,CO,US,13-Mar-2023,Prime
AMA-C3036,John Tanaka,john.tanaka432@example.com,NEW YORK,NY,US,22-Mar-2024,Prime
AMA-C8068,James Wang,james.wang198@example.com,Seattle,WA,US,29-Jan-2023,Non-Prime
AMA-C7909,Noah Müller,noah.müller724@example.com,Phoenix,AZ,US,03-Oct-2024,Prime
AMA-C4643,Mohammed Kumar,mohammed.kumar559@example.com,Denver,CO,US,02-Jan-2024,Non-Prime
AMA-C6278,Maria Müller,maria.müller665@example.com,boston,MA,US,20-Jan-2024,Prime
AMA-C3014,Ava Suzuki,ava.suzuki346@example.com,Atlanta,GA,US,01/22/2023,Non-Prime
AMA-C3093,Ben Patel,ben.patel188@example.com,Denver,CO,US,2025-05-08,Non-Prime
AMA-C1077,John Lee,john.lee954@example.com,Los Angeles,CA,US,2021-06-12,Prime Student
AMA-C5126,Aarav Smith,aarav.smith802@example.com,Chicago,IL,US,2023-09-06,Non-Prime
AMA-C4830,priya müller,priya.müller395@example.com,Chicago,IL,US,06/19/2025,Prime Student
AMA-C10678,Fatima Tanaka,fatima.tanaka497 at example.com,atlanta,GA,US,16-May-2025,Prime Student
AMA-C9368,Aditya Brown,aditya.brown146@example.com,Phoenix,AZ,US,11/19/2021,Non-Prime
AMA-C2830,Sofia Sharma,sofia.sharma60@example.com,Atlanta,GA,US,01-May-2022,Non-Prime
AMA-C1761,Emma Müller,,Chicago,IL,US,2021-10-28,Non-Prime
AMA-C2221,Maria Lee,maria.lee860@example.com,Los Angeles,CA,US,2025-02-19,Prime
AMA-C2237,Priya Wang,priya.wang417@example.com,Phoenix,AZ,US,2024-03-21,Prime
AMA-C8213,KEN WANG,ken.wang544@example.com,New York,NY,US,01-Feb-2025,Prime
AMA-C5297,noah smith,noah.smith20@example.com,Denver,CO,US,2023-10-17,Non-Prime
AMA-C1941,Maria Lee,maria.lee94@example.com,Denver,CO,US,07/01/2025,Prime Student
AMA-C2381,Yuki Lee,yuki.lee311@example.com,Chicago,IL,US,05-Oct-2024,Prime
AMA-C6443,Vivaan Rossi,,Houston,TX,US,06-Jun-2021,Non-Prime
AMA-C1964,Carlos Smith,carlos.smith102@example.com,Los Angeles,CA,US,05-May-2024,Non-Prime
AMA-C10407,Olivia Singh,olivia.singh760@example.com,Miami,FL,US,11/27/2025,Non-Prime
AMA-C6179,BEN LEE,,New York,NY,US,08/20/2025,Prime
AMA-C9991,Yuki Garcia,yuki.garcia251@example.com,Seattle,WA,US,15-Oct-2023,Prime
AMA-C8247,yuki anderson,yuki.anderson168@example.com,Phoenix,AZ,US,2021-04-28,Non-Prime
AMA-C1345,Aarav Chen,aarav.chen673@example.com,Houston,TX,US,08-Nov-2021,Non-Prime
AMA-C2101,Ava Suzuki,ava.suzuki605@example.com,Denver,CO,US,2023-06-24,Prime
AMA-C7659,ADITYA KIM,aditya.kim186 at example.com,Chicago,IL,US,2021-02-16,Prime
AMA-C6571, Anna Tanaka ,,Houston,TX,US,04-Jan-2023,Non-Prime
AMA-C2112,Chen Tanaka,chen.tanaka800@example.com,Boston,MA,US,14-May-2023,Prime
AMA-C9720,Ava Wang,ava.wang649@example.com,Seattle,WA,US,2021-12-01,Prime
AMA-C5747,aarav anderson,aarav.anderson220@example.com,Los Angeles,CA,US,2023-07-28,Prime
AMA-C6664,Anna Patel,,Los Angeles,CA,US,2022-12-14,Prime
AMA-C5631,Ben Sharma,ben.sharma943@example.com,Boston,MA,US,04/12/2021,Prime Student
AMA-C9496,Olivia Kim,olivia.kim751@example.com,Chicago,IL,US,10/30/2024,Prime Student
AMA-C2462,Chen Kumar,chen.kumar315@example.com,Phoenix,AZ,US,13-Nov-2022,Non-Prime
AMA-C4070,VIVAAN WANG,vivaan.wang300@example.com,Houston,TX,US,2022-07-06,Prime
AMA-C8436,Maria Wang,maria.wang666@example.com,Denver,CO,US,05/01/2022,Non-Prime
AMA-C2404,Aarav Suzuki,aarav.suzuki144@example.com,Los Angeles,CA,US,02/17/2021,Prime
AMA-C2584,Noah Singh,noah.singh498@example.com,Denver,CO,US,01/12/2021,Prime Student
AMA-C4091,olivia lee,olivia.lee143@example.com,Chicago,IL,US,29-Oct-2022,Prime Student
AMA-C10532,LI ROSSI,li.rossi927@example.com,New York,NY,US,2023-12-29,Prime
AMA-C8582,Maria Garcia,maria.garcia981@example.com,New York,NY,US,01/08/2021,Non-Prime
AMA-C9257,SOFIA CHEN,sofia.chen79@example.com,Los Angeles,CA,US,27-Aug-2022,Prime Student
AMA-C1532,zoe patel,zoe.patel245@example.com,Denver,CO,US,10/28/2023,Prime
AMA-C5976,Zoe Chen,zoe.chen986@example.com,Los Angeles,CA,US,05/14/2021,Non-Prime
AMA-C1493,Ben Tanaka,ben.tanaka646@example.com,Seattle,WA,US,09-Nov-2023,Non-Prime
AMA-C3411,James Rossi,james.rossi237@example.com,Miami,FL,US,13-Dec-2025,Prime
AMA-C1965,Priya Martin,priya.martin893@example.com,Los Angeles,CA,US,12-Jul-2023,Prime Student
AMA-C3591,Chen Chen,chen.chen698@example.com,ATLANTA,GA,US,25-Sep-2023,Non-Prime
AMA-C8485,Chen Lee,chen.lee439@example.com,Chicago,IL,US,26-May-2023,Prime Student
AMA-C10802,Ava Brown,ava.brown724@example.com,Seattle,WA,US,15-Jan-2022,Prime Student
AMA-C9064, Chen Yamada ,chen.yamada260@example.com,Denver,CO,US,08/02/2024,Prime Student
AMA-C4996,Anna Wilson,anna.wilson373@example.com,Denver,CO,US,11/26/2023,Non-Prime
AMA-C2292,CHEN KIM,chen.kim794@example.com,Chicago,IL,US,10/08/2025,Prime
AMA-C1849, Aditya Müller ,aditya.müller540@example.com,Boston,MA,US,26-Sep-2024,
AMA-C10569,Li Patel,li.patel333@example.com,Houston,TX,US,2022-09-18,Prime Student
AMA-C4786,fatima yamada,,MIAMI,FL,US,10/14/2022,Prime
AMA-C10593,Yuki Yamada,,Seattle,WA,US,11-Feb-2022,Prime Student
AMA-C5889,Maria Johnson,maria.johnson837@example.com,Seattle,WA,US,2023-02-25,Non-Prime
AMA-C8081,Rahul Kumar,rahul.kumar516@example.com,Chicago,IL,US,06/26/2021,Prime
AMA-C8348,Sara Sharma,,Miami,FL,US,05/10/2022,Prime
AMA-C3150, Sara Garcia ,sara.garcia47@example.com,Houston,TX,US,05/07/2021,Prime Student
AMA-C5161,Mohammed Khan,mohammed.khan452@example.com,New York,NY,US,02/07/2025,Non-Prime
AMA-C10163,Priya Sharma,priya.sharma851@example.com,Boston,MA,US,2023-08-06,Non-Prime
AMA-C7989,MICHAEL KHAN,michael.khan615 at example.com,Seattle,WA,US,02/01/2022,Non-Prime
AMA-C4505,Chen Khan,chen.khan856@example.com,Chicago,IL,US,06/12/2024,Prime Student
AMA-C2388,Ken Rossi,ken.rossi681@example.com,Miami,FL,US,06/17/2021,Prime
AMA-C2961,Ben Wang,ben.wang288@example.com,Los Angeles,CA,US,04-Feb-2022,Non-Prime
AMA-C6365,VIVAAN SHARMA,,New York,NY,US,20-Feb-2024,Prime Student
AMA-C8543,David Khan,david.khan9@example.com,Denver,CO,US,15-Mar-2025,Prime
AMA-C6565,noah davis,noah.davis368@example.com,Seattle,WA,US,11/07/2023,Prime Student
AMA-C1714,Zoe Müller,zoe.müller573@example.com,Seattle,WA,US,15-Sep-2022,Prime
AMA-C4810,David Tanaka,david.tanaka724@example.com,Miami,FL,US,29-Dec-2023,Prime
AMA-C6800,Priya Singh,priya.singh13 at example.com,new york,NY,US,26-Mar-2023,Prime Student
AMA-C7514,Ken Müller,ken.müller563@example.com,Atlanta,GA,US,26-Jul-2023,
AMA-C8640,Ava Patel,ava.patel534@example.com,denver,CO,US,08/18/2021,Non-Prime
AMA-C8062,Zoe Khan,zoe.khan454 at example.com,Phoenix,AZ,US,2025-08-11,Prime Student
AMA-C10983,Rahul Davis,rahul.davis370@example.com,Houston,TX,US,02/05/2021,Prime
AMA-C6699,Aditya Wang,aditya.wang875@example.com,Seattle,WA,US,09/04/2021,Prime
AMA-C6254,James Kim,james.kim311@example.com,Miami,FL,US,2022-01-06,Prime
AMA-C1687,Rahul Rossi,rahul.rossi435@example.com,Chicago,IL,US,04-May-2021,Non-Prime
AMA-C1254,John Wang,john.wang247@example.com,Boston,MA,US,28-Feb-2024,Prime Student
AMA-C5881,Rahul Davis,rahul.davis442@example.com,Houston,TX,US,09/14/2025,Prime Student
AMA-C3113,Emma Lee,emma.lee506@example.com,Boston,MA,US,18-May-2025,Prime Student
AMA-C1462,Sara Kumar,sara.kumar69@example.com,Miami,FL,US,18-Sep-2023,Prime
AMA-C2064,Fatima Brown,fatima.brown729@example.com,Atlanta,GA,US,2021-06-29,Prime
AMA-C6449,Carlos Sharma,carlos.sharma744 at example.com,Denver,CO,US,12/03/2024,Prime Student
AMA-C1953,Noah Sharma,noah.sharma632@example.com,Atlanta,GA,US,2023-05-10,Prime
AMA-C8041,mohammed kumar,mohammed.kumar339@example.com,Chicago,IL,US,01/10/2025,Prime
AMA-C3306,Noah Tanaka,noah.tanaka467@example.com,Phoenix,AZ,US,10/12/2025,Prime Student
AMA-C3859,olivia wang,olivia.wang645@example.com,Phoenix,AZ,US,04/28/2022,Non-Prime
AMA-C2646,Ava Garcia,ava.garcia178@example.com,Chicago,IL,US,2021-12-05,Prime Student
AMA-C4328,Rahul Khan,rahul.khan277@example.com,los angeles,CA,US,01/12/2025,Prime Student
AMA-C2634,James Garcia,james.garcia613@example.com,Houston,TX,US,2022-12-03,Prime
AMA-C3263,Olivia Tanaka,olivia.tanaka321@example.com,Phoenix,AZ,US,06/13/2025,
AMA-C3566,Emma Suzuki,emma.suzuki511@example.com,Boston,MA,US,16-Jan-2022,Prime
AMA-C5777,Wei Davis,wei.davis845@example.com,Boston,MA,US,11-Jan-2021,Non-Prime
AMA-C3889,Yuki Singh,yuki.singh644@example.com,DENVER,CO,US,05/10/2023,Prime Student
AMA-C10149,Ava Tanaka,ava.tanaka774@example.com,Phoenix,AZ,US,02/23/2024,Non-Prime
AMA-C9584,James Yamada,james.yamada195@example.com,chicago,IL,US,16-Aug-2022,Prime Student
AMA-C4290,Sara Sharma,sara.sharma406@example.com,Boston,MA,US,2025-01-16,Non-Prime
AMA-C6580,Wei Wilson,,Miami,FL,US,14-Aug-2021,Prime
AMA-C2186,Michael Yamada,michael.yamada960@example.com,Boston,MA,US,01/19/2025,Prime
AMA-C9016,Anna Kim,anna.kim289@example.com,Phoenix,AZ,US,06-Nov-2021,Prime Student
AMA-C9380,wei smith,wei.smith317@example.com,New York,NY,US,26-Apr-2024,Prime Student
AMA-C2119,KEN PATEL,ken.patel352@example.com,Los Angeles,CA,US,12/20/2022,Prime
AMA-C6327,David Sharma,david.sharma560@example.com,New York,NY,US,22-Jun-2024,Prime
AMA-C10104,Olivia Johnson,olivia.johnson567@example.com,Chicago,IL,US,2023-04-21,Prime Student
AMA-C5274,Priya Kim,priya.kim519@example.com,Chicago,IL,US,12-Nov-2024,Prime Student
AMA-C8854, Ken Chen ,ken.chen450@example.com,Seattle,WA,US,2025-04-21,Prime
AMA-C2956,Rahul Yamada,rahul.yamada585@example.com,Atlanta,GA,US,03/28/2022,Prime Student
AMA-C4773,Ken Davis,ken.davis417@example.com,Chicago,IL,US,2025-11-26,Prime Student
AMA-C2012,Wei Anderson,wei.anderson173@example.com,Denver,CO,US,2022-11-17,Prime Student
AMA-C2566,Anna Johnson,anna.johnson320 at example.com,phoenix,AZ,US,2025-03-11,Prime
AMA-C4756,Yuki Garcia,yuki.garcia480@example.com,Houston,TX,US,03-Nov-2022,Prime Student
AMA-C10297,Zoe Khan,,Boston,MA,US,05/24/2021,Prime Student
AMA-C8594,carlos khan,carlos.khan154@example.com,Los Angeles,CA,US,26-May-2024,Prime
AMA-C7632,MOHAMMED CHEN,,Denver,CO,US,11/11/2024,Prime
AMA-C7276,Zoe Wilson,zoe.wilson725@example.com,Denver,CO,US,19-Jan-2024,Prime Student
AMA-C8160,Carlos Müller,carlos.müller511 at example.com,Chicago,IL,US,04/23/2024,Prime
AMA-C8112,Zoe Johnson,zoe.johnson647@example.com,Los Angeles,CA,US,2024-01-11,Prime
AMA-C3987,James Wang,james.wang528@example.com,New York,NY,US,12/07/2021,Prime Student
AMA-C9478,Aditya Anderson,aditya.anderson318@example.com,Chicago,IL,US,09/28/2024,
AMA-C9874, James Brown ,james.brown394@example.com,Chicago,IL,US,05-Jan-2021,Prime
AMA-C4368,Liam Yamada,liam.yamada291@example.com,Houston,TX,US,06-Feb-2023,Prime
AMA-C3568,Emma Khan,emma.khan529@example.com,Boston,MA,US,03-Jul-2022,Prime Student
AMA-C9395,Priya Sharma,priya.sharma548@example.com,Seattle,WA,US,31-Dec-2024,Non-Prime
AMA-C4678,Yuki Müller,yuki.müller341@example.com,Atlanta,GA,US,02/06/2021,Non-Prime
AMA-C3414, Carlos Rossi ,carlos.rossi967@example.com,Boston,MA,US,23-Jul-2021,Non-Prime
AMA-C5000, Yuki Johnson ,yuki.johnson229@example.com,Seattle,WA,US,2021-07-06,Prime
AMA-C3833, Liam Wang ,liam.wang756@example.com,Miami,FL,US,09/06/2021,Non-Prime
AMA-C6107,Noah Anderson,noah.anderson874@example.com,Miami,FL,US,2022-11-29,Prime Student
AMA-C10369,James Garcia,james.garcia639@example.com,Los Angeles,CA,US,03-Jun-2024,Prime Student
AMA-C6222,Sara Kumar,sara.kumar622@example.com,Atlanta,GA,US,23-Mar-2025,Non-Prime
AMA-C3336,WEI WANG,wei.wang544@example.com,Miami,FL,US,2023-07-15,Prime
AMA-C8702,Emma Davis,emma.davis812@example.com,Atlanta,GA,US,05/09/2024,
AMA-C10029,David Kim,david.kim576@example.com,New York,NY,US,2023-03-29,Prime Student
AMA-C1903,Chen Martin,,denver,CO,US,10/06/2023,Prime
AMA-C1657,Emma Singh,emma.singh774@example.com,Atlanta,GA,US,05/09/2024,Non-Prime
AMA-C8893,Wei Brown,wei.brown643@example.com,BOSTON,MA,US,2023-06-28,Prime
AMA-C5891,Liam Patel,liam.patel199@example.com,Los Angeles,CA,US,2021-05-01,Prime
AMA-C3120,Rahul Martin,rahul.martin478@example.com,Atlanta,GA,US,02/09/2025,Non-Prime
AMA-C6362,Maria Lee,maria.lee233@example.com,Atlanta,GA,US,06/08/2025,Prime Student
AMA-C9236,Emma Yamada,emma.yamada358@example.com,Denver,CO,US,16-Dec-2022,Prime
AMA-C1870,Ken Tanaka,ken.tanaka627@example.com,HOUSTON,TX,US,2024-08-26,Prime
AMA-C6791,Emma Müller,emma.müller149@example.com,Miami,FL,US,02/13/2021,Non-Prime
AMA-C10742,Mohammed Johnson,mohammed.johnson47@example.com,los angeles,CA,US,15-Oct-2025,Prime Student
AMA-C6174,Maria Suzuki,maria.suzuki963@example.com,phoenix,AZ,US,2025-07-19,Prime Student
AMA-C2335,emma kim,emma.kim855@example.com,Boston,MA,US,12/25/2022,Non-Prime
AMA-C7823,Wei Brown,wei.brown145@example.com,Chicago,IL,US,07/03/2023,Non-Prime
AMA-C6391,OLIVIA LEE,olivia.lee112@example.com,Denver,CO,US,22-Oct-2024,Prime Student
AMA-C2350,David Martin,david.martin896 at example.com,Denver,CO,US,2024-07-24,Prime Student
AMA-C6962,David Suzuki,david.suzuki171@example.com,Seattle,WA,US,06/01/2021,Prime Student
AMA-C2173,Noah Kim,noah.kim551@example.com,Chicago,IL,US,26-Jan-2024,Prime Student
AMA-C1095,Noah Patel,noah.patel581@example.com,Phoenix,AZ,US,03/07/2025,Prime
AMA-C7034,JOHN ANDERSON,john.anderson183@example.com,MIAMI,FL,US,2024-12-23,Non-Prime
AMA-C3258, John Lee ,john.lee829@example.com,boston,MA,US,07/17/2024,Prime Student
AMA-C3850,Mohammed Davis,mohammed.davis596@example.com,Denver,CO,US,12/16/2023,Prime Student
AMA-C8686,Zoe Lee,zoe.lee993@example.com,Boston,MA,US,2024-06-13,Prime
AMA-C2934,olivia martin,olivia.martin349@example.com,Miami,FL,US,2021-12-02,Prime
AMA-C3117, David Sharma ,,Seattle,WA,US,02/20/2024,Prime
AMA-C1700,MARIA LEE,maria.lee280@example.com,Phoenix,AZ,US,16-Jul-2022,Prime
AMA-C6933,Priya Brown,priya.brown404@example.com,New York,NY,US,2025-08-28,Non-Prime
AMA-C8734,Rahul Singh,rahul.singh918@example.com,boston,MA,US,22-Feb-2024,Prime
AMA-C9674,Carlos Müller,carlos.müller351 at example.com,Seattle,WA,US,2021-09-12,Prime Student
AMA-C3158,Ava Kim,ava.kim445@example.com,Seattle,WA,US,11-Jun-2024,Non-Prime
AMA-C2300,David Johnson,david.johnson436@example.com,New York,NY,US,02/12/2024,
AMA-C10377,Aditya Wilson,aditya.wilson891@example.com,Phoenix,AZ,US,2022-10-08,Non-Prime
AMA-C7941,Zoe Davis,zoe.davis259@example.com,Boston,MA,US,21-Oct-2024,Prime
AMA-C6070,Li Yamada,li.yamada620@example.com,Denver,CO,US,08-Jun-2025,Non-Prime
AMA-C1628,Fatima Patel,fatima.patel933@example.com,Houston,TX,US,05-Mar-2021,Prime
AMA-C8169,CARLOS BROWN,carlos.brown226@example.com,Atlanta,GA,US,2022-06-17,Non-Prime
AMA-C9987,michael chen,michael.chen994@example.com,Boston,MA,US,01/28/2024,Non-Prime
AMA-C1455,John Sharma,,Houston,TX,US,30-Sep-2022,Prime
AMA-C1969,Liam Kim,liam.kim168@example.com,Denver,CO,US,2025-07-11,Non-Prime
AMA-C1847,priya patel,,Chicago,IL,US,16-Feb-2022,Prime
AMA-C2930,John Khan,john.khan454@example.com,Seattle,WA,US,2024-11-19,Prime Student
AMA-C8913,Carlos Martin,carlos.martin458@example.com,Phoenix,AZ,US,15-Jan-2024,
AMA-C7916,Rahul Johnson,rahul.johnson374 at example.com,Miami,FL,US,30-May-2024,Non-Prime
AMA-C2963,Chen Davis,chen.davis689@example.com,Miami,FL,US,11-Dec-2022,Prime Student
AMA-C1869,Michael Johnson,michael.johnson946@example.com,Atlanta,GA,US,08-Nov-2022,
AMA-C5260,Priya Müller,priya.müller516@example.com,Seattle,WA,US,10/13/2023,Prime Student
AMA-C6812,Mohammed Tanaka,mohammed.tanaka376@example.com,Denver,CO,US,11-Sep-2024,Prime Student
AMA-C5754,Ava Sharma,ava.sharma237@example.com,Phoenix,AZ,US,19-Jun-2022,Non-Prime
AMA-C10476,Michael Kim,michael.kim736@example.com,Miami,FL,US,26-Mar-2025,Prime Student
AMA-C2184,PRIYA KUMAR,priya.kumar3@example.com,Denver,CO,US,2025-07-05,Non-Prime
AMA-C2420,Ben Khan,ben.khan373@example.com,New York,NY,US,29-Feb-2024,Non-Prime
AMA-C8252,Maria Lee,maria.lee435@example.com,new york,NY,US,01/02/2025,
AMA-C2301,Sara Müller,sara.müller259 at example.com,SEATTLE,WA,US,2023-10-30,Prime
AMA-C4251,Maria Davis,maria.davis660@example.com,Denver,CO,US,11/02/2023,Prime
AMA-C4945,Sofia Smith,sofia.smith301@example.com,Seattle,WA,US,21-Aug-2024,Prime Student
AMA-C10094,James Wilson,james.wilson771@example.com,Houston,TX,US,06/30/2022,Prime Student
AMA-C5196,Sofia Wang,sofia.wang467@example.com,Denver,CO,US,10/13/2022,Non-Prime
AMA-C5913,Zoe Lee,zoe.lee215@example.com,Los Angeles,CA,US,22-May-2025,Prime Student
AMA-C10845,Fatima Anderson,fatima.anderson942@example.com,Atlanta,GA,US,10/10/2023,Prime
AMA-C6692, Liam Wang ,liam.wang404@example.com,CHICAGO,IL,US,2024-04-03,Prime
AMA-C4774,aarav singh,aarav.singh568@example.com,New York,NY,US,11-Jul-2025,Prime Student
AMA-C9787,Maria Smith,,phoenix,AZ,US,11/03/2023,Non-Prime
AMA-C7924,Li Tanaka,li.tanaka621 at example.com,Atlanta,GA,US,01/10/2021,Non-Prime
AMA-C2276,Aditya Johnson,aditya.johnson179@example.com,Seattle,WA,US,29-Jul-2023,Non-Prime
AMA-C8808,Sofia Brown,sofia.brown540@example.com,Los Angeles,CA,US,03/23/2021,Non-Prime
AMA-C4569,Maria Wang,maria.wang678@example.com,Seattle,WA,US,04/09/2022,Prime
AMA-C4497,Carlos Anderson,carlos.anderson147@example.com,Houston,TX,US,2024-06-26,Prime
AMA-C10372,Emma Lee,emma.lee396@example.com,Los Angeles,CA,US,2025-10-15,Prime Student
AMA-C4985,Emma Yamada,emma.yamada968@example.com,PHOENIX,AZ,US,2022-03-24,Non-Prime
AMA-C1281,Vivaan Garcia,vivaan.garcia370@example.com,Chicago,IL,US,2025-08-05,Non-Prime
AMA-C5579,Maria Davis,maria.davis780@example.com,Chicago,IL,US,2024-10-27,Prime Student
AMA-C8617,michael khan,michael.khan916@example.com,Los Angeles,CA,US,2021-05-24,Prime
AMA-C3615,ADITYA MARTIN,aditya.martin33@example.com,Miami,FL,US,10/21/2025,Non-Prime
AMA-C1081,Vivaan Rossi,,Los Angeles,CA,US,07/04/2025,Prime
AMA-C7939,Rahul Brown,rahul.brown150@example.com,Atlanta,GA,US,02/28/2023,Non-Prime
AMA-C4250,Mohammed Chen,mohammed.chen32@example.com,Seattle,WA,US,2024-05-28,Non-Prime
AMA-C4957,Zoe Chen,zoe.chen632@example.com,chicago,IL,US,09-Feb-2024,Prime Student
AMA-C3529, Priya Khan ,priya.khan17@example.com,Seattle,WA,US,16-Dec-2023,Prime
AMA-C6617,LIAM LEE,,Atlanta,GA,US,2024-05-08,Prime
AMA-C7529,Ben Khan,ben.khan367@example.com,Los Angeles,CA,US,10/27/2022,Prime
AMA-C8007,Zoe Lee,zoe.lee948@example.com,Chicago,IL,US,05/29/2025,
AMA-C3956,Emma Yamada,emma.yamada704@example.com,Houston,TX,US,10/01/2024,Non-Prime
AMA-C1901,Aarav Suzuki,aarav.suzuki537@example.com,Miami,FL,US,2024-05-26,Prime Student
AMA-C5339, Wei Singh ,wei.singh951@example.com,Miami,FL,US,2022-02-11,Non-Prime
AMA-C5794,NOAH JOHNSON,noah.johnson590@example.com,Miami,FL,US,06/08/2023,Non-Prime
AMA-C6207,AVA KHAN,ava.khan715@example.com,Boston,MA,US,2023-06-08,Prime Student
AMA-C10389,DAVID YAMADA,david.yamada812@example.com,Phoenix,AZ,US,2025-11-01,Prime Student
AMA-C8819,CARLOS MÜLLER,carlos.müller781 at example.com,Chicago,IL,US,2021-11-07,Non-Prime
AMA-C6979,Ben Rossi,ben.rossi835@example.com,Houston,TX,US,2024-04-10,Non-Prime
AMA-C4150,David Rossi,david.rossi128@example.com,Denver,CO,US,07/26/2022,
AMA-C7029,Ben Wilson,ben.wilson525@example.com,Denver,CO,US,16-Feb-2025,Non-Prime
AMA-C1352, Sara Suzuki ,sara.suzuki584@example.com,Los Angeles,CA,US,21-Aug-2022,Prime Student
AMA-C4511,Ava Sharma,ava.sharma794@example.com,Chicago,IL,US,12-Aug-2021,Prime Student
AMA-C8546,Carlos Patel,carlos.patel211@example.com,Phoenix,AZ,US,25-Aug-2022,Prime
AMA-C5866,Michael Tanaka,michael.tanaka909@example.com,New York,NY,US,29-Jun-2024,Non-Prime
AMA-C8413,VIVAAN SHARMA,,Atlanta,GA,US,2024-04-10,Prime Student
AMA-C4615,Anna Wang,anna.wang165@example.com,Seattle,WA,US,15-Dec-2023,
AMA-C6657,Wei Kim,wei.kim560@example.com,Los Angeles,CA,US,21-Jun-2024,Prime Student
AMA-C6785,KEN SMITH,ken.smith972@example.com,Seattle,WA,US,13-Nov-2023,Prime Student
AMA-C3469,yuki patel,yuki.patel303@example.com,Boston,MA,US,2023-06-17,Prime
AMA-C8034,Chen Kumar,chen.kumar891@example.com,Miami,FL,US,2021-02-19,Prime Student
AMA-C5549,Noah Johnson,,Chicago,IL,US,02/16/2025,Non-Prime
AMA-C3681,CARLOS BROWN,carlos.brown574@example.com,Miami,FL,US,23-Aug-2023,Prime
AMA-C5350,LI ANDERSON,li.anderson816@example.com,Phoenix,AZ,US,04-May-2024,Prime Student
AMA-C1954,Olivia Singh,olivia.singh851@example.com,Boston,MA,US,2025-06-03,Prime
AMA-C8943,Maria Lee,maria.lee374@example.com,Los Angeles,CA,US,23-Mar-2024,Non-Prime
AMA-C2092,Liam Suzuki,liam.suzuki398@example.com,Houston,TX,US,21-Oct-2022,Prime Student
AMA-C7465,Aditya Martin,aditya.martin413@example.com,Phoenix,AZ,US,06-May-2024,Prime Student
AMA-C4486,Chen Sharma,chen.sharma470@example.com,Denver,CO,US,10/17/2025,Prime
AMA-C4595, Liam Wang ,liam.wang367@example.com,Los Angeles,CA,US,07/08/2023,Non-Prime
AMA-C2053,Michael Singh,michael.singh777@example.com,Chicago,IL,US,2025-09-04,Prime
AMA-C1752, Olivia Rossi ,,Phoenix,AZ,US,10-Nov-2023,Prime Student
AMA-C6704,Ken Martin,ken.martin335@example.com,Denver,CO,US,12/27/2023,Non-Prime
AMA-C8187,Maria Patel,maria.patel179@example.com,Seattle,WA,US,2023-11-03,Prime
AMA-C1819,Emma Lee,emma.lee124@example.com,Atlanta,GA,US,2023-12-29,Non-Prime
AMA-C8123,Ben Smith,ben.smith156@example.com,Denver,CO,US,13-Jul-2023,Non-Prime
AMA-C9136,David Martin,david.martin804@example.com,Boston,MA,US,01-Jul-2022,Non-Prime
AMA-C6966,Noah Kumar,noah.kumar136@example.com,Denver,CO,US,2021-03-31,Non-Prime
AMA-C7258,Carlos Davis,,Boston,MA,US,12/21/2024,Non-Prime
AMA-C2468,Vivaan Sharma,vivaan.sharma363@example.com,Houston,TX,US,13-Mar-2023,Prime Student
AMA-C3392,Aditya Tanaka,aditya.tanaka833 at example.com,Houston,TX,US,12/01/2022,Non-Prime
AMA-C9415,Aditya Wilson,aditya.wilson545@example.com,Houston,TX,US,2023-07-08,Prime Student
AMA-C4265,Priya Anderson,priya.anderson206@example.com,LOS ANGELES,CA,US,07/14/2022,
AMA-C2621,david sharma,david.sharma4@example.com,Houston,TX,US,05/04/2025,Non-Prime
AMA-C1201,Ben Kumar,,Boston,MA,US,19-Mar-2025,Prime Student
AMA-C9616,Li Müller,,Houston,TX,US,2023-01-27,Non-Prime
AMA-C9728,Aarav Yamada,aarav.yamada927@example.com,Los Angeles,CA,US,13-May-2023,Non-Prime
AMA-C3459,Michael Johnson,michael.johnson807@example.com,Los Angeles,CA,US,02-Apr-2025,
AMA-C4549,Carlos Chen,carlos.chen724@example.com,Phoenix,AZ,US,2025-12-13,
AMA-C4242,Olivia Khan,,Phoenix,AZ,US,18-Jan-2023,Prime
AMA-C9277,Wei Tanaka,wei.tanaka558@example.com,CHICAGO,IL,US,01/28/2024,Prime Student
AMA-C4001,SARA TANAKA,sara.tanaka543@example.com,Seattle,WA,US,06/17/2021,Prime Student
AMA-C5784,Aarav Garcia,aarav.garcia511@example.com,Seattle,WA,US,11/14/2023,Non-Prime
AMA-C9795,priya khan,priya.khan43@example.com,Boston,MA,US,2025-02-11,Prime
AMA-C10364,fatima martin,fatima.martin890@example.com,Houston,TX,US,06/26/2024,Non-Prime
AMA-C5542,Li Suzuki,li.suzuki576@example.com,Houston,TX,US,12/01/2023,Prime
AMA-C7071,Yuki Wang,yuki.wang979 at example.com,Houston,TX,US,13-May-2025,Prime Student
AMA-C5448, Mohammed Chen ,mohammed.chen457@example.com,LOS ANGELES,CA,US,26-Dec-2022,
AMA-C8785,Emma Kim,emma.kim865@example.com,Miami,FL,US,2024-11-19,Non-Prime
AMA-C1834,Sofia Suzuki,sofia.suzuki569@example.com,Boston,MA,US,04/13/2025,Prime
AMA-C7233,Li Sharma,li.sharma183@example.com,Denver,CO,US,2023-01-01,Non-Prime
AMA-C9264,ken smith,ken.smith131@example.com,Denver,CO,US,07/25/2025,Prime Student
AMA-C8875,james davis,james.davis383@example.com,Boston,MA,US,01/01/2025,Prime
AMA-C3048,Anna Rossi,anna.rossi869@example.com,New York,NY,US,2022-06-07,Prime
AMA-C4498,Carlos Wilson,carlos.wilson638@example.com,Seattle,WA,US,2024-08-30,Non-Prime
AMA-C4312,David Singh,david.singh165@example.com,Boston,MA,US,14-Feb-2025,Prime
AMA-C5149,Michael Sharma,michael.sharma746@example.com,Chicago,IL,US,2023-12-21,
AMA-C1203, John Garcia ,john.garcia858@example.com,Phoenix,AZ,US,02/06/2021,Prime Student
AMA-C3272,David Yamada,,Chicago,IL,US,2024-07-03,Prime
AMA-C5558,Anna Martin,anna.martin855@example.com,Boston,MA,US,19-Nov-2021,Non-Prime
AMA-C5785,Noah Chen,noah.chen249@example.com,Seattle,WA,US,05/28/2022,Non-Prime
AMA-C8552,Rahul Wang,rahul.wang136@example.com,Houston,TX,US,03/25/2025,Prime
AMA-C8115,noah kumar,noah.kumar463@example.com,houston,TX,US,11/07/2023,Prime
AMA-C6794,Carlos Wang,carlos.wang515@example.com,Phoenix,AZ,US,09-May-2022,Prime Student
AMA-C10264, Aditya Müller ,aditya.müller452@example.com,Los Angeles,CA,US,01/15/2024,Prime Student
AMA-C1727,Aarav Davis,,Phoenix,AZ,US,2021-02-03,Prime Student
AMA-C2353,Liam Brown,,Houston,TX,US,2024-04-13,Prime Student
AMA-C5574,Wei Johnson,wei.johnson388@example.com,Denver,CO,US,2021-10-07,Prime Student
AMA-C1694,Yuki Lee,yuki.lee279@example.com,Houston,TX,US,20-Feb-2023,Non-Prime
AMA-C8261,Carlos Patel,carlos.patel654@example.com,Phoenix,AZ,US,2021-08-02,Prime
AMA-C8840,rahul brown,rahul.brown56@example.com,chicago,IL,US,31-May-2022,Prime Student
AMA-C4865,Wei Yamada,wei.yamada21 at example.com,Boston,MA,US,09/12/2021,Prime
AMA-C5932,li martin,li.martin797@example.com,Atlanta,GA,US,23-Aug-2021,Prime Student
AMA-C4007,Wei Müller,wei.müller510@example.com,Houston,TX,US,2025-05-13,Prime Student
AMA-C3015,Vivaan Singh,vivaan.singh753@example.com,Denver,CO,US,2023-08-04,Non-Prime
AMA-C10154,Fatima Patel,fatima.patel228@example.com,Phoenix,AZ,US,27-Jun-2021,Non-Prime
AMA-C7357,Sofia Garcia,sofia.garcia619@example.com,Atlanta,GA,US,23-Feb-2022,Prime Student
AMA-C4800,Fatima Chen,,Phoenix,AZ,US,12-Feb-2021,Prime Student
AMA-C8753,Ben Wilson,ben.wilson999@example.com,Miami,FL,US,04/29/2023,Prime
AMA-C6639,Vivaan Yamada,vivaan.yamada446@example.com,Atlanta,GA,US,2022-10-03,Non-Prime
AMA-C4323, Aditya Khan ,aditya.khan67@example.com,Miami,FL,US,21-Jan-2022,Prime
AMA-C5189,Ava Smith,ava.smith349@example.com,Houston,TX,US,10/13/2022,Prime Student
AMA-C8039,SARA PATEL,sara.patel854@example.com,Chicago,IL,US,31-May-2023,Prime Student
AMA-C2529,Ken Wang,ken.wang409@example.com,Seattle,WA,US,04/16/2021,Non-Prime
AMA-C3764,Aarav Kumar,aarav.kumar240@example.com,Boston,MA,US,07/09/2022,Non-Prime
AMA-C3478,Vivaan Lee,vivaan.lee515@example.com,Seattle,WA,US,2024-07-05,Prime Student
AMA-C9209,Noah Garcia,noah.garcia523@example.com,DENVER,CO,US,28-Mar-2024,Non-Prime
AMA-C7795,Priya Yamada,priya.yamada726@example.com,BOSTON,MA,US,10/26/2023,Non-Prime
AMA-C2710,Liam Kim,liam.kim279@example.com,Los Angeles,CA,US,18-Sep-2021,Prime Student
AMA-C9234,BEN SMITH,ben.smith812@example.com,Los Angeles,CA,US,2024-03-20,Prime
AMA-C7862, Aarav Johnson ,aarav.johnson270@example.com,Houston,TX,US,2024-06-03,Prime
AMA-C7218,Chen Rossi,chen.rossi756@example.com,Atlanta,GA,US,30-Sep-2021,Non-Prime
AMA-C10526,Sofia Kumar,sofia.kumar724@example.com,Atlanta,GA,US,23-Feb-2022,Non-Prime
AMA-C3536,Priya Johnson,priya.johnson464@example.com,Los Angeles,CA,US,26-Jan-2021,Non-Prime
AMA-C7648,Yuki Martin,yuki.martin751@example.com,Seattle,WA,US,04-Jul-2021,Non-Prime
AMA-C5523,AVA ROSSI,ava.rossi84@example.com,PHOENIX,AZ,US,2024-02-27,Prime
AMA-C6480,JAMES DAVIS,james.davis647@example.com,Denver,CO,US,20-Jan-2021,Non-Prime
AMA-C3308,Ben Wang,ben.wang585@example.com,LOS ANGELES,CA,US,26-Jan-2022,Prime
AMA-C8233,Emma Yamada,,Denver,CO,US,2023-01-17,Prime Student
AMA-C7134,Rahul Tanaka,rahul.tanaka373@example.com,Los Angeles,CA,US,13-May-2025,Non-Prime
AMA-C10683, Aarav Anderson ,aarav.anderson346@example.com,Denver,CO,US,08-Aug-2021,Non-Prime
AMA-C9281,Li Khan,li.khan756@example.com,Denver,CO,US,2024-04-18,Prime Student
AMA-C9801,Priya Davis,priya.davis143@example.com,Denver,CO,US,2022-06-01,Prime
AMA-C9403,WEI TANAKA,,Denver,CO,US,08/08/2023,
AMA-C6662,KEN KUMAR,ken.kumar424@example.com,Denver,CO,US,06/23/2024,Prime
AMA-C5324, Liam Anderson ,liam.anderson816@example.com,Boston,MA,US,10/22/2022,Prime
AMA-C8063,Ava Patel,ava.patel57@example.com,Phoenix,AZ,US,12-Jan-2025,Non-Prime
AMA-C2908,Vivaan Lee,vivaan.lee739@example.com,Boston,MA,US,02/01/2025,Non-Prime
AMA-C7783,Aarav Kumar,aarav.kumar772@example.com,phoenix,AZ,US,2022-04-18,Prime Student
AMA-C5267,carlos chen,carlos.chen589@example.com,Houston,TX,US,2022-03-18,Non-Prime
AMA-C7906,Ken Martin,ken.martin26@example.com,Seattle,WA,US,2022-04-25,Prime
AMA-C2583,Ava Davis,ava.davis218@example.com,Seattle,WA,US,02/26/2025,Non-Prime
AMA-C9451,michael wilson,michael.wilson104@example.com,Chicago,IL,US,07/20/2023,Non-Prime
AMA-C10995,Michael Yamada,michael.yamada42@example.com,Seattle,WA,US,08-Feb-2024,Non-Prime
AMA-C3322,Carlos Kim,carlos.kim621@example.com,Seattle,WA,US,2025-03-22,Non-Prime
AMA-C8100,Aditya Smith,aditya.smith94@example.com,Phoenix,AZ,US,30-Nov-2022,Prime Student
AMA-C1940,Mohammed Chen,mohammed.chen39@example.com,New York,NY,US,2021-11-15,Prime
AMA-C1337,Aarav Wilson,aarav.wilson227@example.com,Chicago,IL,US,2023-10-18,Non-Prime
AMA-C6302,Michael Smith,,Miami,FL,US,27-May-2024,Non-Prime
AMA-C9724, Priya Wilson ,priya.wilson910@example.com,houston,TX,US,05/24/2021,Prime Student
AMA-C5531,Sofia Wilson,sofia.wilson986@example.com,Los Angeles,CA,US,23-Jul-2024,Prime
AMA-C9123,Liam Smith,liam.smith529@example.com,Boston,MA,US,2022-08-21,Non-Prime
AMA-C7102,Olivia Chen,olivia.chen828@example.com,Seattle,WA,US,12-Jul-2021,Non-Prime
AMA-C6103, Olivia Yamada ,olivia.yamada968@example.com,Atlanta,GA,US,2023-05-21,
AMA-C3468,Michael Kim,michael.kim598@example.com,Phoenix,AZ,US,13-Jun-2025,Non-Prime
AMA-C1544,Rahul Rossi,rahul.rossi202@example.com,Boston,MA,US,28-Dec-2023,Prime Student
AMA-C3984,carlos kumar,carlos.kumar682@example.com,boston,MA,US,2022-01-05,Prime
AMA-C7198,Ken Tanaka,ken.tanaka534@example.com,Miami,FL,US,25-Sep-2021,Prime
AMA-C3486,Wei Smith,wei.smith527@example.com,Chicago,IL,US,02/17/2025,Non-Prime
AMA-C9369,James Kumar,james.kumar932@example.com,Atlanta,GA,US,2024-03-31,Prime Student
AMA-C3601,li wilson,li.wilson549@example.com,Denver,CO,US,11-Jan-2025,Prime
AMA-C1504,Priya Martin,priya.martin450@example.com,New York,NY,US,2023-07-14,Non-Prime
AMA-C6926,Michael Tanaka,michael.tanaka780@example.com,Houston,TX,US,01-Nov-2022,Prime Student
AMA-C5812,Sara Singh,sara.singh218@example.com,Houston,TX,US,11/13/2025,Non-Prime
AMA-C5417,Zoe Smith,zoe.smith839 at example.com,Houston,TX,US,2024-10-11,
AMA-C4604,Ken Suzuki,ken.suzuki683@example.com,Boston,MA,US,2023-09-15,Prime
AMA-C4149,Ben Kumar,ben.kumar444@example.com,Miami,FL,US,01-May-2023,Non-Prime
AMA-C3778,Li Tanaka,li.tanaka325@example.com,Miami,FL,US,2023-10-04,Non-Prime
AMA-C4523,Olivia Martin,olivia.martin953@example.com,Los Angeles,CA,US,06/19/2025,Prime Student
AMA-C7186,Maria Smith,maria.smith758@example.com,New York,NY,US,06/12/2021,Prime Student
AMA-C10490,Olivia Müller,olivia.müller913@example.com,miami,FL,US,03/11/2022,Prime Student
AMA-C1338,John Garcia,john.garcia477@example.com,Atlanta,GA,US,07/26/2021,Prime
AMA-C1268,Anna Rossi,anna.rossi677@example.com,Los Angeles,CA,US,10/28/2021,Non-Prime
AMA-C6665,Aditya Davis,aditya.davis898@example.com,Chicago,IL,US,2025-04-22,Non-Prime
AMA-C3299,Ken Lee,ken.lee610@example.com,Atlanta,GA,US,2022-11-15,Prime Student
AMA-C1582,James Kim,james.kim195@example.com,Boston,MA,US,2025-09-18,
AMA-C8980,Maria Garcia,maria.garcia724@example.com,Boston,MA,US,07/27/2022,Prime Student
AMA-C3282,PRIYA WANG,priya.wang549@example.com,Seattle,WA,US,04/22/2025,Non-Prime
AMA-C3951,James Suzuki,james.suzuki557@example.com,New York,NY,US,14-Mar-2021,Prime Student
AMA-C7877,Noah Tanaka,noah.tanaka807 at example.com,Phoenix,AZ,US,10/26/2023,Prime Student
AMA-C6965,FATIMA CHEN,fatima.chen666@example.com,Chicago,IL,US,08/28/2025,Prime Student
AMA-C6011,Ava Tanaka,ava.tanaka517@example.com,CHICAGO,IL,US,02-Jul-2024,Prime Student
AMA-C10491,David Chen,david.chen241@example.com,miami,FL,US,2022-06-19,Prime
AMA-C4731,Aarav Tanaka,aarav.tanaka563@example.com,Seattle,WA,US,09-Apr-2022,Non-Prime
AMA-C4214,Liam Sharma,liam.sharma245@example.com,New York,NY,US,11/11/2024,Non-Prime
AMA-C5094,Aditya Brown,aditya.brown871@example.com,Denver,CO,US,2021-02-18,Prime Student
AMA-C4758,SOFIA ANDERSON,sofia.anderson473@example.com,Denver,CO,US,27-Jun-2022,Prime
AMA-C6688,Ken Sharma,ken.sharma850@example.com,Boston,MA,US,2021-04-27,Non-Prime
AMA-C2103,Vivaan Lee,vivaan.lee404@example.com,Miami,FL,US,18-Feb-2021,Prime
AMA-C8535,Aarav Müller,aarav.müller358@example.com,Seattle,WA,US,2023-05-03,Prime
AMA-C10755,John Kim,john.kim688@example.com,Houston,TX,US,10/26/2025,Non-Prime
AMA-C6096,David Anderson,david.anderson443@example.com,houston,TX,US,31-Jul-2023,Non-Prime
AMA-C6156,james tanaka,james.tanaka537@example.com,Boston,MA,US,2023-06-04,Non-Prime
AMA-C10178,Vivaan Smith,vivaan.smith26@example.com,Los Angeles,CA,US,31-Jul-2025,Non-Prime
AMA-C8028,Zoe Smith,zoe.smith470@example.com,PHOENIX,AZ,US,05-Jun-2025,Non-Prime
AMA-C8724,John Khan,john.khan224@example.com,Houston,TX,US,01/17/2023,Prime Student
AMA-C9618,James Anderson,james.anderson984@example.com,Los Angeles,CA,US,06/14/2025,Prime
AMA-C3087,Rahul Yamada,rahul.yamada683@example.com,Seattle,WA,US,17-Jul-2021,Prime Student
AMA-C10267,Aditya Yamada,aditya.yamada651@example.com,Houston,TX,US,2021-05-18,Prime Student
AMA-C7428,ADITYA SUZUKI,aditya.suzuki998@example.com,New York,NY,US,07/27/2025,Prime Student
AMA-C7319,Sara Kim,sara.kim234@example.com,Atlanta,GA,US,10/22/2021,Prime
AMA-C9878,vivaan wang,vivaan.wang224@example.com,chicago,IL,US,2023-05-06,Prime Student
AMA-C3996,Yuki Davis,yuki.davis422@example.com,Phoenix,AZ,US,07-Jul-2022,Non-Prime
AMA-C9548,EMMA JOHNSON,emma.johnson298@example.com,Seattle,WA,US,10-Nov-2025,Prime Student
AMA-C2485,Wei Kumar,wei.kumar752@example.com,Phoenix,AZ,US,2021-09-18,Prime Student
AMA-C4912,john khan,john.khan902@example.com,Seattle,WA,US,06-Mar-2021,Prime Student
AMA-C10610,Emma Wang,emma.wang796@example.com,Seattle,WA,US,09/26/2025,Non-Prime
AMA-C3633,Wei Khan,wei.khan885@example.com,Atlanta,GA,US,2023-02-16,Non-Prime
AMA-C4690,Ken Tanaka,ken.tanaka402@example.com,Houston,TX,US,11-Sep-2021,Prime
AMA-C3283,Ben Anderson,ben.anderson541@example.com,Houston,TX,US,2022-08-16,Prime
AMA-C2556,Vivaan Kim,,Denver,CO,US,03/06/2021,Prime
AMA-C1992,Olivia Anderson,olivia.anderson752@example.com,New York,NY,US,16-May-2022,Non-Prime
AMA-C7622,EMMA LEE,emma.lee209@example.com,DENVER,CO,US,2022-05-06,Non-Prime
AMA-C5569,Chen Rossi,chen.rossi962@example.com,Houston,TX,US,2022-07-07,Non-Prime
AMA-C3953,Aarav Davis,aarav.davis903 at example.com,Los Angeles,CA,US,03/03/2022,Prime Student
AMA-C10939,Olivia Chen,,Chicago,IL,US,12/10/2022,Prime
AMA-C6891,Fatima Patel,fatima.patel172@example.com,Houston,TX,US,2025-06-29,Non-Prime
AMA-C4903,Yuki Wang,yuki.wang123@example.com,Boston,MA,US,2024-12-08,
AMA-C6600,liam brown,liam.brown409@example.com,Denver,CO,US,11/01/2023,Non-Prime
AMA-C6162,CHEN LEE,chen.lee747@example.com,Seattle,WA,US,2021-12-01,Prime
AMA-C7360,VIVAAN KHAN,vivaan.khan55@example.com,Chicago,IL,US,2021-06-23,Prime Student
AMA-C3139,Rahul Martin,rahul.martin78@example.com,Houston,TX,US,09/17/2022,Prime
AMA-C7133,Aditya Sharma,aditya.sharma924@example.com,Los Angeles,CA,US,06/20/2025,Prime
AMA-C8089,Ken Lee,ken.lee817@example.com,MIAMI,FL,US,07/14/2025,Prime
AMA-C2801,yuki suzuki,,Los Angeles,CA,US,10/14/2021,Non-Prime
AMA-C7558, Emma Wilson ,,BOSTON,MA,US,09-Jun-2025,Prime
AMA-C8464,David Davis,david.davis426@example.com,Atlanta,GA,US,2024-03-16,Prime
AMA-C5890,Vivaan Chen,vivaan.chen948@example.com,Boston,MA,US,09/11/2024,Non-Prime
AMA-C5208,RAHUL PATEL,rahul.patel888@example.com,Phoenix,AZ,US,09-Dec-2021,Prime Student
AMA-C10020,Wei Müller,wei.müller324@example.com,Denver,CO,US,2023-09-18,Prime Student
AMA-C6388, Aditya Sharma ,aditya.sharma910@example.com,Miami,FL,US,03-Nov-2023,Non-Prime
AMA-C1852,fatima sharma,fatima.sharma489@example.com,Denver,CO,US,20-Nov-2023,Prime Student
AMA-C9393,John Smith,john.smith886@example.com,Los Angeles,CA,US,03/03/2025,Prime
AMA-C10980,Vivaan Sharma,vivaan.sharma602@example.com,Miami,FL,US,2025-07-24,Non-Prime
AMA-C4537,Vivaan Wilson,vivaan.wilson240@example.com,Chicago,IL,US,04/18/2022,Prime Student
AMA-C6242,Emma Suzuki,emma.suzuki616@example.com,Phoenix,AZ,US,01-Jul-2024,Prime Student
AMA-C3494,Yuki Martin,yuki.martin615@example.com,houston,TX,US,24-Apr-2021,Prime
AMA-C5336,Priya Smith,priya.smith169@example.com,New York,NY,US,02/26/2022,Prime
AMA-C8839,Priya Lee,priya.lee387@example.com,Miami,FL,US,2023-05-01,Prime
AMA-C6334,priya chen,priya.chen16@example.com,boston,MA,US,2025-04-18,Prime Student
AMA-C3712,Carlos Suzuki,carlos.suzuki210@example.com,Los Angeles,CA,US,06/16/2024,Prime Student
AMA-C7410,Aditya Rossi,aditya.rossi51@example.com,Seattle,WA,US,01/02/2022,Prime Student
AMA-C4701,Yuki Sharma,yuki.sharma396@example.com,los angeles,CA,US,11-Nov-2021,Non-Prime
AMA-C3887,YUKI BROWN,yuki.brown510@example.com,Denver,CO,US,03/10/2023,Prime
AMA-C4760,olivia müller,,Houston,TX,US,2023-12-29,Prime Student
AMA-C7613,Mohammed Suzuki,mohammed.suzuki57@example.com,New York,NY,US,25-Aug-2025,Prime Student
AMA-C2148,John Sharma,john.sharma970@example.com,Phoenix,AZ,US,2024-06-08,Prime Student
AMA-C4369,Vivaan Wilson,vivaan.wilson348@example.com,Atlanta,GA,US,28-Sep-2022,
AMA-C7440,Zoe Kim,zoe.kim443@example.com,Boston,MA,US,24-Dec-2024,Prime Student
AMA-C5882,Sara Chen,sara.chen299@example.com,Seattle,WA,US,12/14/2024,Prime Student
AMA-C10043,Vivaan Tanaka,,Houston,TX,US,25-Jun-2022,Non-Prime
AMA-C7462,Olivia Suzuki,olivia.suzuki895@example.com,Phoenix,AZ,US,14-Nov-2023,Prime
AMA-C1982,BEN DAVIS,ben.davis845@example.com,Denver,CO,US,02-Nov-2024,Prime Student
AMA-C8265,Emma Lee,emma.lee885@example.com,Atlanta,GA,US,20-Jun-2025,Prime Student
AMA-C10039,David Patel,david.patel993@example.com,Denver,CO,US,2022-03-16,Non-Prime
AMA-C4598,Priya Lee,priya.lee417@example.com,MIAMI,FL,US,05-May-2023,Prime Student
AMA-C1517, Sara Davis ,sara.davis393@example.com,Los Angeles,CA,US,07/15/2024,Non-Prime
AMA-C7638,Ben Wang,ben.wang261@example.com,Houston,TX,US,06/21/2023,Prime Student
AMA-C6956,Anna Suzuki,anna.suzuki963@example.com,Denver,CO,US,11/05/2022,
AMA-C9211,Sofia Johnson,,Seattle,WA,US,13-Feb-2021,Prime
AMA-C1288,Maria Lee,maria.lee598@example.com,Los Angeles,CA,US,01/25/2022,Non-Prime
AMA-C1725,SOFIA GARCIA,sofia.garcia265@example.com,Miami,FL,US,01-Jan-2024,Prime
AMA-C5183,John Suzuki,john.suzuki225@example.com,Los Angeles,CA,US,2022-08-15,Prime Student
AMA-C8390,MICHAEL GARCIA,michael.garcia797@example.com,Denver,CO,US,11/24/2025,
AMA-C5423,Ken Kumar,ken.kumar539 at example.com,Seattle,WA,US,06-Nov-2021,Prime
AMA-C2831,ava tanaka,ava.tanaka468@example.com,Houston,TX,US,11-Mar-2021,Prime
AMA-C10459,RAHUL ANDERSON,rahul.anderson987@example.com,Miami,FL,US,10-Jan-2025,Prime Student
AMA-C4768,Mohammed Garcia,mohammed.garcia385@example.com,Phoenix,AZ,US,11/26/2022,Non-Prime
AMA-C7918,Emma Yamada,emma.yamada165@example.com,houston,TX,US,2021-04-20,Prime
AMA-C9434,Sara Müller,,Houston,TX,US,20-Jan-2021,Non-Prime
AMA-C1917,Yuki Anderson,yuki.anderson62@example.com,Houston,TX,US,03/08/2025,Prime
AMA-C8184,aditya kim,aditya.kim172@example.com,Boston,MA,US,2021-07-02,Prime Student
AMA-C10298,Ken Lee,ken.lee941@example.com,Boston,MA,US,09/02/2021,Prime Student
AMA-C1126,zoe wilson,zoe.wilson889@example.com,Los Angeles,CA,US,2025-12-07,
AMA-C10650,Fatima Wilson,fatima.wilson436@example.com,Chicago,IL,US,08/31/2024,
AMA-C6894,Yuki Patel,yuki.patel53@example.com,HOUSTON,TX,US,05/28/2023,Prime Student
AMA-C9106,LI KIM,,Atlanta,GA,US,13-Sep-2024,Prime
AMA-C1213,Rahul Müller,rahul.müller562@example.com,Miami,FL,US,02/17/2022,
AMA-C1043,Vivaan Smith,vivaan.smith519@example.com,Miami,FL,US,2025-11-18,Prime
AMA-C3884,Maria Garcia,maria.garcia398@example.com,Denver,CO,US,05/19/2024,Prime Student
AMA-C2200,li tanaka,li.tanaka44@example.com,Houston,TX,US,2025-10-02,Prime
AMA-C10436,Anna Suzuki,,Chicago,IL,US,04/08/2025,Prime
AMA-C4173,Rahul Rossi,rahul.rossi782@example.com,Phoenix,AZ,US,2022-03-29,Prime Student
AMA-C10047,liam yamada,liam.yamada878@example.com,Houston,TX,US,19-Oct-2021,Prime
AMA-C6726,JAMES SUZUKI,james.suzuki991@example.com,New York,NY,US,11/30/2023,Prime
AMA-C1330,Zoe Khan,zoe.khan344@example.com,Houston,TX,US,2024-12-27,Prime Student
AMA-C3640,Wei Kim,wei.kim214 at example.com,PHOENIX,AZ,US,07-May-2023,Non-Prime
AMA-C5704,Yuki Yamada,yuki.yamada407@example.com,Los Angeles,CA,US,06-Aug-2022,Non-Prime
AMA-C6395, Maria Anderson ,maria.anderson527@example.com,Seattle,WA,US,10-Aug-2021,
AMA-C2177,Emma Davis,emma.davis314@example.com,Denver,CO,US,05/05/2021,Prime Student
AMA-C9969,Fatima Suzuki,,Chicago,IL,US,2021-02-05,Prime
AMA-C10902,Noah Johnson,noah.johnson407@example.com,Miami,FL,US,04/17/2021,Non-Prime
AMA-C1049,John Yamada,,Houston,TX,US,2021-06-24,Prime
AMA-C3409,Sara Lee,sara.lee705@example.com,NEW YORK,NY,US,07/04/2021,Non-Prime
AMA-C9317,Rahul Anderson,rahul.anderson737@example.com,Boston,MA,US,10-Sep-2025,Prime
AMA-C4920,Wei Smith,wei.smith518@example.com,Denver,CO,US,2021-02-20,Prime Student
AMA-C6109,AVA WANG,ava.wang495@example.com,Houston,TX,US,02/15/2022,Prime Student
AMA-C2796,mohammed tanaka,mohammed.tanaka792@example.com,Atlanta,GA,US,2022-08-16,Non-Prime
AMA-C3326,carlos tanaka,carlos.tanaka790 at example.com,Denver,CO,US,2021-04-18,Non-Prime
AMA-C5492, Liam Martin ,liam.martin621 at example.com,Seattle,WA,US,02/28/2024,Prime Student
AMA-C8116,Anna Wilson,anna.wilson551@example.com,Atlanta,GA,US,2025-02-28,Non-Prime
AMA-C6024,Ava Singh,ava.singh790@example.com,New York,NY,US,2025-09-12,Prime
AMA-C5863,Maria Garcia,maria.garcia791@example.com,Los Angeles,CA,US,2025-11-30,Prime
AMA-C1225,Ava Anderson,ava.anderson709@example.com,Boston,MA,US,2022-12-05,Prime
AMA-C6998,Noah Davis,noah.davis823@example.com,Miami,FL,US,19-Sep-2021,Prime Student
AMA-C6592,Ava Chen,ava.chen865@example.com,Boston,MA,US,2025-10-01,Prime
AMA-C6895,Sara Tanaka,sara.tanaka798@example.com,Houston,TX,US,2021-08-02,Prime Student
AMA-C7279,Maria Brown,maria.brown730@example.com,Seattle,WA,US,11/06/2024,Non-Prime
AMA-C10523,Aarav Wilson,aarav.wilson557@example.com,Seattle,WA,US,09/03/2023,Prime
AMA-C3622,Chen Müller,chen.müller368@example.com,Atlanta,GA,US,07-May-2023,Prime
AMA-C3885,MOHAMMED SHARMA,mohammed.sharma199@example.com,Denver,CO,US,01/12/2022,Prime Student
AMA-C1612,WEI KUMAR,wei.kumar452@example.com,Denver,CO,US,01/26/2021,Prime
AMA-C2096, Carlos Suzuki ,carlos.suzuki500@example.com,Houston,TX,US,22-Mar-2022,Prime
AMA-C2134,Li Suzuki,li.suzuki974@example.com,Atlanta,GA,US,2025-02-06,Non-Prime
AMA-C7353,SOFIA JOHNSON,sofia.johnson973@example.com,Atlanta,GA,US,30-Aug-2024,Prime Student
AMA-C6528,MOHAMMED KHAN,mohammed.khan750@example.com,Boston,MA,US,19-Feb-2023,Non-Prime
AMA-C4111,David Kim,david.kim182@example.com,Chicago,IL,US,11/06/2023,Prime
AMA-C7464,Priya Chen,priya.chen916 at example.com,chicago,IL,US,18-Feb-2024,Non-Prime
AMA-C3485,JOHN MARTIN,,Atlanta,GA,US,06/10/2022,Non-Prime
AMA-C4780,Zoe Patel,zoe.patel915@example.com,Los Angeles,CA,US,2022-04-19,Prime Student
AMA-C6805, Emma Tanaka ,emma.tanaka674@example.com,Seattle,WA,US,18-Jun-2024,Prime Student
AMA-C6234,John Lee,john.lee52@example.com,New York,NY,US,31-Jul-2024,
AMA-C3208,James Sharma,james.sharma396@example.com,Houston,TX,US,2025-08-01,Prime
AMA-C6414,Zoe Lee,zoe.lee865@example.com,Atlanta,GA,US,02-Dec-2023,Prime
AMA-C4292,Maria Brown,maria.brown497@example.com,Seattle,WA,US,2023-10-14,Prime Student
AMA-C5816,Chen Tanaka,chen.tanaka635@example.com,Seattle,WA,US,01/02/2022,Prime Student
AMA-C9849,Priya Khan,priya.khan389@example.com,Atlanta,GA,US,09-Jan-2021,Prime
AMA-C1911,Li Lee,li.lee952@example.com,Seattle,WA,US,2024-05-11,Prime
AMA-C8216,Priya Martin,priya.martin464@example.com,New York,NY,US,10-Nov-2025,Prime
AMA-C3815,vivaan wang,vivaan.wang764@example.com,Phoenix,AZ,US,03/22/2023,Non-Prime
AMA-C2929,Chen Kumar,chen.kumar948@example.com,Denver,CO,US,09-Feb-2024,Prime
AMA-C10321, James Khan ,james.khan959@example.com,New York,NY,US,24-Sep-2023,
AMA-C7528,aarav garcia,aarav.garcia941@example.com,new york,NY,US,2023-09-27,Prime Student
AMA-C5736,Priya Tanaka,,Denver,CO,US,01-Mar-2023,Prime
AMA-C8584,Maria Brown,maria.brown534@example.com,Denver,CO,US,23-Jun-2025,Non-Prime
AMA-C7292,Anna Anderson,anna.anderson206@example.com,Los Angeles,CA,US,05/11/2025,Prime
AMA-C7748,Emma Anderson,emma.anderson59@example.com,los angeles,CA,US,17-Aug-2023,Non-Prime
AMA-C10357,Fatima Wang,fatima.wang681@example.com,Chicago,IL,US,05/18/2025,Prime
AMA-C10054,Sara Singh,sara.singh46@example.com,New York,NY,US,04/03/2023,Prime
AMA-C8727,Olivia Davis,olivia.davis201@example.com,Los Angeles,CA,US,08/13/2025,Non-Prime
AMA-C2966,Aditya Kumar,,Boston,MA,US,2024-05-18,Prime Student
AMA-C1747,Aarav Smith,aarav.smith239@example.com,Chicago,IL,US,03/18/2025,Non-Prime
AMA-C5435,Yuki Müller,yuki.müller475@example.com,Phoenix,AZ,US,2025-06-18,Prime
AMA-C9569,Anna Johnson,anna.johnson655@example.com,Atlanta,GA,US,2021-10-21,Non-Prime
AMA-C8358,Carlos Kim,carlos.kim889@example.com,Miami,FL,US,2021-08-11,Prime
AMA-C1951,Carlos Chen,,Boston,MA,US,07/30/2022,Prime Student
AMA-C6807,Liam Brown,liam.brown686 at example.com,Los Angeles,CA,US,05/20/2022,Non-Prime
AMA-C4888,Rahul Kumar,rahul.kumar454@example.com,Houston,TX,US,08-Apr-2022,Prime
AMA-C9259,Aarav Khan,aarav.khan64@example.com,Chicago,IL,US,2021-09-20,Prime
AMA-C4085,John Wang,john.wang201@example.com,New York,NY,US,2023-06-08,Prime
AMA-C10028,Aarav Tanaka,aarav.tanaka927@example.com,Phoenix,AZ,US,11/24/2022,Non-Prime
AMA-C7973,Olivia Yamada,olivia.yamada152@example.com,Los Angeles,CA,US,20-Feb-2021,Prime Student
AMA-C3653, Maria Sharma ,maria.sharma510@example.com,Boston,MA,US,2024-04-24,Prime
AMA-C3217,David Chen,david.chen242@example.com,Boston,MA,US,19-Mar-2024,Non-Prime
AMA-C6968,Michael Chen,michael.chen978@example.com,Chicago,IL,US,21-Sep-2021,Prime Student
AMA-C6823,MOHAMMED SHARMA,mohammed.sharma641@example.com,Houston,TX,US,16-Nov-2023,
AMA-C5467,SOFIA KIM,sofia.kim962@example.com,Phoenix,AZ,US,2023-12-26,Prime Student
AMA-C4877,Ben Khan,ben.khan223@example.com,Houston,TX,US,2021-12-01,Non-Prime
AMA-C5445,Mohammed Lee,mohammed.lee355@example.com,Boston,MA,US,07/28/2022,Non-Prime
AMA-C1996,Chen Smith,chen.smith409@example.com,Boston,MA,US,13-Feb-2022,Non-Prime
AMA-C10007,rahul wilson,,Phoenix,AZ,US,2023-08-04,Non-Prime
AMA-C8795,Priya Patel,,Los Angeles,CA,US,2025-11-10,Prime
AMA-C2089,Aditya Kumar,aditya.kumar405@example.com,Phoenix,AZ,US,07/29/2025,Prime
AMA-C8676,John Sharma,john.sharma229@example.com,Los Angeles,CA,US,09-Apr-2024,Non-Prime
AMA-C4076,John Patel,,Boston,MA,US,08/25/2023,
AMA-C3821,Aarav Rossi,aarav.rossi338@example.com,Boston,MA,US,2023-07-30,Prime
AMA-C6292,Zoe Johnson,zoe.johnson772@example.com,phoenix,AZ,US,02/10/2021,Prime Student
AMA-C1728,Fatima Smith,fatima.smith261@example.com,Atlanta,GA,US,11/27/2024,Prime
AMA-C2841,Noah Lee,noah.lee685@example.com,Boston,MA,US,10/22/2024,Prime Student
AMA-C8541,Aditya Anderson,aditya.anderson518@example.com,Seattle,WA,US,2021-05-30,Prime
AMA-C6501,SARA LEE,sara.lee567@example.com,Boston,MA,US,15-May-2024,Non-Prime
AMA-C7256,Ben Wilson,ben.wilson963@example.com,Denver,CO,US,03/11/2024,Non-Prime
AMA-C6018,olivia davis,olivia.davis980@example.com,Denver,CO,US,03-Apr-2022,Prime
AMA-C6010,Vivaan Kim,vivaan.kim81@example.com,Atlanta,GA,US,2023-08-16,Non-Prime
AMA-C6158,Chen Brown,chen.brown959@example.com,New York,NY,US,07/25/2022,Non-Prime
AMA-C4411,Sofia Khan,sofia.khan882@example.com,New York,NY,US,06/05/2022,Prime Student
AMA-C2111,LIAM MARTIN,liam.martin13@example.com,Denver,CO,US,27-Aug-2021,Prime
AMA-C6847,Yuki Müller,yuki.müller700@example.com,Miami,FL,US,29-Oct-2025,Non-Prime
AMA-C7568,MICHAEL CHEN,michael.chen120@example.com,Seattle,WA,US,02-Nov-2025,Prime Student
AMA-C5516,Mohammed Wang,mohammed.wang49@example.com,BOSTON,MA,US,02/05/2022,Prime Student
AMA-C5111,Ben Sharma,ben.sharma714 at example.com,Seattle,WA,US,05/18/2023,Prime
AMA-C9248,Carlos Wilson,carlos.wilson130@example.com,Phoenix,AZ,US,26-Mar-2024,Non-Prime
AMA-C1875,James Brown,james.brown294@example.com,Miami,FL,US,10/05/2022,Non-Prime
AMA-C3659,anna kim,anna.kim111@example.com,Phoenix,AZ,US,04-Apr-2023,Prime
AMA-C7405,Ben Müller,ben.müller583@example.com,Atlanta,GA,US,22-Sep-2023,Prime Student
AMA-C6737,Olivia Suzuki,olivia.suzuki829@example.com,Los Angeles,CA,US,2025-04-26,Non-Prime
AMA-C9073,Emma Tanaka,emma.tanaka968@example.com,Miami,FL,US,12/21/2022,Non-Prime
AMA-C7620,fatima davis,fatima.davis503@example.com,Phoenix,AZ,US,15-Sep-2022,Prime Student
AMA-C1989,Priya Suzuki,,Boston,MA,US,14-Sep-2022,Non-Prime
AMA-C8821,Olivia Davis,olivia.davis391@example.com,Atlanta,GA,US,2022-06-22,Prime Student
AMA-C10276,Sara Wilson,sara.wilson797@example.com,Denver,CO,US,05/27/2021,Prime Student
AMA-C4022,Yuki Rossi,yuki.rossi411@example.com,Los Angeles,CA,US,2025-02-17,Prime
AMA-C7271,Olivia Sharma,olivia.sharma889@example.com,Atlanta,GA,US,14-Feb-2023,Prime Student
AMA-C7448,Michael Kumar,michael.kumar556@example.com,Miami,FL,US,17-Jan-2023,Prime Student
AMA-C2013,Ava Brown,ava.brown976@example.com,Seattle,WA,US,09-Nov-2023,Prime
AMA-C6754,MOHAMMED JOHNSON,,Atlanta,GA,US,01/22/2025,Non-Prime
AMA-C5325,Zoe Brown,zoe.brown629@example.com,MIAMI,FL,US,2022-06-26,Prime
AMA-C8693,Ava Anderson,ava.anderson655@example.com,Denver,CO,US,22-Nov-2023,Non-Prime
AMA-C9998, Vivaan Khan ,vivaan.khan451@example.com,Chicago,IL,US,15-Nov-2024,Non-Prime
AMA-C10268,Anna Khan,anna.khan307@example.com,Miami,FL,US,02/03/2023,Prime Student
AMA-C9892,Liam Wilson,liam.wilson488@example.com,Chicago,IL,US,2021-04-28,Prime
AMA-C3245,Yuki Sharma,yuki.sharma675@example.com,Houston,TX,US,2021-10-15,Non-Prime
AMA-C7426,Rahul Johnson,rahul.johnson893@example.com,Houston,TX,US,12/23/2022,Non-Prime
AMA-C9298,David Anderson,david.anderson230@example.com,LOS ANGELES,CA,US,03/28/2025,Prime
AMA-C9312,Zoe Tanaka,zoe.tanaka81@example.com,CHICAGO,IL,US,2024-03-28,Prime Student
AMA-C10643,Sara Kim,sara.kim863@example.com,Miami,FL,US,2025-08-06,Prime
AMA-C4902, Aditya Suzuki ,,New York,NY,US,03/27/2023,Non-Prime
AMA-C3301,Ava Anderson,ava.anderson265 at example.com,New York,NY,US,30-Jun-2025,Prime
AMA-C3965,AVA TANAKA,ava.tanaka64@example.com,Houston,TX,US,07/25/2024,Non-Prime
AMA-C9260,David Khan,david.khan27@example.com,houston,TX,US,16-Apr-2025,Prime
AMA-C1276,fatima anderson,fatima.anderson948@example.com,Los Angeles,CA,US,11-Mar-2021,Non-Prime
AMA-C9965, Aditya Wang ,aditya.wang481@example.com,Chicago,IL,US,09-Dec-2021,Prime Student
AMA-C7155,Li Suzuki,li.suzuki215@example.com,Phoenix,AZ,US,01/23/2025,Prime
AMA-C4564,Wei Müller,,Los Angeles,CA,US,01-Mar-2024,Prime Student
AMA-C10277,David Suzuki,david.suzuki713@example.com,NEW YORK,NY,US,2023-12-13,Prime
AMA-C8551,DAVID TANAKA,david.tanaka79@example.com,New York,NY,US,29-Jul-2023,Prime
AMA-C3235,Rahul Sharma,rahul.sharma391@example.com,atlanta,GA,US,2023-03-02,Prime Student
AMA-C10115,Aditya Wang,aditya.wang663@example.com,Houston,TX,US,18-Dec-2025,Non-Prime
AMA-C6468,Sara Kim,sara.kim485@example.com,Phoenix,AZ,US,07/08/2024,Non-Prime
AMA-C9960,Sofia Garcia,sofia.garcia689@example.com,new york,NY,US,06/08/2024,Prime Student
AMA-C6279,David Kumar,,Boston,MA,US,15-Sep-2025,Prime Student
AMA-C8507,Wei Anderson,wei.anderson990@example.com,Atlanta,GA,US,20-May-2025,Non-Prime
AMA-C6289,anna sharma,anna.sharma448@example.com,Boston,MA,US,08-Sep-2023,Prime Student
AMA-C9984,Priya Martin,,Miami,FL,US,26-Dec-2025,Non-Prime
AMA-C8759,Fatima Johnson,fatima.johnson276@example.com,Miami,FL,US,2021-04-24,Prime Student
AMA-C4191,Anna Tanaka,,Atlanta,GA,US,01/21/2022,Non-Prime
AMA-C5742,Zoe Johnson,zoe.johnson488@example.com,Houston,TX,US,2025-09-13,Prime
AMA-C2458,Maria Anderson,maria.anderson439@example.com,Atlanta,GA,US,2022-06-13,Non-Prime
AMA-C7011,Yuki Kim,yuki.kim779 at example.com,Chicago,IL,US,13-May-2024,Prime
AMA-C3751,Anna Khan,anna.khan553@example.com,Chicago,IL,US,05/08/2024,Prime Student
AMA-C3880,Noah Davis,noah.davis764@example.com,chicago,IL,US,06/25/2021,Prime Student
AMA-C9659,Sara Khan,,Phoenix,AZ,US,05-Sep-2025,Prime
AMA-C9636,Anna Lee,anna.lee893 at example.com,SEATTLE,WA,US,2023-12-20,Prime
AMA-C10792,zoe anderson,zoe.anderson297@example.com,Atlanta,GA,US,21-Jun-2024,Prime
AMA-C4375,Carlos Anderson,carlos.anderson473@example.com,Atlanta,GA,US,23-May-2023,Non-Prime
AMA-C3317,Anna Wang,anna.wang204@example.com,Miami,FL,US,2025-02-01,Non-Prime
AMA-C2605,Vivaan Kim,vivaan.kim157@example.com,Atlanta,GA,US,02/05/2024,Non-Prime
AMA-C5791,emma lee,emma.lee977@example.com,New York,NY,US,04-Sep-2023,Non-Prime
AMA-C9489,Zoe Kumar,zoe.kumar290@example.com,Phoenix,AZ,US,2025-08-03,Prime
AMA-C9848,SARA SMITH,sara.smith823@example.com,Phoenix,AZ,US,17-Feb-2022,Prime Student
AMA-C2088,WEI SINGH,wei.singh246@example.com,New York,NY,US,31-Mar-2023,Prime
AMA-C3537,James Patel,james.patel857@example.com,New York,NY,US,07/17/2023,Prime
AMA-C3040,Li Smith,li.smith948@example.com,Seattle,WA,US,25-Feb-2024,Non-Prime
AMA-C7582,Noah Rossi,noah.rossi155@example.com,Miami,FL,US,06/16/2024,Non-Prime
AMA-C7100,Michael Anderson,michael.anderson875@example.com,Miami,FL,US,02/14/2025,Prime
AMA-C4039,Ben Kumar,ben.kumar914@example.com,New York,NY,US,07/24/2021,Prime Student
AMA-C10844,Chen Davis,chen.davis291@example.com,Miami,FL,US,05/17/2025,Prime
AMA-C10599,Zoe Kim,zoe.kim796@example.com,Los Angeles,CA,US,2021-02-11,Non-Prime
AMA-C9252,LI DAVIS,li.davis649@example.com,Houston,TX,US,2021-01-25,Non-Prime
AMA-C8741,Ava Johnson,ava.johnson107@example.com,Boston,MA,US,06/20/2025,Prime
AMA-C7405,Ben Müller,ben.müller583@example.com,Atlanta,GA,US,22-Sep-2023,Prime Student
AMA-C3493,Sofia Sharma,sofia.sharma540@example.com,Phoenix,AZ,US,2021-04-27,Prime
AMA-C8570,Mohammed Kumar,mohammed.kumar228 at example.com,Seattle,WA,US,12/17/2025,Non-Prime
AMA-C7685,sara smith,sara.smith17@example.com,Houston,TX,US,21-Dec-2023,Prime Student
AMA-C6470,Aditya Müller,aditya.müller589@example.com,Los Angeles,CA,US,2021-02-21,Non-Prime
AMA-C4400, Aarav Wilson ,aarav.wilson878@example.com,New York,NY,US,05/04/2024,Prime Student
AMA-C9888,Rahul Kumar,rahul.kumar265@example.com,Denver,CO,US,2024-10-02,Non-Prime
AMA-C3261,Mohammed Sharma,mohammed.sharma362@example.com,Atlanta,GA,US,2023-02-08,Prime
AMA-C3676,Anna Martin,anna.martin905@example.com,Denver,CO,US,2021-12-22,Prime Student
AMA-C2784,Chen Yamada,,Atlanta,GA,US,17-Jun-2024,Prime Student
AMA-C4781,Emma Chen,emma.chen967@example.com,Miami,FL,US,2023-09-20,Prime
AMA-C3605,Li Wilson,li.wilson429@example.com,Denver,CO,US,08/28/2024,Prime
AMA-C2749,Li Garcia,li.garcia387@example.com,Chicago,IL,US,11/11/2025,Non-Prime
AMA-C3132,FATIMA KUMAR,fatima.kumar832@example.com,Seattle,WA,US,06/27/2023,Prime
AMA-C8080,Emma Martin,emma.martin872@example.com,Atlanta,GA,US,2021-11-05,Prime Student
AMA-C3989,Emma Khan,emma.khan934@example.com,Seattle,WA,US,08/12/2023,Non-Prime
AMA-C10345,Sofia Martin,sofia.martin227@example.com,Chicago,IL,US,22-Aug-2024,Prime
AMA-C1318,Wei Wang,wei.wang542@example.com,Los Angeles,CA,US,2025-03-31,Prime
AMA-C9950,James Wang,james.wang60@example.com,Boston,MA,US,10/11/2022,Prime Student
AMA-C5843,Michael Lee,michael.lee984@example.com,New York,NY,US,21-Sep-2022,Prime Student
AMA-C3357,Olivia Lee,olivia.lee62@example.com,Atlanta,GA,US,13-Mar-2022,Prime
AMA-C8326,James Brown,james.brown34@example.com,Denver,CO,US,08-Nov-2025,Prime Student
AMA-C8936,Ava Khan,ava.khan433@example.com,Seattle,WA,US,2025-01-12,Prime Student
AMA-C7934,Aarav Khan,aarav.khan735@example.com,New York,NY,US,18-Jul-2025,Prime
AMA-C9737,John Wang,john.wang304@example.com,Denver,CO,US,06-Jan-2023,Non-Prime
AMA-C4570,Sara Müller,sara.müller495@example.com,Boston,MA,US,01-Dec-2023,Non-Prime
AMA-C2635,Yuki Patel,yuki.patel554@example.com,New York,NY,US,07/04/2023,Prime
AMA-C1533, Fatima Yamada ,fatima.yamada773@example.com,Los Angeles,CA,US,05/18/2023,Non-Prime
AMA-C9100,Noah Khan,noah.khan971@example.com,Boston,MA,US,13-Oct-2021,Non-Prime
AMA-C5877,James Patel,james.patel622@example.com,New York,NY,US,2025-09-04,Non-Prime
AMA-C8030,Ben Müller,ben.müller67@example.com,Houston,TX,US,02-Jan-2022,Prime Student
AMA-C7815,JOHN CHEN,john.chen781@example.com,Atlanta,GA,US,08/31/2024,Non-Prime
AMA-C9163,Rahul Wilson,rahul.wilson853@example.com,Denver,CO,US,11/27/2021,Prime
AMA-C1936,Aditya Anderson,aditya.anderson111@example.com,Phoenix,AZ,US,2021-02-16,Non-Prime
AMA-C7564,Ben Smith,ben.smith130@example.com,Chicago,IL,US,03/01/2025,Prime Student
AMA-C8292,Ben Suzuki,ben.suzuki977@example.com,Houston,TX,US,12-Dec-2022,Prime
AMA-C2618,Mohammed Patel,mohammed.patel685@example.com,Atlanta,GA,US,01/27/2021,Non-Prime
AMA-C8279, Maria Kumar ,maria.kumar531@example.com,Atlanta,GA,US,22-Jul-2022,Prime Student
AMA-C10483,Maria Chen,maria.chen979@example.com,Los Angeles,CA,US,2023-10-17,Non-Prime
AMA-C1792,Ava Brown,ava.brown388@example.com,Phoenix,AZ,US,2021-11-25,Prime Student
AMA-C10300,Noah Davis,noah.davis920@example.com,Atlanta,GA,US,2022-08-28,Prime
AMA-C4346,Anna Martin,anna.martin13@example.com,Houston,TX,US,25-Dec-2022,Non-Prime
AMA-C3606,liam brown,liam.brown866@example.com,Boston,MA,US,09/09/2022,Non-Prime
AMA-C8032,Carlos Smith,carlos.smith517@example.com,Los Angeles,CA,US,07/09/2025,Prime
AMA-C1636,Carlos Sharma,carlos.sharma101@example.com,Phoenix,AZ,US,2022-10-24,Prime Student
AMA-C2907,Michael Wilson,michael.wilson18@example.com,Miami,FL,US,2023-03-02,Prime
AMA-C7238,Aditya Sharma,aditya.sharma974@example.com,Miami,FL,US,07/10/2023,Non-Prime
AMA-C2553,Carlos Lee,carlos.lee825@example.com,New York,NY,US,11/17/2021,
AMA-C10793,Yuki Wilson,yuki.wilson456@example.com,Houston,TX,US,21-Feb-2021,
AMA-C4960,Li Rossi,,Houston,TX,US,09-Apr-2022,Prime Student
AMA-C2150,Ava Brown,ava.brown366@example.com,Los Angeles,CA,US,23-Apr-2023,Prime
AMA-C8533,rahul lee,rahul.lee11@example.com,Miami,FL,US,01/29/2022,Prime Student
AMA-C5384,Ava Kim,ava.kim706@example.com,Boston,MA,US,13-Feb-2022,Non-Prime
AMA-C10699,Chen Rossi,,Boston,MA,US,2021-07-19,
AMA-C10945,Noah Singh,noah.singh722@example.com,Phoenix,AZ,US,22-Feb-2024,Prime Student
AMA-C4209,Sara Khan,sara.khan771@example.com,Seattle,WA,US,08/19/2021,Prime
AMA-C2995,Priya Singh,priya.singh930@example.com,Atlanta,GA,US,02-Apr-2025,Non-Prime
AMA-C2604,Aarav Chen,aarav.chen97@example.com,houston,TX,US,07/24/2025,Non-Prime
AMA-C1927,LIAM KUMAR,liam.kumar483@example.com,Boston,MA,US,2024-08-28,Prime Student
AMA-C4376,Maria Garcia,,boston,MA,US,01/30/2022,Prime Student
AMA-C3700,Yuki Patel,,Atlanta,GA,US,06/04/2024,Prime
AMA-C10046,JOHN CHEN,,Los Angeles,CA,US,24-Dec-2023,
AMA-C4276,Noah Smith,noah.smith297@example.com,Boston,MA,US,09/08/2023,Prime Student
AMA-C3096,Chen Johnson,chen.johnson549@example.com,Chicago,IL,US,2023-02-26,Non-Prime
AMA-C8998,Ken Yamada,ken.yamada254@example.com,Chicago,IL,US,11-Aug-2023,Prime
AMA-C10900,liam garcia,,Denver,CO,US,2022-05-12,Non-Prime
AMA-C7643,Mohammed Wang,mohammed.wang6@example.com,Los Angeles,CA,US,2025-07-12,Non-Prime
AMA-C9516,Noah Chen,noah.chen514@example.com,Houston,TX,US,2023-03-20,Prime
AMA-C7328,Zoe Suzuki,zoe.suzuki555@example.com,Phoenix,AZ,US,01/09/2022,Prime
AMA-C6896,KEN SUZUKI,,Boston,MA,US,18-Jul-2024,Non-Prime
AMA-C3496,Yuki Patel,yuki.patel966@example.com,Houston,TX,US,2024-09-07,
AMA-C7696,ava chen,ava.chen39@example.com,New York,NY,US,2025-03-18,Prime Student
AMA-C7572,James Davis,james.davis185@example.com,Miami,FL,US,2022-10-26,Non-Prime
AMA-C4656,Michael Khan,,Chicago,IL,US,05-May-2025,Non-Prime
AMA-C6208,Aditya Johnson,aditya.johnson218@example.com,Houston,TX,US,2024-03-28,Prime
AMA-C8978,LI ANDERSON,li.anderson594@example.com,New York,NY,US,03/14/2025,Prime Student
AMA-C6141,Ben Singh,ben.singh272@example.com,Chicago,IL,US,2022-09-22,Non-Prime
AMA-C1234, Ben Rossi ,ben.rossi618@example.com,Phoenix,AZ,US,07-May-2023,Prime
AMA-C7099,Wei Kim,,Denver,CO,US,07/24/2021,Prime
AMA-C2551,Yuki Tanaka,yuki.tanaka92@example.com,Seattle,WA,US,2025-06-13,
AMA-C5909,DAVID BROWN,david.brown688@example.com,Atlanta,GA,US,27-Aug-2022,Non-Prime
AMA-C6528,MOHAMMED KHAN,mohammed.khan750@example.com,Boston,MA,US,19-Feb-2023,Non-Prime
AMA-C5714,Vivaan Rossi,vivaan.rossi52@example.com,New York,NY,US,04/19/2023,Non-Prime
AMA-C9041,PRIYA BROWN,priya.brown456@example.com,Boston,MA,US,2022-05-09,Prime
AMA-C10988,ken rossi,ken.rossi347@example.com,Boston,MA,US,11/22/2022,
AMA-C7296,Li Lee,,LOS ANGELES,CA,US,2021-11-03,Non-Prime
AMA-C3325,Ken Sharma,ken.sharma140@example.com,Boston,MA,US,2022-10-29,Prime Student
AMA-C7891, Rahul Patel ,rahul.patel691 at example.com,Houston,TX,US,2023-02-27,Prime
AMA-C2760,DAVID YAMADA,david.yamada132@example.com,Los Angeles,CA,US,24-Dec-2025,Prime Student
AMA-C7343,Sara Davis,sara.davis746@example.com,Seattle,WA,US,31-Oct-2022,Prime
AMA-C10098,Noah Garcia,noah.garcia109 at example.com,Atlanta,GA,US,06/08/2023,Prime Student
AMA-C7519,Olivia Kumar,olivia.kumar963@example.com,Atlanta,GA,US,2025-05-21,Non-Prime
AMA-C8907,James Martin,james.martin416 at example.com,Denver,CO,US,2024-08-04,Prime Student
AMA-C4020,Fatima Singh,fatima.singh344@example.com,Houston,TX,US,2021-05-13,Prime
AMA-C8827,Yuki Tanaka,yuki.tanaka987@example.com,Chicago,IL,US,2021-04-04,Non-Prime
AMA-C7669,Liam Smith,liam.smith686@example.com,Denver,CO,US,07-Jun-2024,Prime Student
AMA-C2941, Sofia Martin ,,Atlanta,GA,US,2022-09-24,Prime Student
AMA-C10057,Olivia Johnson,olivia.johnson479@example.com,Houston,TX,US,10-Apr-2024,Prime Student
AMA-C6514,sofia rossi,sofia.rossi767@example.com,Chicago,IL,US,02/25/2025,Non-Prime
AMA-C8568,Olivia Smith,olivia.smith409@example.com,Boston,MA,US,12/01/2023,Non-Prime
AMA-C8190,Maria Martin,maria.martin184@example.com,Denver,CO,US,01/28/2024,Prime Student
AMA-C4138,Mohammed Yamada,mohammed.yamada797@example.com,Atlanta,GA,US,04/16/2023,Prime
AMA-C9425,Emma Brown,emma.brown760@example.com,boston,MA,US,2022-02-04,Prime Student
AMA-C2212,Anna Sharma,anna.sharma606@example.com,Chicago,IL,US,15-May-2023,Non-Prime
AMA-C9974,Wei Tanaka,wei.tanaka645@example.com,Houston,TX,US,20-Jul-2025,Prime
AMA-C2227,Priya Kim,priya.kim301@example.com,Denver,CO,US,04/15/2023,Prime Student
AMA-C5620,Sara Sharma,sara.sharma172@example.com,Atlanta,GA,US,03/22/2022,Prime Student
AMA-C1883,Aditya Kumar,aditya.kumar310@example.com,Boston,MA,US,08-Jul-2025,
AMA-C7835,David Wang,david.wang901@example.com,Atlanta,GA,US,2025-06-22,Prime Student
AMA-C9823,OLIVIA MARTIN,olivia.martin292 at example.com,Los Angeles,CA,US,2024-01-18,Prime Student
AMA-C2026,wei wang,wei.wang801@example.com,Phoenix,AZ,US,11-Sep-2021,Non-Prime
AMA-C4238,Mohammed Smith,mohammed.smith509@example.com,Houston,TX,US,21-Jan-2022,Prime
AMA-C7398,Wei Tanaka,wei.tanaka321@example.com,Phoenix,AZ,US,30-Oct-2022,Non-Prime
AMA-C4230,Mohammed Kumar,mohammed.kumar313@example.com,Chicago,IL,US,17-Jun-2023,Non-Prime
AMA-C4427, Aarav Tanaka ,aarav.tanaka993@example.com,Miami,FL,US,2022-08-12,Non-Prime
AMA-C7477,Anna Anderson,anna.anderson448@example.com,Phoenix,AZ,US,07-Mar-2025,Prime Student
AMA-C1770,Vivaan Yamada,vivaan.yamada857@example.com,boston,MA,US,02-May-2024,Prime
AMA-C6971,priya smith,,Miami,FL,US,2024-08-04,Prime
AMA-C2641,Wei Brown,wei.brown224@example.com,Seattle,WA,US,10/14/2021,
AMA-C9504,James Sharma,james.sharma520@example.com,CHICAGO,IL,US,08/30/2023,Prime Student
AMA-C4851,James Sharma,james.sharma173@example.com,Seattle,WA,US,17-Dec-2025,Prime Student
AMA-C6775,David Patel,david.patel35@example.com,Miami,FL,US,04/06/2025,Non-Prime
AMA-C10260,John Kumar,john.kumar118@example.com,New York,NY,US,09/15/2024,Non-Prime
AMA-C3665,Rahul Tanaka,rahul.tanaka590@example.com,Los Angeles,CA,US,04-Dec-2023,Non-Prime
AMA-C6177,Ken Davis,ken.davis322@example.com,Seattle,WA,US,2025-07-01,Prime
AMA-C10493,Aarav Anderson,aarav.anderson828@example.com,Denver,CO,US,29-Jul-2022,Non-Prime
AMA-C6217,Ken Brown,ken.brown356@example.com,Seattle,WA,US,08/30/2022,Non-Prime
AMA-C1246,Vivaan Kumar,vivaan.kumar166@example.com,NEW YORK,NY,US,31-May-2024,Prime
AMA-C1221,Michael Singh,michael.singh596@example.com,Boston,MA,US,2023-02-12,Non-Prime
AMA-C2545,Mohammed Johnson,mohammed.johnson826@example.com,Seattle,WA,US,16-Jul-2021,Non-Prime
AMA-C5544,Anna Kim,anna.kim26@example.com,New York,NY,US,30-Jan-2023,
AMA-C7280,Rahul Lee,rahul.lee791@example.com,Seattle,WA,US,08/17/2024,Prime
AMA-C7626,Aditya Rossi,aditya.rossi327 at example.com,Phoenix,AZ,US,09/24/2024,Non-Prime
AMA-C1565,Ken Rossi,ken.rossi939@example.com,Chicago,IL,US,08/31/2025,Prime
AMA-C5898,John Kim,john.kim608@example.com,Miami,FL,US,25-Jun-2021,Non-Prime
AMA-C7136,Sofia Tanaka,sofia.tanaka880@example.com,Chicago,IL,US,2024-03-07,Prime
AMA-C4977,Olivia Singh,olivia.singh901@example.com,Los Angeles,CA,US,2024-09-24,Prime
AMA-C6095,Chen Müller,chen.müller670@example.com,Houston,TX,US,2025-07-28,Prime Student
AMA-C9058,Noah Müller,noah.müller259@example.com,Seattle,WA,US,27-May-2022,Prime Student
AMA-C3729, Chen Wilson ,chen.wilson808@example.com,New York,NY,US,04/16/2021,Non-Prime
AMA-C7628,Aarav Singh,aarav.singh268@example.com,Los Angeles,CA,US,19-Sep-2023,Prime Student
AMA-C2154,Mohammed Kim,mohammed.kim108@example.com,Seattle,WA,US,16-Dec-2025,Prime Student
AMA-C9495,Ava Chen,ava.chen965 at example.com,Seattle,WA,US,17-Jul-2022,Non-Prime
AMA-C5494,James Wang,james.wang100@example.com,Chicago,IL,US,05/18/2025,Prime
AMA-C8581,Vivaan Chen,vivaan.chen963@example.com,Houston,TX,US,01/03/2021,Non-Prime
AMA-C5018,ben rossi,ben.rossi449@example.com,Los Angeles,CA,US,05-Sep-2023,Non-Prime
AMA-C3123, Chen Patel ,chen.patel976@example.com,New York,NY,US,2022-08-23,Non-Prime
AMA-C3396,Li Wang,li.wang333@example.com,Denver,CO,US,2021-12-04,Prime Student
AMA-C1125,MICHAEL SHARMA,michael.sharma142@example.com,new york,NY,US,03/27/2021,Prime Student
AMA-C2327,AVA TANAKA,ava.tanaka694@example.com,Phoenix,AZ,US,10-Aug-2023,Non-Prime
AMA-C8207,Liam Suzuki,liam.suzuki628@example.com,Denver,CO,US,11/30/2021,Prime
AMA-C8259,Ben Müller,,miami,FL,US,21-Apr-2023,Prime Student
AMA-C6229,Carlos Garcia,carlos.garcia525@example.com,Seattle,WA,US,2023-06-13,Prime Student
AMA-C6271,David Wilson,david.wilson812@example.com,Miami,FL,US,24-Aug-2024,Prime Student
AMA-C2269,Li Tanaka,li.tanaka506@example.com,New York,NY,US,07/18/2023,Prime
AMA-C2879,JAMES SINGH,james.singh931@example.com,Denver,CO,US,2024-05-01,Non-Prime
AMA-C4012,Carlos Khan,carlos.khan852@example.com,Los Angeles,CA,US,09/17/2024,Prime
AMA-C9142,James Tanaka,james.tanaka736 at example.com,Denver,CO,US,09/17/2022,Non-Prime
AMA-C5340,Maria Singh,maria.singh169@example.com,Denver,CO,US,2024-10-18,Prime
AMA-C10207,Mohammed Wang,mohammed.wang489@example.com,New York,NY,US,2022-09-21,Non-Prime
AMA-C8757,Rahul Yamada,rahul.yamada127@example.com,Miami,FL,US,2022-03-15,Prime Student
AMA-C1855,ZOE TANAKA,zoe.tanaka271@example.com,Chicago,IL,US,2022-09-16,
AMA-C1701,Noah Lee,noah.lee641@example.com,Phoenix,AZ,US,23-May-2022,Prime Student
AMA-C10592,Sara Kumar,sara.kumar970@example.com,Seattle,WA,US,05/06/2022,Non-Prime
AMA-C8678,Liam Singh,liam.singh675@example.com,Phoenix,AZ,US,11/09/2021,Prime Student
AMA-C6445,Chen Singh,chen.singh567@example.com,Boston,MA,US,10/02/2022,Non-Prime
AMA-C2726,DAVID YAMADA,david.yamada31@example.com,Boston,MA,US,29-May-2025,Prime
AMA-C3147,fatima davis,fatima.davis425@example.com,houston,TX,US,08/15/2022,Prime Student
AMA-C3458,Li Wang,li.wang473@example.com,Miami,FL,US,2024-06-09,Prime
AMA-C9315,VIVAAN WANG,vivaan.wang841@example.com,Seattle,WA,US,2021-03-25,Prime
AMA-C3758,Michael Tanaka,,Miami,FL,US,10-Apr-2022,Prime Student
AMA-C2964,Fatima Rossi,fatima.rossi3@example.com,CHICAGO,IL,US,02/27/2025,Prime
AMA-C6448,Wei Müller,,Chicago,IL,US,02/17/2024,Non-Prime
AMA-C5624,Ken Rossi,ken.rossi172@example.com,Houston,TX,US,2023-12-15,Prime Student
AMA-C6016,ADITYA ANDERSON,aditya.anderson434@example.com,chicago,IL,US,05-Jul-2022,Non-Prime
AMA-C3013,Vivaan Rossi,vivaan.rossi535@example.com,Denver,CO,US,02/26/2025,Non-Prime
AMA-C4479,Ben Martin,ben.martin640@example.com,BOSTON,MA,US,12/28/2023,Prime Student
AMA-C10130,FATIMA SMITH,fatima.smith262@example.com,Miami,FL,US,03-Nov-2023,Non-Prime
AMA-C8430,Michael Suzuki,michael.suzuki182@example.com,Phoenix,AZ,US,29-Mar-2025,Prime Student
AMA-C5366,Aditya Rossi,aditya.rossi295@example.com,Phoenix,AZ,US,2024-08-19,Prime Student
AMA-C3451,John Rossi,john.rossi705@example.com,Los Angeles,CA,US,21-Sep-2021,Non-Prime
AMA-C5506,Wei Suzuki,wei.suzuki836@example.com,Boston,MA,US,2021-03-24,Prime Student
AMA-C8972,Ava Rossi,ava.rossi267@example.com,boston,MA,US,2024-04-29,Prime Student
AMA-C3075,James Johnson,james.johnson428@example.com,New York,NY,US,2025-12-26,Prime Student
AMA-C1282,Chen Lee,chen.lee255@example.com,Houston,TX,US,2021-02-12,Prime
AMA-C2304,AVA GARCIA,ava.garcia954@example.com,Chicago,IL,US,04/02/2023,
AMA-C7642,vivaan brown,vivaan.brown736@example.com,New York,NY,US,2023-02-04,Prime
AMA-C4399, Maria Suzuki ,maria.suzuki389@example.com,Boston,MA,US,2024-09-19,Non-Prime
AMA-C9518,Priya Martin,priya.martin314@example.com,Houston,TX,US,09-Jul-2021,Prime Student
AMA-C8097,Ken Singh,ken.singh980@example.com,Chicago,IL,US,31-Jan-2024,Prime
AMA-C8847,Maria Johnson,,Los Angeles,CA,US,2024-02-10,Non-Prime
AMA-C8699,Zoe Davis,zoe.davis541@example.com,Seattle,WA,US,23-Jun-2024,Non-Prime
AMA-C8598,Ben Wang,ben.wang21@example.com,Los Angeles,CA,US,25-Sep-2024,Prime
AMA-C6446,Ben Kumar,ben.kumar275@example.com,Atlanta,GA,US,23-Jul-2021,Non-Prime
AMA-C5923,ken garcia,ken.garcia750@example.com,Houston,TX,US,09/07/2021,Prime Student
AMA-C5452, Ben Kim ,ben.kim901@example.com,Boston,MA,US,2024-05-26,Prime Student
AMA-C7109,Chen Chen,chen.chen485@example.com,Houston,TX,US,24-Dec-2024,Prime Student
AMA-C9581,david wilson,david.wilson947@example.com,Miami,FL,US,2022-01-04,Prime
AMA-C2392, Wei Kumar ,wei.kumar100@example.com,Phoenix,AZ,US,28-May-2021,Non-Prime
AMA-C5713,Aditya Tanaka,aditya.tanaka30@example.com,Miami,FL,US,05/27/2022,Non-Prime
AMA-C10967,Aditya Martin,aditya.martin995@example.com,Phoenix,AZ,US,2024-12-10,Prime Student
AMA-C8986,Vivaan Smith,vivaan.smith715@example.com,Denver,CO,US,28-Jan-2022,Non-Prime
AMA-C6424,Aditya Kumar,,New York,NY,US,05/19/2024,Non-Prime
AMA-C4443,Michael Tanaka,michael.tanaka309@example.com,Miami,FL,US,12/12/2023,Non-Prime
AMA-C3876,Aarav Kim,aarav.kim35@example.com,Los Angeles,CA,US,2024-06-09,Prime
AMA-C3349,Ava Johnson,ava.johnson701@example.com,Denver,CO,US,2022-03-30,Prime Student
AMA-C10573,Vivaan Singh,,Denver,CO,US,14-Jun-2025,Prime
AMA-C1948,Carlos Khan,carlos.khan400@example.com,Miami,FL,US,09/26/2023,Prime
AMA-C4488,James Garcia,james.garcia216@example.com,Atlanta,GA,US,23-Apr-2025,Prime
AMA-C5557,Aarav Garcia,,Chicago,IL,US,08/09/2024,Prime
AMA-C4607,Noah Kumar,noah.kumar385@example.com,Seattle,WA,US,12/21/2021,Prime Student
AMA-C9769,Ben Kumar,ben.kumar354@example.com,Seattle,WA,US,2023-12-08,Non-Prime
AMA-C1313,David Sharma,david.sharma514@example.com,Houston,TX,US,2024-05-29,Prime Student
AMA-C1749,Wei Davis,wei.davis347@example.com,New York,NY,US,2025-10-04,Non-Prime
AMA-C10284,Priya Garcia,priya.garcia433@example.com,Chicago,IL,US,27-Sep-2023,Non-Prime
AMA-C3651,Mohammed Tanaka,mohammed.tanaka887@example.com,Los Angeles,CA,US,2025-01-10,Non-Prime
AMA-C2548, Wei Singh ,wei.singh881@example.com,Miami,FL,US,24-Dec-2024,Non-Prime
AMA-C9412,Ben Wilson,ben.wilson981@example.com,seattle,WA,US,2023-05-17,Non-Prime
AMA-C8262,Liam Singh,liam.singh614@example.com,CHICAGO,IL,US,06/20/2021,Non-Prime
AMA-C1323,Mohammed Wilson,mohammed.wilson262@example.com,Phoenix,AZ,US,2022-10-26,Prime
AMA-C4151,zoe chen,zoe.chen406@example.com,Atlanta,GA,US,11/03/2021,Prime
AMA-C6608,Rahul Rossi,rahul.rossi470@example.com,Denver,CO,US,05/14/2022,Non-Prime
AMA-C1808,Aarav Anderson,aarav.anderson619@example.com,Seattle,WA,US,2022-07-21,Non-Prime
AMA-C6352,ZOE WANG,zoe.wang309@example.com,miami,FL,US,27-Jul-2024,Prime
AMA-C5112,Priya Sharma,priya.sharma471@example.com,Atlanta,GA,US,2022-01-22,Non-Prime
AMA-C6290,Yuki Chen,yuki.chen446@example.com,Boston,MA,US,2023-09-20,Non-Prime
AMA-C10498, Yuki Davis ,yuki.davis262@example.com,Miami,FL,US,02/27/2023,Prime Student
AMA-C1799,Ava Patel,ava.patel787@example.com,Houston,TX,US,10/19/2021,Prime Student
AMA-C5780,Li Suzuki,li.suzuki397@example.com,Houston,TX,US,2024-02-22,Non-Prime
AMA-C9462,aditya suzuki,,Phoenix,AZ,US,2024-08-07,Non-Prime
AMA-C9493,Liam Wang,liam.wang858@example.com,Seattle,WA,US,2022-02-04,
AMA-C3432,mohammed lee,mohammed.lee981 at example.com,New York,NY,US,12-Feb-2022,Prime Student
AMA-C9656,DAVID KUMAR,david.kumar419@example.com,New York,NY,US,11/25/2025,Non-Prime
AMA-C8645, Sara Patel ,,Los Angeles,CA,US,03/03/2023,Non-Prime
AMA-C9854,BEN WANG,ben.wang984@example.com,Boston,MA,US,05/30/2022,Prime
AMA-C8268,olivia yamada,olivia.yamada819@example.com,Seattle,WA,US,2025-06-20,Non-Prime
AMA-C8872,MICHAEL ANDERSON,michael.anderson561@example.com,seattle,WA,US,2024-08-19,Non-Prime
AMA-C3797,Liam Davis,liam.davis410@example.com,SEATTLE,WA,US,2025-08-25,Prime Student
AMA-C7543,Anna Martin,anna.martin850@example.com,Houston,TX,US,17-Jun-2022,Prime Student
AMA-C6314,David Rossi,david.rossi760@example.com,Chicago,IL,US,05-Jun-2024,Non-Prime
AMA-C2522,Maria Smith,maria.smith169@example.com,Phoenix,AZ,US,01/06/2023,Prime Student
AMA-C8728,Noah Kumar,noah.kumar530@example.com,Los Angeles,CA,US,07/07/2021,Prime Student
AMA-C6075,Rahul Anderson,rahul.anderson730@example.com,Denver,CO,US,04/11/2022,
AMA-C10226,John Martin,john.martin845@example.com,Chicago,IL,US,2022-08-26,Non-Prime
AMA-C5573,Rahul Kim,rahul.kim504@example.com,Seattle,WA,US,08/22/2024,Non-Prime
AMA-C10961,Li Brown,li.brown68 at example.com,New York,NY,US,10/28/2025,Prime
AMA-C7797,Noah Davis,noah.davis266@example.com,Chicago,IL,US,09-Dec-2021,Prime Student
AMA-C9727,Ben Singh,ben.singh945@example.com,Boston,MA,US,03/06/2023,Non-Prime
AMA-C6293,Emma Brown,,Chicago,IL,US,2021-10-27,Prime Student
AMA-C2738,Ava Johnson,ava.johnson781@example.com,New York,NY,US,02-Jun-2023,Non-Prime
AMA-C4077,Olivia Anderson,olivia.anderson461@example.com,Atlanta,GA,US,26-Mar-2022,Prime Student
AMA-C1026,anna chen,anna.chen598@example.com,Denver,CO,US,18-Sep-2024,
AMA-C2735,Priya Lee,priya.lee81@example.com,Seattle,WA,US,03/29/2023,Non-Prime
AMA-C10743,Yuki Rossi,yuki.rossi835@example.com,Miami,FL,US,24-Jan-2022,Prime Student
AMA-C2436,Anna Rossi,anna.rossi977@example.com,Atlanta,GA,US,01/22/2022,Non-Prime
AMA-C2168,Ben Smith,ben.smith608@example.com,Phoenix,AZ,US,13-Sep-2025,Prime
AMA-C10327,Maria Kumar,maria.kumar87@example.com,NEW YORK,NY,US,2022-05-17,Prime Student
AMA-C5124,john davis,john.davis333@example.com,New York,NY,US,2021-07-13,Prime Student
AMA-C8145,James Suzuki,james.suzuki267@example.com,Denver,CO,US,02-Aug-2022,Prime
AMA-C6640,Anna Patel,anna.patel701@example.com,Houston,TX,US,28-Feb-2025,Prime
AMA-C8434,Wei Kim,wei.kim185@example.com,Houston,TX,US,05/25/2023,Prime Student
AMA-C2386,Ava Chen,,Seattle,WA,US,31-Jan-2025,Non-Prime
AMA-C8139,priya kumar,priya.kumar979@example.com,Seattle,WA,US,2024-02-08,Prime
AMA-C10992,Wei Martin,wei.martin974@example.com,Miami,FL,US,23-Nov-2022,Non-Prime
AMA-C1223,Noah Suzuki,noah.suzuki702@example.com,Atlanta,GA,US,2025-01-29,Prime
AMA-C8915,Aarav Davis,aarav.davis897@example.com,Boston,MA,US,30-Dec-2023,Prime
AMA-C1192,aarav brown,aarav.brown304@example.com,Boston,MA,US,09/16/2025,Non-Prime
AMA-C4455,Priya Garcia,priya.garcia522@example.com,DENVER,CO,US,2025-10-29,Prime
AMA-C10662,Wei Tanaka,wei.tanaka70@example.com,Los Angeles,CA,US,23-Jun-2024,Prime
AMA-C5787,Emma Yamada,emma.yamada8@example.com,Boston,MA,US,09-Aug-2021,Prime Student
AMA-C1503,Olivia Kim,olivia.kim813@example.com,Chicago,IL,US,2021-11-08,Prime
AMA-C2690,Vivaan Garcia,vivaan.garcia521@example.com,Atlanta,GA,US,03/26/2022,Prime Student
AMA-C2579,Liam Patel,liam.patel762@example.com,Los Angeles,CA,US,11/25/2024,Non-Prime
AMA-C10769,Chen Tanaka,chen.tanaka718@example.com,Los Angeles,CA,US,2024-02-20,Prime Student
AMA-C5026,Carlos Rossi,carlos.rossi947@example.com,Houston,TX,US,24-Oct-2021,Prime Student
AMA-C1814,Vivaan Rossi,vivaan.rossi80@example.com,Seattle,WA,US,01-Feb-2025,Non-Prime
AMA-C2067,Ben Brown,ben.brown918@example.com,Phoenix,AZ,US,25-Dec-2021,Non-Prime
AMA-C10335,John Kumar,john.kumar280@example.com,New York,NY,US,12/20/2022,Non-Prime
AMA-C3361,ken tanaka,ken.tanaka103@example.com,Los Angeles,CA,US,20-Dec-2024,Prime Student
AMA-C4736,Priya Sharma,priya.sharma174@example.com,Boston,MA,US,28-Jul-2022,Prime
AMA-C2271,Emma Johnson,emma.johnson912@example.com,Atlanta,GA,US,01/27/2021,Prime Student
AMA-C7912,Sara Singh,sara.singh104@example.com,Seattle,WA,US,2025-02-09,Non-Prime
AMA-C1798,James Smith,james.smith977@example.com,Atlanta,GA,US,09/30/2025,Prime
AMA-C10717,Chen Davis,chen.davis405@example.com,Atlanta,GA,US,05/22/2023,Prime
AMA-C1540,aarav kim,aarav.kim47@example.com,Boston,MA,US,2025-01-13,Prime
AMA-C2560,Priya Yamada,,Los Angeles,CA,US,02/10/2024,Prime
AMA-C6512,ken lee,ken.lee127@example.com,new york,NY,US,2022-07-07,Non-Prime
AMA-C9537,Li Anderson,li.anderson309@example.com,Los Angeles,CA,US,20-Jan-2021,Prime Student
AMA-C7091,carlos rossi,carlos.rossi367@example.com,Chicago,IL,US,08-May-2022,Non-Prime
AMA-C8622,FATIMA SUZUKI,fatima.suzuki112@example.com,Seattle,WA,US,05/22/2021,Prime
AMA-C3169,Ben Kumar,ben.kumar453@example.com,Chicago,IL,US,07/20/2024,Non-Prime
AMA-C9901,Ken Garcia,,Denver,CO,US,09/09/2024,Prime Student
AMA-C9685, Aditya Rossi ,aditya.rossi465 at example.com,Seattle,WA,US,03-Jun-2024,
AMA-C7556,Liam Müller,liam.müller931@example.com,Los Angeles,CA,US,23-Feb-2025,Prime Student
AMA-C2074,Fatima Chen,fatima.chen196@example.com,Miami,FL,US,2024-10-14,Non-Prime
AMA-C6951,Sofia Suzuki,sofia.suzuki68@example.com,Atlanta,GA,US,06/23/2021,Prime Student
AMA-C4118,David Anderson,david.anderson790@example.com,Chicago,IL,US,08/05/2024,Non-Prime
AMA-C3906,Anna Singh,anna.singh447@example.com,Denver,CO,US,28-Dec-2023,Non-Prime
AMA-C1960,Wei Johnson,wei.johnson659@example.com,Boston,MA,US,24-Sep-2023,Prime Student
AMA-C1057,Olivia Sharma,olivia.sharma462@example.com,Denver,CO,US,10/27/2024,
AMA-C6101,Chen Brown,chen.brown523@example.com,Phoenix,AZ,US,2024-02-05,Prime
AMA-C3428, Sofia Khan ,sofia.khan159@example.com,Denver,CO,US,2021-07-16,Non-Prime
AMA-C7720,NOAH TANAKA,noah.tanaka624@example.com,Miami,FL,US,05/28/2022,Non-Prime
AMA-C9366,Yuki Smith,yuki.smith14@example.com,Seattle,WA,US,2021-05-29,Non-Prime
AMA-C7140,Anna Rossi,anna.rossi716@example.com,Miami,FL,US,17-Feb-2023,
AMA-C7111,Fatima Garcia,fatima.garcia340@example.com,Chicago,IL,US,26-Dec-2025,Prime Student
AMA-C5192, Emma Davis ,emma.davis418@example.com,Seattle,WA,US,2024-07-13,Non-Prime
AMA-C4929,Olivia Singh,olivia.singh921@example.com,Denver,CO,US,20-Apr-2021,Non-Prime
AMA-C8635,Anna Lee,,Seattle,WA,US,11-Mar-2024,
AMA-C7038,John Garcia,john.garcia416@example.com,Atlanta,GA,US,2021-08-28,Prime
AMA-C7089,Li Patel,li.patel836@example.com,Phoenix,AZ,US,17-Feb-2023,Prime
AMA-C3295,zoe müller,zoe.müller101@example.com,Denver,CO,US,2022-09-23,Prime
AMA-C5604,Vivaan Davis,vivaan.davis875@example.com,Miami,FL,US,11-Feb-2025,Prime Student
AMA-C2081,Priya Smith,priya.smith741@example.com,Chicago,IL,US,26-Apr-2021,
AMA-C3252,Maria Chen,maria.chen422@example.com,Miami,FL,US,13-Jun-2022,Non-Prime
AMA-C4608,Emma Khan,emma.khan779@example.com,Phoenix,AZ,US,2024-10-19,Prime Student
AMA-C5565,Yuki Khan,yuki.khan476@example.com,Atlanta,GA,US,05-May-2022,Prime
AMA-C8630,Fatima Anderson,fatima.anderson19@example.com,Miami,FL,US,2022-11-18,Prime Student
AMA-C8492,James Wang,james.wang706@example.com,Houston,TX,US,2025-08-05,Non-Prime
AMA-C9947,Rahul Rossi,,Houston,TX,US,16-Nov-2023,Prime Student
AMA-C5664,Priya Rossi,priya.rossi264@example.com,Denver,CO,US,2023-07-23,Non-Prime
AMA-C7545,LI SHARMA,li.sharma218@example.com,Houston,TX,US,10/07/2024,Non-Prime
AMA-C9627,Zoe Wilson,zoe.wilson992@example.com,Boston,MA,US,19-May-2022,Non-Prime
AMA-C5519,Mohammed Sharma,mohammed.sharma139@example.com,Boston,MA,US,09/17/2025,Prime Student
AMA-C6858,PRIYA TANAKA,priya.tanaka908@example.com,New York,NY,US,09/20/2024,Prime
AMA-C7051,Yuki Singh,yuki.singh763@example.com,Boston,MA,US,2024-11-13,Prime
AMA-C7404,Sara Wilson,sara.wilson779@example.com,Atlanta,GA,US,2025-10-15,Prime
AMA-C1138,Li Johnson,li.johnson105@example.com,Chicago,IL,US,09/09/2024,Prime
AMA-C10140,Priya Chen,priya.chen49@example.com,Los Angeles,CA,US,03/24/2024,Non-Prime
AMA-C6802,Aarav Yamada,aarav.yamada216@example.com,Phoenix,AZ,US,02/07/2021,Prime
AMA-C7704,James Lee,james.lee721@example.com,DENVER,CO,US,09/24/2021,Prime
AMA-C6500,James Tanaka,james.tanaka800@example.com,Chicago,IL,US,11-Sep-2022,Prime
AMA-C1910,Sofia Suzuki,sofia.suzuki630@example.com,Boston,MA,US,2021-12-10,Prime
AMA-C4696,James Tanaka,james.tanaka608@example.com,PHOENIX,AZ,US,2025-12-19,Prime Student
AMA-C10744,PRIYA KIM,priya.kim397@example.com,phoenix,AZ,US,2022-06-06,Prime Student
AMA-C8294,priya anderson,priya.anderson966@example.com,Houston,TX,US,2021-01-01,Prime Student
AMA-C7338,David Smith,david.smith137@example.com,Boston,MA,US,2022-08-15,Non-Prime
AMA-C10500, Michael Martin ,,New York,NY,US,06-Sep-2025,Non-Prime
AMA-C4665,LI LEE,li.lee572@example.com,Boston,MA,US,03-Feb-2021,Prime Student
AMA-C8108,Vivaan Yamada,vivaan.yamada299@example.com,Denver,CO,US,01-Aug-2023,Prime Student
AMA-C7262,David Chen,david.chen868@example.com,Seattle,WA,US,2025-08-13,Non-Prime
AMA-C1102,James Kumar,james.kumar564@example.com,Boston,MA,US,07/23/2023,Prime Student
AMA-C7715,Sara Singh,sara.singh336@example.com,Los Angeles,CA,US,28-Jul-2022,
AMA-C9810, Fatima Rossi ,fatima.rossi55@example.com,Miami,FL,US,20-Nov-2025,Prime Student
AMA-C3131,JOHN ANDERSON,john.anderson934@example.com,Houston,TX,US,24-Sep-2024,Prime Student
AMA-C9307,Vivaan Chen,vivaan.chen300@example.com,Atlanta,GA,US,10/17/2024,Non-Prime
AMA-C1548,Carlos Chen,carlos.chen240@example.com,Houston,TX,US,19-Aug-2025,
AMA-C6328,ben davis,,Miami,FL,US,06-Jan-2025,Non-Prime
AMA-C7741,Aditya Müller,aditya.müller882@example.com,Denver,CO,US,09/10/2025,Prime
AMA-C4385,Anna Brown,anna.brown314 at example.com,new york,NY,US,2021-02-27,Prime
AMA-C7734, Chen Lee ,chen.lee671@example.com,chicago,IL,US,06/17/2021,Prime
AMA-C9422,Wei Lee,wei.lee734@example.com,Denver,CO,US,02/14/2021,Non-Prime
AMA-C4866,MOHAMMED BROWN,mohammed.brown707@example.com,Los Angeles,CA,US,19-Oct-2021,Prime
AMA-C10440,chen müller,chen.müller15@example.com,CHICAGO,IL,US,07/21/2024,Prime Student
AMA-C9570,Sofia Tanaka,sofia.tanaka151@example.com,New York,NY,US,09-Mar-2022,Non-Prime
AMA-C10331,Aditya Brown,aditya.brown441@example.com,HOUSTON,TX,US,13-Oct-2024,Prime Student
AMA-C2758,Ben Kumar,ben.kumar370@example.com,Miami,FL,US,08/20/2024,Prime
AMA-C10356, Priya Garcia ,priya.garcia115@example.com,New York,NY,US,11-Mar-2023,Prime
AMA-C4433,Noah Smith,noah.smith50 at example.com,Seattle,WA,US,12/15/2022,Non-Prime
AMA-C5981,Zoe Garcia,zoe.garcia171@example.com,Denver,CO,US,29-Jun-2024,Non-Prime
AMA-C7025,WEI SINGH,,Los Angeles,CA,US,04/20/2022,Non-Prime
AMA-C9820,chen rossi,chen.rossi282@example.com,Chicago,IL,US,09-Jan-2021,Non-Prime
AMA-C10262,James Kim,james.kim140@example.com,Phoenix,AZ,US,26-Mar-2022,Non-Prime
AMA-C5096,Rahul Suzuki,rahul.suzuki935@example.com,Chicago,IL,US,03/13/2025,Prime
AMA-C10445,David Lee,david.lee881@example.com,Atlanta,GA,US,20-May-2024,Prime
AMA-C1907,David Lee,david.lee733@example.com,New York,NY,US,01/22/2024,Non-Prime
AMA-C10937,fatima patel,fatima.patel12@example.com,Atlanta,GA,US,01/04/2022,Prime Student
AMA-C3387,Liam Kumar,liam.kumar23@example.com,Chicago,IL,US,19-Feb-2024,Prime Student
AMA-C8138,Aarav Johnson,aarav.johnson642@example.com,Miami,FL,US,05/17/2021,Prime Student
AMA-C4919,Aditya Yamada,aditya.yamada198@example.com,Miami,FL,US,08/06/2021,Prime Student
AMA-C8229,James Wilson,,Atlanta,GA,US,28-Mar-2023,Prime Student
AMA-C8135,MARIA ANDERSON,maria.anderson119@example.com,Los Angeles,CA,US,01/26/2024,Non-Prime
AMA-C5671,John Kim,john.kim150@example.com,Houston,TX,US,01/01/2022,Non-Prime
AMA-C7177,Rahul Smith,rahul.smith627@example.com,Los Angeles,CA,US,01/02/2024,Prime
AMA-C7473,Fatima Lee,fatima.lee598@example.com,Miami,FL,US,10/12/2024,Prime Student
AMA-C3896,Fatima Rossi,fatima.rossi486@example.com,Boston,MA,US,2025-10-26,Prime
AMA-C7594,Zoe Suzuki,zoe.suzuki141@example.com,Houston,TX,US,09/21/2022,Prime
AMA-C7052,Liam Kim,liam.kim592@example.com,atlanta,GA,US,08-Sep-2021,Prime
AMA-C10190,SARA SMITH,,Los Angeles,CA,US,2022-08-18,Non-Prime
AMA-C6055, Wei Singh ,,New York,NY,US,12/29/2025,Prime
AMA-C1620,Chen Singh,chen.singh424@example.com,Atlanta,GA,US,06/26/2021,Prime
AMA-C8576,Sara Wilson,,BOSTON,MA,US,04-Feb-2022,Prime Student
AMA-C4898,James Yamada,james.yamada178@example.com,Chicago,IL,US,25-Jun-2021,Prime
AMA-C6400,David Garcia,david.garcia489@example.com,New York,NY,US,15-Apr-2025,Prime Student
AMA-C4474,Chen Brown,chen.brown121@example.com,Miami,FL,US,03/03/2021,Prime Student
AMA-C3363,CARLOS KUMAR,carlos.kumar142@example.com,Chicago,IL,US,02/14/2023,Non-Prime
AMA-C9981,Ken Garcia,ken.garcia236@example.com,Phoenix,AZ,US,11/21/2024,Prime Student
AMA-C3782,Carlos Suzuki,carlos.suzuki42@example.com,Atlanta,GA,US,11/25/2021,Prime Student
AMA-C6814,James Patel,james.patel255@example.com,Boston,MA,US,17-Jan-2025,Prime
AMA-C5410,vivaan sharma,vivaan.sharma201@example.com,Boston,MA,US,08-Dec-2025,Prime Student
AMA-C1637,ADITYA CHEN,aditya.chen185@example.com,Miami,FL,US,2025-12-07,Prime
AMA-C9289,Noah Lee,noah.lee585@example.com,Los Angeles,CA,US,06/29/2023,Non-Prime
AMA-C8298,John Müller,john.müller201@example.com,Los Angeles,CA,US,07/04/2024,Prime
AMA-C5106,Aditya Müller,aditya.müller957@example.com,Atlanta,GA,US,08/29/2025,Prime
AMA-C6919,maria kumar,maria.kumar891@example.com,Denver,CO,US,31-Dec-2023,Prime Student
AMA-C7006,Aditya Yamada,aditya.yamada281@example.com,New York,NY,US,28-Feb-2023,Prime
AMA-C3499,Emma Brown,emma.brown398@example.com,Miami,FL,US,03/16/2022,Prime
AMA-C9597,Anna Smith,anna.smith340@example.com,Seattle,WA,US,04-Dec-2023,Prime Student
AMA-C3719,Zoe Rossi,zoe.rossi761@example.com,Denver,CO,US,2023-11-11,Non-Prime
AMA-C6209,fatima müller,fatima.müller90@example.com,atlanta,GA,US,12/25/2025,Prime Student
AMA-C7851,Vivaan Anderson,vivaan.anderson161@example.com,Houston,TX,US,06/08/2024,Non-Prime
AMA-C7889,Olivia Sharma,,Seattle,WA,US,2021-05-07,Prime Student
AMA-C7430,Yuki Johnson,yuki.johnson879@example.com,Atlanta,GA,US,07/12/2025,Non-Prime
AMA-C8245,ava khan,ava.khan53@example.com,Denver,CO,US,12/01/2022,Prime
AMA-C10679,Aarav Lee,aarav.lee622@example.com,New York,NY,US,2021-07-30,Prime Student
AMA-C5965,Michael Patel,michael.patel651@example.com,Atlanta,GA,US,25-Oct-2024,Non-Prime
AMA-C10348,Ben Tanaka,,Denver,CO,US,24-Jun-2025,Prime Student
AMA-C4075,John Sharma,john.sharma943@example.com,Phoenix,AZ,US,2023-09-15,Prime Student
AMA-C9067,Fatima Anderson,fatima.anderson292@example.com,Phoenix,AZ,US,07/18/2021,Prime Student
AMA-C1131,Mohammed Patel,mohammed.patel503@example.com,New York,NY,US,14-Dec-2022,Prime
AMA-C5213,Wei Rossi,wei.rossi366@example.com,Los Angeles,CA,US,06/17/2022,Prime Student
AMA-C1600,Michael Davis,michael.davis258@example.com,Miami,FL,US,23-Jun-2023,Prime
AMA-C7232,Olivia Yamada,olivia.yamada123@example.com,houston,TX,US,26-Apr-2025,Prime Student
AMA-C8574, Anna Patel ,anna.patel966@example.com,Miami,FL,US,2024-07-02,Non-Prime
AMA-C10371,Sofia Suzuki,,New York,NY,US,12/16/2023,Prime Student
AMA-C6598,Vivaan Singh,vivaan.singh531@example.com,SEATTLE,WA,US,18-Mar-2021,Prime Student
AMA-C2016,Maria Khan,maria.khan513@example.com,Miami,FL,US,05/10/2024,Prime
AMA-C7243,emma martin,emma.martin389@example.com,Boston,MA,US,07/26/2021,Prime Student
AMA-C6992,Aarav Davis,aarav.davis375@example.com,Denver,CO,US,2024-03-26,Prime Student
AMA-C5258,michael suzuki,michael.suzuki326@example.com,New York,NY,US,31-Aug-2025,Prime
AMA-C9358,Emma Johnson,emma.johnson804@example.com,NEW YORK,NY,US,2025-06-28,Non-Prime
AMA-C3873,Wei Garcia,wei.garcia372@example.com,Los Angeles,CA,US,07/30/2022,Prime Student
AMA-C4124,olivia davis,olivia.davis11@example.com,Houston,TX,US,2024-02-15,Prime Student
AMA-C3058,Michael Davis,michael.davis712@example.com,Chicago,IL,US,2023-07-27,Prime
AMA-C4658,Ben Wilson,ben.wilson637@example.com,Miami,FL,US,30-Aug-2023,Prime
AMA-C1055,AVA SMITH,ava.smith276@example.com,atlanta,GA,US,10-Jul-2023,Prime
AMA-C1158,David Chen,,NEW YORK,NY,US,02/12/2021,Non-Prime
AMA-C10951,David Suzuki,david.suzuki381@example.com,Atlanta,GA,US,09/22/2025,Non-Prime
AMA-C4644,Sara Khan,sara.khan964@example.com,Houston,TX,US,11/18/2024,Prime
AMA-C6684,AARAV KIM,aarav.kim252@example.com,Boston,MA,US,04-Aug-2022,Prime Student
AMA-C8705,James Wang,james.wang850@example.com,Houston,TX,US,02-Jan-2024,Non-Prime
AMA-C3857,MOHAMMED SUZUKI,mohammed.suzuki140@example.com,Seattle,WA,US,11/07/2024,Non-Prime
AMA-C1486,olivia müller,olivia.müller238@example.com,Atlanta,GA,US,08-Jun-2022,Prime Student
AMA-C5110,James Müller,,Atlanta,GA,US,2023-08-08,Non-Prime
AMA-C5249,Fatima Lee,fatima.lee251@example.com,Phoenix,AZ,US,17-May-2021,Prime Student
AMA-C6668,Ben Sharma,ben.sharma446 at example.com,Seattle,WA,US,30-Sep-2025,Non-Prime
AMA-C3757,Anna Tanaka,anna.tanaka484@example.com,Miami,FL,US,2024-02-12,Non-Prime
AMA-C9086,Yuki Smith,yuki.smith45@example.com,Chicago,IL,US,06/19/2024,Prime
AMA-C8377,Fatima Smith,fatima.smith123@example.com,Boston,MA,US,31-Aug-2021,Prime
AMA-C5884,Fatima Martin,,Boston,MA,US,2022-08-29,Prime
AMA-C10169,Ben Sharma,ben.sharma235@example.com,Atlanta,GA,US,28-Apr-2021,Prime
AMA-C8815,Anna Rossi,anna.rossi708@example.com,new york,NY,US,2023-08-02,Prime Student
AMA-C7197,Vivaan Anderson,vivaan.anderson483@example.com,Los Angeles,CA,US,2021-03-06,Non-Prime
AMA-C7531,Wei Singh,wei.singh474@example.com,Denver,CO,US,11/25/2024,Non-Prime
AMA-C2665,Ken Khan,ken.khan720@example.com,Seattle,WA,US,16-Feb-2021,Prime Student
AMA-C1590,Wei Wilson,,atlanta,GA,US,11/06/2025,Non-Prime
AMA-C3280,chen müller,chen.müller233@example.com,Los Angeles,CA,US,02/10/2022,Prime
AMA-C5967,BEN MÜLLER,ben.müller621 at example.com,Houston,TX,US,09/15/2021,Non-Prime
AMA-C1716,Ben Wilson,ben.wilson346@example.com,Chicago,IL,US,19-Jan-2021,Non-Prime
AMA-C6857,Fatima Müller,fatima.müller755@example.com,denver,CO,US,28-Feb-2025,Prime
AMA-C4082,wei johnson,wei.johnson892 at example.com,Miami,FL,US,23-Jun-2023,Prime
AMA-C4913,Yuki Garcia,yuki.garcia288@example.com,Houston,TX,US,2023-03-03,Non-Prime
AMA-C10136,ANNA MARTIN,anna.martin839@example.com,Seattle,WA,US,13-Dec-2022,Prime
AMA-C1475,Vivaan Wilson,vivaan.wilson482@example.com,Denver,CO,US,2022-11-26,Prime
AMA-C8603,Emma Martin,,Miami,FL,US,2021-09-30,
AMA-C2411,Emma Singh,emma.singh609@example.com,Houston,TX,US,06/15/2021,Prime Student
AMA-C6531,Fatima Johnson,fatima.johnson426@example.com,Denver,CO,US,2025-02-25,Prime
AMA-C4651,Anna Müller,anna.müller314@example.com,Boston,MA,US,05-Nov-2025,Prime Student
AMA-C2253,VIVAAN SHARMA,vivaan.sharma549@example.com,Denver,CO,US,2021-08-25,Prime Student
AMA-C1336,anna rossi,,Houston,TX,US,04-Dec-2025,Prime Student
AMA-C6860, Rahul Müller ,rahul.müller65@example.com,BOSTON,MA,US,23-May-2021,Prime Student
AMA-C9798,Vivaan Brown,vivaan.brown403@example.com,boston,MA,US,31-Mar-2024,Non-Prime
AMA-C7951,Rahul Patel,rahul.patel685@example.com,Boston,MA,US,2022-01-15,Prime
AMA-C4906,FATIMA YAMADA,fatima.yamada161@example.com,Atlanta,GA,US,2022-02-02,Prime
AMA-C4019,LI SINGH,li.singh234@example.com,Miami,FL,US,2024-12-10,Prime
AMA-C8199,Sara Sharma,sara.sharma700@example.com,Houston,TX,US,2024-04-16,Prime Student
AMA-C6774,Rahul Singh,rahul.singh703@example.com,Houston,TX,US,10-Oct-2025,Prime Student
AMA-C4686,aarav anderson,aarav.anderson470@example.com,BOSTON,MA,US,2025-03-02,Non-Prime
AMA-C5687,Sara Lee,sara.lee204@example.com,Atlanta,GA,US,2022-03-25,Non-Prime
AMA-C9940,priya yamada,priya.yamada384@example.com,Los Angeles,CA,US,2021-07-04,Prime Student
AMA-C10341,Wei Yamada,wei.yamada247@example.com,Atlanta,GA,US,12/28/2024,Prime Student
AMA-C2395,Mohammed Johnson,mohammed.johnson4@example.com,New York,NY,US,12/03/2023,Prime
AMA-C7806,Fatima Brown,fatima.brown217@example.com,Atlanta,GA,US,01-Sep-2021,Prime Student
AMA-C10360,sara chen,sara.chen883@example.com,Miami,FL,US,18-Oct-2024,Non-Prime
AMA-C9091,Carlos Singh,carlos.singh753@example.com,Atlanta,GA,US,03/11/2022,Prime Student
AMA-C2608,Fatima Suzuki,fatima.suzuki260@example.com,Miami,FL,US,12/18/2023,Prime
AMA-C10293,Noah Davis,noah.davis375@example.com,New York,NY,US,2023-08-20,Prime Student
AMA-C6902,david brown,david.brown507@example.com,houston,TX,US,04/20/2025,Prime
AMA-C2082,Mohammed Sharma,mohammed.sharma625@example.com,Miami,FL,US,16-Apr-2024,Non-Prime
AMA-C6948,aarav chen,aarav.chen336@example.com,Phoenix,AZ,US,05/31/2023,Prime
AMA-C5197,Li Yamada,li.yamada359@example.com,New York,NY,US,12/24/2022,Prime Student
AMA-C8967,Yuki Khan,yuki.khan707@example.com,Denver,CO,US,12/13/2023,Prime Student
AMA-C9935,Zoe Chen,zoe.chen226@example.com,Denver,CO,US,01/16/2024,Prime Student
AMA-C6804,Yuki Suzuki,yuki.suzuki183@example.com,New York,NY,US,2024-04-28,Non-Prime
AMA-C6544,James Anderson,james.anderson967@example.com,Boston,MA,US,02/09/2021,
AMA-C7923,zoe johnson,zoe.johnson730@example.com,Denver,CO,US,2023-07-22,Non-Prime
AMA-C6106,Emma Yamada,emma.yamada601@example.com,Chicago,IL,US,21-Jul-2022,
AMA-C4565,ANNA JOHNSON,anna.johnson221@example.com,Phoenix,AZ,US,05/14/2025,Prime Student
AMA-C1900,Sara Smith,sara.smith863 at example.com,Boston,MA,US,2023-07-07,
AMA-C5327,Mohammed Sharma,mohammed.sharma325@example.com,houston,TX,US,06-Feb-2021,Non-Prime
AMA-C7450,Fatima Singh,fatima.singh545@example.com,Miami,FL,US,2022-07-12,Prime Student
AMA-C10846,Zoe Patel,zoe.patel483@example.com,Chicago,IL,US,2021-11-28,Non-Prime
AMA-C9718,MOHAMMED JOHNSON,mohammed.johnson106@example.com,Boston,MA,US,2022-12-17,Prime Student
AMA-C6090,Emma Rossi,emma.rossi233@example.com,New York,NY,US,12/25/2021,Prime Student
AMA-C10249,zoe anderson,zoe.anderson976@example.com,Seattle,WA,US,09/27/2025,Non-Prime
AMA-C2124,Ben Garcia,ben.garcia268@example.com,Miami,FL,US,2024-02-10,Non-Prime
AMA-C9127,Rahul Kim,rahul.kim793@example.com,Seattle,WA,US,03/18/2021,Prime Student
AMA-C8539,James Smith,james.smith527@example.com,Denver,CO,US,27-Jul-2022,Prime
AMA-C3809,Emma Brown,emma.brown471@example.com,Boston,MA,US,02/26/2024,Prime
AMA-C8243,John Singh,john.singh911@example.com,BOSTON,MA,US,2021-05-28,Prime
AMA-C5321,Sara Khan,sara.khan87@example.com,Miami,FL,US,26-Apr-2024,Non-Prime
AMA-C7483,Ken Suzuki,ken.suzuki375@example.com,Seattle,WA,US,17-Sep-2023,Prime Student
AMA-C1986,JAMES ANDERSON,james.anderson299@example.com,Denver,CO,US,12/31/2024,Non-Prime
AMA-C10227,Ben Suzuki,ben.suzuki965@example.com,Boston,MA,US,20-Dec-2022,Prime Student
AMA-C1398, Liam Sharma ,liam.sharma851@example.com,New York,NY,US,2025-07-24,Prime
AMA-C5090, Sara Martin ,sara.martin911@example.com,Phoenix,AZ,US,2023-01-03,
AMA-C7661,Emma Smith,emma.smith532@example.com,Atlanta,GA,US,2025-09-19,Prime Student
AMA-C2203,Wei Chen,wei.chen844@example.com,Denver,CO,US,21-Jun-2023,Prime Student
AMA-C8085,Vivaan Garcia,vivaan.garcia166@example.com,Atlanta,GA,US,2024-11-07,Non-Prime
AMA-C2602,Noah Anderson,noah.anderson381@example.com,Boston,MA,US,2025-09-30,
AMA-C3033,Carlos Brown,carlos.brown848@example.com,Denver,CO,US,2023-05-21,Non-Prime
AMA-C1394,Priya Brown,priya.brown643@example.com,Atlanta,GA,US,29-Dec-2022,Non-Prime
AMA-C9677,Fatima Wang,fatima.wang110@example.com,denver,CO,US,22-Jan-2023,Prime
AMA-C2318,Michael Sharma,michael.sharma177@example.com,New York,NY,US,2021-10-14,Prime Student
AMA-C1817,Yuki Singh,yuki.singh475@example.com,Los Angeles,CA,US,2025-03-28,Non-Prime
AMA-C7970,Olivia Sharma,olivia.sharma169@example.com,Miami,FL,US,25-May-2025,
AMA-C10901,Yuki Johnson,yuki.johnson547@example.com,CHICAGO,IL,US,06/15/2022,Prime Student
AMA-C1839, Olivia Chen ,olivia.chen207@example.com,Denver,CO,US,12-Jul-2025,Prime
AMA-C1708,Anna Brown,anna.brown356@example.com,Los Angeles,CA,US,01/31/2023,Non-Prime
AMA-C3928,Carlos Anderson,carlos.anderson544@example.com,denver,CO,US,25-Sep-2025,Prime
AMA-C10159,Sara Patel,sara.patel230@example.com,Seattle,WA,US,2022-04-07,Prime
AMA-C7045,Carlos Kim,carlos.kim586@example.com,Denver,CO,US,11/01/2024,Non-Prime
AMA-C4626,John Brown,john.brown398@example.com,Miami,FL,US,2023-02-24,Prime Student
AMA-C3573, Vivaan Johnson ,vivaan.johnson627@example.com,Los Angeles,CA,US,02/25/2022,Prime
AMA-C7902,Ava Martin,ava.martin347@example.com,Los Angeles,CA,US,19-May-2023,Prime Student
AMA-C8842,Ava Sharma,ava.sharma181@example.com,Houston,TX,US,06/29/2022,Prime
AMA-C1479,Emma Chen,emma.chen950@example.com,Atlanta,GA,US,01/14/2023,Prime
AMA-C1030,Yuki Müller,yuki.müller898@example.com,Atlanta,GA,US,12/01/2025,Prime Student
AMA-C7809,Priya Wilson,priya.wilson597@example.com,Atlanta,GA,US,2021-09-21,Non-Prime
AMA-C1935,michael tanaka,,Boston,MA,US,2021-11-07,Prime
AMA-C5576,James Wilson,james.wilson563@example.com,Boston,MA,US,07/09/2021,Prime
AMA-C3378,Rahul Lee,rahul.lee830@example.com,Boston,MA,US,10/21/2021,Non-Prime
AMA-C1830,carlos khan,carlos.khan56@example.com,Miami,FL,US,20-May-2024,Prime
AMA-C1387,ava martin,,Atlanta,GA,US,04-May-2024,Non-Prime
AMA-C7433,ben johnson,ben.johnson196@example.com,Los Angeles,CA,US,29-Sep-2024,Non-Prime
AMA-C6978,Anna Kumar,anna.kumar826@example.com,New York,NY,US,10/14/2023,Non-Prime
AMA-C6874,Fatima Patel,fatima.patel953 at example.com,Boston,MA,US,2024-12-29,Non-Prime
AMA-C2423,Olivia Patel,olivia.patel329@example.com,Los Angeles,CA,US,30-Sep-2022,Prime Student
AMA-C4536,Sara Yamada,sara.yamada918@example.com,HOUSTON,TX,US,2024-09-12,Prime
AMA-C6006,Emma Garcia,emma.garcia3@example.com,Los Angeles,CA,US,28-Jan-2024,Prime Student
AMA-C1386,John Suzuki,john.suzuki859@example.com,LOS ANGELES,CA,US,07-Sep-2021,Non-Prime
AMA-C1297,AVA WILSON,ava.wilson536@example.com,Phoenix,AZ,US,11-Jan-2023,Non-Prime
AMA-C10826,Yuki Müller,yuki.müller643@example.com,Chicago,IL,US,06/22/2023,Prime Student
AMA-C2667,Ben Müller,ben.müller846@example.com,Seattle,WA,US,13-Jun-2022,Prime Student
AMA-C5727,Aditya Lee,aditya.lee806@example.com,Houston,TX,US,05/27/2023,Non-Prime
AMA-C2486,Ben Suzuki,ben.suzuki242@example.com,Atlanta,GA,US,2024-10-02,Non-Prime
AMA-C5640,Wei Kim,wei.kim104@example.com,houston,TX,US,03/13/2024,Non-Prime
AMA-C7163,Ken Johnson,ken.johnson699@example.com,Atlanta,GA,US,27-Nov-2022,Prime Student
AMA-C7842,Yuki Müller,yuki.müller893@example.com,Atlanta,GA,US,11/14/2025,Prime Student
AMA-C2144,Aditya Khan,aditya.khan493@example.com,Chicago,IL,US,12/27/2025,Prime Student
AMA-C10066,Yuki Garcia,yuki.garcia806@example.com,Boston,MA,US,01/17/2022,Prime
AMA-C7791,Rahul Patel,rahul.patel310 at example.com,Denver,CO,US,2024-05-31,Prime Student
AMA-C3386,Sofia Khan,sofia.khan996@example.com,Houston,TX,US,14-Feb-2024,Non-Prime
AMA-C7350,CHEN ROSSI,chen.rossi620@example.com,Boston,MA,US,01/13/2024,Non-Prime
AMA-C9629,Zoe Brown,zoe.brown502@example.com,Chicago,IL,US,07-Apr-2021,Prime Student
AMA-C3128,Olivia Anderson,olivia.anderson419@example.com,Chicago,IL,US,16-Oct-2024,Prime Student
AMA-C5009,fatima smith,fatima.smith989@example.com,BOSTON,MA,US,2022-08-30,Prime Student
AMA-C3461, Ken Sharma ,ken.sharma360@example.com,New York,NY,US,25-Jun-2024,Prime
AMA-C7589,Aarav Suzuki,aarav.suzuki200@example.com,Chicago,IL,US,2025-08-03,Non-Prime
AMA-C3911, Rahul Sharma ,rahul.sharma997@example.com,Miami,FL,US,05/06/2024,Prime Student
AMA-C1003,Zoe Khan,zoe.khan596@example.com,Chicago,IL,US,31-Jul-2021,Prime
AMA-C5956, David Wang ,david.wang593@example.com,Seattle,WA,US,2025-06-13,Prime Student
AMA-C3616,KEN DAVIS,ken.davis140@example.com,New York,NY,US,24-Feb-2021,Non-Prime
AMA-C7981, Olivia Smith ,olivia.smith132@example.com,New York,NY,US,2024-10-03,Prime
AMA-C4398, Olivia Müller ,olivia.müller160@example.com,new york,NY,US,10/25/2021,Prime Student
AMA-C8487,Aditya Anderson,aditya.anderson180@example.com,Houston,TX,US,03-May-2024,Prime
AMA-C1013,Ben Khan,ben.khan408@example.com,Atlanta,GA,US,2023-03-15,Prime Student
AMA-C10641,Emma Sharma,emma.sharma526@example.com,New York,NY,US,20-Nov-2025,Prime Student
AMA-C9250,Li Patel,li.patel934@example.com,Denver,CO,US,27-Jan-2025,
AMA-C3231,Fatima Singh,fatima.singh904@example.com,chicago,IL,US,17-Jul-2023,Prime
AMA-C4445,Zoe Kim,,Boston,MA,US,22-May-2021,Prime Student
AMA-C3822,liam johnson,liam.johnson29@example.com,Atlanta,GA,US,2024-01-18,Non-Prime
AMA-C2597,Zoe Smith,zoe.smith346@example.com,Los Angeles,CA,US,2023-03-27,Prime Student
AMA-C4517,Carlos Wang,carlos.wang861@example.com,boston,MA,US,2025-12-27,Prime
AMA-C8263,Li Sharma,li.sharma159@example.com,Atlanta,GA,US,08-May-2024,Prime
AMA-C4609,james suzuki,james.suzuki528@example.com,Atlanta,GA,US,06-Feb-2021,Non-Prime
AMA-C3545,Noah Smith,noah.smith966@example.com,New York,NY,US,08/18/2022,Prime
AMA-C4713,Wei Singh,wei.singh624@example.com,Phoenix,AZ,US,12-Oct-2021,Non-Prime
AMA-C1734,chen kim,chen.kim718@example.com,miami,FL,US,2023-08-23,Non-Prime
AMA-C5174,James Martin,james.martin425@example.com,Phoenix,AZ,US,2022-06-01,Prime Student
AMA-C7919,Maria Davis,maria.davis239@example.com,Los Angeles,CA,US,02-Jun-2024,Prime
AMA-C6273,Carlos Müller,carlos.müller823@example.com,Phoenix,AZ,US,02/17/2022,Prime Student
AMA-C1409,Li Davis,li.davis303@example.com,Phoenix,AZ,US,2025-04-11,Non-Prime
AMA-C3556,Olivia Chen,olivia.chen345@example.com,houston,TX,US,07/13/2021,Prime Student
AMA-C2750,Li Davis,li.davis943@example.com,DENVER,CO,US,27-Apr-2023,Prime Student
AMA-C3050, Sara Wang ,sara.wang632@example.com,atlanta,GA,US,2022-11-29,Prime Student
AMA-C9861,Wei Johnson,wei.johnson322@example.com,Miami,FL,US,01/29/2023,Prime Student
AMA-C10797,John Brown,john.brown204@example.com,Atlanta,GA,US,2022-06-15,Prime Student
AMA-C7366,Ben Suzuki,ben.suzuki714@example.com,Atlanta,GA,US,2023-04-01,Non-Prime
AMA-C5352,Sara Anderson,sara.anderson611@example.com,Chicago,IL,US,16-Oct-2024,Prime Student
AMA-C4293,Fatima Wilson,fatima.wilson264@example.com,New York,NY,US,03/16/2022,Prime
AMA-C4538,Michael Kumar,michael.kumar337@example.com,Houston,TX,US,11-May-2023,Prime
AMA-C5874,Ben Rossi,ben.rossi27@example.com,Chicago,IL,US,2021-05-01,Prime Student
AMA-C1007,Sofia Anderson,sofia.anderson817@example.com,Denver,CO,US,2024-04-02,Non-Prime
AMA-C3916,AARAV WANG,aarav.wang250@example.com,Houston,TX,US,2024-08-12,Prime Student
AMA-C1567,Yuki Wang,yuki.wang176@example.com,BOSTON,MA,US,27-Apr-2025,Non-Prime
AMA-C3900,John Rossi,,Denver,CO,US,06/15/2024,
AMA-C9394,ZOE KIM,zoe.kim965@example.com,New York,NY,US,2023-12-10,
AMA-C5436,Emma Suzuki,emma.suzuki790@example.com,Miami,FL,US,11/30/2023,Prime
AMA-C7107,Mohammed Yamada,mohammed.yamada461@example.com,miami,FL,US,2021-07-25,Prime
AMA-C4284,Chen Sharma,chen.sharma933@example.com,Houston,TX,US,20-Jun-2024,Prime Student
AMA-C7026,Sofia Chen,sofia.chen439@example.com,Miami,FL,US,02/16/2022,Prime Student
AMA-C8424,Aarav Wang,aarav.wang868@example.com,Seattle,WA,US,12/03/2021,Prime Student
AMA-C2433,Mohammed Anderson,mohammed.anderson354@example.com,Houston,TX,US,2023-09-20,Non-Prime
AMA-C1332,Liam Brown,liam.brown405@example.com,Phoenix,AZ,US,02/13/2024,Prime
AMA-C3441,Li Khan,li.khan849@example.com,New York,NY,US,18-Sep-2022,Non-Prime
AMA-C9973,liam davis,liam.davis902@example.com,Los Angeles,CA,US,06/23/2024,Prime Student
AMA-C9661, Noah Martin ,noah.martin558@example.com,Chicago,IL,US,2025-01-19,Prime
AMA-C8713,Liam Müller,liam.müller622@example.com,Chicago,IL,US,2023-08-11,Non-Prime
AMA-C7491,AVA WILSON,ava.wilson745@example.com,NEW YORK,NY,US,14-Apr-2022,Prime
AMA-C7040, Aarav Müller ,aarav.müller99@example.com,Phoenix,AZ,US,2022-10-16,Non-Prime
AMA-C1884,James Wilson,james.wilson755@example.com,Chicago,IL,US,05-Nov-2023,Non-Prime
AMA-C5622,Emma Müller,emma.müller822@example.com,Los Angeles,CA,US,05/23/2021,Non-Prime
AMA-C4924,Chen Yamada,chen.yamada216@example.com,Chicago,IL,US,01-Mar-2024,Non-Prime
AMA-C7400,YUKI DAVIS,yuki.davis350@example.com,miami,FL,US,05/14/2022,Non-Prime
AMA-C7083, Rahul Singh ,rahul.singh337@example.com,Boston,MA,US,2024-03-17,Prime
AMA-C9683,Mohammed Müller,,New York,NY,US,04/14/2024,Non-Prime
AMA-C1163,chen anderson,chen.anderson513@example.com,New York,NY,US,04-Jun-2025,Prime Student
AMA-C2024,Mohammed Yamada,,Los Angeles,CA,US,2023-10-30,Prime
AMA-C9047,JOHN DAVIS,john.davis962@example.com,Miami,FL,US,2024-08-29,Prime Student
AMA-C3810,Priya Johnson,priya.johnson401@example.com,Chicago,IL,US,25-Nov-2021,Prime Student
AMA-C1685,Rahul Sharma,rahul.sharma53@example.com,Chicago,IL,US,2025-11-25,Non-Prime
AMA-C3167,Li Wang,li.wang54@example.com,New York,NY,US,2025-04-13,Prime Student
AMA-C9933,Michael Wang,,LOS ANGELES,CA,US,24-Feb-2024,Non-Prime
AMA-C4098,James Kim,james.kim4@example.com,Boston,MA,US,02/19/2022,Prime Student
AMA-C8696,Olivia Sharma,,Chicago,IL,US,2023-08-17,Prime Student
AMA-C10370,Mohammed Kumar,mohammed.kumar195 at example.com,Chicago,IL,US,2025-04-24,Prime
AMA-C4205,Wei Khan,wei.khan985@example.com,SEATTLE,WA,US,19-Nov-2023,Prime
AMA-C9231,Maria Kumar,maria.kumar9@example.com,Chicago,IL,US,01/22/2023,Prime Student
AMA-C2996,Ken Wang,ken.wang258@example.com,New York,NY,US,2024-10-21,Non-Prime
AMA-C9057,Liam Chen,liam.chen212@example.com,Houston,TX,US,19-Jan-2022,Prime Student
AMA-C1483,Zoe Wilson,zoe.wilson18@example.com,Chicago,IL,US,2022-01-11,Prime
AMA-C8601,Sofia Müller,sofia.müller636@example.com,Houston,TX,US,26-Sep-2021,Prime
AMA-C7434,fatima johnson,fatima.johnson9@example.com,Phoenix,AZ,US,2022-07-08,Prime
AMA-C7936,LIAM BROWN,liam.brown403@example.com,Los Angeles,CA,US,08-Mar-2023,Prime
AMA-C10619,Chen Wang,chen.wang765@example.com,Chicago,IL,US,21-Dec-2025,Prime
AMA-C1552,Olivia Chen,olivia.chen945@example.com,Phoenix,AZ,US,05/05/2021,Prime
AMA-C10329,Olivia Yamada,olivia.yamada651@example.com,Boston,MA,US,2024-01-23,Prime
AMA-C1263,Ava Yamada,ava.yamada41@example.com,miami,FL,US,03-Jul-2021,Prime
AMA-C8226,yuki suzuki,yuki.suzuki683@example.com,Phoenix,AZ,US,2022-07-17,Prime
AMA-C3229,VIVAAN YAMADA,vivaan.yamada151@example.com,Houston,TX,US,2021-08-01,Prime
AMA-C2114,Priya Yamada,priya.yamada329@example.com,Atlanta,GA,US,2022-08-01,Non-Prime
AMA-C5433,Rahul Rossi,rahul.rossi91@example.com,Chicago,IL,US,2022-08-17,Prime Student
AMA-C1333,Ben Wilson,ben.wilson207@example.com,Phoenix,AZ,US,09/17/2022,Prime Student
AMA-C7974,Fatima Kim,fatima.kim49@example.com,Seattle,WA,US,04/29/2023,Non-Prime
AMA-C10157,WEI WILSON,wei.wilson277@example.com,Phoenix,AZ,US,24-Mar-2024,Prime
AMA-C9465,John Brown,john.brown452@example.com,Miami,FL,US,12/31/2021,Prime Student
AMA-C4797,EMMA LEE,emma.lee990@example.com,Houston,TX,US,11/06/2022,Prime Student
AMA-C9085,ken smith,ken.smith589@example.com,chicago,IL,US,08/09/2022,
AMA-C9404,Aditya Davis,aditya.davis140@example.com,New York,NY,US,03/25/2025,Non-Prime
AMA-C8902,Chen Suzuki,chen.suzuki350@example.com,New York,NY,US,02/24/2021,Non-Prime
AMA-C10767,Emma Müller,emma.müller508 at example.com,New York,NY,US,01/31/2023,Non-Prime
AMA-C6937,Ben Wang,ben.wang240@example.com,Chicago,IL,US,30-Oct-2023,Non-Prime
AMA-C1607,Vivaan Garcia,vivaan.garcia702@example.com,Miami,FL,US,03/12/2023,Prime Student
AMA-C2865,aarav suzuki,aarav.suzuki138@example.com,Boston,MA,US,20-Sep-2024,Prime Student
AMA-C8234,KEN YAMADA,ken.yamada80@example.com,HOUSTON,TX,US,08-Nov-2023,Prime Student
AMA-C9758,SARA SMITH,sara.smith821@example.com,Miami,FL,US,04/20/2024,Non-Prime
AMA-C2786,Rahul Wilson,rahul.wilson30@example.com,New York,NY,US,11/29/2023,Non-Prime
AMA-C4463,Michael Patel,michael.patel96@example.com,New York,NY,US,12-May-2024,Prime Student
AMA-C2932,Carlos Anderson,carlos.anderson960 at example.com,Seattle,WA,US,01/19/2022,Prime
AMA-C4347, Vivaan Khan ,vivaan.khan451@example.com,Boston,MA,US,26-Oct-2023,Non-Prime
AMA-C9144,Michael Wang,michael.wang427@example.com,New York,NY,US,08-Jun-2021,Prime
AMA-C4495,Yuki Brown,yuki.brown181@example.com,Los Angeles,CA,US,2021-02-22,Prime
AMA-C6142,CARLOS BROWN,,Miami,FL,US,30-Aug-2024,Prime Student
AMA-C1220,Priya Anderson,,Miami,FL,US,20-Aug-2024,Non-Prime
AMA-C10110,emma patel,emma.patel949@example.com,Houston,TX,US,06/13/2022,Non-Prime
AMA-C2949,Noah Sharma,noah.sharma288@example.com,Chicago,IL,US,13-Dec-2025,Non-Prime
AMA-C5363,James Garcia,james.garcia829@example.com,Seattle,WA,US,21-Jun-2021,Prime Student
AMA-C6005,Aarav Johnson,,Los Angeles,CA,US,2021-06-10,Prime
AMA-C10823,fatima müller,fatima.müller538@example.com,Denver,CO,US,2023-11-02,Prime Student
AMA-C6615,Mohammed Singh,mohammed.singh245@example.com,Chicago,IL,US,07-May-2025,Prime Student
AMA-C2185,David Kumar,david.kumar882 at example.com,Miami,FL,US,07/10/2021,Prime Student
AMA-C5897,Aarav Martin,aarav.martin880@example.com,Houston,TX,US,31-Jan-2021,Prime Student
AMA-C4712,Li Sharma,li.sharma964@example.com,Houston,TX,US,2021-08-27,Non-Prime
AMA-C9721,Wei Tanaka,,Atlanta,GA,US,2023-07-09,
AMA-C4557,Zoe Davis,zoe.davis689@example.com,Chicago,IL,US,05-May-2023,Prime
AMA-C3454,Ben Smith,ben.smith711@example.com,New York,NY,US,04-Jan-2025,Prime
AMA-C6880,Michael Wang,michael.wang837@example.com,Boston,MA,US,22-Feb-2023,Prime
AMA-C7228,CARLOS ROSSI,carlos.rossi177@example.com,New York,NY,US,05/25/2024,Prime Student
AMA-C8304,wei müller,wei.müller586@example.com,HOUSTON,TX,US,11/04/2023,Prime
AMA-C4637,Ben Chen,ben.chen708@example.com,Phoenix,AZ,US,05/21/2022,Prime Student
AMA-C6750,Mohammed Singh,mohammed.singh878@example.com,Atlanta,GA,US,03/04/2021,Prime Student
AMA-C8480,noah tanaka,noah.tanaka676@example.com,Houston,TX,US,19-Oct-2023,Prime Student
AMA-C9730,Carlos Suzuki,carlos.suzuki184@example.com,ATLANTA,GA,US,21-Mar-2022,Non-Prime
AMA-C7146,Yuki Wang,yuki.wang989@example.com,Los Angeles,CA,US,2021-03-03,Prime Student
AMA-C9709,anna khan,anna.khan203@example.com,Houston,TX,US,02/03/2022,Prime Student
AMA-C7461,chen khan,chen.khan4@example.com,Los Angeles,CA,US,28-Feb-2022,Prime
AMA-C2978,Mohammed Tanaka,mohammed.tanaka193 at example.com,los angeles,CA,US,2023-07-12,Prime Student
AMA-C5283,Ava Lee,ava.lee699@example.com,Boston,MA,US,23-Oct-2023,Prime Student
AMA-C3227,Priya Kim,priya.kim999@example.com,Atlanta,GA,US,29-Oct-2024,Prime Student
AMA-C2028,David Suzuki,,Houston,TX,US,2022-08-19,Prime Student
AMA-C1240,John Brown,john.brown602@example.com,Boston,MA,US,2023-06-21,Non-Prime
AMA-C2666,Ken Kumar,ken.kumar375@example.com,Miami,FL,US,06/25/2023,Prime Student
AMA-C8087,John Sharma,john.sharma559@example.com,Los Angeles,CA,US,09/20/2023,Non-Prime
AMA-C6899,Ken Wilson,ken.wilson365@example.com,Miami,FL,US,11/07/2025,Prime
AMA-C1660,Michael Kim,michael.kim293@example.com,Miami,FL,US,07-Feb-2025,Prime
AMA-C5171,John Wang,john.wang509@example.com,Houston,TX,US,08/12/2025,Non-Prime
AMA-C3728,Mohammed Khan,mohammed.khan121@example.com,Atlanta,GA,US,06/08/2022,Prime Student
AMA-C1846,Maria Wang,maria.wang859 at example.com,Chicago,IL,US,09/06/2023,Prime Student
AMA-C8291,maria khan,maria.khan186@example.com,Houston,TX,US,02/02/2023,Prime
AMA-C2829,David Kumar,david.kumar618 at example.com,Miami,FL,US,2023-07-21,Non-Prime
AMA-C10184,Sofia Kumar,sofia.kumar745@example.com,Houston,TX,US,06/05/2022,Prime Student
AMA-C3425,aarav martin,aarav.martin726@example.com,Houston,TX,US,09/17/2025,Prime
AMA-C5102,Carlos Wang,carlos.wang159@example.com,Boston,MA,US,2024-07-22,Prime Student
AMA-C7154,Aditya Müller,aditya.müller742@example.com,Boston,MA,US,05-Sep-2022,Non-Prime
AMA-C8822,Wei Anderson,wei.anderson409@example.com,Chicago,IL,US,2021-02-16,Prime Student
AMA-C10225,Olivia Kumar,,Miami,FL,US,03/19/2021,Prime
AMA-C7106,Sofia Lee,sofia.lee418@example.com,Denver,CO,US,05/25/2025,Non-Prime
AMA-C4386,Aditya Rossi,aditya.rossi961@example.com,Los Angeles,CA,US,2022-05-21,Prime
AMA-C7637,Mohammed Suzuki,mohammed.suzuki830@example.com,Houston,TX,US,02/18/2022,Prime
AMA-C1786,SARA SHARMA,sara.sharma201@example.com,Chicago,IL,US,27-May-2024,
AMA-C7401,mohammed smith,mohammed.smith501@example.com,Phoenix,AZ,US,12/09/2023,Non-Prime
AMA-C1075,Emma Müller,emma.müller272@example.com,Denver,CO,US,2022-03-30,Prime Student
AMA-C4023,David Brown,david.brown656@example.com,Houston,TX,US,10/24/2023,Non-Prime
AMA-C10458,Noah Suzuki,noah.suzuki299@example.com,Seattle,WA,US,09/17/2024,Prime
AMA-C3609,Olivia Müller,olivia.müller55@example.com,Los Angeles,CA,US,2021-04-19,Prime Student
AMA-C4501,Rahul Garcia,rahul.garcia238@example.com,Miami,FL,US,05/18/2022,Non-Prime
AMA-C9575, Priya Kim ,priya.kim150@example.com,Atlanta,GA,US,01-Dec-2023,Prime
AMA-C4634,sara garcia,,Miami,FL,US,2024-09-01,Non-Prime
AMA-C2142,Sara Yamada,sara.yamada86 at example.com,Denver,CO,US,19-Jun-2021,Prime Student
AMA-C1520,Fatima Johnson,fatima.johnson983@example.com,Seattle,WA,US,02/17/2023,Non-Prime
AMA-C5748,Rahul Patel,rahul.patel800 at example.com,Houston,TX,US,07-Sep-2022,Prime
AMA-C10570,Noah Anderson,noah.anderson53@example.com,Miami,FL,US,2024-04-27,
AMA-C4818,Zoe Patel,zoe.patel24@example.com,Seattle,WA,US,05/23/2025,Prime
AMA-C5534,Noah Yamada,noah.yamada665 at example.com,Phoenix,AZ,US,23-Sep-2022,Prime Student
AMA-C10425,VIVAAN KHAN,vivaan.khan784@example.com,Miami,FL,US,05/06/2024,Prime
AMA-C2100,Li Khan,li.khan436@example.com,Seattle,WA,US,04-Sep-2022,Prime Student
AMA-C3177,Aditya Chen,aditya.chen111@example.com,Seattle,WA,US,2025-08-14,Prime
AMA-C10301,Emma Suzuki,emma.suzuki955@example.com,seattle,WA,US,09/21/2023,Prime Student
AMA-C8888, Rahul Chen ,rahul.chen783@example.com,CHICAGO,IL,US,23-Sep-2023,Non-Prime
AMA-C9678,Ken Müller,ken.müller839@example.com,Boston,MA,US,2022-08-21,Non-Prime
AMA-C1641,ava smith,ava.smith884@example.com,Boston,MA,US,29-Jun-2023,Non-Prime
AMA-C2030, Olivia Tanaka ,olivia.tanaka294@example.com,Miami,FL,US,30-May-2025,Prime
AMA-C10454,Li Johnson,li.johnson1@example.com,Miami,FL,US,12-Feb-2022,Non-Prime
AMA-C6172,John Yamada,john.yamada715@example.com,Atlanta,GA,US,07-Aug-2025,Non-Prime
AMA-C6974,Sofia Smith,sofia.smith883@example.com,Denver,CO,US,09-Sep-2022,Non-Prime
AMA-C3774,Li Anderson,li.anderson824@example.com,PHOENIX,AZ,US,2021-07-29,Prime
AMA-C8548,david smith,david.smith242@example.com,Denver,CO,US,16-Nov-2021,Prime
AMA-C8697,LIAM GARCIA,liam.garcia139@example.com,Chicago,IL,US,2025-03-09,Prime Student
AMA-C4357,Aarav Brown,aarav.brown883@example.com,New York,NY,US,05/16/2021,Prime
AMA-C3671,carlos sharma,carlos.sharma668@example.com,Chicago,IL,US,27-Nov-2022,Non-Prime
AMA-C5758,Carlos Kumar,carlos.kumar428 at example.com,Denver,CO,US,06/25/2022,Prime Student
AMA-C6867,Emma Anderson,emma.anderson761@example.com,Houston,TX,US,04/19/2023,Non-Prime
AMA-C4172,SARA YAMADA,,Seattle,WA,US,2022-06-12,Non-Prime
AMA-C4208,OLIVIA SUZUKI,olivia.suzuki503@example.com,Los Angeles,CA,US,2022-02-08,Prime Student
AMA-C10540,Emma Brown,emma.brown765@example.com,seattle,WA,US,12/09/2023,Prime Student
AMA-C4820,Mohammed Tanaka,mohammed.tanaka159@example.com,Miami,FL,US,15-Aug-2025,Prime
AMA-C8447,Maria Wang,maria.wang91@example.com,Phoenix,AZ,US,03/09/2023,Prime
AMA-C1614,Vivaan Johnson,vivaan.johnson644@example.com,BOSTON,MA,US,2021-02-13,Prime Student
AMA-C3626,chen tanaka,chen.tanaka543@example.com,Seattle,WA,US,09-Apr-2022,Prime
AMA-C8474,Sofia Anderson,sofia.anderson234@example.com,Houston,TX,US,2023-03-01,Non-Prime
AMA-C3904,james müller,james.müller799@example.com,Denver,CO,US,11/23/2022,Prime
AMA-C10896,michael suzuki,michael.suzuki395@example.com,Miami,FL,US,07/02/2022,Non-Prime
AMA-C7415,David Wilson,david.wilson406@example.com,chicago,IL,US,2023-09-12,Prime
AMA-C1812,Fatima Wilson,fatima.wilson531@example.com,Atlanta,GA,US,02/22/2025,Non-Prime
AMA-C9577,Emma Wang,,Miami,FL,US,18-Apr-2023,Prime Student
AMA-C5831,noah johnson,noah.johnson404@example.com,New York,NY,US,2022-09-19,Prime
AMA-C4791,Li Davis,li.davis126@example.com,New York,NY,US,04/04/2025,Prime Student
AMA-C8510,mohammed patel,mohammed.patel536@example.com,BOSTON,MA,US,08-Nov-2022,Non-Prime
AMA-C8990,priya garcia,priya.garcia377@example.com,Miami,FL,US,02/16/2025,Non-Prime
AMA-C8856,Zoe Brown,zoe.brown906@example.com,Phoenix,AZ,US,10-Mar-2021,Prime
AMA-C10694,Aarav Johnson,aarav.johnson698@example.com,Seattle,WA,US,2024-07-14,Prime Student
AMA-C1576,Sofia Suzuki,sofia.suzuki640@example.com,Denver,CO,US,02/24/2021,Prime Student
AMA-C5125, Ben Kumar ,ben.kumar447@example.com,Phoenix,AZ,US,2024-09-15,Non-Prime
AMA-C9062,James Smith,james.smith670@example.com,New York,NY,US,28-Nov-2025,Prime Student
AMA-C10312, Chen Patel ,chen.patel291 at example.com,Los Angeles,CA,US,27-Oct-2025,Prime
AMA-C2638,Emma Khan,emma.khan163@example.com,Chicago,IL,US,18-Jan-2024,Prime
AMA-C2463,Yuki Kim,yuki.kim867@example.com,Seattle,WA,US,06-Feb-2024,Prime
AMA-C7097,JOHN WANG,john.wang956@example.com,Los Angeles,CA,US,2023-05-25,Non-Prime
AMA-C2576,Zoe Rossi,zoe.rossi574@example.com,Los Angeles,CA,US,07/25/2025,Non-Prime
AMA-C4013,Olivia Anderson,olivia.anderson961@example.com,Boston,MA,US,21-Oct-2024,Prime
AMA-C1356,Ken Tanaka,ken.tanaka539@example.com,New York,NY,US,16-Oct-2023,Prime Student
AMA-C10243,Liam Martin,liam.martin59@example.com,Miami,FL,US,19-Sep-2022,Prime Student
AMA-C6970,wei patel,wei.patel81@example.com,ATLANTA,GA,US,02-Sep-2023,Prime
AMA-C5766,John Kumar,john.kumar826@example.com,Seattle,WA,US,30-Sep-2022,Non-Prime
AMA-C6073,Fatima Anderson,fatima.anderson458@example.com,NEW YORK,NY,US,2021-05-20,Prime Student
AMA-C1037,ADITYA BROWN,aditya.brown91@example.com,New York,NY,US,07/23/2024,
AMA-C8624,Ken Kumar,ken.kumar833@example.com,Denver,CO,US,09/09/2023,Prime Student
AMA-C5927,Aditya Tanaka,aditya.tanaka926@example.com,Atlanta,GA,US,02/01/2022,Non-Prime
AMA-C10034,carlos martin,carlos.martin365@example.com,Seattle,WA,US,2024-03-18,Non-Prime
AMA-C8963,Sara Suzuki,sara.suzuki892@example.com,houston,TX,US,11/22/2024,Prime
AMA-C8316,liam kim,liam.kim340@example.com,Denver,CO,US,2023-07-23,Prime Student
AMA-C1596,li johnson,li.johnson668@example.com,Boston,MA,US,28-Mar-2021,Prime
AMA-C6822,Liam Chen,liam.chen280@example.com,Houston,TX,US,06/20/2021,Non-Prime
AMA-C3199,ZOE SUZUKI,zoe.suzuki395@example.com,Denver,CO,US,01/19/2022,Prime Student
AMA-C5530,Sara Suzuki,sara.suzuki490@example.com,Denver,CO,US,15-Jun-2022,Non-Prime
AMA-C6942,Wei Lee,wei.lee213@example.com,Chicago,IL,US,11-Aug-2023,Prime
AMA-C2224, Zoe Wang ,zoe.wang104@example.com,Atlanta,GA,US,06/05/2025,Prime
AMA-C5703,noah müller,noah.müller753@example.com,Los Angeles,CA,US,2021-03-14,
AMA-C10812,Carlos Anderson,carlos.anderson190@example.com,Boston,MA,US,02/20/2023,Prime Student
AMA-C10578,Aditya Singh,aditya.singh343@example.com,Atlanta,GA,US,10-Oct-2025,Non-Prime
AMA-C2482,Anna Smith,anna.smith680@example.com,New York,NY,US,17-Aug-2024,Prime
AMA-C4573,Vivaan Wang,vivaan.wang65@example.com,Boston,MA,US,09/04/2024,Non-Prime
AMA-C4879,Rahul Tanaka,rahul.tanaka765@example.com,Seattle,WA,US,17-Sep-2024,Non-Prime
AMA-C8633,KEN MÜLLER,ken.müller595@example.com,Phoenix,AZ,US,03-Dec-2021,Non-Prime
AMA-C9375,Anna Davis,anna.davis16@example.com,Miami,FL,US,2021-02-16,Prime Student
AMA-C5298,Michael Kumar,michael.kumar346@example.com,Atlanta,GA,US,02/08/2023,Prime Student
AMA-C10771,WEI BROWN,wei.brown11@example.com,Seattle,WA,US,03/24/2025,
AMA-C7076,Chen Kim,chen.kim831@example.com,Seattle,WA,US,05/13/2022,Non-Prime
AMA-C5999,Anna Sharma,anna.sharma318@example.com,Seattle,WA,US,2023-04-08,Prime
AMA-C5037,Ava Yamada,ava.yamada581@example.com,Phoenix,AZ,US,23-Jan-2025,Prime
AMA-C3649, Emma Suzuki ,emma.suzuki965@example.com,Los Angeles,CA,US,05/02/2024,Prime
AMA-C7992,Yuki Garcia,yuki.garcia830@example.com,Chicago,IL,US,23-Jan-2024,Non-Prime
AMA-C4204,Priya Anderson,priya.anderson812@example.com,Houston,TX,US,04/10/2021,
AMA-C2347,David Wang,david.wang312@example.com,Phoenix,AZ,US,09/02/2023,Non-Prime
AMA-C8642,MOHAMMED SINGH,mohammed.singh768@example.com,New York,NY,US,27-Jul-2021,Prime Student
AMA-C5533,Emma Kim,emma.kim238@example.com,Denver,CO,US,12-Jan-2024,Prime
AMA-C9903,Yuki Patel,yuki.patel510@example.com,Miami,FL,US,31-Jan-2024,Prime Student
AMA-C4409,Fatima Kumar,fatima.kumar549@example.com,Miami,FL,US,2023-07-13,Prime Student
AMA-C9906,Aditya Johnson,aditya.johnson11@example.com,New York,NY,US,2022-06-20,
AMA-C6312,Rahul Wang,rahul.wang107@example.com,Los Angeles,CA,US,2021-05-08,Prime Student
AMA-C7302,Priya Müller,priya.müller929@example.com,atlanta,GA,US,2022-02-08,Prime
AMA-C9628,Olivia Wilson,olivia.wilson959@example.com,Denver,CO,US,06-Feb-2023,Prime Student
AMA-C1403,RAHUL MÜLLER,rahul.müller97@example.com,New York,NY,US,2022-05-12,Prime
AMA-C6252,Zoe Patel,zoe.patel187@example.com,Miami,FL,US,04/08/2025,Prime Student
AMA-C7860,Chen Tanaka,chen.tanaka190@example.com,atlanta,GA,US,2023-09-20,Prime Student
AMA-C3039,Michael Kumar,,Chicago,IL,US,2025-11-20,Non-Prime
AMA-C10217,Zoe Sharma,zoe.sharma457@example.com,Atlanta,GA,US,2022-09-19,Prime
AMA-C7240,Zoe Wang,zoe.wang730@example.com,Phoenix,AZ,US,21-Jan-2024,Prime
AMA-C8074,Maria Rossi,maria.rossi820@example.com,Chicago,IL,US,2023-01-11,Prime Student
AMA-C10930,Carlos Martin,carlos.martin343@example.com,Phoenix,AZ,US,26-Aug-2025,Prime
AMA-C5156,John Johnson,john.johnson409@example.com,Miami,FL,US,27-Sep-2025,Prime
AMA-C3853,yuki rossi,yuki.rossi104@example.com,Denver,CO,US,25-Nov-2023,Non-Prime
AMA-C10143,David Smith,david.smith642@example.com,New York,NY,US,23-Aug-2025,Prime Student
AMA-C3002,Aditya Tanaka,aditya.tanaka922@example.com,Houston,TX,US,24-Dec-2023,Non-Prime
AMA-C8380,John Garcia,john.garcia602@example.com,Houston,TX,US,14-Jun-2023,
AMA-C8399,Carlos Khan,carlos.khan279@example.com,Denver,CO,US,18-Oct-2023,Prime Student
AMA-C10417,Zoe Johnson,zoe.johnson68@example.com,Atlanta,GA,US,02/27/2021,Prime Student
AMA-C1613, Aarav Martin ,aarav.martin727@example.com,Los Angeles,CA,US,2023-08-05,Prime
AMA-C10870,Chen Tanaka,chen.tanaka594@example.com,Boston,MA,US,28-Jun-2025,Non-Prime
AMA-C10752,BEN LEE,ben.lee125@example.com,Atlanta,GA,US,2023-02-25,Prime
AMA-C4519,Aditya Patel,aditya.patel843@example.com,New York,NY,US,2025-08-08,Prime
AMA-C5400,ZOE SHARMA,zoe.sharma851@example.com,Seattle,WA,US,12-Feb-2023,Non-Prime
AMA-C10899,Carlos Garcia,carlos.garcia377@example.com,Chicago,IL,US,08/02/2024,Non-Prime
AMA-C2005,Noah Brown,noah.brown410@example.com,Atlanta,GA,US,2025-01-21,Non-Prime
AMA-C6953,ken yamada,,Miami,FL,US,2025-08-01,Prime
AMA-C4489,Vivaan Wilson,vivaan.wilson364@example.com,denver,CO,US,12-Jan-2025,Non-Prime
AMA-C2358,Sara Wilson,sara.wilson737@example.com,Seattle,WA,US,2022-12-24,Prime
AMA-C4226,CHEN CHEN,chen.chen132@example.com,Phoenix,AZ,US,14-Jun-2021,Prime
AMA-C1736,Chen Kumar,chen.kumar886@example.com,chicago,IL,US,02-Jun-2024,Non-Prime
AMA-C2586,Olivia Sharma,olivia.sharma230@example.com,Boston,MA,US,2025-05-25,Prime
AMA-C5740,Mohammed Smith,mohammed.smith17@example.com,Chicago,IL,US,2022-09-30,Prime
AMA-C1116,RAHUL ROSSI,rahul.rossi752@example.com,Boston,MA,US,11/27/2023,Prime
AMA-C3690,Chen Garcia,chen.garcia690 at example.com,Atlanta,GA,US,10/11/2023,Non-Prime
AMA-C6245,Carlos Tanaka,carlos.tanaka918@example.com,Houston,TX,US,13-Jul-2022,Non-Prime
AMA-C2083,David Wilson,david.wilson600@example.com,Atlanta,GA,US,2021-05-25,Non-Prime
AMA-C7703,Yuki Tanaka,yuki.tanaka513@example.com,Houston,TX,US,2023-01-29,Prime Student
AMA-C2763,Carlos Khan,carlos.khan964@example.com,Phoenix,AZ,US,11-Oct-2025,Prime
AMA-C3785,Olivia Johnson,olivia.johnson657@example.com,Miami,FL,US,02/28/2022,Non-Prime
AMA-C8765,Aarav Yamada,aarav.yamada26@example.com,Denver,CO,US,04/08/2021,Prime Student
AMA-C1571,Zoe Rossi,zoe.rossi884@example.com,ATLANTA,GA,US,05/04/2022,Prime Student
AMA-C8566,Carlos Rossi,carlos.rossi86 at example.com,New York,NY,US,25-Oct-2025,Prime Student
AMA-C4477,Rahul Lee,rahul.lee750@example.com,New York,NY,US,10/31/2025,Prime
AMA-C5906,YUKI KIM,yuki.kim16@example.com,Phoenix,AZ,US,2023-09-24,Non-Prime
AMA-C2881,MICHAEL PATEL,michael.patel709@example.com,Denver,CO,US,20-Jan-2025,Prime Student
AMA-C1025,Ben Garcia,ben.garcia258@example.com,Houston,TX,US,2021-02-27,Prime Student
AMA-C3262,Vivaan Singh,vivaan.singh70@example.com,Boston,MA,US,24-Aug-2022,Prime
AMA-C8387,Michael Patel,,Los Angeles,CA,US,26-Jan-2023,Prime Student
AMA-C10317,Zoe Chen,zoe.chen2@example.com,Atlanta,GA,US,2023-07-02,Prime Student
AMA-C2832,Vivaan Davis,vivaan.davis430@example.com,Boston,MA,US,07/28/2021,Prime Student
AMA-C5983,CARLOS LEE,,Atlanta,GA,US,01/14/2023,Non-Prime
AMA-C2293,PRIYA ANDERSON,priya.anderson834@example.com,Houston,TX,US,17-Oct-2023,Non-Prime
AMA-C8312,maria chen,maria.chen569@example.com,Chicago,IL,US,09-Jan-2025,Prime
AMA-C3032,noah johnson,noah.johnson262@example.com,Los Angeles,CA,US,04/05/2022,Prime
AMA-C4687,BEN KIM,ben.kim321@example.com,HOUSTON,TX,US,2022-08-05,Non-Prime
AMA-C6274,Emma Martin,emma.martin420@example.com,Boston,MA,US,2023-01-10,Non-Prime
AMA-C7167,Aarav Kumar,aarav.kumar660@example.com,Atlanta,GA,US,01/22/2024,Non-Prime
AMA-C9578,Mohammed Wilson,mohammed.wilson520@example.com,Chicago,IL,US,05/01/2025,Non-Prime
AMA-C8683,Sara Tanaka,sara.tanaka864@example.com,MIAMI,FL,US,2023-03-06,Prime Student
AMA-C9203,Aditya Yamada,aditya.yamada274@example.com,New York,NY,US,31-Oct-2024,Prime
AMA-C10127,Fatima Smith,fatima.smith374@example.com,boston,MA,US,2024-07-26,Non-Prime
AMA-C7507,Priya Yamada,priya.yamada756@example.com,Miami,FL,US,2021-03-05,Prime
AMA-C1886,Chen Yamada,,Seattle,WA,US,23-Nov-2024,Prime Student
AMA-C9382,ava suzuki,ava.suzuki457@example.com,Los Angeles,CA,US,19-Jan-2023,Prime
AMA-C6995,zoe davis,zoe.davis455@example.com,Houston,TX,US,12/30/2024,Prime
AMA-C10779,vivaan wilson,vivaan.wilson663@example.com,Atlanta,GA,US,2022-07-01,Prime
AMA-C7624,Liam Johnson,liam.johnson187@example.com,Seattle,WA,US,2023-12-04,Prime
AMA-C2846,Noah Davis,noah.davis959@example.com,Chicago,IL,US,10/23/2024,
AMA-C5001,Emma Chen,emma.chen357@example.com,Denver,CO,US,07/01/2021,Non-Prime
AMA-C1797,olivia garcia,olivia.garcia475@example.com,Los Angeles,CA,US,05-Jul-2022,Prime Student
AMA-C3200,Ken Müller,ken.müller704@example.com,New York,NY,US,08/06/2024,Prime Student
AMA-C4275,Olivia Yamada,olivia.yamada760@example.com,los angeles,CA,US,2025-08-11,Prime
AMA-C8829,Vivaan Kumar,vivaan.kumar119@example.com,New York,NY,US,2023-11-25,Non-Prime
AMA-C2132,Ben Chen,ben.chen164@example.com,New York,NY,US,29-Oct-2021,Non-Prime
AMA-C8549,AVA KHAN,ava.khan367@example.com,Los Angeles,CA,US,2022-12-21,Prime Student
AMA-C10627,Sara Rossi,sara.rossi292@example.com,Los Angeles,CA,US,02-Jan-2025,Non-Prime
AMA-C2795,Zoe Sharma,zoe.sharma494@example.com,Los Angeles,CA,US,13-Nov-2023,Non-Prime
AMA-C1256,John Davis,john.davis166@example.com,Denver,CO,US,2021-08-20,
AMA-C9109,John Chen,john.chen851@example.com,Los Angeles,CA,US,07-Jun-2022,Non-Prime
AMA-C3187,Emma Johnson,emma.johnson924@example.com,Boston,MA,US,09/08/2022,Prime
AMA-C5119,Aarav Brown,aarav.brown564@example.com,Denver,CO,US,01-Aug-2024,Non-Prime
AMA-C7847,SOFIA ANDERSON,sofia.anderson881@example.com,Boston,MA,US,09/16/2021,Non-Prime
AMA-C4795,David Anderson,,Houston,TX,US,2021-02-15,Prime Student
AMA-C6190, Wei Khan ,wei.khan669@example.com,Los Angeles,CA,US,11-Nov-2022,Prime Student
AMA-C5518,Michael Johnson,michael.johnson792@example.com,New York,NY,US,09-May-2022,Non-Prime
AMA-C7421,Mohammed Tanaka,mohammed.tanaka847@example.com,Los Angeles,CA,US,2025-01-29,Prime Student
AMA-C1561,yuki rossi,yuki.rossi357@example.com,Phoenix,AZ,US,2024-12-08,Prime
AMA-C7351,John Anderson,john.anderson58@example.com,Chicago,IL,US,04/13/2021,Prime Student
AMA-C6917,fatima tanaka,fatima.tanaka299@example.com,Phoenix,AZ,US,2025-05-29,
AMA-C8750,Sara Chen,sara.chen211@example.com,Boston,MA,US,11/14/2022,Prime Student
AMA-C1943,Aarav Johnson,aarav.johnson880@example.com,Miami,FL,US,21-Dec-2022,Prime
AMA-C8391,Chen Rossi,chen.rossi294@example.com,Phoenix,AZ,US,10/17/2024,Non-Prime
AMA-C3783,Ken Patel,ken.patel119@example.com,New York,NY,US,2024-08-10,Non-Prime
AMA-C3560,Anna Yamada,anna.yamada187@example.com,Phoenix,AZ,US,08/14/2022,Non-Prime
AMA-C8639,Wei Anderson,wei.anderson600@example.com,Denver,CO,US,2024-12-16,Prime Student
AMA-C9322,noah chen,noah.chen642@example.com,Atlanta,GA,US,12/18/2023,Prime Student
AMA-C9002,Zoe Chen,,Miami,FL,US,2021-02-09,Non-Prime
AMA-C5028,maria chen,maria.chen569@example.com,Houston,TX,US,29-Dec-2021,Prime
AMA-C1585, Priya Johnson ,priya.johnson587@example.com,New York,NY,US,2025-09-15,Prime
AMA-C5834,Noah Wilson,noah.wilson802@example.com,Phoenix,AZ,US,2023-02-19,Prime Student
AMA-C8444,Carlos Patel,carlos.patel347@example.com,Phoenix,AZ,US,01/13/2023,Prime Student
AMA-C5108,James Yamada,james.yamada691@example.com,Chicago,IL,US,18-Jan-2022,Non-Prime
AMA-C5828,Mohammed Müller,mohammed.müller902@example.com,Atlanta,GA,US,25-Aug-2021,Prime Student
AMA-C9924,Wei Patel,wei.patel323@example.com,Miami,FL,US,2022-01-18,Non-Prime
AMA-C6762,Carlos Wang,carlos.wang826@example.com,Seattle,WA,US,03-Nov-2024,
AMA-C3908,Olivia Johnson,,Houston,TX,US,19-Oct-2025,Prime
AMA-C10141,Priya Yamada,,ATLANTA,GA,US,2024-12-01,Non-Prime
AMA-C5266,Ava Chen,ava.chen209@example.com,Chicago,IL,US,01-Mar-2022,Non-Prime
AMA-C4642,Sofia Johnson,,DENVER,CO,US,26-Sep-2021,Prime Student
AMA-C6749,Liam Tanaka,,Miami,FL,US,06/14/2021,Prime Student
AMA-C8534,Aarav Wilson,,Miami,FL,US,12/27/2021,
AMA-C9675,Zoe Kim,zoe.kim62@example.com,New York,NY,US,2024-01-16,Prime Student
AMA-C9873,James Patel,james.patel559@example.com,Atlanta,GA,US,06/13/2022,Prime Student
AMA-C7086,Noah Khan,noah.khan252@example.com,Chicago,IL,US,08-Nov-2022,Prime
AMA-C10883,Ken Johnson,ken.johnson234@example.com,HOUSTON,TX,US,2022-03-27,Prime
AMA-C6993,Ava Brown,ava.brown594@example.com,Boston,MA,US,27-May-2021,Prime Student
AMA-C7702,Ken Martin,ken.martin261@example.com,Los Angeles,CA,US,08/30/2022,Non-Prime
AMA-C1107,Ken Kim,ken.kim854@example.com,Houston,TX,US,05/15/2021,Prime
AMA-C1876,John Suzuki,john.suzuki789@example.com,SEATTLE,WA,US,23-Nov-2021,Non-Prime
AMA-C7750, Rahul Wang ,rahul.wang233@example.com,Boston,MA,US,24-Dec-2025,Non-Prime
AMA-C7784,VIVAAN KUMAR,vivaan.kumar769@example.com,Chicago,IL,US,29-Sep-2022,Prime Student
AMA-C5242,Aarav Müller,aarav.müller590@example.com,Chicago,IL,US,16-Oct-2021,Non-Prime
AMA-C4141,Aarav Sharma,aarav.sharma397@example.com,Phoenix,AZ,US,2022-02-28,Prime Student
AMA-C1599,SOFIA WANG,,Denver,CO,US,01-Jul-2021,Prime Student
AMA-C5769,Yuki Yamada,yuki.yamada590@example.com,Houston,TX,US,2022-07-23,Prime Student
AMA-C8668,Rahul Rossi,rahul.rossi135@example.com,Denver,CO,US,02/25/2022,Non-Prime
AMA-C10925,Olivia Anderson,olivia.anderson62@example.com,Denver,CO,US,15-Feb-2024,Prime
AMA-C8410,Olivia Smith,olivia.smith463@example.com,Atlanta,GA,US,30-Nov-2025,Non-Prime
AMA-C4971,Yuki Brown,yuki.brown127@example.com,Denver,CO,US,10/26/2024,Prime
AMA-C10427,Ben Tanaka,ben.tanaka64@example.com,Atlanta,GA,US,03/28/2021,Prime Student
AMA-C5933,Liam Rossi,liam.rossi775@example.com,New York,NY,US,2021-03-11,Non-Prime
AMA-C2288,Fatima Wilson,fatima.wilson180@example.com,Miami,FL,US,2023-11-20,Prime Student
AMA-C5936,Wei Davis,wei.davis660@example.com,Denver,CO,US,29-May-2022,Non-Prime
AMA-C1284,Carlos Singh,carlos.singh102@example.com,Boston,MA,US,23-Jul-2024,Prime
AMA-C10506,Aarav Johnson,aarav.johnson868@example.com,New York,NY,US,04/24/2021,Prime
AMA-C3298,Aditya Martin,aditya.martin505@example.com,Phoenix,AZ,US,17-Mar-2023,Prime Student
AMA-C6646,OLIVIA PATEL,olivia.patel687@example.com,Boston,MA,US,07/31/2021,Non-Prime
AMA-C7049,OLIVIA DAVIS,olivia.davis347@example.com,Phoenix,AZ,US,2023-10-23,Prime
AMA-C4032,RAHUL KUMAR,rahul.kumar991@example.com,Houston,TX,US,2024-10-23,Prime Student
AMA-C5073,Sara Chen,sara.chen140@example.com,Miami,FL,US,03-Aug-2024,Prime Student
AMA-C3030,MARIA PATEL,maria.patel342@example.com,Seattle,WA,US,28-Aug-2023,Prime
AMA-C1764,Ken Yamada,ken.yamada779@example.com,New York,NY,US,09/05/2022,Non-Prime
AMA-C10388,ava kumar,ava.kumar214@example.com,Miami,FL,US,10/15/2025,Prime
AMA-C6832,Ava Lee,ava.lee777@example.com,Miami,FL,US,21-Nov-2023,Non-Prime
AMA-C3933,John Johnson,john.johnson661@example.com,Denver,CO,US,2021-12-08,Prime
AMA-C1397,zoe suzuki,zoe.suzuki750@example.com,Miami,FL,US,06-May-2025,Non-Prime
AMA-C4738,Wei Kumar,,Phoenix,AZ,US,02-Aug-2023,Prime
AMA-C8863,Liam Wilson,liam.wilson603@example.com,Denver,CO,US,2022-07-04,Prime Student
AMA-C3513, Maria Kim ,maria.kim97@example.com,DENVER,CO,US,09-Dec-2021,Prime
AMA-C6396,Maria Brown,maria.brown385@example.com,atlanta,GA,US,2023-04-21,Prime Student
AMA-C6540,Wei Lee,wei.lee155@example.com,Seattle,WA,US,28-Sep-2024,Prime
AMA-C3968,Ken Sharma,ken.sharma812@example.com,Seattle,WA,US,06/21/2021,Prime
AMA-C9705,Yuki Lee,yuki.lee884@example.com,Los Angeles,CA,US,10/08/2023,Non-Prime
AMA-C8529,Mohammed Sharma,mohammed.sharma367@example.com,New York,NY,US,09/18/2025,Prime Student
AMA-C10773,Michael Davis,michael.davis836@example.com,Atlanta,GA,US,2025-05-18,Prime Student
AMA-C7322,Michael Kim,michael.kim764@example.com,Seattle,WA,US,07/11/2024,Prime
AMA-C5623,Liam Brown,liam.brown553 at example.com,Seattle,WA,US,2022-06-11,Prime Student
AMA-C4737,Maria Tanaka,maria.tanaka694@example.com,Seattle,WA,US,09/17/2021,Non-Prime
AMA-C4125,Olivia Martin,olivia.martin308@example.com,Seattle,WA,US,09-Nov-2022,Prime Student
AMA-C2808,James Wilson,james.wilson499@example.com,Denver,CO,US,10-Nov-2022,Non-Prime
AMA-C7149,ANNA YAMADA,anna.yamada590@example.com,new york,NY,US,2025-02-13,Prime
AMA-C4493,Ben Tanaka,ben.tanaka935@example.com,Seattle,WA,US,11/30/2023,Prime Student
AMA-C3541,Vivaan Tanaka,vivaan.tanaka939@example.com,Atlanta,GA,US,06/26/2025,Prime Student
AMA-C8868,Emma Wilson,emma.wilson864@example.com,Boston,MA,US,2023-09-23,Prime
AMA-C8968,Liam Davis,liam.davis370@example.com,Phoenix,AZ,US,11/29/2022,Prime Student
AMA-C10176,Sofia Singh,sofia.singh863@example.com,New York,NY,US,2025-12-22,Non-Prime
AMA-C4692,Fatima Sharma,fatima.sharma209@example.com,Los Angeles,CA,US,2021-10-14,Prime Student
AMA-C5342,aditya khan,aditya.khan772@example.com,Phoenix,AZ,US,21-Aug-2022,Prime
AMA-C5085,Chen Brown,chen.brown177@example.com,Los Angeles,CA,US,2024-01-07,Non-Prime
AMA-C7456,john tanaka,john.tanaka73@example.com,Seattle,WA,US,2024-07-05,Prime Student
AMA-C4515,Noah Anderson,noah.anderson351@example.com,Boston,MA,US,2022-05-11,Non-Prime
AMA-C5398,Rahul Yamada,rahul.yamada396@example.com,Houston,TX,US,07/19/2023,Prime
AMA-C2619,LIAM GARCIA,liam.garcia38@example.com,Houston,TX,US,2022-04-02,Prime
AMA-C5691,LI SMITH,li.smith762@example.com,New York,NY,US,2022-10-10,Non-Prime
AMA-C2309,Aditya Chen,aditya.chen679@example.com,chicago,IL,US,2023-06-30,Prime Student
AMA-C2538,Sofia Wang,sofia.wang652@example.com,Atlanta,GA,US,10/06/2022,Non-Prime
AMA-C7979,Sofia Kim,sofia.kim835@example.com,Atlanta,GA,US,11/06/2025,Prime
AMA-C2502,CARLOS SHARMA,carlos.sharma736@example.com,Houston,TX,US,2021-03-11,Non-Prime
AMA-C10344,ken chen,,Denver,CO,US,12-Feb-2023,Prime
AMA-C2326,anna chen,anna.chen937@example.com,Seattle,WA,US,12/11/2023,Prime
AMA-C1890,Carlos Wilson,carlos.wilson771@example.com,Boston,MA,US,2024-04-07,Prime
AMA-C6710,Priya Wilson,priya.wilson557@example.com,Boston,MA,US,2021-01-28,
AMA-C10085,Aditya Garcia,aditya.garcia597@example.com,MIAMI,FL,US,10/04/2024,Non-Prime
AMA-C2620,Carlos Smith,carlos.smith647@example.com,Houston,TX,US,2021-02-19,Prime
AMA-C10891,Wei Tanaka,wei.tanaka46@example.com,Seattle,WA,US,05/29/2022,Prime Student
AMA-C2066,Carlos Anderson,carlos.anderson472@example.com,Houston,TX,US,03/13/2023,Non-Prime
AMA-C4259,Maria Smith,maria.smith333@example.com,Denver,CO,US,2021-03-29,Prime
AMA-C10384,Noah Sharma,noah.sharma195@example.com,Seattle,WA,US,2023-10-08,Prime Student
AMA-C3205,Priya Wilson,priya.wilson195@example.com,Houston,TX,US,29-May-2023,Non-Prime
AMA-C6793,LI WANG,li.wang687@example.com,miami,FL,US,10-Feb-2025,Non-Prime
AMA-C10701,David Rossi,david.rossi420 at example.com,Seattle,WA,US,30-Oct-2023,Non-Prime
AMA-C2317,Carlos Müller,carlos.müller596@example.com,New York,NY,US,02/24/2023,Prime
AMA-C2441,Ava Kumar,ava.kumar616@example.com,New York,NY,US,01/19/2023,Non-Prime
AMA-C9015,Aditya Lee,aditya.lee366@example.com,Phoenix,AZ,US,09-May-2021,Prime Student
AMA-C5042,Ava Martin,ava.martin137@example.com,Los Angeles,CA,US,12-Mar-2024,Non-Prime
AMA-C2417,Maria Kumar,maria.kumar767@example.com,Denver,CO,US,07/14/2023,Non-Prime
AMA-C6771,Wei Lee,wei.lee509@example.com,Los Angeles,CA,US,10/31/2022,Prime Student
AMA-C6695,Zoe Kumar,zoe.kumar843@example.com,New York,NY,US,19-Oct-2024,Prime
AMA-C7078,Chen Smith,chen.smith874@example.com,Houston,TX,US,2022-02-08,Non-Prime
AMA-C1340,Ken Lee,ken.lee158@example.com,Atlanta,GA,US,13-Jan-2025,Prime Student
AMA-C9479,wei singh,wei.singh418@example.com,Houston,TX,US,11/16/2025,Non-Prime
AMA-C2974,ZOE KUMAR,zoe.kumar418@example.com,Seattle,WA,US,2021-12-09,Prime
AMA-C8253,Ben Brown,ben.brown723@example.com,Chicago,IL,US,19-Sep-2021,Prime
AMA-C2702,Rahul Sharma,rahul.sharma42@example.com,Denver,CO,US,07-Nov-2024,Prime Student
AMA-C9097,Sofia Martin,sofia.martin443@example.com,Los Angeles,CA,US,2023-04-27,Prime
AMA-C8337,Sara Yamada,sara.yamada179@example.com,Chicago,IL,US,11-Aug-2021,Prime Student
AMA-C6419,Noah Yamada,,Miami,FL,US,20-May-2024,Prime
AMA-C6659,Aarav Smith,aarav.smith839@example.com,Atlanta,GA,US,2021-02-28,Prime
AMA-C7180,Aditya Kim,,New York,NY,US,2022-03-25,Prime
AMA-C9985,Olivia Patel,olivia.patel989@example.com,Chicago,IL,US,03/18/2025,Prime
AMA-C7561,Fatima Khan,fatima.khan233@example.com,atlanta,GA,US,13-Nov-2024,Prime
AMA-C7534,Mohammed Kumar,mohammed.kumar613@example.com,Seattle,WA,US,2023-09-27,Non-Prime
AMA-C10955,Ben Brown,ben.brown910@example.com,Houston,TX,US,05/12/2024,Non-Prime
AMA-C1222,Emma Singh,emma.singh49@example.com,New York,NY,US,22-Feb-2021,Non-Prime
AMA-C9035,Yuki Tanaka,,Atlanta,GA,US,04/02/2022,Non-Prime
AMA-C5901,David Khan,david.khan765@example.com,Atlanta,GA,US,10/19/2024,Non-Prime
AMA-C2097,yuki müller,yuki.müller646@example.com,Miami,FL,US,2025-02-27,Prime Student
AMA-C8002,Noah Davis,noah.davis197@example.com,Houston,TX,US,02/16/2025,Prime
AMA-C5744,Fatima Sharma,fatima.sharma880@example.com,CHICAGO,IL,US,03-Jan-2024,Prime Student
AMA-C1469,zoe suzuki,,Seattle,WA,US,07/01/2025,Prime Student
AMA-C2260, John Patel ,john.patel876@example.com,New York,NY,US,03/28/2025,Prime Student
AMA-C6719,Rahul Singh,rahul.singh953@example.com,Miami,FL,US,06/19/2021,Prime
AMA-C5750,Wei Brown,wei.brown555 at example.com,Chicago,IL,US,28-Nov-2021,Non-Prime
AMA-C9181,Anna Khan,anna.khan311@example.com,Phoenix,AZ,US,25-Oct-2021,Prime Student
AMA-C1156, Chen Tanaka ,chen.tanaka496@example.com,Atlanta,GA,US,30-Apr-2021,Non-Prime
AMA-C5286,David Kumar,david.kumar793@example.com,Boston,MA,US,21-Feb-2023,Non-Prime
AMA-C5826,yuki patel,yuki.patel910 at example.com,chicago,IL,US,2022-08-08,Prime
AMA-C6320,Fatima Khan,fatima.khan540@example.com,Miami,FL,US,2024-03-25,Prime
AMA-C4476,Ken Lee,ken.lee375@example.com,Denver,CO,US,13-Dec-2024,Prime
AMA-C9099,Wei Patel,wei.patel588@example.com,New York,NY,US,2022-04-17,Prime
AMA-C8797,Ava Smith,,DENVER,CO,US,08/08/2021,Prime Student
AMA-C9679,mohammed sharma,,New York,NY,US,10/11/2024,Non-Prime
AMA-C10013,Carlos Martin,carlos.martin143@example.com,Houston,TX,US,2025-06-16,Prime Student
AMA-C3768,Maria Chen,maria.chen777@example.com,Atlanta,GA,US,2022-02-02,Prime Student
AMA-C6524,Priya Patel,priya.patel826@example.com,Seattle,WA,US,08/23/2021,Non-Prime
AMA-C3781,Maria Martin,maria.martin516@example.com,New York,NY,US,2023-05-17,Non-Prime
AMA-C5159,Liam Müller,liam.müller46@example.com,Houston,TX,US,29-Aug-2022,Non-Prime
AMA-C10036,Maria Wilson,maria.wilson625@example.com,New York,NY,US,02/07/2024,Prime
AMA-C10254,Noah Sharma,noah.sharma295@example.com,boston,MA,US,2024-03-02,Prime Student
AMA-C9929,Emma Müller,emma.müller553@example.com,Houston,TX,US,10/28/2024,Prime
AMA-C6913,RAHUL KIM,rahul.kim884@example.com,Denver,CO,US,27-Dec-2022,
AMA-C3976,Carlos Wang,carlos.wang403@example.com,ATLANTA,GA,US,30-Dec-2021,Non-Prime
AMA-C9763,Aditya Anderson,aditya.anderson378 at example.com,Seattle,WA,US,2024-06-16,Prime
AMA-C7127,Yuki Davis,yuki.davis530@example.com,Boston,MA,US,29-Jul-2022,Prime Student
AMA-C2022,Fatima Tanaka,fatima.tanaka192@example.com,DENVER,CO,US,05/08/2024,Non-Prime
AMA-C6029,David Rossi,david.rossi905@example.com,Denver,CO,US,04-Mar-2023,Non-Prime
AMA-C6025,MOHAMMED WILSON,mohammed.wilson572@example.com,Miami,FL,US,2022-09-17,Non-Prime
AMA-C9494,Vivaan Khan,vivaan.khan194@example.com,Miami,FL,US,2021-01-04,Prime Student
AMA-C6484,JAMES GARCIA,james.garcia196@example.com,atlanta,GA,US,2021-05-27,Prime Student
AMA-C5219,John Singh,john.singh598@example.com,Houston,TX,US,2024-05-08,Non-Prime
AMA-C8602, Ken Chen ,ken.chen455@example.com,New York,NY,US,07/27/2025,Prime
AMA-C3416,aarav garcia,aarav.garcia392@example.com,Atlanta,GA,US,11/01/2025,Prime
AMA-C1233,liam martin,liam.martin56@example.com,New York,NY,US,2023-06-20,Prime
AMA-C2707,priya wilson,priya.wilson212@example.com,Chicago,IL,US,04-May-2023,Non-Prime
AMA-C3734,vivaan yamada,vivaan.yamada490@example.com,Chicago,IL,US,20-Apr-2024,Prime
AMA-C5057,Aarav Kumar,aarav.kumar259@example.com,New York,NY,US,2022-05-20,Prime Student
AMA-C9694,michael wang,michael.wang733@example.com,Chicago,IL,US,03/30/2025,Prime Student
AMA-C4612,Michael Singh,michael.singh191@example.com,Atlanta,GA,US,06/08/2025,Non-Prime
AMA-C3941,fatima sharma,fatima.sharma57@example.com,New York,NY,US,2022-06-26,Prime
AMA-C3094,Ava Brown,ava.brown840@example.com,New York,NY,US,2022-03-23,Prime Student
AMA-C7723,Yuki Tanaka,yuki.tanaka896@example.com,Chicago,IL,US,2022-05-21,Non-Prime
AMA-C9384,Aditya Brown,aditya.brown602@example.com,New York,NY,US,14-Jul-2022,Non-Prime
AMA-C5289,Ken Smith,ken.smith160@example.com,Atlanta,GA,US,04-May-2025,Non-Prime
AMA-C2672, Fatima Suzuki ,fatima.suzuki253@example.com,ATLANTA,GA,US,11/19/2021,Non-Prime
AMA-C2076, Chen Khan ,chen.khan525@example.com,ATLANTA,GA,US,2024-08-27,
AMA-C8280,Vivaan Patel,,Houston,TX,US,09/03/2022,Prime
AMA-C8306, Yuki Anderson ,yuki.anderson977@example.com,Chicago,IL,US,04/06/2023,Prime
AMA-C3670,JOHN YAMADA,,Chicago,IL,US,2022-08-14,
AMA-C4691,Ava Müller,ava.müller580@example.com,Seattle,WA,US,2024-07-24,Prime Student
AMA-C3895,ben davis,ben.davis103 at example.com,Miami,FL,US,12/31/2022,Prime Student
AMA-C3362,Aarav Martin,,Phoenix,AZ,US,10-Aug-2021,Prime
AMA-C7129,Noah Wilson,noah.wilson940@example.com,Phoenix,AZ,US,2023-12-28,Prime Student
AMA-C3680,Sara Lee,sara.lee157@example.com,Boston,MA,US,2021-03-19,Prime
AMA-C6017,Noah Brown,noah.brown193@example.com,New York,NY,US,09/20/2025,Prime Student
AMA-C3051,Vivaan Wang,vivaan.wang644@example.com,Denver,CO,US,22-Jun-2023,Prime
AMA-C2550,Noah Rossi,noah.rossi945@example.com,atlanta,GA,US,07/17/2025,Prime
AMA-C8869,Chen Tanaka,chen.tanaka209@example.com,Phoenix,AZ,US,01-May-2023,Prime Student
AMA-C3744,Wei Kim,wei.kim223@example.com,Miami,FL,US,06/27/2025,Prime
AMA-C2164,Emma Chen,emma.chen158@example.com,Denver,CO,US,2025-06-14,Non-Prime
AMA-C4388,Wei Kim,wei.kim148@example.com,Atlanta,GA,US,06/09/2025,Prime
AMA-C3881,Ava Brown,ava.brown582@example.com,Miami,FL,US,2023-08-24,Prime Student
AMA-C5876,Rahul Chen,rahul.chen123@example.com,Denver,CO,US,2022-03-19,Prime Student
AMA-C4622,ben wang,ben.wang756@example.com,Denver,CO,US,04/28/2024,Prime Student
AMA-C4647,Anna Wang,anna.wang967@example.com,Seattle,WA,US,2023-01-28,Prime Student
AMA-C7883,liam müller,liam.müller561@example.com,New York,NY,US,08-Sep-2021,Non-Prime
AMA-C1534,James Suzuki,,Miami,FL,US,06-Dec-2021,Prime Student
AMA-C3531,Yuki Smith,yuki.smith766@example.com,Los Angeles,CA,US,2024-04-19,Prime
AMA-C4673,Anna Khan,anna.khan102@example.com,Phoenix,AZ,US,2022-09-09,Non-Prime
AMA-C3274, Maria Khan ,maria.khan924@example.com,Miami,FL,US,12-Oct-2021,Prime Student
AMA-C1009,James Tanaka,james.tanaka787@example.com,New York,NY,US,2022-03-23,Non-Prime
AMA-C7007,James Lee,james.lee394@example.com,Houston,TX,US,10/08/2021,Non-Prime
AMA-C6658, Liam Rossi ,liam.rossi549 at example.com,Miami,FL,US,2022-03-28,Prime
AMA-C4133, James Martin ,james.martin161@example.com,Los Angeles,CA,US,2021-09-28,Prime Student
AMA-C6389,Carlos Smith,carlos.smith206@example.com,Phoenix,AZ,US,05/18/2024,Prime Student
AMA-C6869,Mohammed Smith,mohammed.smith722@example.com,Houston,TX,US,29-Apr-2024,Non-Prime
AMA-C6630,Liam Johnson,liam.johnson487@example.com,Denver,CO,US,05/17/2024,Non-Prime
AMA-C1348,Sofia Kim,sofia.kim6@example.com,Los Angeles,CA,US,2022-11-11,Non-Prime
AMA-C2015,FATIMA CHEN,fatima.chen932@example.com,Atlanta,GA,US,2025-05-01,Prime Student
AMA-C1767,Chen Smith,chen.smith176@example.com,Los Angeles,CA,US,12/11/2025,Non-Prime
AMA-C5810,Ava Lee,ava.lee347@example.com,Houston,TX,US,12-May-2021,Prime
AMA-C7817,Liam Wang,liam.wang956@example.com,Houston,TX,US,23-Nov-2024,Prime
AMA-C9498, David Anderson ,david.anderson347@example.com,Seattle,WA,US,02/08/2021,Prime
AMA-C3474, Noah Kim ,noah.kim685@example.com,Houston,TX,US,03/11/2022,Prime Student
AMA-C2303,rahul singh,rahul.singh635@example.com,Houston,TX,US,08-Apr-2021,Non-Prime
AMA-C3994,CHEN ANDERSON,chen.anderson624@example.com,Houston,TX,US,16-Sep-2024,Prime
AMA-C10927,Olivia Patel,olivia.patel667 at example.com,seattle,WA,US,11/16/2023,Prime
AMA-C10402,Aditya Wang,aditya.wang393@example.com,Boston,MA,US,2023-03-15,Prime Student
AMA-C5456,Michael Martin,michael.martin485@example.com,Houston,TX,US,2025-06-10,Prime
AMA-C4689,Yuki Garcia,yuki.garcia81@example.com,Phoenix,AZ,US,05-Aug-2024,
AMA-C1147,aarav smith,aarav.smith644@example.com,Miami,FL,US,05/12/2023,Non-Prime
AMA-C5658,Maria Kumar,maria.kumar751@example.com,Atlanta,GA,US,04/18/2025,Prime
AMA-C10496,Emma Johnson,emma.johnson631@example.com,Chicago,IL,US,2024-01-01,Prime Student
AMA-C4451,Sofia Smith,sofia.smith774@example.com,New York,NY,US,2024-11-04,Non-Prime
AMA-C3165,Rahul Rossi,rahul.rossi179@example.com,Phoenix,AZ,US,14-Jun-2021,Prime Student
AMA-C4396,Wei Johnson,wei.johnson869@example.com,Houston,TX,US,2024-03-18,Prime
AMA-C3402,Li Martin,li.martin414@example.com,New York,NY,US,23-May-2021,Prime
AMA-C3647,Ben Rossi,ben.rossi118@example.com,Boston,MA,US,2024-06-20,Prime Student
AMA-C7959,Sara Suzuki,sara.suzuki304@example.com,Atlanta,GA,US,26-Dec-2023,Non-Prime
AMA-C3644,priya martin,priya.martin751@example.com,Boston,MA,US,11-Apr-2025,Prime Student
AMA-C10211,Mohammed Kim,mohammed.kim146@example.com,atlanta,GA,US,2023-04-13,Prime Student
AMA-C6846,Sara Smith,sara.smith585@example.com,Chicago,IL,US,04/04/2021,Non-Prime
AMA-C8188,Sara Martin,sara.martin73@example.com,Miami,FL,US,17-Dec-2023,Prime Student
AMA-C4873,Ava Johnson,ava.johnson976@example.com,Denver,CO,US,2024-07-02,Prime Student
AMA-C2645,fatima anderson,fatima.anderson80@example.com,Seattle,WA,US,05/14/2025,Non-Prime
AMA-C2997,Noah Kim,noah.kim754@example.com,Chicago,IL,US,2024-03-27,Non-Prime
AMA-C2091,ADITYA KIM,aditya.kim662@example.com,seattle,WA,US,2024-09-28,Prime
AMA-C4746,MARIA WILSON,maria.wilson79@example.com,Boston,MA,US,04/28/2024,
AMA-C7295,Sofia Lee,sofia.lee265@example.com,Atlanta,GA,US,2024-05-28,Prime
AMA-C9404,Aditya Davis,aditya.davis140@example.com,New York,NY,US,03/25/2025,Non-Prime
AMA-C5896,Aditya Anderson,aditya.anderson712@example.com,Boston,MA,US,2022-01-26,Prime
AMA-C2122,BEN CHEN,ben.chen44@example.com,Miami,FL,US,10/15/2021,Non-Prime
AMA-C7664,Ava Wilson,ava.wilson219@example.com,phoenix,AZ,US,11/04/2022,Prime Student
AMA-C5023,Mohammed Martin,,Seattle,WA,US,28-Nov-2023,Prime
AMA-C4989,Yuki Patel,yuki.patel956@example.com,Denver,CO,US,24-Oct-2024,Non-Prime
AMA-C9750,Aarav Patel,aarav.patel840@example.com,Atlanta,GA,US,13-Oct-2022,Prime Student
AMA-C3377,Sara Martin,sara.martin177 at example.com,Chicago,IL,US,2021-11-18,Non-Prime
AMA-C1038,Priya Singh,,Phoenix,AZ,US,2024-06-27,Prime
AMA-C7913,Chen Lee,chen.lee936@example.com,Miami,FL,US,2021-03-03,Non-Prime
AMA-C5250,Rahul Garcia,rahul.garcia927 at example.com,Houston,TX,US,05/11/2025,Prime
AMA-C8297,VIVAAN SUZUKI,vivaan.suzuki222@example.com,Atlanta,GA,US,26-Dec-2025,Prime
AMA-C4606,Zoe Kim,zoe.kim693@example.com,Houston,TX,US,2022-11-08,Prime
AMA-C5873,Sara Kumar,sara.kumar822@example.com,Miami,FL,US,10/31/2022,Prime
AMA-C9701,James Rossi,james.rossi349@example.com,New York,NY,US,2021-06-15,Prime
AMA-C4247,Li Rossi,li.rossi178@example.com,Chicago,IL,US,06-Feb-2024,Prime Student
AMA-C6091,Rahul Khan,rahul.khan403@example.com,Denver,CO,US,08/10/2021,Non-Prime
AMA-C5015,Zoe Lee,zoe.lee938@example.com,BOSTON,MA,US,17-Jun-2021,Prime Student
AMA-C10135,Olivia Anderson,olivia.anderson403@example.com,Los Angeles,CA,US,27-Aug-2023,Prime
AMA-C5118,Li Smith,li.smith265@example.com,Denver,CO,US,2022-03-20,Non-Prime
AMA-C10565,Priya Wilson,priya.wilson434@example.com,Atlanta,GA,US,2023-07-02,
AMA-C3122,sofia lee,sofia.lee961@example.com,Boston,MA,US,2024-04-17,Non-Prime
AMA-C9210,ANNA WILSON,anna.wilson502 at example.com,New York,NY,US,09/27/2022,Non-Prime
AMA-C6808,michael khan,michael.khan317@example.com,Phoenix,AZ,US,28-Nov-2024,Prime
AMA-C7499,zoe brown,zoe.brown677@example.com,PHOENIX,AZ,US,15-Feb-2025,Prime
AMA-C4218,Ben Khan,ben.khan377@example.com,Phoenix,AZ,US,05/25/2021,Non-Prime
AMA-C2492,James Johnson,james.johnson159@example.com,Boston,MA,US,2025-08-25,Prime
AMA-C4310,Priya Chen,priya.chen76@example.com,Los Angeles,CA,US,12/19/2023,Non-Prime
AMA-C3954,Sofia Wilson,sofia.wilson110@example.com,Chicago,IL,US,2022-04-05,Non-Prime
AMA-C1476,FATIMA SHARMA,,New York,NY,US,11-Apr-2022,Prime Student
AMA-C7978,James Martin,james.martin312@example.com,Houston,TX,US,02/22/2021,Non-Prime
AMA-C5397,Sara Wang,sara.wang447@example.com,chicago,IL,US,12-Aug-2022,Prime Student
AMA-C5262,Noah Martin,noah.martin264@example.com,New York,NY,US,06-May-2025,Non-Prime
AMA-C1575, Anna Suzuki ,anna.suzuki712@example.com,Houston,TX,US,09/30/2021,Prime
AMA-C1755,Ben Lee,ben.lee270@example.com,Chicago,IL,US,29-Apr-2023,Prime
AMA-C4261,vivaan rossi,vivaan.rossi844@example.com,Miami,FL,US,05/24/2022,Prime
AMA-C4745,Priya Martin,priya.martin549@example.com,Houston,TX,US,2021-07-16,Non-Prime
AMA-C7960,Ben Patel,ben.patel590@example.com,Phoenix,AZ,US,04/12/2023,Prime
AMA-C4641,Liam Smith,liam.smith315@example.com,Atlanta,GA,US,05/30/2025,Prime
AMA-C5444,Carlos Garcia,carlos.garcia210@example.com,Phoenix,AZ,US,10-Feb-2023,Prime Student
AMA-C10118,noah davis,noah.davis166@example.com,New York,NY,US,06/04/2025,Prime Student
AMA-C10837,James Garcia,james.garcia850@example.com,Houston,TX,US,2021-02-09,Non-Prime
AMA-C6828,Priya Anderson,,Phoenix,AZ,US,09/11/2024,Non-Prime
AMA-C4122,Michael Johnson,michael.johnson657@example.com,denver,CO,US,2023-03-27,Prime
AMA-C1036,LI KUMAR,li.kumar942@example.com,chicago,IL,US,2024-01-04,Non-Prime
AMA-C5420,liam patel,liam.patel526@example.com,Seattle,WA,US,2022-07-23,Non-Prime
AMA-C8977,David Müller,david.müller771@example.com,BOSTON,MA,US,2025-04-13,Non-Prime
AMA-C5387,Li Rossi,li.rossi336@example.com,Phoenix,AZ,US,10-Mar-2024,Prime Student
AMA-C6542,Zoe Anderson,zoe.anderson539@example.com,Miami,FL,US,2022-03-05,Prime Student
AMA-C5797,ZOE TANAKA,zoe.tanaka467@example.com,Houston,TX,US,03-Aug-2024,Prime
AMA-C4692,Fatima Sharma,fatima.sharma209@example.com,Los Angeles,CA,US,2021-10-14,Prime Student
AMA-C1610,Sofia Kim,sofia.kim182@example.com,Atlanta,GA,US,2024-10-03,Prime Student
AMA-C1589, Zoe Tanaka ,zoe.tanaka848@example.com,Phoenix,AZ,US,12/31/2021,Non-Prime
AMA-C3610,Maria Anderson,maria.anderson27@example.com,Phoenix,AZ,US,21-May-2025,Prime Student
AMA-C7182,Anna Suzuki,anna.suzuki251@example.com,Boston,MA,US,13-Sep-2024,Prime Student
AMA-C6339,MOHAMMED SHARMA,,Los Angeles,CA,US,2025-07-01,Prime Student
AMA-C5840,Sara Wilson,sara.wilson243@example.com,Seattle,WA,US,25-Oct-2022,Non-Prime
AMA-C4596,Noah Kim,noah.kim329@example.com,Denver,CO,US,08/18/2021,Prime Student
AMA-C6392,Carlos Smith,carlos.smith770@example.com,Boston,MA,US,01/06/2024,Non-Prime
AMA-C6406,Carlos Suzuki,carlos.suzuki384@example.com,New York,NY,US,2024-07-13,Prime Student
AMA-C9800,Anna Martin,,Miami,FL,US,07-Feb-2021,Prime Student
AMA-C3717,Vivaan Chen,vivaan.chen109@example.com,Denver,CO,US,2025-12-20,Prime
AMA-C3348,David Khan,david.khan106@example.com,Miami,FL,US,2021-12-03,Prime
AMA-C5589,Ben Davis,ben.davis290@example.com,Denver,CO,US,04/11/2025,Prime Student
AMA-C6652,Li Rossi,li.rossi658@example.com,Chicago,IL,US,09/01/2023,Non-Prime
AMA-C6829,Liam Kim,liam.kim797@example.com,Atlanta,GA,US,12/19/2021,Prime Student
AMA-C2613,carlos brown,carlos.brown721@example.com,New York,NY,US,20-Feb-2025,Prime
AMA-C2649,Ava Rossi,ava.rossi291@example.com,Denver,CO,US,12/09/2021,Prime Student
AMA-C4627,James Davis,james.davis941@example.com,Seattle,WA,US,05/20/2021,Prime
AMA-C5939,Chen Anderson,chen.anderson916@example.com,Denver,CO,US,2021-07-13,Non-Prime
AMA-C3159,SOFIA SMITH,sofia.smith307@example.com,Chicago,IL,US,2023-07-15,
AMA-C9925,Ken Suzuki,ken.suzuki90@example.com,Boston,MA,US,01/10/2024,Non-Prime
AMA-C2021,Aarav Khan,aarav.khan872@example.com,Boston,MA,US,21-Apr-2021,Prime Student
AMA-C10519,Sofia Wilson,sofia.wilson249@example.com,Chicago,IL,US,2023-12-27,Non-Prime
AMA-C3718,Olivia Rossi,olivia.rossi515@example.com,Chicago,IL,US,2024-09-22,Prime Student
AMA-C4667,Aditya Martin,aditya.martin161@example.com,Chicago,IL,US,01/14/2024,Non-Prime
AMA-C1513,JOHN TANAKA,john.tanaka768@example.com,Los Angeles,CA,US,05-Apr-2021,Non-Prime
AMA-C3155,Li Martin,li.martin709@example.com,Seattle,WA,US,12/21/2025,Prime Student
AMA-C4015,Aarav Rossi,,Seattle,WA,US,02/22/2025,Prime Student
AMA-C10099,rahul wang,rahul.wang388@example.com,Boston,MA,US,03/31/2023,Prime Student
AMA-C9872,Rahul Smith,rahul.smith495@example.com,Atlanta,GA,US,2022-08-25,Prime
AMA-C4959,Yuki Patel,yuki.patel29@example.com,Atlanta,GA,US,2023-12-09,Prime
AMA-C4932,Ken Tanaka,ken.tanaka161@example.com,Atlanta,GA,US,04-Aug-2021,Non-Prime
AMA-C5991,Aditya Lee,aditya.lee59@example.com,ATLANTA,GA,US,2023-07-12,Non-Prime
AMA-C5545,Mohammed Garcia,mohammed.garcia721@example.com,Boston,MA,US,12/19/2023,
AMA-C1045,Fatima Kumar,fatima.kumar286@example.com,Los Angeles,CA,US,2023-08-31,Prime Student
AMA-C7610,Anna Tanaka,anna.tanaka425@example.com,Houston,TX,US,08/23/2023,Prime
AMA-C3022,Wei Suzuki,wei.suzuki140@example.com,Atlanta,GA,US,12/01/2025,Prime Student
AMA-C1627,AVA WILSON,ava.wilson639@example.com,Boston,MA,US,27-Oct-2021,
AMA-C6321,sofia chen,sofia.chen557@example.com,Atlanta,GA,US,10/14/2022,Prime
AMA-C8432,Ken Wilson,ken.wilson649@example.com,Seattle,WA,US,09-Mar-2025,Prime Student
AMA-C3546,Mohammed Davis,mohammed.davis952@example.com,Houston,TX,US,11/04/2022,Prime Student
AMA-C7110,rahul wang,rahul.wang420@example.com,Atlanta,GA,US,27-Apr-2025,Prime Student
AMA-C5313,Olivia Garcia,olivia.garcia168@example.com,Seattle,WA,US,04/10/2025,Prime
AMA-C3503,Carlos Wang,carlos.wang123@example.com,CHICAGO,IL,US,08-Mar-2024,Prime Student
AMA-C5330,Sara Lee,sara.lee404@example.com,Los Angeles,CA,US,2021-12-07,Non-Prime
AMA-C4466,Priya Kim,priya.kim721@example.com,Miami,FL,US,2023-06-23,Non-Prime
AMA-C5663,Michael Yamada,michael.yamada388@example.com,Seattle,WA,US,13-Dec-2024,Prime Student
AMA-C7414,Chen Kumar,chen.kumar886@example.com,Boston,MA,US,05/21/2025,Prime
AMA-C7837,John Sharma,john.sharma750@example.com,Chicago,IL,US,07/31/2024,Non-Prime
AMA-C10184,Sofia Kumar,sofia.kumar745@example.com,Houston,TX,US,06/05/2022,Prime Student
AMA-C9124,Olivia Chen,olivia.chen813@example.com,Houston,TX,US,2023-05-08,Non-Prime
AMA-C3005,Priya Wang,priya.wang785@example.com,Seattle,WA,US,13-Mar-2021,
AMA-C9316,Priya Yamada,priya.yamada141@example.com,Boston,MA,US,12/17/2024,
AMA-C8975,Vivaan Kim,vivaan.kim528@example.com,Miami,FL,US,16-Jun-2025,Prime Student
AMA-C5335,emma khan,emma.khan521@example.com,Atlanta,GA,US,04/03/2021,Prime Student
AMA-C10320,Olivia Suzuki,olivia.suzuki523@example.com,Los Angeles,CA,US,04/03/2021,Non-Prime
AMA-C1182,James Patel,james.patel887@example.com,Houston,TX,US,11/19/2025,Prime
AMA-C7990,Ava Khan,ava.khan658@example.com,Seattle,WA,US,2021-03-31,Prime
AMA-C2937,David Wang,david.wang274@example.com,CHICAGO,IL,US,25-Aug-2021,Prime Student
AMA-C3950,Zoe Rossi,zoe.rossi538@example.com,boston,MA,US,11/15/2022,Prime
AMA-C10214, Zoe Johnson ,zoe.johnson757@example.com,Miami,FL,US,05/02/2025,Non-Prime
AMA-C10558,Wei Johnson,wei.johnson678@example.com,New York,NY,US,06/10/2023,Non-Prime
AMA-C5924,Liam Yamada,liam.yamada503@example.com,Phoenix,AZ,US,2024-10-31,Prime
AMA-C7068,Liam Garcia,liam.garcia925@example.com,Atlanta,GA,US,10/02/2025,Non-Prime
AMA-C10649,David Smith,david.smith624@example.com,Los Angeles,CA,US,03/02/2025,Prime
AMA-C2473,CARLOS WANG,carlos.wang152@example.com,Boston,MA,US,2025-02-22,Prime Student
AMA-C9214,David Rossi,david.rossi702@example.com,Los Angeles,CA,US,03/04/2025,Prime
AMA-C7738,Anna Yamada,anna.yamada730 at example.com,Seattle,WA,US,10/27/2025,Non-Prime
AMA-C4103,Sara Martin,sara.martin33@example.com,Los Angeles,CA,US,2021-12-27,Prime Student
AMA-C5805,James Khan,james.khan333@example.com,new york,NY,US,07-Oct-2022,Prime Student
AMA-C10074,Zoe Anderson,zoe.anderson989@example.com,Houston,TX,US,07/27/2022,Prime Student
AMA-C5093,Ben Garcia,ben.garcia866@example.com,Miami,FL,US,11/27/2021,Non-Prime
AMA-C6976,Sara Davis,sara.davis461@example.com,New York,NY,US,06/05/2024,Prime
AMA-C3420,Li Lee,li.lee430@example.com,Boston,MA,US,2022-07-30,
AMA-C6734,Carlos Suzuki,carlos.suzuki771@example.com,Houston,TX,US,16-Aug-2024,Non-Prime
AMA-C1166,Fatima Sharma,fatima.sharma658@example.com,Miami,FL,US,03/05/2024,Non-Prime
AMA-C5054,olivia smith,olivia.smith562@example.com,Houston,TX,US,04/25/2023,Non-Prime
AMA-C1272,Zoe Khan,zoe.khan176@example.com,miami,FL,US,2024-01-20,Non-Prime
AMA-C6642,Aditya Patel,aditya.patel951@example.com,Atlanta,GA,US,11/02/2022,Non-Prime
AMA-C9326,Noah Brown,noah.brown119@example.com,Seattle,WA,US,20-Feb-2025,Prime Student
AMA-C5360,Emma Brown,emma.brown274@example.com,New York,NY,US,02-Jan-2021,Non-Prime
AMA-C2697, Maria Anderson ,maria.anderson90@example.com,Atlanta,GA,US,2024-08-10,Non-Prime
AMA-C7829,Maria Singh,maria.singh699@example.com,Atlanta,GA,US,2025-12-05,Prime
AMA-C10989, Anna Lee ,anna.lee812@example.com,Atlanta,GA,US,07-Feb-2022,Prime
AMA-C4982,Emma Wilson,emma.wilson63@example.com,Miami,FL,US,2022-08-13,Non-Prime
AMA-C6920,JOHN KHAN,john.khan842@example.com,Seattle,WA,US,01/10/2025,Non-Prime
AMA-C6716,Michael Müller,michael.müller273@example.com,Houston,TX,US,07/28/2022,Prime Student
AMA-C8084,EMMA MÜLLER,emma.müller405@example.com,Los Angeles,CA,US,03/01/2025,Non-Prime
AMA-C8159,Liam Davis,liam.davis704@example.com,Denver,CO,US,2024-01-27,Non-Prime
AMA-C10255,ken yamada,ken.yamada489@example.com,Denver,CO,US,2022-02-28,Non-Prime
AMA-C2216,Sofia Kim,sofia.kim49 at example.com,SEATTLE,WA,US,2022-08-10,Prime Student
AMA-C2007,priya sharma,priya.sharma582@example.com,Phoenix,AZ,US,04/02/2023,Prime
AMA-C5184,WEI MARTIN,wei.martin898@example.com,Chicago,IL,US,25-Jul-2022,Prime Student
AMA-C3127,Yuki Garcia,yuki.garcia508@example.com,Atlanta,GA,US,17-Jun-2025,Prime Student
AMA-C1895,Wei Sharma,wei.sharma197@example.com,Atlanta,GA,US,2021-08-15,Prime
AMA-C3429,Sara Patel,sara.patel670@example.com,Phoenix,AZ,US,02/01/2025,Prime Student
AMA-C2773,Emma Lee,emma.lee491@example.com,Los Angeles,CA,US,04/23/2023,Prime
AMA-C1164,maria smith,maria.smith684@example.com,Houston,TX,US,2021-03-22,Prime
AMA-C5095,Aarav Sharma,aarav.sharma264@example.com,Houston,TX,US,10/30/2024,Non-Prime
AMA-C4509,Li Martin,li.martin826@example.com,Seattle,WA,US,08/21/2021,Prime
AMA-C10400,Rahul Brown,rahul.brown84@example.com,Phoenix,AZ,US,2024-03-12,Prime
AMA-C1072,Fatima Yamada,fatima.yamada539@example.com,Houston,TX,US,2023-09-01,Non-Prime
AMA-C1865,Carlos Johnson,carlos.johnson949@example.com,Chicago,IL,US,07-Nov-2024,Prime
AMA-C1650,NOAH WILSON,,Los Angeles,CA,US,29-Mar-2021,Prime Student
AMA-C1515,Chen Smith,chen.smith861@example.com,Phoenix,AZ,US,04-Dec-2022,Prime
AMA-C6878,Vivaan Sharma,vivaan.sharma417@example.com,Atlanta,GA,US,22-Jul-2021,Prime Student
AMA-C2827,Sofia Singh,sofia.singh227@example.com,Seattle,WA,US,2024-10-11,Non-Prime
AMA-C3009,Yuki Tanaka,,Denver,CO,US,26-Oct-2021,Prime Student
AMA-C1298,sofia wang,sofia.wang775@example.com,houston,TX,US,2023-04-01,Prime Student
AMA-C10914,JOHN SINGH,john.singh276@example.com,New York,NY,US,07/18/2023,Prime Student
AMA-C4112,David Garcia,david.garcia823@example.com,Miami,FL,US,2024-05-09,Non-Prime
AMA-C4816,Fatima Khan,fatima.khan865@example.com,Phoenix,AZ,US,07/30/2022,Prime
AMA-C1690,Fatima Anderson,fatima.anderson257@example.com,New York,NY,US,08/15/2021,Prime Student
AMA-C8493,Carlos Lee,carlos.lee95@example.com,Boston,MA,US,18-Nov-2025,Non-Prime
AMA-C10672,AVA ROSSI,ava.rossi64@example.com,Houston,TX,US,02-Jul-2021,Prime Student
AMA-C7950,Mohammed Sharma,,Atlanta,GA,US,2021-09-09,Prime Student
AMA-C2744, Michael Yamada ,michael.yamada718@example.com,Chicago,IL,US,04/05/2022,Prime Student
AMA-C5728,Emma Suzuki,emma.suzuki417 at example.com,Houston,TX,US,05-Apr-2021,Prime
AMA-C8471,Li Johnson,li.johnson507@example.com,New York,NY,US,03/12/2021,Non-Prime
AMA-C2659,Ava Kim,ava.kim599@example.com,Los Angeles,CA,US,09-Oct-2023,Non-Prime
AMA-C5521,John Müller,john.müller134 at example.com,Phoenix,AZ,US,09-Jun-2023,Non-Prime
AMA-C9205,Aarav Patel,aarav.patel284@example.com,Phoenix,AZ,US,2024-08-16,Prime Student
AMA-C1977,David Yamada,david.yamada947@example.com,Chicago,IL,US,04-Jul-2024,Prime Student
AMA-C4825, Liam Patel ,liam.patel74@example.com,Phoenix,AZ,US,16-Sep-2022,
AMA-C9844,Mohammed Müller,mohammed.müller233@example.com,Houston,TX,US,05-Jun-2023,Non-Prime
AMA-C3063,Vivaan Johnson,,Atlanta,GA,US,31-Jan-2024,
AMA-C9858,Liam Singh,liam.singh432@example.com,Atlanta,GA,US,17-Apr-2024,Prime Student
AMA-C1478,Sofia Martin,sofia.martin602@example.com,Los Angeles,CA,US,13-May-2024,Prime
AMA-C10168,James Suzuki,james.suzuki749@example.com,Atlanta,GA,US,11/30/2022,Prime Student
AMA-C1577,Maria Kumar,maria.kumar783@example.com,Chicago,IL,US,2023-12-11,Non-Prime
AMA-C3285,john brown,john.brown169@example.com,Phoenix,AZ,US,02/15/2023,Non-Prime
AMA-C3489,Noah Singh,,boston,MA,US,2022-06-09,Prime
AMA-C5990,RAHUL WILSON,rahul.wilson557@example.com,Phoenix,AZ,US,10-Nov-2021,Prime Student
AMA-C2324,John Rossi,john.rossi928@example.com,Seattle,WA,US,08/29/2024,Prime
AMA-C9023,AARAV SUZUKI,aarav.suzuki613@example.com,Atlanta,GA,US,06/18/2025,Prime
AMA-C7080,Ben Kumar,ben.kumar219@example.com,Los Angeles,CA,US,2025-01-06,Prime
AMA-C7490,Yuki Tanaka,yuki.tanaka472@example.com,Seattle,WA,US,08/19/2021,Prime Student
AMA-C5685,noah johnson,noah.johnson534@example.com,Chicago,IL,US,12/12/2025,Non-Prime
AMA-C6181,Sara Rossi,sara.rossi68@example.com,Miami,FL,US,31-Mar-2022,Non-Prime
AMA-C4058,Vivaan Yamada,vivaan.yamada601@example.com,Los Angeles,CA,US,27-Feb-2023,Prime
AMA-C8328,Maria Müller,maria.müller414@example.com,Boston,MA,US,2022-09-25,Prime
AMA-C1132,Olivia Davis,olivia.davis238@example.com,Houston,TX,US,03-Dec-2024,Prime Student
AMA-C10550,YUKI MÜLLER,,New York,NY,US,2025-08-24,Non-Prime
AMA-C3134,chen patel,chen.patel117@example.com,Phoenix,AZ,US,12/09/2021,Non-Prime
AMA-C10325,John Kim,john.kim821@example.com,Boston,MA,US,24-Jul-2022,
AMA-C6253,John Lee,john.lee745@example.com,Miami,FL,US,05/05/2024,Prime
AMA-C5645,YUKI SUZUKI,yuki.suzuki815@example.com,Denver,CO,US,28-Jun-2022,Prime Student
AMA-C10582,James Martin,james.martin651@example.com,NEW YORK,NY,US,12-Dec-2024,Prime Student
AMA-C5248,Ken Kim,ken.kim772@example.com,Chicago,IL,US,07/18/2025,Prime
AMA-C5717,Maria Sharma,maria.sharma518@example.com,New York,NY,US,23-Jul-2022,Prime
AMA-C10105,Olivia Brown,olivia.brown576@example.com,Miami,FL,US,12/08/2025,Non-Prime
AMA-C9954,James Smith,james.smith814@example.com,Chicago,IL,US,26-May-2021,Prime Student
AMA-C9014,John Sharma,john.sharma86@example.com,Phoenix,AZ,US,2025-01-25,Prime
AMA-C7789,maria yamada,maria.yamada644@example.com,Los Angeles,CA,US,2022-01-03,Prime
AMA-C5484,Ken Kim,ken.kim476@example.com,Atlanta,GA,US,24-Nov-2025,Prime Student
AMA-C4952,Mohammed Singh,mohammed.singh392@example.com,Boston,MA,US,2025-09-07,Prime
AMA-C3918,Michael Wang,michael.wang490@example.com,new york,NY,US,01/17/2023,Prime Student
AMA-C2632,Priya Johnson,priya.johnson978@example.com,Denver,CO,US,07-Jan-2023,Prime Student
AMA-C5770,Maria Martin,maria.martin433@example.com,Houston,TX,US,2022-04-09,Non-Prime
AMA-C9829,Liam Garcia,liam.garcia166@example.com,Boston,MA,US,09-Apr-2025,Prime
AMA-C7908,Ben Anderson,ben.anderson840@example.com,Miami,FL,US,26-Feb-2022,Prime Student
AMA-C1079,CARLOS GARCIA,carlos.garcia788@example.com,Miami,FL,US,2023-01-01,Non-Prime
AMA-C9129,Li Lee,li.lee697@example.com,Phoenix,AZ,US,06/25/2025,Prime Student
AMA-C1136, John Brown ,john.brown130@example.com,Boston,MA,US,04/19/2022,Prime Student
AMA-C4010,Olivia Suzuki,olivia.suzuki287 at example.com,Denver,CO,US,2025-01-18,Prime Student
AMA-C6655,LIAM KHAN,liam.khan471@example.com,Chicago,IL,US,30-Nov-2023,Prime
AMA-C10230,noah wilson,noah.wilson643@example.com,Atlanta,GA,US,12/09/2024,Non-Prime
AMA-C6627,Mohammed Chen,mohammed.chen519@example.com,Phoenix,AZ,US,07-Nov-2024,Non-Prime
AMA-C1787,Anna Johnson,anna.johnson750@example.com,Phoenix,AZ,US,2022-05-29,Non-Prime
AMA-C10661,priya lee,,MIAMI,FL,US,2023-04-04,Prime
AMA-C6492,SARA ROSSI,sara.rossi807@example.com,Boston,MA,US,02/17/2023,Prime
AMA-C8141,carlos brown,carlos.brown30@example.com,Los Angeles,CA,US,25-Sep-2021,Non-Prime
AMA-C5079,Ben Patel,ben.patel700@example.com,Chicago,IL,US,2024-07-10,Prime
AMA-C10180,Ava Kumar,ava.kumar745@example.com,Miami,FL,US,24-Oct-2022,Prime
AMA-C1059,Ben Martin,ben.martin948@example.com,los angeles,CA,US,01/09/2023,Prime
AMA-C9168,Rahul Wang,rahul.wang618@example.com,Atlanta,GA,US,2024-09-28,Prime
AMA-C1497,Rahul Brown,rahul.brown820@example.com,New York,NY,US,01/29/2023,Prime Student
AMA-C6257,John Kim,john.kim929@example.com,Boston,MA,US,02/22/2024,Prime Student
AMA-C8742,Carlos Davis,carlos.davis813@example.com,Phoenix,AZ,US,24-Aug-2023,Non-Prime
AMA-C6373,RAHUL GARCIA,,Phoenix,AZ,US,09/21/2022,Non-Prime
AMA-C1769,aarav wang,aarav.wang928@example.com,Chicago,IL,US,27-Feb-2022,Non-Prime
AMA-C8593,John Garcia,john.garcia749@example.com,New York,NY,US,2023-01-26,Prime
AMA-C5129,James Müller,james.müller22@example.com,Houston,TX,US,29-Apr-2024,Non-Prime
AMA-C2055,James Smith,james.smith278@example.com,Atlanta,GA,US,23-Mar-2023,Non-Prime
AMA-C4883,Priya Kumar,priya.kumar522@example.com,Houston,TX,US,05/24/2025,Non-Prime
AMA-C1069,MICHAEL SUZUKI,michael.suzuki740@example.com,Los Angeles,CA,US,2025-08-18,Non-Prime
AMA-C5322,Sofia Yamada,sofia.yamada666@example.com,Los Angeles,CA,US,10/11/2023,Non-Prime
AMA-C6356,Anna Kim,anna.kim495@example.com,Atlanta,GA,US,24-Nov-2023,Prime Student
AMA-C9427,Aditya Müller,aditya.müller564@example.com,LOS ANGELES,CA,US,19-Jun-2025,Prime
AMA-C3746,vivaan rossi,vivaan.rossi734@example.com,Denver,CO,US,27-Jun-2023,Non-Prime
AMA-C3314,WEI YAMADA,wei.yamada290@example.com,Los Angeles,CA,US,08/15/2025,Prime Student
AMA-C6372,David Rossi,david.rossi852@example.com,Denver,CO,US,30-Jul-2024,Non-Prime
AMA-C6332,Ava Wilson,ava.wilson149@example.com,New York,NY,US,11-Nov-2022,Prime Student
AMA-C10892,Aarav Suzuki,aarav.suzuki717@example.com,Chicago,IL,US,2021-12-10,Non-Prime
AMA-C10814,Sofia Patel,sofia.patel262@example.com,Miami,FL,US,2022-06-23,Non-Prime
AMA-C6224,JOHN ROSSI,john.rossi763@example.com,Los Angeles,CA,US,2022-01-24,Non-Prime
AMA-C6100,wei yamada,wei.yamada856@example.com,los angeles,CA,US,05-May-2023,Prime
AMA-C5331,Liam Chen,liam.chen905@example.com,New York,NY,US,09/25/2023,Prime Student
AMA-C7825,Ava Suzuki,ava.suzuki441@example.com,Boston,MA,US,25-Dec-2021,Prime Student
AMA-C10108,Li Johnson,li.johnson812@example.com,Los Angeles,CA,US,16-Oct-2021,Prime Student
AMA-C5220,Michael Martin,michael.martin30@example.com,phoenix,AZ,US,04-Jun-2024,Non-Prime
AMA-C2856,RAHUL KUMAR,rahul.kumar567@example.com,Denver,CO,US,2022-12-21,Prime Student
AMA-C7412,ben suzuki,ben.suzuki952@example.com,Denver,CO,US,2024-07-30,Prime
AMA-C10696,sofia kim,sofia.kim719@example.com,DENVER,CO,US,2021-06-30,Non-Prime
AMA-C10646,Carlos Singh,carlos.singh680@example.com,Chicago,IL,US,05-Jun-2025,Prime Student
AMA-C3986,PRIYA KUMAR,priya.kumar74@example.com,Phoenix,AZ,US,07/30/2024,Non-Prime
AMA-C10547,John Patel,john.patel486@example.com,Boston,MA,US,03/16/2021,Non-Prime
AMA-C2323,DAVID SINGH,david.singh680@example.com,New York,NY,US,11-Jul-2023,Prime Student
AMA-C3383,Aarav Garcia,aarav.garcia157@example.com,Chicago,IL,US,06/29/2025,Prime
AMA-C8615,Anna Brown,anna.brown82@example.com,Chicago,IL,US,2024-07-18,Prime
AMA-C10209,Ava Wang,ava.wang572@example.com,Houston,TX,US,2021-06-28,Prime
AMA-C6105,KEN SHARMA,ken.sharma812@example.com,Atlanta,GA,US,12/29/2021,Prime Student
AMA-C10697,sara patel,sara.patel472@example.com,Denver,CO,US,2022-09-20,Prime
AMA-C10246,Noah Johnson,noah.johnson940@example.com,Atlanta,GA,US,14-Oct-2021,Prime Student
AMA-C7733,Ken Tanaka,ken.tanaka444@example.com,SEATTLE,WA,US,06/25/2025,Non-Prime
AMA-C7293,Priya Davis,priya.davis522@example.com,Chicago,IL,US,2023-09-17,Prime Student
AMA-C5270,David Kumar,david.kumar654@example.com,Phoenix,AZ,US,07/29/2021,Prime
AMA-C1389,Wei Kim,wei.kim517@example.com,New York,NY,US,07/19/2025,Prime Student
AMA-C10316,Fatima Lee,fatima.lee952 at example.com,Seattle,WA,US,18-Jun-2024,
AMA-C9198,Yuki Garcia,yuki.garcia795@example.com,Boston,MA,US,11/07/2024,Prime
AMA-C6497, Aditya Khan ,aditya.khan878@example.com,Denver,CO,US,2024-09-05,Prime
AMA-C6361,Mohammed Martin,mohammed.martin421@example.com,Denver,CO,US,12/26/2024,Non-Prime
AMA-C9325,Vivaan Patel,vivaan.patel540@example.com,Los Angeles,CA,US,2024-06-05,Prime
AMA-C7326,Chen Wilson,chen.wilson646@example.com,Boston,MA,US,01/25/2022,Non-Prime
AMA-C5540,James Tanaka,james.tanaka901 at example.com,Los Angeles,CA,US,10-Apr-2023,Prime Student
AMA-C1516,Yuki Brown,yuki.brown168@example.com,Seattle,WA,US,2021-12-03,Prime
AMA-C5701,Sara Smith,sara.smith957@example.com,Atlanta,GA,US,05/16/2021,Prime Student
AMA-C7803,Maria Singh,maria.singh580@example.com,Houston,TX,US,05-Sep-2022,Prime Student
AMA-C9688,Olivia Sharma,olivia.sharma463@example.com,Phoenix,AZ,US,03/19/2024,Prime Student
AMA-C7422,Noah Smith,noah.smith329@example.com,Seattle,WA,US,11/10/2025,Non-Prime
AMA-C4402,Priya Khan,priya.khan571@example.com,Houston,TX,US,22-Nov-2021,
AMA-C2464,Vivaan Martin,vivaan.martin487@example.com,Chicago,IL,US,18-Feb-2023,Prime
AMA-C4789,Emma Anderson,emma.anderson121@example.com,Chicago,IL,US,09-Jun-2022,Prime Student
AMA-C1053,Anna Davis,,Boston,MA,US,08-Mar-2024,Non-Prime
AMA-C10958,Sara Johnson,sara.johnson315@example.com,Boston,MA,US,19-Feb-2023,Prime
AMA-C9221,ZOE MÜLLER,zoe.müller378@example.com,Denver,CO,US,06/12/2025,
AMA-C10975,Wei Wang,wei.wang502@example.com,Phoenix,AZ,US,11/04/2021,Non-Prime
AMA-C1004,Maria Wilson,maria.wilson322@example.com,Miami,FL,US,11-May-2025,Non-Prime
AMA-C5348,John Anderson,,Seattle,WA,US,06/11/2023,Prime Student
AMA-C9150,Aditya Yamada,aditya.yamada984@example.com,Phoenix,AZ,US,07/11/2023,Prime
AMA-C4272, Sofia Rossi ,sofia.rossi3@example.com,Los Angeles,CA,US,09/14/2021,Non-Prime
AMA-C1453,Fatima Patel,fatima.patel167@example.com,Los Angeles,CA,US,25-Jun-2022,Prime
AMA-C4811,Carlos Smith,carlos.smith530@example.com,Phoenix,AZ,US,2023-10-13,Non-Prime
AMA-C1279,Chen Patel,chen.patel187@example.com,New York,NY,US,2021-06-02,Prime Student
AMA-C8803,David Brown,david.brown787@example.com,Seattle,WA,US,16-Apr-2022,Non-Prime
AMA-C6211,aarav kim,aarav.kim201@example.com,Chicago,IL,US,08/16/2025,Non-Prime
AMA-C1715,Michael Martin,michael.martin677@example.com,Boston,MA,US,07-Jul-2025,Prime
AMA-C9082,aditya kim,aditya.kim527 at example.com,Houston,TX,US,03/13/2022,Prime Student
AMA-C8458,james anderson,james.anderson707@example.com,Phoenix,AZ,US,17-Sep-2022,Non-Prime
AMA-C10977,Ben Smith,ben.smith486 at example.com,Phoenix,AZ,US,03-Jun-2023,
AMA-C3403,Carlos Davis,carlos.davis15@example.com,Seattle,WA,US,11/18/2025,Prime Student
AMA-C8059,Noah Lee,noah.lee245@example.com,Denver,CO,US,2024-02-20,Non-Prime
AMA-C2557,Michael Davis,michael.davis942@example.com,Atlanta,GA,US,2023-08-17,Prime
AMA-C6161,Vivaan Lee,,Chicago,IL,US,2021-03-08,Non-Prime
AMA-C1304, Aarav Tanaka ,aarav.tanaka328@example.com,Houston,TX,US,27-Nov-2021,Non-Prime
AMA-C7861,John Chen,,LOS ANGELES,CA,US,08/16/2023,Non-Prime
AMA-C5912,Olivia Wilson,olivia.wilson816@example.com,HOUSTON,TX,US,08/04/2024,Prime Student
AMA-C8333,Ken Smith,ken.smith165@example.com,Miami,FL,US,03/29/2021,Prime
AMA-C10976,Vivaan Singh,vivaan.singh355@example.com,Seattle,WA,US,04-Nov-2023,Prime Student
AMA-C2844,Li Anderson,li.anderson257@example.com,SEATTLE,WA,US,2022-03-04,Prime
AMA-C6486,mohammed khan,mohammed.khan378@example.com,New York,NY,US,2024-01-23,Prime
AMA-C5856,Anna Wang,anna.wang598@example.com,Atlanta,GA,US,09/21/2024,Non-Prime
AMA-C10453,Aditya Suzuki,aditya.suzuki640@example.com,New York,NY,US,28-Aug-2023,Non-Prime
AMA-C10204,Ben Sharma,ben.sharma829@example.com,phoenix,AZ,US,18-Jun-2023,Prime Student
AMA-C5825,Liam Yamada,liam.yamada149@example.com,Atlanta,GA,US,2022-03-26,Prime Student
AMA-C4747,Ken Kumar,ken.kumar193@example.com,Phoenix,AZ,US,05/04/2024,Non-Prime
AMA-C6313,Aditya Garcia,aditya.garcia313@example.com,Denver,CO,US,06/22/2022,Non-Prime
AMA-C5817,Michael Johnson,michael.johnson687@example.com,Miami,FL,US,11-Nov-2022,Prime
AMA-C5114,Olivia Wilson,olivia.wilson620@example.com,Chicago,IL,US,22-Mar-2025,Prime
AMA-C4610,RAHUL JOHNSON,rahul.johnson502@example.com,SEATTLE,WA,US,06/06/2025,Prime Student
AMA-C5588,Ava Khan,ava.khan785@example.com,BOSTON,MA,US,12/17/2022,Non-Prime
AMA-C1528,noah anderson,noah.anderson395@example.com,Atlanta,GA,US,08/31/2024,Prime Student
AMA-C8850,Chen Tanaka,chen.tanaka188@example.com,Boston,MA,US,2021-05-27,Prime Student
AMA-C7340,olivia suzuki,olivia.suzuki615@example.com,Boston,MA,US,13-Jun-2025,Prime Student
AMA-C3004,WEI PATEL,wei.patel600@example.com,Boston,MA,US,2023-11-06,Prime
AMA-C1651,MOHAMMED CHEN,mohammed.chen567@example.com,Los Angeles,CA,US,2021-10-18,Prime
AMA-C8305,BEN MARTIN,ben.martin448@example.com,phoenix,AZ,US,18-Apr-2022,Prime
AMA-C7527,Chen Khan,chen.khan548@example.com,Boston,MA,US,25-Oct-2024,Non-Prime
AMA-C2116,Ken Anderson,ken.anderson723@example.com,Houston,TX,US,10/11/2021,Prime Student
AMA-C8780,Rahul Müller,rahul.müller42@example.com,Phoenix,AZ,US,2024-02-20,Prime
AMA-C4494,Sofia Khan,sofia.khan133@example.com,Seattle,WA,US,22-Apr-2024,Prime
AMA-C4772,Olivia Tanaka,olivia.tanaka754@example.com,Denver,CO,US,2024-01-18,Prime Student
AMA-C7284,Li Brown,li.brown529@example.com,Phoenix,AZ,US,24-Feb-2024,Non-Prime
AMA-C7726,Maria Khan,maria.khan696@example.com,Seattle,WA,US,12/21/2022,Prime Student
AMA-C10073,Priya Suzuki,priya.suzuki429@example.com,Chicago,IL,US,03/02/2023,Prime
AMA-C9655,Carlos Singh,carlos.singh741@example.com,Los Angeles,CA,US,23-Jan-2023,Non-Prime
AMA-C10183,WEI WANG,wei.wang681@example.com,Miami,FL,US,06/16/2021,Prime Student
AMA-C2211,Liam Lee,liam.lee780@example.com,Phoenix,AZ,US,2021-07-29,Non-Prime
AMA-C4245,Emma Tanaka,,Houston,TX,US,01/25/2021,Prime Student
AMA-C9592,Olivia Wilson,olivia.wilson806@example.com,Houston,TX,US,2024-04-05,Prime Student
AMA-C5358,MARIA CHEN,maria.chen564@example.com,Houston,TX,US,09/28/2025,Non-Prime
AMA-C4790,emma müller,,Chicago,IL,US,10/26/2022,Non-Prime
AMA-C4253, Yuki Martin ,yuki.martin563@example.com,Houston,TX,US,05/24/2023,Prime
AMA-C2169,Liam Martin,liam.martin442@example.com,Phoenix,AZ,US,27-Feb-2024,
AMA-C5011,Rahul Smith,rahul.smith508@example.com,Los Angeles,CA,US,26-Feb-2025,Prime
AMA-C3418,Michael Wang,michael.wang290@example.com,Seattle,WA,US,18-Jan-2021,Non-Prime
AMA-C8654,Ken Kim,ken.kim342@example.com,MIAMI,FL,US,2023-07-26,Prime Student
AMA-C8792,Ben Suzuki,ben.suzuki219@example.com,Seattle,WA,US,2025-03-24,Prime Student
AMA-C9400,Sofia Martin,sofia.martin6@example.com,Denver,CO,US,16-Aug-2024,Prime
AMA-C5689, Maria Wilson ,maria.wilson194@example.com,Los Angeles,CA,US,2025-06-21,Non-Prime
AMA-C6268,Aarav Kumar,aarav.kumar961@example.com,Phoenix,AZ,US,12/17/2022,Non-Prime
AMA-C7552,Yuki Rossi,yuki.rossi237@example.com,Miami,FL,US,10-Jun-2021,Prime
AMA-C3533,Li Smith,li.smith99@example.com,New York,NY,US,12/30/2024,Prime Student
AMA-C4645,ANNA KUMAR,anna.kumar128@example.com,Miami,FL,US,05/12/2025,Prime
AMA-C3805,Wei Garcia,wei.garcia126@example.com,Atlanta,GA,US,01/09/2022,Prime Student
AMA-C7269,liam singh,,Atlanta,GA,US,08-Dec-2021,Prime Student
AMA-C7118,Ken Chen,ken.chen407@example.com,Denver,CO,US,2025-03-18,Prime Student
AMA-C1402,Chen Tanaka,chen.tanaka122@example.com,Boston,MA,US,2021-10-18,
AMA-C4897,Anna Lee,anna.lee707@example.com,Los Angeles,CA,US,2021-02-12,Non-Prime
AMA-C1448,Fatima Kim,fatima.kim19@example.com,Denver,CO,US,11/20/2024,Non-Prime
AMA-C8991, John Rossi ,john.rossi409@example.com,Seattle,WA,US,09/27/2022,Prime
AMA-C2950,Aarav Wang,aarav.wang59@example.com,New York,NY,US,31-Oct-2021,Non-Prime
AMA-C8508, Aditya Rossi ,aditya.rossi132@example.com,SEATTLE,WA,US,2022-09-09,Prime Student
AMA-C10692,MOHAMMED TANAKA,mohammed.tanaka594@example.com,Atlanta,GA,US,18-Jun-2022,Prime
AMA-C1909,Zoe Sharma,zoe.sharma465@example.com,Denver,CO,US,2021-08-26,Prime Student
AMA-C8225,Maria Chen,maria.chen469@example.com,Houston,TX,US,05-May-2025,Non-Prime
AMA-C2794,AVA ROSSI,ava.rossi556@example.com,los angeles,CA,US,2025-01-24,Prime Student
AMA-C3342,JOHN WILSON,john.wilson221@example.com,Seattle,WA,US,2023-09-26,Prime Student
AMA-C8712,olivia kim,olivia.kim88@example.com,Houston,TX,US,19-Nov-2021,Non-Prime
AMA-C4728,James Müller,james.müller967@example.com,Boston,MA,US,10-Jun-2021,Non-Prime
AMA-C4481,SOFIA DAVIS,sofia.davis777@example.com,Boston,MA,US,2025-05-11,Non-Prime
AMA-C6214,wei sharma,wei.sharma729@example.com,Boston,MA,US,09/24/2023,
AMA-C3405,John Khan,john.khan399@example.com,New York,NY,US,08/07/2024,Non-Prime
AMA-C4875,Olivia Patel,olivia.patel483@example.com,Boston,MA,US,07/07/2025,Prime
AMA-C2599,vivaan smith,vivaan.smith936@example.com,New York,NY,US,01/15/2024,Prime
AMA-C5680,Olivia Suzuki,olivia.suzuki97@example.com,Houston,TX,US,12/03/2024,Non-Prime
AMA-C5470,Chen Suzuki,chen.suzuki58 at example.com,Chicago,IL,US,09/17/2024,Prime
AMA-C1275,JAMES MÜLLER,james.müller755@example.com,Seattle,WA,US,2023-11-17,Non-Prime
AMA-C6309,Anna Singh,anna.singh869@example.com,Miami,FL,US,2025-04-25,Prime
AMA-C9078,ken suzuki,ken.suzuki165@example.com,Phoenix,AZ,US,11/15/2022,Non-Prime
AMA-C5699,anna anderson,anna.anderson546@example.com,Houston,TX,US,06/03/2025,Prime Student
AMA-C7832,Wei Patel,wei.patel540@example.com,Boston,MA,US,2024-09-22,Prime Student
AMA-C10170,David Singh,david.singh334@example.com,Phoenix,AZ,US,2024-11-11,Non-Prime
AMA-C8660,Noah Kumar,noah.kumar828@example.com,Seattle,WA,US,2021-12-31,Prime Student
AMA-C5543,Noah Tanaka,noah.tanaka676@example.com,Denver,CO,US,18-Jan-2025,Non-Prime
AMA-C7495,Aarav Brown,aarav.brown651@example.com,PHOENIX,AZ,US,29-Apr-2025,Non-Prime
AMA-C5684,Fatima Brown,fatima.brown518@example.com,Phoenix,AZ,US,05-Sep-2024,Prime
AMA-C6057,Ava Singh,ava.singh472@example.com,New York,NY,US,15-Mar-2025,Non-Prime
AMA-C4360,Mohammed Wang,mohammed.wang878@example.com,Miami,FL,US,07/09/2025,Non-Prime
AMA-C10396,Olivia Johnson,olivia.johnson726@example.com,New York,NY,US,11-Jun-2022,Non-Prime
AMA-C9105,Emma Sharma,,New York,NY,US,03/31/2023,Non-Prime
AMA-C1180,Emma Smith,emma.smith718@example.com,Chicago,IL,US,2025-07-09,Non-Prime
AMA-C9383,Rahul Garcia,rahul.garcia436@example.com,Denver,CO,US,13-Mar-2023,Non-Prime
AMA-C4931,Ava Anderson,ava.anderson494@example.com,Phoenix,AZ,US,2024-01-12,Prime
AMA-C8885,Fatima Chen,fatima.chen434 at example.com,Seattle,WA,US,02/22/2022,Prime
AMA-C2406,Michael Suzuki,michael.suzuki219@example.com,Boston,MA,US,06-Sep-2021,Non-Prime
AMA-C8286,AVA SMITH,,Denver,CO,US,20-Mar-2024,Prime Student
AMA-C10361,Mohammed Davis,mohammed.davis116@example.com,New York,NY,US,2025-07-23,Non-Prime
AMA-C4109,Chen Tanaka,chen.tanaka232@example.com,Phoenix,AZ,US,2023-05-09,Prime
AMA-C2920,Aarav Garcia,aarav.garcia829@example.com,Denver,CO,US,09/26/2023,Prime Student
AMA-C1286,fatima tanaka,fatima.tanaka916@example.com,Atlanta,GA,US,23-Jan-2023,Non-Prime
AMA-C10048,Michael Martin,michael.martin176@example.com,Chicago,IL,US,30-Mar-2022,
AMA-C5637,Mohammed Anderson,mohammed.anderson917@example.com,Seattle,WA,US,01-Jul-2022,Prime
AMA-C9161,Carlos Suzuki,carlos.suzuki321@example.com,Los Angeles,CA,US,12/14/2024,Prime
AMA-C6562,Sara Garcia,sara.garcia502 at example.com,Los Angeles,CA,US,2021-01-20,Prime
AMA-C8860,Ben Suzuki,ben.suzuki548@example.com,Phoenix,AZ,US,2021-10-03,Non-Prime
AMA-C8219, Aarav Kim ,aarav.kim306@example.com,Chicago,IL,US,2023-10-16,Prime
AMA-C9452,Vivaan Müller,vivaan.müller318@example.com,Phoenix,AZ,US,06/05/2023,Prime Student
AMA-C5061,Emma Rossi,emma.rossi435@example.com,New York,NY,US,10/09/2023,Prime Student
AMA-C6837,CHEN JOHNSON,chen.johnson619@example.com,Boston,MA,US,11/24/2024,Prime
AMA-C7395,Zoe Lee,zoe.lee491@example.com,Chicago,IL,US,12-Jan-2023,Prime
AMA-C6624,Olivia Wilson,olivia.wilson451@example.com,Denver,CO,US,09/12/2024,Prime Student
AMA-C6854,sofia lee,,Seattle,WA,US,12/21/2024,Prime Student
AMA-C3960,David Tanaka,,Phoenix,AZ,US,2025-09-22,Non-Prime
AMA-C1372,Wei Davis,wei.davis431@example.com,Atlanta,GA,US,02/22/2021,Prime
AMA-C9595,David Garcia,david.garcia798@example.com,MIAMI,FL,US,2021-05-12,Prime
AMA-C9883,Noah Johnson,noah.johnson150@example.com,Atlanta,GA,US,15-Dec-2021,Non-Prime
AMA-C7493, Emma Sharma ,,Chicago,IL,US,09/21/2024,Non-Prime
AMA-C1411,Aditya Sharma,,new york,NY,US,01/07/2025,Non-Prime
AMA-C3862,NOAH ANDERSON,noah.anderson97@example.com,PHOENIX,AZ,US,2022-01-26,Prime
AMA-C9894,Priya Müller,priya.müller888@example.com,seattle,WA,US,30-Nov-2023,Prime Student
AMA-C4459,Zoe Martin,zoe.martin641@example.com,Phoenix,AZ,US,2023-03-05,Non-Prime
AMA-C8579,Yuki Yamada,yuki.yamada413@example.com,Miami,FL,US,24-Jan-2023,Non-Prime
AMA-C4473,carlos brown,carlos.brown464@example.com,Boston,MA,US,09/13/2021,Prime Student
AMA-C7210,Rahul Kumar,rahul.kumar621@example.com,denver,CO,US,15-Jun-2024,Prime Student
AMA-C5798, Ben Sharma ,ben.sharma960@example.com,new york,NY,US,05/22/2024,Prime Student
AMA-C9341,Anna Johnson,anna.johnson99@example.com,NEW YORK,NY,US,2022-06-19,
AMA-C9217,olivia rossi,olivia.rossi232@example.com,Phoenix,AZ,US,11/10/2021,Prime
AMA-C9541,Carlos Wang,carlos.wang372@example.com,Los Angeles,CA,US,22-Jan-2025,Non-Prime
AMA-C9712,ken davis,ken.davis518@example.com,Seattle,WA,US,03-Mar-2022,Prime Student
AMA-C9157,John Smith,john.smith144@example.com,Denver,CO,US,31-Jan-2023,Prime
AMA-C9467,Priya Davis,priya.davis83@example.com,atlanta,GA,US,19-Nov-2022,Prime Student
AMA-C4872,Emma Chen,emma.chen419@example.com,Houston,TX,US,2022-06-17,Non-Prime
AMA-C10572,James Sharma,james.sharma657@example.com,Boston,MA,US,06-Aug-2025,Prime Student
AMA-C7181,Wei Wang,wei.wang38@example.com,Seattle,WA,US,01-Mar-2021,Prime Student
AMA-C8537,Sara Anderson,sara.anderson91@example.com,Boston,MA,US,26-Jun-2022,Prime
AMA-C10716,Michael Yamada,michael.yamada330@example.com,Denver,CO,US,22-Jan-2025,Prime
AMA-C3399, Maria Smith ,maria.smith699@example.com,MIAMI,FL,US,02/24/2021,Prime Student
AMA-C2590,AVA SHARMA,ava.sharma143@example.com,Chicago,IL,US,05/18/2022,Prime Student
AMA-C8613,Emma Martin,emma.martin950@example.com,Boston,MA,US,2025-04-28,Prime Student
AMA-C2652,Priya Martin,priya.martin309@example.com,New York,NY,US,2024-05-05,Prime Student
AMA-C2001,rahul patel,rahul.patel397 at example.com,Houston,TX,US,2025-10-05,Prime
AMA-C3586,zoe rossi,zoe.rossi791@example.com,Chicago,IL,US,10-Mar-2021,Non-Prime
AMA-C2903,Carlos Kumar,carlos.kumar571@example.com,Chicago,IL,US,08/25/2022,Non-Prime
AMA-C4380,Vivaan Lee,vivaan.lee174@example.com,Denver,CO,US,14-Aug-2024,Prime
AMA-C4506,Michael Wilson,michael.wilson247@example.com,Phoenix,AZ,US,09/28/2024,Prime Student
AMA-C10536,Ken Sharma,ken.sharma313@example.com,Atlanta,GA,US,17-Sep-2025,Prime
AMA-C6811,Olivia Chen,olivia.chen562@example.com,Boston,MA,US,29-Sep-2024,Prime Student
AMA-C1971,chen wang,chen.wang262@example.com,Miami,FL,US,04/14/2021,Prime Student
AMA-C9424,Anna Sharma,anna.sharma13@example.com,Los Angeles,CA,US,2024-08-05,Prime
AMA-C6248,Yuki Johnson,yuki.johnson101@example.com,Houston,TX,US,09-Jun-2023,Prime Student
AMA-C2207,Li Chen,li.chen388@example.com,Houston,TX,US,06/12/2021,Non-Prime
AMA-C3957,Li Patel,li.patel770@example.com,Chicago,IL,US,2022-04-05,Prime Student
AMA-C9700,emma singh,emma.singh852@example.com,New York,NY,US,21-Oct-2023,Prime
AMA-C2982,Emma Johnson,emma.johnson714@example.com,Phoenix,AZ,US,2025-11-30,Prime Student
AMA-C4107,JAMES MARTIN,james.martin754@example.com,Houston,TX,US,2023-02-28,Prime
AMA-C5345,John Lee,john.lee203@example.com,Denver,CO,US,2022-09-15,Prime
AMA-C3334,Aarav Garcia,aarav.garcia185@example.com,Houston,TX,US,2022-09-25,Prime Student
AMA-C9034, Zoe Brown ,zoe.brown186@example.com,Denver,CO,US,01/06/2023,Non-Prime
AMA-C1602,Maria Tanaka,maria.tanaka589@example.com,Phoenix,AZ,US,18-Jan-2022,Prime Student
AMA-C5522,JOHN BROWN,john.brown864@example.com,Houston,TX,US,09/01/2023,Prime Student
AMA-C7057,Liam Lee,liam.lee679@example.com,New York,NY,US,05/26/2024,Prime Student
AMA-C9159,YUKI DAVIS,yuki.davis372@example.com,Seattle,WA,US,16-Aug-2022,Prime
AMA-C10196,Rahul Martin,rahul.martin920@example.com,Phoenix,AZ,US,10/21/2021,
AMA-C4096,Priya Rossi,,New York,NY,US,2025-08-31,Non-Prime
AMA-C10849,Carlos Kumar,carlos.kumar480 at example.com,Chicago,IL,US,01-Mar-2023,Non-Prime
AMA-C9922,Aditya Khan,aditya.khan554@example.com,Denver,CO,US,2023-04-04,Non-Prime
AMA-C3711,Mohammed Sharma,mohammed.sharma444@example.com,Boston,MA,US,03/29/2023,Prime
AMA-C8224,Chen Garcia,chen.garcia148@example.com,Los Angeles,CA,US,01/20/2022,Non-Prime
AMA-C6720,Noah Singh,noah.singh375@example.com,New York,NY,US,18-May-2022,Non-Prime
AMA-C4382,Emma Müller,emma.müller913@example.com,New York,NY,US,2024-09-08,Prime
AMA-C6875, Aarav Lee ,aarav.lee403@example.com,Chicago,IL,US,15-Jan-2021,Prime
AMA-C4482,Rahul Müller,rahul.müller131@example.com,Houston,TX,US,2024-02-03,Non-Prime
AMA-C9179,Chen Wang,chen.wang762@example.com,Boston,MA,US,10/01/2023,Prime Student
AMA-C10659,Ava Wilson,,new york,NY,US,09-Nov-2025,Prime
AMA-C8342,Maria Anderson,maria.anderson896@example.com,Atlanta,GA,US,28-Aug-2025,Prime Student
AMA-C1191,Michael Lee,michael.lee59@example.com,HOUSTON,TX,US,02/16/2025,Prime
AMA-C6230,Sara Sharma,sara.sharma358@example.com,Los Angeles,CA,US,11/25/2025,Non-Prime
AMA-C10501,Carlos Brown,,Houston,TX,US,13-May-2022,Non-Prime
AMA-C10123,Wei Wang,wei.wang700@example.com,seattle,WA,US,07-May-2023,Non-Prime
AMA-C9446,Vivaan Martin,vivaan.martin972@example.com,Boston,MA,US,10-Apr-2021,Prime Student
AMA-C10441,CHEN KUMAR,,Los Angeles,CA,US,01/22/2025,Prime Student
AMA-C7441,Sofia Singh,sofia.singh29@example.com,Boston,MA,US,2023-09-12,Prime
AMA-C2850,Priya Smith,priya.smith511@example.com,Boston,MA,US,24-May-2023,Prime Student
AMA-C7595, Fatima Smith ,fatima.smith115 at example.com,Houston,TX,US,2023-05-06,Prime
AMA-C10251,Yuki Patel,yuki.patel246@example.com,Boston,MA,US,2021-09-05,Non-Prime
AMA-C2283,Ben Singh,ben.singh793@example.com,Atlanta,GA,US,26-Feb-2024,
AMA-C6604,Liam Kim,liam.kim366@example.com,Boston,MA,US,16-Jul-2021,Prime
AMA-C7053,vivaan martin,vivaan.martin219@example.com,New York,NY,US,2025-09-26,Prime Student
AMA-C10174,Sara Lee,sara.lee873@example.com,Miami,FL,US,29-Dec-2022,Non-Prime
AMA-C6798,Liam Johnson,liam.johnson238@example.com,New York,NY,US,19-Oct-2022,Prime Student
AMA-C10296,Olivia Kim,olivia.kim719@example.com,Phoenix,AZ,US,2025-12-14,Prime Student
AMA-C4798,Mohammed Kumar,mohammed.kumar784@example.com,New York,NY,US,30-Oct-2025,Prime
AMA-C9851,Carlos Johnson,carlos.johnson343@example.com,chicago,IL,US,01/28/2021,Prime
AMA-C8763,MARIA SUZUKI,maria.suzuki618@example.com,Los Angeles,CA,US,2025-03-29,Prime
AMA-C8273,Liam Kumar,liam.kumar366@example.com,Seattle,WA,US,27-Feb-2023,Prime Student
AMA-C8006,Ava Suzuki,,Miami,FL,US,2022-01-29,Prime
AMA-C9816,Wei Garcia,wei.garcia841@example.com,MIAMI,FL,US,2025-11-12,Prime
AMA-C2494,Sofia Rossi,,DENVER,CO,US,03-Aug-2021,Non-Prime
AMA-C7598,Yuki Patel,yuki.patel84@example.com,Atlanta,GA,US,27-Sep-2023,Non-Prime
AMA-C2954,AVA KUMAR,ava.kumar320@example.com,Phoenix,AZ,US,10/11/2024,Prime
AMA-C6476,Ken Kumar,ken.kumar643@example.com,SEATTLE,WA,US,02-Nov-2025,Prime Student
AMA-C1566,Maria Patel,maria.patel484@example.com,Denver,CO,US,01/23/2024,Prime
AMA-C2045,Priya Müller,priya.müller453@example.com,Chicago,IL,US,2023-09-30,Prime Student
AMA-C6792,Fatima Tanaka,fatima.tanaka298@example.com,Miami,FL,US,2023-10-19,Non-Prime
AMA-C4457,Noah Lee,noah.lee492@example.com,Los Angeles,CA,US,2025-06-10,Prime
AMA-C2503, Maria Kumar ,maria.kumar240@example.com,Los Angeles,CA,US,17-Sep-2023,Prime Student
AMA-C4555,David Rossi,david.rossi372@example.com,New York,NY,US,13-Sep-2021,Non-Prime
AMA-C3823, Yuki Tanaka ,yuki.tanaka364@example.com,Miami,FL,US,2024-12-19,Non-Prime
AMA-C7402,KEN PATEL,ken.patel760@example.com,Denver,CO,US,2024-07-16,Prime Student
AMA-C5788,Yuki Suzuki,yuki.suzuki72@example.com,Atlanta,GA,US,09/27/2022,Non-Prime
AMA-C9989,Wei Chen,,New York,NY,US,2022-03-21,Prime
AMA-C5564,Emma Patel,emma.patel511@example.com,Atlanta,GA,US,2023-01-22,Prime Student
AMA-C7060,olivia tanaka,olivia.tanaka988@example.com,Seattle,WA,US,2025-07-17,Prime
AMA-C2981,Maria Johnson,,Los Angeles,CA,US,02-Feb-2024,Non-Prime
AMA-C1551,vivaan wang,vivaan.wang431@example.com,Seattle,WA,US,05-Oct-2025,Non-Prime
AMA-C2129,James Brown,james.brown689@example.com,Seattle,WA,US,11/30/2021,Prime Student
AMA-C8359,Sofia Singh,sofia.singh6 at example.com,Chicago,IL,US,23-May-2025,Non-Prime
AMA-C1643,Liam Khan,liam.khan421@example.com,Chicago,IL,US,23-Sep-2022,Non-Prime
AMA-C5015,Zoe Lee,zoe.lee938@example.com,BOSTON,MA,US,17-Jun-2021,Prime Student
AMA-C7753,Maria Müller,maria.müller327@example.com,Phoenix,AZ,US,04/09/2024,Prime Student
AMA-C4720,CARLOS KUMAR,carlos.kumar136@example.com,Seattle,WA,US,27-May-2024,Non-Prime
AMA-C5277,Olivia Brown,olivia.brown387@example.com,Phoenix,AZ,US,04/07/2022,Non-Prime
AMA-C2709,Anna Müller,anna.müller948@example.com,Denver,CO,US,2023-02-22,Prime
AMA-C2722,Yuki Anderson,,Miami,FL,US,04/16/2021,Non-Prime
AMA-C1098,Michael Chen,michael.chen534@example.com,Phoenix,AZ,US,2021-11-28,Non-Prime
AMA-C8352,zoe lee,zoe.lee420@example.com,Miami,FL,US,06/04/2022,Prime Student
AMA-C2683,aditya martin,aditya.martin522@example.com,Seattle,WA,US,2024-11-13,Prime Student
AMA-C4848,Yuki Chen,yuki.chen798@example.com,Phoenix,AZ,US,11/18/2024,Prime Student
AMA-C8042,Anna Kumar,anna.kumar577@example.com,Denver,CO,US,03/02/2021,Non-Prime
AMA-C9948,Olivia Martin,olivia.martin462@example.com,Seattle,WA,US,31-Oct-2025,Prime
AMA-C3378,Rahul Lee,rahul.lee830@example.com,Boston,MA,US,10/21/2021,Non-Prime
AMA-C2370,James Kim,james.kim942@example.com,Boston,MA,US,03/26/2024,
AMA-C9785,Olivia Kim,olivia.kim293@example.com,SEATTLE,WA,US,06-Oct-2022,Non-Prime
AMA-C1518,Maria Patel,maria.patel669@example.com,Miami,FL,US,21-Apr-2022,Prime
AMA-C2860,Vivaan Suzuki,vivaan.suzuki157@example.com,CHICAGO,IL,US,03/12/2022,Non-Prime
AMA-C7681,Fatima Wang,fatima.wang319@example.com,Boston,MA,US,2022-04-23,Prime Student
AMA-C3735,ADITYA DAVIS,aditya.davis664@example.com,SEATTLE,WA,US,06/30/2024,Prime Student
AMA-C7853,Li Khan,li.khan907@example.com,Seattle,WA,US,02-Jul-2021,Non-Prime
AMA-C1512,Yuki Suzuki,yuki.suzuki788@example.com,Atlanta,GA,US,05/24/2023,Non-Prime
AMA-C3792,Priya Wang,priya.wang754@example.com,Boston,MA,US,04-Sep-2025,Prime Student
AMA-C2944,anna davis,,Los Angeles,CA,US,2022-06-23,Prime Student
AMA-C10502,Maria Garcia,maria.garcia543@example.com,houston,TX,US,2024-02-29,Prime
AMA-C8153,Maria Patel,maria.patel701@example.com,Miami,FL,US,09-Jun-2022,Prime
AMA-C10890,Rahul Kumar,rahul.kumar570@example.com,Houston,TX,US,2024-11-16,Prime Student
AMA-C4384,liam johnson,liam.johnson192@example.com,Los Angeles,CA,US,06/01/2022,Prime
AMA-C2979,ADITYA PATEL,aditya.patel380@example.com,Miami,FL,US,27-Nov-2021,
AMA-C9558,Chen Khan,chen.khan678@example.com,Houston,TX,US,2022-10-24,
AMA-C4100,John Singh,john.singh281@example.com,NEW YORK,NY,US,2021-12-23,Prime Student
AMA-C5729,Michael Lee,michael.lee44@example.com,New York,NY,US,2021-08-12,Prime
AMA-C8637,Vivaan Anderson,vivaan.anderson932@example.com,Miami,FL,US,2025-12-26,Prime
AMA-C4220,Aditya Suzuki,aditya.suzuki469@example.com,Miami,FL,US,2024-09-05,Prime
AMA-C5480,James Chen,james.chen172@example.com,Phoenix,AZ,US,10-Jan-2023,Non-Prime
AMA-C2167,Ava Davis,ava.davis631@example.com,New York,NY,US,2022-03-31,Prime
AMA-C10597,Carlos Lee,carlos.lee291@example.com,New York,NY,US,2023-01-26,
AMA-C9235,Li Davis,li.davis94@example.com,Chicago,IL,US,2024-10-09,Non-Prime
AMA-C6196,Wei Suzuki,wei.suzuki637@example.com,New York,NY,US,22-Sep-2024,Non-Prime
AMA-C5767,Anna Suzuki,anna.suzuki379@example.com,Boston,MA,US,01-Aug-2022,Non-Prime
AMA-C1090,zoe müller,zoe.müller42@example.com,Denver,CO,US,05-Feb-2023,Prime
AMA-C3592,John Wilson,,denver,CO,US,04/01/2025,Non-Prime
AMA-C7298,Aarav Anderson,aarav.anderson577@example.com,Denver,CO,US,2024-01-05,Prime
AMA-C1130,John Patel,john.patel222@example.com,Atlanta,GA,US,2024-03-05,Prime Student
AMA-C9797,Ken Rossi,ken.rossi156@example.com,LOS ANGELES,CA,US,10/27/2025,Prime
AMA-C7615,RAHUL TANAKA,,Miami,FL,US,2024-08-29,Prime
AMA-C7382,Liam Wang,liam.wang753@example.com,Atlanta,GA,US,2023-04-18,Prime Student
AMA-C5513,Sofia Yamada,sofia.yamada638@example.com,Atlanta,GA,US,2024-07-03,Prime Student
AMA-C7135,Noah Khan,,Atlanta,GA,US,07/20/2024,Non-Prime
AMA-C8739,YUKI GARCIA,yuki.garcia584@example.com,New York,NY,US,2023-03-09,Non-Prime
AMA-C10673,Ava Brown,ava.brown242@example.com,Miami,FL,US,01-Dec-2021,Prime Student
AMA-C10352,Carlos Smith,carlos.smith884@example.com,New York,NY,US,10/02/2024,Prime Student
AMA-C4547,Sara Patel,sara.patel762@example.com,New York,NY,US,27-Oct-2025,Prime Student
AMA-C4460,Priya Garcia,priya.garcia350@example.com,Denver,CO,US,2024-09-29,Prime Student
AMA-C4155,Aditya Anderson,aditya.anderson508@example.com,Denver,CO,US,09-Apr-2021,Prime
AMA-C7320,LI WILSON,li.wilson155@example.com,Phoenix,AZ,US,08/22/2023,Prime
AMA-C3312,Priya Yamada,priya.yamada434@example.com,Phoenix,AZ,US,06/19/2022,Prime
AMA-C9444,Yuki Chen,yuki.chen704@example.com,Boston,MA,US,04/17/2022,Non-Prime
AMA-C10528,Noah Wilson,noah.wilson876@example.com,Atlanta,GA,US,10/13/2023,Non-Prime
AMA-C1489,Wei Garcia,wei.garcia891@example.com,Houston,TX,US,11/27/2021,Non-Prime
AMA-C7752,Maria Tanaka,maria.tanaka549@example.com,Denver,CO,US,2023-02-21,Prime Student
AMA-C1868,Mohammed Davis,mohammed.davis865@example.com,Denver,CO,US,17-May-2021,Prime
AMA-C4080,David Wilson,david.wilson275@example.com,Denver,CO,US,2025-10-21,Non-Prime
AMA-C7114,Mohammed Khan,mohammed.khan91@example.com,New York,NY,US,2025-08-26,
AMA-C2541,Zoe Martin,zoe.martin955@example.com,Phoenix,AZ,US,08-Sep-2025,Non-Prime
AMA-C2430,SARA KUMAR,sara.kumar590@example.com,Los Angeles,CA,US,2021-12-17,Prime
AMA-C1547,John Patel,john.patel329@example.com,Phoenix,AZ,US,09/16/2023,Non-Prime
AMA-C9314,Chen Wang,chen.wang446@example.com,New York,NY,US,20-Dec-2022,Prime Student
AMA-C8669,Chen Sharma,chen.sharma739@example.com,Denver,CO,US,2023-02-02,Non-Prime
AMA-C5707,Michael Suzuki,michael.suzuki63@example.com,Boston,MA,US,2024-09-12,Non-Prime
AMA-C7036,Priya Singh,priya.singh708@example.com,Atlanta,GA,US,10-Jun-2024,Prime Student
AMA-C6238,CHEN SUZUKI,chen.suzuki847@example.com,Houston,TX,US,02/02/2022,Prime Student
AMA-C7900,David Rossi,david.rossi642@example.com,ATLANTA,GA,US,03/27/2021,Prime Student
AMA-C10609,yuki garcia,yuki.garcia977@example.com,Phoenix,AZ,US,2024-01-26,Non-Prime
AMA-C9648,Aarav Johnson,aarav.johnson580@example.com,Seattle,WA,US,2022-02-02,Prime
AMA-C5848,Sara Martin,sara.martin233@example.com,New York,NY,US,05/01/2025,Prime
AMA-C4819,david wang,david.wang867@example.com,seattle,WA,US,07/24/2024,Prime
AMA-C3049,Ben Yamada,ben.yamada615@example.com,Miami,FL,US,2021-04-09,Prime Student
AMA-C6731,Mohammed Lee,,CHICAGO,IL,US,03/31/2021,Prime
AMA-C3890,Zoe Suzuki,zoe.suzuki528@example.com,Denver,CO,US,28-Jul-2024,Prime
AMA-C4958,Sara Kim,sara.kim509@example.com,Phoenix,AZ,US,12/01/2024,Non-Prime
AMA-C7200,Vivaan Müller,vivaan.müller651@example.com,Miami,FL,US,2025-04-13,Prime
AMA-C6054,Ben Lee,ben.lee576@example.com,Denver,CO,US,03/27/2024,Prime Student
AMA-C4496,Liam Lee,liam.lee726@example.com,SEATTLE,WA,US,2024-01-12,Prime Student
AMA-C7713,Fatima Smith,fatima.smith607@example.com,Denver,CO,US,07/02/2022,Prime Student
AMA-C3142,Fatima Singh,fatima.singh407@example.com,Miami,FL,US,2025-02-28,Prime
AMA-C9938,Noah Singh,noah.singh697@example.com,miami,FL,US,11/06/2022,Prime
AMA-C9373,Aarav Martin,aarav.martin11@example.com,Houston,TX,US,2021-11-27,Prime Student
AMA-C7805,Aarav Rossi,aarav.rossi452@example.com,Los Angeles,CA,US,2025-03-18,Prime Student
AMA-C8715,ben davis,ben.davis537@example.com,Boston,MA,US,2021-02-17,Prime
AMA-C1833,John Rossi,john.rossi707@example.com,Chicago,IL,US,11-Mar-2023,
AMA-C7921,Fatima Davis,fatima.davis124@example.com,Houston,TX,US,08-Jun-2021,Non-Prime
AMA-C9254,Noah Martin,noah.martin305@example.com,Houston,TX,US,2023-01-24,Prime Student
AMA-C8521, Anna Khan ,anna.khan546@example.com,Denver,CO,US,08-Oct-2023,Prime Student
AMA-C5454,Emma Davis,emma.davis937@example.com,Boston,MA,US,2025-02-27,Prime Student
AMA-C6513,MARIA KUMAR,maria.kumar111@example.com,Chicago,IL,US,2021-03-30,Non-Prime
AMA-C4231,John Martin,,Denver,CO,US,01/22/2025,Prime
AMA-C10224, Maria Anderson ,maria.anderson998@example.com,Los Angeles,CA,US,2025-11-12,Prime Student
AMA-C4893,Michael Rossi,michael.rossi206@example.com,New York,NY,US,27-Apr-2025,Prime Student
AMA-C5238,vivaan singh,vivaan.singh683@example.com,Seattle,WA,US,10-Jan-2022,Non-Prime
AMA-C3380, Aditya Kumar ,aditya.kumar617@example.com,Phoenix,AZ,US,12/23/2025,Prime Student
AMA-C5496,Ken Kim,ken.kim3@example.com,Houston,TX,US,28-Nov-2023,Prime Student
AMA-C8523,Ava Garcia,ava.garcia64@example.com,New York,NY,US,08-Oct-2021,Non-Prime
AMA-C1705,Olivia Rossi,olivia.rossi130@example.com,Miami,FL,US,2022-01-05,Non-Prime
AMA-C4937,michael anderson,michael.anderson596@example.com,Miami,FL,US,2025-12-03,Non-Prime
AMA-C2017,Michael Sharma,michael.sharma257@example.com,Denver,CO,US,03/31/2023,
AMA-C9557,Yuki Wang,yuki.wang483@example.com,Seattle,WA,US,2023-07-11,
AMA-C4005,Emma Johnson,emma.johnson392@example.com,New York,NY,US,06-Jun-2023,Prime
AMA-C10095,Chen Patel,chen.patel57@example.com,Chicago,IL,US,2021-05-10,Prime Student
AMA-C3444,Anna Lee,anna.lee196@example.com,chicago,IL,US,02-Oct-2023,Non-Prime
AMA-C2328,Yuki Chen,yuki.chen22@example.com,NEW YORK,NY,US,09/08/2025,Prime Student
AMA-C1185,Wei Yamada,wei.yamada519@example.com,Los Angeles,CA,US,03-Oct-2024,Prime
AMA-C2072,Aditya Kim,aditya.kim462@example.com,Houston,TX,US,14-Oct-2022,Non-Prime
AMA-C10361,Mohammed Davis,mohammed.davis116@example.com,New York,NY,US,2025-07-23,Non-Prime
AMA-C8730,Sara Kumar,sara.kumar407@example.com,Boston,MA,US,07/23/2021,
AMA-C4543,Ken Martin,ken.martin871@example.com,Chicago,IL,US,09/25/2022,Non-Prime
AMA-C3814,Liam Smith,liam.smith507@example.com,New York,NY,US,2023-03-30,Non-Prime
AMA-C2700,Aditya Patel,aditya.patel91@example.com,Seattle,WA,US,2022-09-12,Non-Prime
AMA-C7672,Zoe Johnson,zoe.johnson986@example.com,Boston,MA,US,05-Jan-2025,Non-Prime
AMA-C8276,Emma Wang,emma.wang648@example.com,Miami,FL,US,08/28/2023,Prime
AMA-C9319,ben smith,ben.smith977@example.com,denver,CO,US,10/26/2022,Non-Prime
AMA-C10015,Ava Johnson,ava.johnson237@example.com,Miami,FL,US,21-Jan-2021,Non-Prime
AMA-C3652,John Martin,john.martin350 at example.com,Atlanta,GA,US,01/15/2021,Prime Student
AMA-C10071,CHEN SUZUKI,chen.suzuki193@example.com,Seattle,WA,US,01/24/2021,Prime Student
AMA-C1385,Yuki Brown,yuki.brown926@example.com,Boston,MA,US,2022-03-13,Prime Student
AMA-C6764,Yuki Chen,yuki.chen305@example.com,Boston,MA,US,10/04/2023,Non-Prime
AMA-C1634,Zoe Lee,zoe.lee322@example.com,Chicago,IL,US,01/15/2022,Prime
AMA-C9766,Maria Martin,maria.martin737@example.com,Miami,FL,US,11/12/2022,Prime Student
AMA-C3219,Mohammed Garcia,mohammed.garcia775@example.com,Atlanta,GA,US,04/25/2025,Non-Prime
AMA-C9529,Wei Patel,wei.patel241@example.com,Atlanta,GA,US,10/17/2023,Prime Student
AMA-C10378,Rahul Rossi,rahul.rossi593@example.com,Houston,TX,US,07/05/2023,Prime Student
AMA-C6031,Aarav Müller,aarav.müller996@example.com,New York,NY,US,2023-07-27,Prime Student
AMA-C8672,Aditya Wilson,aditya.wilson999@example.com,Denver,CO,US,03/12/2022,Prime
AMA-C3736,Aarav Müller,aarav.müller378@example.com,Denver,CO,US,2021-11-23,Non-Prime
AMA-C1530,chen singh,,Denver,CO,US,2024-01-19,Non-Prime
AMA-C6818,Carlos Sharma,carlos.sharma171@example.com,Los Angeles,CA,US,11/26/2021,Non-Prime
AMA-C4635,Vivaan Anderson,vivaan.anderson648@example.com,Miami,FL,US,2025-10-12,Prime Student
AMA-C7304,Li Khan,li.khan31@example.com,Denver,CO,US,11/02/2021,Prime
AMA-C10429,Mohammed Patel,mohammed.patel927@example.com,Atlanta,GA,US,17-Jun-2023,Non-Prime
AMA-C3234,Ava Patel,ava.patel936@example.com,Phoenix,AZ,US,01/30/2023,Non-Prime
AMA-C3878,Sara Smith,sara.smith316@example.com,NEW YORK,NY,US,02-Sep-2022,
AMA-C2512,Ben Patel,ben.patel492@example.com,Chicago,IL,US,27-Dec-2024,Non-Prime
AMA-C1729,Wei Kim,wei.kim282@example.com,Atlanta,GA,US,07/15/2025,Prime Student
AMA-C3530,Michael Brown,michael.brown84@example.com,Houston,TX,US,06/09/2023,Prime Student
AMA-C8285,Olivia Kim,olivia.kim359@example.com,New York,NY,US,07-Jul-2024,Prime
AMA-C2507, Fatima Davis ,fatima.davis706@example.com,Houston,TX,US,09-Apr-2021,Prime
AMA-C1853,Emma Kim,emma.kim917@example.com,Houston,TX,US,13-Aug-2023,Prime
AMA-C4721,Li Johnson,,Seattle,WA,US,2025-11-19,Prime
AMA-C2689,SARA KIM,sara.kim350@example.com,New York,NY,US,11/09/2023,Non-Prime
AMA-C7540,Priya Tanaka,priya.tanaka325@example.com,houston,TX,US,01-Nov-2021,Prime
AMA-C5597,Liam Suzuki,liam.suzuki3@example.com,New York,NY,US,10/25/2022,Non-Prime
AMA-C10957,Michael Wang,,Atlanta,GA,US,02/08/2023,Prime Student
AMA-C2399,Ken Singh,ken.singh133@example.com,Phoenix,AZ,US,2022-09-13,Prime
AMA-C3641,Yuki Smith,yuki.smith302@example.com,New York,NY,US,19-Jun-2021,Prime
AMA-C9421,KEN KHAN,,BOSTON,MA,US,2025-02-20,
AMA-C6698,priya smith,priya.smith327@example.com,chicago,IL,US,2021-09-11,Non-Prime
AMA-C3514,wei khan,wei.khan510@example.com,Boston,MA,US,02/28/2025,Non-Prime
AMA-C4264,Noah Johnson,noah.johnson897@example.com,Houston,TX,US,2025-01-02,Non-Prime
AMA-C3826,Noah Suzuki,noah.suzuki540@example.com,houston,TX,US,13-May-2022,Non-Prime
AMA-C8684, Maria Singh ,maria.singh715@example.com,Chicago,IL,US,2025-04-21,Prime Student
AMA-C9481, Wei Tanaka ,wei.tanaka979@example.com,Atlanta,GA,US,2024-02-21,Non-Prime
AMA-C1507,Sara Kim,sara.kim196@example.com,Seattle,WA,US,11-Feb-2023,Prime Student
AMA-C6530,emma rossi,emma.rossi722@example.com,Miami,FL,US,2022-12-12,Prime Student
AMA-C7868,James Wang,james.wang552@example.com,Miami,FL,US,05/31/2025,Non-Prime
AMA-C9256,Wei Suzuki,wei.suzuki315@example.com,Denver,CO,US,14-Jun-2022,Non-Prime
AMA-C6644,Carlos Yamada,carlos.yamada178@example.com,Atlanta,GA,US,2023-07-09,Non-Prime
AMA-C3330,DAVID WILSON,david.wilson385@example.com,Los Angeles,CA,US,03/06/2023,Prime Student
AMA-C5052,John Smith,john.smith46@example.com,New York,NY,US,03/01/2024,Non-Prime
AMA-C1514,Michael Chen,michael.chen256@example.com,Miami,FL,US,2025-10-23,Non-Prime
AMA-C3202,AARAV WANG,,Seattle,WA,US,20-Feb-2022,Prime
AMA-C6145,John Wilson,john.wilson128@example.com,Denver,CO,US,08-Sep-2024,Prime Student
AMA-C6618,John Sharma,john.sharma795@example.com,Houston,TX,US,18-Nov-2023,
AMA-C4158,John Sharma,,Los Angeles,CA,US,10/14/2021,Prime
AMA-C5592,sofia wilson,sofia.wilson162@example.com,Denver,CO,US,2023-12-14,Prime Student
AMA-C7318,james yamada,james.yamada754@example.com,Phoenix,AZ,US,23-Nov-2023,Prime Student
AMA-C4458,Sofia Sharma,sofia.sharma919@example.com,Boston,MA,US,05/28/2021,Prime Student
AMA-C2003, Sara Khan ,sara.khan476@example.com,Seattle,WA,US,03/09/2023,Prime Student
AMA-C10299,Liam Yamada,liam.yamada831@example.com,Houston,TX,US,11-May-2025,Non-Prime
AMA-C5302,Emma Müller,,Atlanta,GA,US,18-May-2023,Non-Prime
AMA-C10537,Ava Kumar,ava.kumar531@example.com,LOS ANGELES,CA,US,02/04/2024,Prime Student
AMA-C7378,Olivia Wilson,olivia.wilson827@example.com,Denver,CO,US,06/19/2024,Prime Student
AMA-C7001,Michael Sharma,michael.sharma236@example.com,Boston,MA,US,28-Jun-2023,Non-Prime
AMA-C7856,Sara Sharma,,New York,NY,US,2023-07-27,Non-Prime
AMA-C10019,Vivaan Suzuki,vivaan.suzuki173@example.com,Atlanta,GA,US,2021-12-29,Prime Student
AMA-C3488,Noah Rossi,noah.rossi359@example.com,Houston,TX,US,02/29/2024,Non-Prime
AMA-C2916,Mohammed Rossi,mohammed.rossi119@example.com,Denver,CO,US,12/27/2021,Prime Student
AMA-C2831,ava tanaka,ava.tanaka468@example.com,Houston,TX,US,11-Mar-2021,Prime
AMA-C6954,SARA DAVIS,sara.davis423@example.com,New York,NY,US,14-Jan-2023,Non-Prime
AMA-C3360,aditya tanaka,aditya.tanaka874@example.com,Atlanta,GA,US,2022-04-28,Non-Prime
AMA-C8720,Ben Davis,ben.davis870@example.com,Houston,TX,US,16-Jan-2023,Prime Student
AMA-C3168,David Davis,david.davis651@example.com,Phoenix,AZ,US,21-Sep-2023,Non-Prime
AMA-C5914,Anna Wilson,anna.wilson989@example.com,Houston,TX,US,12-May-2025,Prime
AMA-C8714,Aarav Kumar,aarav.kumar483@example.com,Denver,CO,US,03/04/2025,Prime Student
AMA-C1594,sofia kim,sofia.kim652@example.com,Boston,MA,US,03/20/2023,Prime
AMA-C7397,Liam Johnson,liam.johnson712@example.com,Chicago,IL,US,30-Sep-2022,Non-Prime
AMA-C10897,NOAH CHEN,noah.chen53@example.com,Houston,TX,US,2022-03-11,Prime Student
AMA-C4711,Sara Wilson,sara.wilson492@example.com,Seattle,WA,US,03/16/2025,Prime
AMA-C4579,Mohammed Wilson,mohammed.wilson120@example.com,Atlanta,GA,US,05-Nov-2025,Prime
AMA-C6212,Li Sharma,li.sharma168@example.com,Denver,CO,US,2025-08-01,Prime Student
AMA-C7288,Li Kumar,li.kumar654@example.com,Chicago,IL,US,02-Dec-2023,Prime Student
AMA-C1183,Ava Martin,ava.martin261@example.com,Boston,MA,US,26-Sep-2021,Prime
AMA-C8258,Sofia Yamada,sofia.yamada857@example.com,boston,MA,US,07/12/2024,Prime Student
AMA-C3320,John Kumar,john.kumar933@example.com,Phoenix,AZ,US,2023-01-30,Non-Prime
AMA-C9745,aarav rossi,aarav.rossi187@example.com,Atlanta,GA,US,07/07/2023,Prime
AMA-C3828,james wang,james.wang20@example.com,MIAMI,FL,US,05/12/2022,Prime
AMA-C9776,Ava Brown,ava.brown118@example.com,Houston,TX,US,30-Apr-2025,
AMA-C2729,Yuki Davis,yuki.davis744@example.com,ATLANTA,GA,US,22-Jan-2021,Prime
AMA-C7272,Anna Singh,anna.singh519@example.com,Chicago,IL,US,2022-08-05,Prime
AMA-C1092,Emma Patel,,Seattle,WA,US,2022-11-28,Prime
AMA-C7551,Sara Davis,sara.davis741@example.com,Denver,CO,US,06/15/2023,Non-Prime
AMA-C9440,Wei Martin,wei.martin758@example.com,Chicago,IL,US,2022-11-26,Prime
AMA-C9692, Rahul Tanaka ,rahul.tanaka479@example.com,boston,MA,US,2022-04-19,Prime
AMA-C4809,Vivaan Yamada,vivaan.yamada665@example.com,Atlanta,GA,US,25-Apr-2023,Prime
AMA-C1793,Li Patel,li.patel662@example.com,Phoenix,AZ,US,2024-08-03,Prime Student
AMA-C7416,Ava Johnson,ava.johnson26@example.com,Miami,FL,US,06/30/2024,Prime Student
AMA-C4671,Aarav Kumar,aarav.kumar781@example.com,Seattle,WA,US,2021-08-16,
AMA-C8518,Vivaan Wang,vivaan.wang424@example.com,Los Angeles,CA,US,21-Sep-2023,Prime Student
AMA-C10514,michael kim,michael.kim877@example.com,Boston,MA,US,2023-08-14,Prime
AMA-C3498,Chen Davis,chen.davis917@example.com,Chicago,IL,US,2025-05-20,Prime
AMA-C5696,LI SUZUKI,li.suzuki305@example.com,Boston,MA,US,2021-06-30,Non-Prime
AMA-C5582,Anna Johnson,anna.johnson221@example.com,Miami,FL,US,2022-08-08,Non-Prime
AMA-C1738,NOAH WILSON,noah.wilson234@example.com,Chicago,IL,US,21-Feb-2022,Prime
AMA-C2678,KEN TANAKA,ken.tanaka489@example.com,Houston,TX,US,13-Nov-2021,Prime
AMA-C1405,Ken Suzuki,ken.suzuki525@example.com,Chicago,IL,US,15-Jun-2024,Non-Prime
AMA-C8313,Michael Wang,michael.wang753@example.com,Denver,CO,US,20-May-2021,Prime
AMA-C1210,Priya Patel,priya.patel257 at example.com,Boston,MA,US,07/25/2021,Prime
AMA-C9740,sofia lee,sofia.lee543@example.com,New York,NY,US,10/18/2025,Prime Student
AMA-C7336,ANNA SHARMA,anna.sharma399@example.com,Seattle,WA,US,2022-12-26,Prime Student
AMA-C9029,Noah Davis,noah.davis887@example.com,Boston,MA,US,09/08/2023,Prime Student
AMA-C8454,Noah Tanaka,noah.tanaka267@example.com,Los Angeles,CA,US,05-Oct-2021,Prime Student
AMA-C2807,BEN GARCIA,ben.garcia212@example.com,Los Angeles,CA,US,04/18/2024,Non-Prime
AMA-C10059,Chen Martin,chen.martin281@example.com,Denver,CO,US,2023-04-05,Non-Prime
AMA-C6612,Sofia Wang,sofia.wang794@example.com,Boston,MA,US,04/06/2021,
AMA-C10534,Olivia Smith,olivia.smith419@example.com,Seattle,WA,US,2024-04-18,Non-Prime
AMA-C6160,sofia kim,,Los Angeles,CA,US,2023-08-27,Prime
AMA-C2569,KEN WILSON,ken.wilson202@example.com,Boston,MA,US,2022-01-16,Prime
AMA-C6012,Sara Müller,sara.müller289@example.com,Boston,MA,US,20-Jun-2022,Prime
AMA-C8809,Noah Kim,noah.kim677@example.com,Los Angeles,CA,US,2023-09-07,Prime Student
AMA-C2121,Li Wang,li.wang462@example.com,Phoenix,AZ,US,2022-08-24,Non-Prime
AMA-C5214,Olivia Wang,olivia.wang325@example.com,Atlanta,GA,US,03/01/2022,
AMA-C1259,Wei Smith,,Chicago,IL,US,11-Mar-2025,Prime
AMA-C5088,Emma Lee,emma.lee388@example.com,Miami,FL,US,08/10/2022,Prime Student
AMA-C2798,Priya Garcia,priya.garcia430@example.com,Chicago,IL,US,21-Oct-2025,Prime
AMA-C8861,Sara Kim,sara.kim446@example.com,Boston,MA,US,2024-11-13,Prime
AMA-C7656,Priya Müller,priya.müller292@example.com,Chicago,IL,US,04/19/2025,Prime Student
AMA-C7236,Li Patel,li.patel800@example.com,Los Angeles,CA,US,2025-12-03,Prime
AMA-C10302,Priya Tanaka,priya.tanaka513@example.com,Boston,MA,US,07/27/2022,Prime
AMA-C2766,David Johnson,david.johnson384@example.com,Chicago,IL,US,2025-06-16,Non-Prime
AMA-C5720,Anna Lee,anna.lee805@example.com,Miami,FL,US,2025-11-05,Prime Student
AMA-C7548,liam suzuki,liam.suzuki219@example.com,Chicago,IL,US,11/28/2021,Prime Student
AMA-C8046,vivaan martin,,New York,NY,US,05/15/2025,Non-Prime
AMA-C6403,ANNA LEE,anna.lee238@example.com,Los Angeles,CA,US,07-Jan-2021,Prime
AMA-C2971, Li Lee ,li.lee614 at example.com,houston,TX,US,2024-12-15,Non-Prime
AMA-C10158,NOAH SMITH,noah.smith689@example.com,Chicago,IL,US,2022-11-02,Prime Student
AMA-C7444,ben kumar,ben.kumar7@example.com,Denver,CO,US,05-May-2021,Prime Student
AMA-C2767,Emma Khan,emma.khan957 at example.com,Seattle,WA,US,2023-06-11,Prime Student
AMA-C10640,WEI LEE,wei.lee188@example.com,Phoenix,AZ,US,2022-03-22,Non-Prime
AMA-C9308,Maria Davis,maria.davis983@example.com,Seattle,WA,US,01/29/2023,Prime Student
AMA-C4201,Liam Patel,liam.patel751@example.com,New York,NY,US,04/04/2024,Prime Student
AMA-C7776,Anna Davis,anna.davis484@example.com,Houston,TX,US,2023-10-30,Prime Student
AMA-C9173, Yuki Lee ,yuki.lee870@example.com,Seattle,WA,US,08/25/2025,Prime
AMA-C4742,Wei Anderson,wei.anderson274@example.com,Phoenix,AZ,US,2021-08-17,Prime Student
AMA-C10399,Ava Brown,ava.brown923@example.com,DENVER,CO,US,2025-01-11,Prime Student
AMA-C7555,Vivaan Smith,vivaan.smith809@example.com,Houston,TX,US,01/29/2021,Prime
AMA-C3524,Zoe Suzuki,zoe.suzuki892@example.com,Denver,CO,US,27-Jul-2024,Prime Student
AMA-C3309,zoe martin,zoe.martin820@example.com,Denver,CO,US,2024-05-30,Prime Student
AMA-C6415,Aarav Singh,aarav.singh446@example.com,Boston,MA,US,10/19/2022,Prime Student
AMA-C8846,Ava Garcia,ava.garcia118@example.com,Boston,MA,US,04/29/2023,Prime
AMA-C1109,LI KHAN,li.khan173@example.com,Seattle,WA,US,02/11/2023,Prime Student
AMA-C4984,anna wang,anna.wang694@example.com,Houston,TX,US,16-Jun-2025,Prime Student
AMA-C8335,Zoe Davis,zoe.davis678@example.com,Seattle,WA,US,21-Jan-2025,Prime Student
AMA-C9882,Carlos Kumar,carlos.kumar905@example.com,Atlanta,GA,US,22-Jun-2023,Prime Student
AMA-C3467,Yuki Müller,yuki.müller528@example.com,Seattle,WA,US,2023-04-27,Prime
AMA-C2711,Liam Müller,liam.müller764@example.com,Houston,TX,US,03/28/2022,Prime
AMA-C6838,EMMA JOHNSON,emma.johnson990 at example.com,Miami,FL,US,12/14/2024,Non-Prime
AMA-C8162,Aarav Sharma,aarav.sharma786@example.com,New York,NY,US,03/29/2023,Non-Prime
AMA-C1630,MICHAEL ROSSI,michael.rossi572@example.com,Chicago,IL,US,09/25/2025,Non-Prime
AMA-C5584,Sofia Anderson,sofia.anderson482@example.com,New York,NY,US,05-Jul-2025,Prime
AMA-C8284,Fatima Wang,fatima.wang808@example.com,Denver,CO,US,2021-01-30,Prime Student
AMA-C1346,James Davis,james.davis573@example.com,Los Angeles,CA,US,01/22/2025,
AMA-C10836,MARIA BROWN,maria.brown922@example.com,Phoenix,AZ,US,2023-12-21,Non-Prime
AMA-C2580,Michael Tanaka,michael.tanaka176@example.com,Houston,TX,US,05/30/2021,Prime
AMA-C8758,Michael Wang,michael.wang114@example.com,Los Angeles,CA,US,04/11/2023,Non-Prime
AMA-C5301,Priya Suzuki,priya.suzuki419@example.com,Chicago,IL,US,10/31/2025,Prime Student
AMA-C8597,Liam Rossi,liam.rossi260@example.com,New York,NY,US,10/04/2024,Prime Student
AMA-C2282,Wei Tanaka,wei.tanaka573@example.com,Los Angeles,CA,US,2025-02-12,Non-Prime
AMA-C2508,John Patel,john.patel985@example.com,SEATTLE,WA,US,31-Oct-2021,Prime Student
AMA-C8790,Mohammed Smith,mohammed.smith282@example.com,New York,NY,US,27-Dec-2025,
AMA-C3970,Michael Kumar,michael.kumar637@example.com,Miami,FL,US,17-Feb-2021,Prime Student
AMA-C9158,Chen Anderson,chen.anderson158@example.com,Los Angeles,CA,US,06-Mar-2024,
AMA-C3596,Ben Khan,ben.khan963@example.com,Denver,CO,US,2024-02-09,Prime Student
AMA-C2460,Noah Kim,,Atlanta,GA,US,2024-11-20,Prime
AMA-C1369,KEN KHAN,ken.khan511@example.com,New York,NY,US,02-Sep-2024,Prime
AMA-C9413,Priya Smith,priya.smith526@example.com,Los Angeles,CA,US,2023-09-23,Prime
AMA-C6872,Li Rossi,li.rossi869@example.com,Denver,CO,US,01-Jan-2021,Prime Student
AMA-C1470,Anna Lee,,HOUSTON,TX,US,12-Sep-2024,
AMA-C4341,RAHUL PATEL,rahul.patel219@example.com,New York,NY,US,2025-10-24,Non-Prime
AMA-C6028,ava singh,ava.singh970@example.com,Atlanta,GA,US,2024-10-15,Prime Student
AMA-C6999,Aditya Garcia,aditya.garcia331@example.com,Houston,TX,US,05/20/2023,Prime
AMA-C4887,YUKI WANG,yuki.wang466@example.com,Phoenix,AZ,US,2023-09-10,Non-Prime
AMA-C3042,Maria Martin,maria.martin942@example.com,Houston,TX,US,06/11/2021,Non-Prime
AMA-C9964, Rahul Tanaka ,rahul.tanaka736@example.com,Denver,CO,US,23-Jan-2022,Non-Prime
AMA-C7247,Rahul Singh,rahul.singh945@example.com,Los Angeles,CA,US,24-Jan-2023,Prime Student
AMA-C10112,Emma Sharma,emma.sharma948@example.com,Phoenix,AZ,US,2023-02-13,
AMA-C5068,Chen Patel,chen.patel547@example.com,Miami,FL,US,14-Sep-2023,Prime Student
AMA-C2020,Mohammed Johnson,mohammed.johnson239 at example.com,Miami,FL,US,2022-08-17,Non-Prime
AMA-C8437,Zoe Lee,zoe.lee598@example.com,Phoenix,AZ,US,07/28/2024,Non-Prime
AMA-C8248,Aditya Tanaka,aditya.tanaka195@example.com,Seattle,WA,US,2024-02-09,Prime Student
AMA-C2242,Aditya Sharma,aditya.sharma175@example.com,Denver,CO,US,10/13/2025,Prime
AMA-C1496,Sofia Suzuki,sofia.suzuki563@example.com,NEW YORK,NY,US,12/18/2022,Prime Student
AMA-C8726,Carlos Johnson,carlos.johnson721@example.com,NEW YORK,NY,US,01/01/2025,Non-Prime
AMA-C4566,Mohammed Garcia,,Seattle,WA,US,2023-09-11,Non-Prime
AMA-C4526,Maria Johnson,maria.johnson64@example.com,Phoenix,AZ,US,2022-04-26,Non-Prime
AMA-C6915,James Garcia,james.garcia339@example.com,Seattle,WA,US,13-Dec-2024,Non-Prime
AMA-C8384,Emma Anderson,emma.anderson723@example.com,New York,NY,US,07-Mar-2021,Non-Prime
AMA-C8500,PRIYA LEE,priya.lee149@example.com,Boston,MA,US,09-Nov-2025,Prime Student
AMA-C3819,ava tanaka,ava.tanaka446@example.com,New York,NY,US,03-Jan-2023,Prime
AMA-C3790,BEN LEE,,Miami,FL,US,29-Feb-2024,Prime
AMA-C1366,Sara Garcia,,Chicago,IL,US,12-Mar-2023,Prime
AMA-C9212,Li Kim,li.kim870@example.com,New York,NY,US,2024-01-20,Prime Student
AMA-C5688,Rahul Wilson,rahul.wilson125@example.com,Atlanta,GA,US,14-Feb-2023,Prime Student
AMA-C8532,Yuki Garcia,yuki.garcia847@example.com,Seattle,WA,US,03/26/2022,Prime
AMA-C10964,Zoe Wilson,zoe.wilson390@example.com,Chicago,IL,US,2024-12-12,Prime
AMA-C6898,John Patel,john.patel602@example.com,Atlanta,GA,US,2023-12-05,Prime Student
AMA-C3990,Emma Kim,emma.kim795@example.com,Chicago,IL,US,08/04/2025,Non-Prime
AMA-C9409,James Lee,james.lee836@example.com,New York,NY,US,02/16/2025,Prime
AMA-C9418,Ava Yamada,ava.yamada414@example.com,Houston,TX,US,09/30/2022,Non-Prime
AMA-C6757,rahul garcia,rahul.garcia360 at example.com,Denver,CO,US,06-Sep-2024,Prime Student
AMA-C8572,Carlos Kumar,carlos.kumar561@example.com,Phoenix,AZ,US,2024-01-10,Prime
AMA-C6451,Fatima Smith,fatima.smith367@example.com,Phoenix,AZ,US,2022-10-22,Non-Prime
AMA-C10631,Liam Yamada,liam.yamada870@example.com,Denver,CO,US,11-Dec-2022,Prime Student
AMA-C10974,NOAH WILSON,noah.wilson873@example.com,atlanta,GA,US,12-Jun-2024,Prime
AMA-C8163,Priya Singh,priya.singh241@example.com,Houston,TX,US,27-May-2025,Non-Prime
AMA-C6171,Chen Chen,chen.chen23@example.com,New York,NY,US,2021-04-17,Non-Prime
AMA-C5117,Aditya Kim,aditya.kim969@example.com,miami,FL,US,2023-05-24,Non-Prime
AMA-C9401,maria kumar,maria.kumar299@example.com,Los Angeles,CA,US,10-Jun-2025,Non-Prime
AMA-C9196,Yuki Wilson,yuki.wilson881@example.com,Miami,FL,US,13-Jan-2025,Prime
AMA-C10515,Sara Müller,,CHICAGO,IL,US,27-Jun-2025,Prime
AMA-C2284,Vivaan Wang,vivaan.wang330@example.com,Atlanta,GA,US,2025-03-20,Prime Student
AMA-C5318,Sofia Kim,sofia.kim267@example.com,Houston,TX,US,2025-09-28,Prime Student
AMA-C7525,EMMA MARTIN,emma.martin218@example.com,Atlanta,GA,US,2023-09-19,Prime Student
AMA-C8332,Liam Suzuki,liam.suzuki828@example.com,New York,NY,US,06/18/2024,Non-Prime
AMA-C8016,james wang,james.wang37@example.com,Seattle,WA,US,01/26/2023,Prime Student
AMA-C7565,ava davis,ava.davis894@example.com,Chicago,IL,US,10/09/2022,Non-Prime
AMA-C1502, Emma Chen ,emma.chen445@example.com,Los Angeles,CA,US,22-Oct-2025,Non-Prime
AMA-C7311,James Sharma,james.sharma685@example.com,Boston,MA,US,2024-03-27,
AMA-C6582,Aditya Chen,aditya.chen265@example.com,Los Angeles,CA,US,03/09/2025,Non-Prime
AMA-C4008, Sofia Wilson ,sofia.wilson567@example.com,Los Angeles,CA,US,07/04/2021,Non-Prime
AMA-C5485,Olivia Smith,olivia.smith386@example.com,Denver,CO,US,08/23/2022,Prime
AMA-C1326,Aditya Khan,,Houston,TX,US,06-Nov-2022,Non-Prime
AMA-C3415,Priya Anderson,priya.anderson999@example.com,Boston,MA,US,2025-06-12,Non-Prime
AMA-C8744,sofia smith,sofia.smith867@example.com,Los Angeles,CA,US,04/23/2025,Prime Student
AMA-C5349,Anna Patel,anna.patel116 at example.com,New York,NY,US,2025-12-16,Prime
AMA-C3657,michael anderson,michael.anderson25@example.com,Chicago,IL,US,02/24/2023,Prime
AMA-C6556,rahul anderson,rahul.anderson949@example.com,Los Angeles,CA,US,12/25/2023,Prime
AMA-C5959,John Garcia,john.garcia301@example.com,miami,FL,US,29-Nov-2024,Non-Prime
AMA-C2811,Li Davis,li.davis280@example.com,Miami,FL,US,31-Oct-2021,Prime Student
AMA-C9096,Rahul Patel,rahul.patel837@example.com,Seattle,WA,US,08/14/2022,Non-Prime
AMA-C4373,li sharma,li.sharma522@example.com,MIAMI,FL,US,01/09/2021,Prime
AMA-C1084,Chen Kim,chen.kim954@example.com,New York,NY,US,07/02/2025,Prime
AMA-C6787,James Brown,,Boston,MA,US,21-Jan-2022,Prime
AMA-C9419,Rahul Martin,rahul.martin426@example.com,Atlanta,GA,US,12/21/2021,Prime Student
AMA-C7771,Yuki Smith,yuki.smith518@example.com,Seattle,WA,US,04/23/2025,Prime Student
AMA-C6622,Ken Wang,ken.wang75@example.com,Boston,MA,US,02/01/2022,Prime Student
AMA-C2257,David Sharma,david.sharma142@example.com,New York,NY,US,2021-01-29,
AMA-C6150,Priya Khan,priya.khan846@example.com,New York,NY,US,05-May-2025,Prime
AMA-C3089,SARA MARTIN,sara.martin99@example.com,Miami,FL,US,2025-09-26,Prime
AMA-C1674,li brown,li.brown946@example.com,New York,NY,US,21-Apr-2023,Non-Prime
AMA-C5979, Aarav Johnson ,aarav.johnson284@example.com,Seattle,WA,US,2022-10-15,Non-Prime
AMA-C9107,James Johnson,james.johnson982 at example.com,Seattle,WA,US,05/12/2022,Prime Student
AMA-C9941,Li Yamada,li.yamada345@example.com,Miami,FL,US,2022-10-01,Prime
AMA-C6504,Michael Suzuki,,New York,NY,US,2021-08-05,Prime
AMA-C10660,Zoe Kim,zoe.kim223@example.com,boston,MA,US,02-Jun-2022,Prime
AMA-C10509,DAVID SMITH,david.smith931@example.com,Houston,TX,US,01/22/2025,Prime Student
AMA-C9509,Sara Kumar,sara.kumar882@example.com,LOS ANGELES,CA,US,15-Aug-2025,Prime Student
AMA-C5626,Ben Wang,ben.wang972@example.com,Houston,TX,US,01/06/2022,Non-Prime
AMA-C8627,Wei Chen,wei.chen82@example.com,Miami,FL,US,11-Feb-2025,Prime Student
AMA-C5227, John Patel ,john.patel669@example.com,SEATTLE,WA,US,05-Jul-2024,Non-Prime
AMA-C6881,Aarav Rossi,aarav.rossi156@example.com,Denver,CO,US,01/06/2023,Prime
AMA-C10210,Liam Singh,liam.singh971@example.com,Los Angeles,CA,US,06/20/2022,Non-Prime
AMA-C3756,Ava Müller,,Chicago,IL,US,27-Jul-2022,
AMA-C5668,David Smith,david.smith335@example.com,Atlanta,GA,US,07/25/2024,Prime Student
AMA-C9957,Ken Brown,ken.brown820@example.com,Denver,CO,US,2023-09-10,Prime Student
AMA-C5280,Ben Singh,ben.singh360@example.com,Denver,CO,US,10-Aug-2024,Non-Prime
AMA-C10723,Ken Rossi,ken.rossi243@example.com,Seattle,WA,US,2023-06-28,Prime Student
AMA-C5326,li sharma,li.sharma756@example.com,Miami,FL,US,01/17/2025,
AMA-C2405,Aarav Davis,aarav.davis909@example.com,BOSTON,MA,US,2022-04-08,Prime
AMA-C4066,JOHN GARCIA,john.garcia872 at example.com,Denver,CO,US,17-Oct-2025,Non-Prime
AMA-C4389,Emma Müller,,New York,NY,US,2021-01-27,
AMA-C1217,MICHAEL KHAN,michael.khan626@example.com,Houston,TX,US,06/16/2024,Prime Student
AMA-C10336,Yuki Chen,yuki.chen596@example.com,Boston,MA,US,2024-10-26,Non-Prime
AMA-C8346,Aarav Müller,aarav.müller240@example.com,Atlanta,GA,US,03/25/2025,Prime
AMA-C2205,John Kumar,john.kumar517@example.com,Denver,CO,US,20-Jun-2023,Non-Prime
AMA-C2936,Priya Lee,priya.lee160@example.com,Los Angeles,CA,US,07/18/2022,Prime Student
AMA-C3412,Carlos Smith,carlos.smith796@example.com,Los Angeles,CA,US,2025-12-12,Prime
AMA-C3509,JOHN SMITH,,Denver,CO,US,09/13/2021,Prime Student
AMA-C1949,Michael Singh,,Houston,TX,US,2025-10-03,Prime Student
AMA-C7443,LI MARTIN,li.martin912@example.com,Denver,CO,US,04/30/2022,Prime
AMA-C4750,Yuki Suzuki,yuki.suzuki388@example.com,Atlanta,GA,US,05-Nov-2022,Prime
AMA-C5679,Noah Davis,noah.davis921@example.com,Chicago,IL,US,14-Oct-2021,Non-Prime
AMA-C6784,Li Wilson,li.wilson709@example.com,LOS ANGELES,CA,US,04/20/2021,Prime
AMA-C9887,john khan,john.khan407@example.com,Los Angeles,CA,US,28-May-2023,Non-Prime
AMA-C9048,Chen Chen,chen.chen959@example.com,NEW YORK,NY,US,20-Jul-2021,Prime
AMA-C9336,sofia yamada,sofia.yamada242@example.com,Los Angeles,CA,US,19-Jun-2021,
AMA-C1307,fatima patel,fatima.patel207@example.com,Boston,MA,US,26-Apr-2022,Prime
AMA-C3898,Mohammed Patel,mohammed.patel931@example.com,Miami,FL,US,11/28/2023,Non-Prime
AMA-C3484, Aditya Kim ,aditya.kim590@example.com,Boston,MA,US,2025-04-14,Prime
AMA-C6753,LI MÜLLER,li.müller466@example.com,Denver,CO,US,26-May-2021,Prime Student
AMA-C7170,Rahul Sharma,,DENVER,CO,US,2023-04-28,Non-Prime
AMA-C5371,Sara Sharma,sara.sharma482@example.com,Los Angeles,CA,US,11/28/2022,Prime
AMA-C4839,Sofia Anderson,sofia.anderson490@example.com,seattle,WA,US,2024-05-21,Non-Prime
AMA-C1766,maria tanaka,maria.tanaka510 at example.com,New York,NY,US,07/05/2023,Non-Prime
AMA-C6275,Michael Kumar,michael.kumar910@example.com,Denver,CO,US,04/18/2025,Non-Prime
AMA-C1775, Li Rossi ,li.rossi408@example.com,New York,NY,US,08/09/2021,Prime Student
AMA-C2506,Priya Garcia,priya.garcia524@example.com,Miami,FL,US,10-May-2021,Prime
AMA-C8179,Emma Kumar,emma.kumar315@example.com,Chicago,IL,US,17-Apr-2021,Non-Prime
AMA-C9049,James Yamada,james.yamada563@example.com,Denver,CO,US,24-Aug-2021,Non-Prime
AMA-C4431,Fatima Chen,fatima.chen935@example.com,Boston,MA,US,2024-08-13,Prime
AMA-C3333,Sofia Singh,sofia.singh711@example.com,Phoenix,AZ,US,02/18/2025,Prime Student
AMA-C7787,Vivaan Sharma,vivaan.sharma675@example.com,Miami,FL,US,09/04/2022,Non-Prime
AMA-C1930, Maria Tanaka ,maria.tanaka318@example.com,Atlanta,GA,US,2025-04-04,Prime
AMA-C3978,John Lee,john.lee849@example.com,Atlanta,GA,US,2024-12-01,
AMA-C9188,Emma Davis,emma.davis623@example.com,Boston,MA,US,11/07/2022,Prime Student
AMA-C7699,Carlos Tanaka,carlos.tanaka794@example.com,Houston,TX,US,2022-08-21,Prime
AMA-C8954,KEN SHARMA,ken.sharma117@example.com,Miami,FL,US,14-Aug-2025,Non-Prime
AMA-C3118,Sofia Singh,sofia.singh664@example.com,Denver,CO,US,18-Sep-2025,Prime
AMA-C10116,Michael Johnson,michael.johnson916@example.com,Denver,CO,US,30-Aug-2023,Prime
AMA-C8130,noah müller,noah.müller253@example.com,HOUSTON,TX,US,10-Aug-2022,
AMA-C10270,Vivaan Garcia,vivaan.garcia265@example.com,Phoenix,AZ,US,06/13/2024,Prime
AMA-C5868,Sofia Brown,sofia.brown4@example.com,Houston,TX,US,12-Apr-2025,Prime Student
AMA-C10585,mohammed lee,mohammed.lee330@example.com,Los Angeles,CA,US,16-Jan-2023,Prime Student
AMA-C5113,Mohammed Chen,mohammed.chen127@example.com,Denver,CO,US,14-Aug-2023,Prime
AMA-C8251,Maria Singh,maria.singh656@example.com,Houston,TX,US,14-Aug-2023,Prime
AMA-C5315,Ken Sharma,ken.sharma135@example.com,Boston,MA,US,05/19/2023,Prime
AMA-C8260,Priya Wilson,,New York,NY,US,01/08/2021,Prime
AMA-C2118,Zoe Rossi,zoe.rossi851@example.com,Seattle,WA,US,09-Jun-2024,Prime
AMA-C7497,Ken Anderson,,Denver,CO,US,10-Jul-2021,Prime
AMA-C10012,Aarav Johnson,aarav.johnson526@example.com,Phoenix,AZ,US,2021-01-05,Prime
AMA-C4052,Aarav Wilson,aarav.wilson22@example.com,Chicago,IL,US,05-Oct-2022,Non-Prime
AMA-C6944,Anna Khan,anna.khan191@example.com,Boston,MA,US,2021-10-03,Prime Student
AMA-C7927,James Martin,james.martin646@example.com,Houston,TX,US,09/08/2023,Prime
AMA-C2244,Anna Suzuki,anna.suzuki495@example.com,Houston,TX,US,01/28/2022,Prime Student
AMA-C4364,Sofia Johnson,sofia.johnson762@example.com,Los Angeles,CA,US,2021-07-16,Prime
AMA-C1391,Chen Martin,chen.martin465@example.com,Chicago,IL,US,2023-06-03,Prime Student
AMA-C6773,Zoe Kim,zoe.kim690@example.com,Atlanta,GA,US,19-Mar-2023,Non-Prime
AMA-C4719, Priya Garcia ,priya.garcia656@example.com,HOUSTON,TX,US,06/04/2024,
AMA-C2393,Anna Lee,anna.lee21@example.com,Miami,FL,US,10-May-2022,Prime Student
AMA-C5008,Ken Garcia,ken.garcia527@example.com,Miami,FL,US,2025-11-25,Non-Prime
AMA-C6833,Chen Kim,chen.kim514@example.com,Denver,CO,US,11/09/2024,Prime Student
AMA-C8536,Ava Khan,ava.khan855@example.com,Denver,CO,US,07/12/2023,Prime Student
AMA-C6526,yuki patel,yuki.patel337@example.com,Boston,MA,US,31-Jul-2025,Non-Prime
AMA-C10554,Ken Kim,ken.kim761@example.com,Boston,MA,US,06/02/2022,Non-Prime
AMA-C4432,Priya Brown,,Seattle,WA,US,2023-12-08,Non-Prime
AMA-C4026,Chen Smith,chen.smith867@example.com,Chicago,IL,US,2021-09-24,Prime Student
AMA-C5775,Emma Kumar,emma.kumar254@example.com,Seattle,WA,US,01-Jun-2025,Prime Student
AMA-C6935,James Patel,james.patel188@example.com,Denver,CO,US,08/03/2024,Prime
AMA-C7436,wei sharma,wei.sharma125@example.com,Boston,MA,US,2022-09-03,Non-Prime
AMA-C5792,Li Davis,li.davis950@example.com,Seattle,WA,US,04-Dec-2025,Prime
AMA-C10633,CHEN ROSSI,chen.rossi816@example.com,Chicago,IL,US,2024-04-05,Non-Prime
AMA-C8109,Fatima Lee,fatima.lee347@example.com,Atlanta,GA,US,12/26/2024,Non-Prime
AMA-C10677, Anna Johnson ,anna.johnson527@example.com,Seattle,WA,US,2025-11-14,Non-Prime
AMA-C3180,Aarav Sharma,aarav.sharma280@example.com,Houston,TX,US,05/31/2024,Prime Student
AMA-C4815,Liam Lee,liam.lee134@example.com,ATLANTA,GA,US,2025-07-18,Prime Student
AMA-C5152,Ken Suzuki,ken.suzuki208@example.com,Houston,TX,US,2022-08-08,Prime
AMA-C1976,AARAV KIM,aarav.kim570@example.com,Miami,FL,US,05/28/2024,Non-Prime
AMA-C9061,Chen Tanaka,chen.tanaka423@example.com,Atlanta,GA,US,21-Nov-2025,Prime Student
AMA-C6467,priya tanaka,priya.tanaka624@example.com,Chicago,IL,US,01/08/2024,Non-Prime
AMA-C1733,Ava Garcia,ava.garcia712@example.com,Los Angeles,CA,US,08/02/2024,Prime
AMA-C6673, Ava Patel ,ava.patel126@example.com,Atlanta,GA,US,12/13/2024,Prime Student
AMA-C3623,Carlos Brown,carlos.brown64@example.com,Miami,FL,US,09/03/2022,Non-Prime
AMA-C9864,Liam Brown,liam.brown286@example.com,chicago,IL,US,21-Jul-2025,Non-Prime
AMA-C5532,Olivia Martin,olivia.martin619@example.com,Denver,CO,US,17-Mar-2024,Prime Student
AMA-C5529,carlos suzuki,carlos.suzuki761@example.com,Phoenix,AZ,US,05/19/2023,Prime
AMA-C7607,Chen Yamada,chen.yamada201@example.com,Seattle,WA,US,06/13/2021,Prime Student
AMA-C6559,john brown,john.brown489@example.com,Chicago,IL,US,06/14/2022,Non-Prime
AMA-C7407,John Sharma,john.sharma284@example.com,PHOENIX,AZ,US,2022-03-26,Prime Student
AMA-C2571, Sofia Patel ,sofia.patel120 at example.com,Phoenix,AZ,US,11-Feb-2024,Non-Prime
AMA-C10010,Chen Tanaka,chen.tanaka436@example.com,SEATTLE,WA,US,26-Sep-2025,Prime Student
AMA-C10077,YUKI DAVIS,,atlanta,GA,US,06-Jun-2024,Prime
AMA-C10577,Ava Martin,ava.martin767@example.com,Denver,CO,US,13-Oct-2021,
AMA-C5461,Ken Brown,ken.brown759@example.com,Denver,CO,US,15-Jun-2021,Prime Student
AMA-C9550,Anna Müller,anna.müller748@example.com,CHICAGO,IL,US,16-Mar-2023,
AMA-C3571,Zoe Patel,zoe.patel904@example.com,Miami,FL,US,21-Jul-2023,Non-Prime
AMA-C6479,John Wilson,john.wilson20@example.com,Seattle,WA,US,10/08/2022,Non-Prime
AMA-C10522,ava wilson,ava.wilson118@example.com,Houston,TX,US,19-Dec-2023,Prime
AMA-C4454,AVA BROWN,ava.brown684@example.com,Los Angeles,CA,US,2023-08-15,Prime Student
AMA-C4962,Vivaan Kumar,,Chicago,IL,US,2023-06-13,Prime
AMA-C2851,Carlos Davis,carlos.davis775@example.com,Denver,CO,US,2021-12-17,Non-Prime
AMA-C8235,Ken Tanaka,ken.tanaka405@example.com,Houston,TX,US,2021-06-25,
AMA-C6357,Vivaan Kim,,Boston,MA,US,03-Dec-2021,Prime
AMA-C1454,Yuki Tanaka,yuki.tanaka620@example.com,Chicago,IL,US,01/21/2022,Prime
AMA-C9717,Aditya Rossi,aditya.rossi502@example.com,Seattle,WA,US,02-Jan-2021,Non-Prime
AMA-C7955,Wei Martin,wei.martin206@example.com,Phoenix,AZ,US,2025-12-19,Non-Prime
AMA-C2104,Olivia Müller,olivia.müller898@example.com,Chicago,IL,US,2024-10-13,Prime Student
AMA-C10529,Yuki Lee,yuki.lee110@example.com,Miami,FL,US,17-Jun-2021,Non-Prime
AMA-C5383,AARAV WANG,aarav.wang339@example.com,Atlanta,GA,US,2021-04-12,Prime
AMA-C9408,Chen Garcia,,Houston,TX,US,02-Mar-2021,Non-Prime
AMA-C7012,James Müller,james.müller474@example.com,Houston,TX,US,2022-01-03,Non-Prime
AMA-C10146,Anna Khan,anna.khan59@example.com,Los Angeles,CA,US,2022-08-16,Prime
AMA-C10221,Aarav Lee,aarav.lee843@example.com,Chicago,IL,US,30-Jan-2021,Non-Prime
AMA-C4613,sofia anderson,sofia.anderson8@example.com,Miami,FL,US,2025-01-05,Prime
AMA-C9433,Priya Kumar,priya.kumar321@example.com,Phoenix,AZ,US,01/18/2023,Non-Prime
AMA-C9719,Li Müller,li.müller721@example.com,boston,MA,US,2021-02-10,Prime
AMA-C7980,Carlos Singh,carlos.singh712@example.com,New York,NY,US,08/06/2025,Non-Prime
AMA-C4167,john wang,john.wang747@example.com,Los Angeles,CA,US,2021-01-19,Prime Student
AMA-C8422,James Kim,james.kim989@example.com,Seattle,WA,US,2022-12-24,Prime Student
AMA-C8274,Li Rossi,,Boston,MA,US,31-Aug-2021,Prime
AMA-C7231,John Johnson,john.johnson515@example.com,Chicago,IL,US,08/25/2024,Prime
AMA-C10719,Ben Suzuki,ben.suzuki704@example.com,Denver,CO,US,09/08/2021,Prime
AMA-C9443,Liam Yamada,liam.yamada780@example.com,Atlanta,GA,US,03-Aug-2024,Prime
AMA-C1922, John Smith ,john.smith879@example.com,Miami,FL,US,2025-12-21,Prime
AMA-C8706,li rossi,li.rossi654@example.com,Denver,CO,US,2023-05-15,Prime
AMA-C5566,Sara Müller,sara.müller942@example.com,Houston,TX,US,2024-12-12,Prime
AMA-C3277,olivia khan,olivia.khan819@example.com,Denver,CO,US,14-Oct-2022,Prime
AMA-C10959,Liam Suzuki,liam.suzuki490@example.com,Los Angeles,CA,US,01-Nov-2021,Prime
AMA-C8587,sara brown,,Boston,MA,US,2024-10-31,Prime
AMA-C8590,Aditya Patel,aditya.patel435@example.com,Phoenix,AZ,US,2024-01-31,Prime Student
AMA-C2537,Priya Brown,priya.brown682@example.com,New York,NY,US,11/25/2024,Prime
AMA-C3455,aditya chen,aditya.chen846@example.com,Miami,FL,US,03/15/2024,Non-Prime
AMA-C6607,Ken Sharma,ken.sharma272@example.com,Houston,TX,US,2022-12-15,Non-Prime
AMA-C9530,Liam Sharma,liam.sharma675@example.com,Houston,TX,US,01/02/2021,Non-Prime
AMA-C10746,Maria Wilson,maria.wilson357@example.com,Los Angeles,CA,US,15-Nov-2023,Prime Student
AMA-C2692,EMMA KIM,emma.kim184@example.com,DENVER,CO,US,06/03/2025,Prime Student
AMA-C4336,Noah Anderson,,New York,NY,US,24-Apr-2022,Non-Prime
AMA-C6203,emma lee,emma.lee775@example.com,houston,TX,US,2022-03-12,Prime Student
AMA-C5648,Olivia Davis,olivia.davis955@example.com,Phoenix,AZ,US,22-Mar-2021,Non-Prime
AMA-C9085,ken smith,ken.smith589@example.com,chicago,IL,US,08/09/2022,
AMA-C10644,liam chen,liam.chen214@example.com,Atlanta,GA,US,02/20/2024,Non-Prime
AMA-C5653,Liam Rossi,liam.rossi513@example.com,Seattle,WA,US,2021-01-12,Prime Student
AMA-C6568,Wei Garcia,wei.garcia443@example.com,new york,NY,US,11-Aug-2024,Prime Student
AMA-C9600,CHEN WANG,chen.wang510@example.com,Seattle,WA,US,22-Apr-2021,Prime Student
AMA-C10488,Michael Khan,michael.khan854@example.com,Chicago,IL,US,2022-06-16,Non-Prime
AMA-C5406,Aditya Sharma,aditya.sharma894@example.com,SEATTLE,WA,US,2024-06-01,Prime
AMA-C9543,Ben Lee,ben.lee993@example.com,Houston,TX,US,23-Jun-2023,Non-Prime
AMA-C1152,Ben Kumar,ben.kumar848@example.com,New York,NY,US,24-Jun-2021,
AMA-C5175,Mohammed Garcia,mohammed.garcia548@example.com,Miami,FL,US,27-Apr-2023,Non-Prime
AMA-C8186,Maria Khan,maria.khan930 at example.com,Phoenix,AZ,US,06/19/2024,Prime Student
AMA-C1592, Aarav Khan ,aarav.khan392@example.com,Phoenix,AZ,US,14-Feb-2021,Prime Student
AMA-C1433,Fatima Patel,fatima.patel925@example.com,Seattle,WA,US,2024-09-06,Prime
AMA-C10919,ANNA WANG,anna.wang958@example.com,Los Angeles,CA,US,21-Aug-2023,Prime Student
AMA-C2188,Noah Wilson,noah.wilson472@example.com,MIAMI,FL,US,23-Jul-2025,Non-Prime
AMA-C6112,EMMA GARCIA,emma.garcia670@example.com,Seattle,WA,US,05/07/2023,Prime Student
AMA-C10920,Vivaan Patel,vivaan.patel714 at example.com,BOSTON,MA,US,2023-10-28,Prime
AMA-C6669,Maria Müller,maria.müller460@example.com,Seattle,WA,US,12/10/2025,Prime
AMA-C6037, Anna Tanaka ,,Atlanta,GA,US,09/28/2022,Prime
AMA-C7101,Aditya Rossi,aditya.rossi447@example.com,NEW YORK,NY,US,12-Nov-2022,Non-Prime
AMA-C9391,liam wang,liam.wang80@example.com,Los Angeles,CA,US,2024-12-20,Prime Student
AMA-C1546,James Yamada,james.yamada384@example.com,Denver,CO,US,05/19/2025,Prime Student
AMA-C3510,RAHUL MARTIN,rahul.martin508@example.com,Los Angeles,CA,US,2022-05-28,Prime Student
AMA-C10067,YUKI BROWN,yuki.brown8@example.com,Denver,CO,US,16-Jul-2024,Non-Prime
AMA-C4083,Liam Suzuki,liam.suzuki271@example.com,Miami,FL,US,01/03/2025,Prime
AMA-C8930,Yuki Smith,yuki.smith991@example.com,ATLANTA,GA,US,2023-03-02,Non-Prime
AMA-C2419,Anna Davis,,Denver,CO,US,2024-02-01,Prime Student
AMA-C6385,Ken Müller,ken.müller47@example.com,Los Angeles,CA,US,18-Aug-2025,Non-Prime
AMA-C8664,Sara Kim,sara.kim878@example.com,Seattle,WA,US,08-Oct-2024,Non-Prime
AMA-C9309,Carlos Müller,,Phoenix,AZ,US,21-Nov-2024,Prime Student
AMA-C3445,David Yamada,david.yamada26@example.com,Boston,MA,US,09/17/2021,Non-Prime
AMA-C10535,Emma Müller,emma.müller86@example.com,Phoenix,AZ,US,05/16/2024,Prime Student
AMA-C1629, Yuki Anderson ,yuki.anderson601@example.com,Seattle,WA,US,06/12/2024,Prime
AMA-C5165,Anna Singh,anna.singh959@example.com,Phoenix,AZ,US,11-Sep-2023,Prime Student
AMA-C10932,Michael Anderson,michael.anderson75@example.com,Phoenix,AZ,US,28-Feb-2024,Non-Prime
AMA-C2444,ANNA KHAN,anna.khan884@example.com,boston,MA,US,12/21/2023,Prime Student
AMA-C6663,Zoe Yamada,zoe.yamada21@example.com,Seattle,WA,US,02-Jan-2025,Prime
AMA-C10879,Fatima Rossi,fatima.rossi403@example.com,Phoenix,AZ,US,09-Jun-2022,Prime Student
AMA-C10510,Wei Rossi,wei.rossi759@example.com,New York,NY,US,11/12/2025,Prime Student
AMA-C10128, David Anderson ,david.anderson328@example.com,Boston,MA,US,2024-09-21,Non-Prime
AMA-C4069,Ava Kumar,ava.kumar584 at example.com,Denver,CO,US,06/20/2024,Prime
AMA-C5739,Yuki Smith,yuki.smith141 at example.com,Phoenix,AZ,US,2023-07-24,Non-Prime
AMA-C6977,James Kumar,,Chicago,IL,US,2024-08-21,Prime
AMA-C4140,li tanaka,li.tanaka588@example.com,Los Angeles,CA,US,2021-09-01,Non-Prime
AMA-C8382,Liam Khan,liam.khan987@example.com,Los Angeles,CA,US,2021-03-26,Prime
AMA-C1283,Li Smith,li.smith366@example.com,atlanta,GA,US,2022-06-21,Prime
AMA-C9505,James Khan,james.khan66@example.com,Seattle,WA,US,2025-10-01,Prime Student
AMA-C1373,John Chen,john.chen166@example.com,Phoenix,AZ,US,2022-10-26,Prime
AMA-C4949,Michael Wilson,michael.wilson171@example.com,Seattle,WA,US,08/12/2021,Prime
AMA-C10451,David Yamada,david.yamada934@example.com,Miami,FL,US,08/02/2022,Prime Student
AMA-C5832,Aditya Garcia,aditya.garcia538@example.com,Boston,MA,US,2024-07-10,Prime Student
AMA-C7686,John Wang,john.wang1@example.com,Phoenix,AZ,US,12/07/2025,Prime
AMA-C4016,Sofia Yamada,sofia.yamada881@example.com,Boston,MA,US,04/02/2024,Prime
AMA-C9853,Priya Kim,priya.kim163@example.com,Los Angeles,CA,US,2021-01-16,Prime Student
AMA-C2490,Ben Brown,ben.brown422@example.com,Chicago,IL,US,10/25/2022,Non-Prime
AMA-C6755,Yuki Rossi,yuki.rossi337@example.com,Houston,TX,US,05/02/2022,Prime
AMA-C5388,PRIYA SINGH,priya.singh661@example.com,Seattle,WA,US,08-Dec-2024,Non-Prime
AMA-C4094,mohammed wang,mohammed.wang190@example.com,Seattle,WA,US,2021-04-01,Prime Student
AMA-C2264,Fatima Davis,fatima.davis436@example.com,Atlanta,GA,US,11/12/2021,Prime Student
AMA-C2867, Michael Lee ,michael.lee912@example.com,Phoenix,AZ,US,25-Oct-2024,Prime
AMA-C9884,David Garcia,david.garcia64@example.com,Houston,TX,US,02/16/2024,Prime Student
AMA-C7394,Michael Khan,michael.khan137@example.com,Phoenix,AZ,US,05/02/2022,Prime Student
AMA-C6088,Rahul Smith,rahul.smith327@example.com,Phoenix,AZ,US,19-Jul-2022,Prime Student
AMA-C1400,James Johnson,james.johnson130@example.com,Boston,MA,US,03-Dec-2025,Prime Student
AMA-C6955,James Wilson,james.wilson191@example.com,Houston,TX,US,2023-10-28,Non-Prime
AMA-C5424,Zoe Wilson,zoe.wilson895@example.com,Atlanta,GA,US,14-Oct-2021,Prime Student
AMA-C6191,Priya Smith,,Chicago,IL,US,2025-02-02,Non-Prime
AMA-C7193,sara kim,sara.kim659@example.com,Phoenix,AZ,US,06-Jan-2021,Non-Prime
AMA-C7173,zoe suzuki,zoe.suzuki16@example.com,Seattle,WA,US,29-Jun-2022,Prime Student
AMA-C10612,zoe davis,zoe.davis461@example.com,Phoenix,AZ,US,2024-07-03,Non-Prime
AMA-C7515,Sofia Rossi,sofia.rossi407@example.com,Miami,FL,US,02/25/2021,Non-Prime
AMA-C9654,Noah Wang,noah.wang254@example.com,Denver,CO,US,05/18/2021,Prime
AMA-C5483,Fatima Kim,fatima.kim145@example.com,New York,NY,US,18-Feb-2022,
AMA-C3077,David Johnson,david.johnson619@example.com,Boston,MA,US,01-Apr-2024,Prime
AMA-C3849,Vivaan Sharma,vivaan.sharma466@example.com,Denver,CO,US,2024-02-05,Prime Student
AMA-C4911,Anna Suzuki,,Denver,CO,US,2021-01-24,Non-Prime
AMA-C2573,WEI ANDERSON,wei.anderson400 at example.com,Boston,MA,US,2023-07-31,Prime Student
AMA-C3427,rahul yamada,rahul.yamada746@example.com,New York,NY,US,30-Nov-2025,Non-Prime
AMA-C9822,Sofia Wilson,sofia.wilson233@example.com,Phoenix,AZ,US,2021-03-06,Prime
AMA-C3018,Aarav Patel,aarav.patel490@example.com,New York,NY,US,06/21/2021,Prime
AMA-C10456,Chen Chen,chen.chen707@example.com,Phoenix,AZ,US,07/24/2024,Prime
AMA-C2337,Mohammed Kim,mohammed.kim195@example.com,Denver,CO,US,02/03/2025,Prime
AMA-C2048,WEI WANG,wei.wang763@example.com,Miami,FL,US,08/25/2024,Prime Student
AMA-C3145,Li Wang,li.wang444@example.com,Los Angeles,CA,US,2023-07-24,Prime
AMA-C3062,MOHAMMED ANDERSON,mohammed.anderson60 at example.com,BOSTON,MA,US,07-May-2023,Prime Student
AMA-C10337,Michael Wang,michael.wang392@example.com,Seattle,WA,US,2021-05-31,Prime
AMA-C10164,JOHN DAVIS,john.davis676@example.com,Denver,CO,US,04/19/2024,Prime Student
AMA-C9623,Vivaan Chen,vivaan.chen162@example.com,Houston,TX,US,06-Jul-2021,
AMA-C10562,Wei Sharma,wei.sharma894 at example.com,Chicago,IL,US,27-Feb-2021,Non-Prime
AMA-C3844,anna müller,anna.müller901@example.com,Miami,FL,US,07/28/2021,Prime Student
AMA-C1679,Fatima Müller,,Seattle,WA,US,13-Apr-2022,Prime
AMA-C8589,Zoe Davis,zoe.davis251@example.com,Houston,TX,US,2021-12-29,Non-Prime
AMA-C9125,Vivaan Tanaka,vivaan.tanaka878@example.com,Seattle,WA,US,04/24/2025,Non-Prime
AMA-C1832,Ken Tanaka,ken.tanaka856@example.com,new york,NY,US,03/15/2022,Prime
AMA-C10759,Yuki Wilson,yuki.wilson997@example.com,HOUSTON,TX,US,12/04/2024,Prime Student
AMA-C3722,Sara Garcia,sara.garcia893@example.com,Denver,CO,US,2025-06-30,Prime Student
AMA-C6765,Emma Lee,emma.lee665@example.com,Boston,MA,US,05/19/2024,Prime Student
AMA-C4450,Fatima Rossi,,Atlanta,GA,US,08/26/2021,Non-Prime
AMA-C4128,wei lee,wei.lee514@example.com,New York,NY,US,30-Aug-2023,
AMA-C2923,aditya singh,aditya.singh455@example.com,Houston,TX,US,2023-12-27,Non-Prime
AMA-C1371,li wang,li.wang941@example.com,Houston,TX,US,04/18/2024,Non-Prime
AMA-C1924,Zoe Yamada,zoe.yamada808@example.com,Chicago,IL,US,28-Oct-2024,Prime
AMA-C6946,Li Müller,li.müller211@example.com,Houston,TX,US,2024-09-08,
AMA-C5457,Carlos Kim,carlos.kim653@example.com,Seattle,WA,US,11/17/2024,Non-Prime
AMA-C2868,Olivia Singh,olivia.singh472@example.com,Atlanta,GA,US,05/16/2022,Prime
AMA-C2570,Fatima Yamada,fatima.yamada900@example.com,Los Angeles,CA,US,10/07/2024,Prime Student
AMA-C4300,Aarav Yamada,aarav.yamada877@example.com,Phoenix,AZ,US,2025-01-29,Prime Student
AMA-C4841,David Anderson,david.anderson460@example.com,Miami,FL,US,2025-08-11,Non-Prime
AMA-C2862,Mohammed Chen,mohammed.chen921@example.com,New York,NY,US,27-Dec-2022,Prime
AMA-C3733,Emma Anderson,emma.anderson900@example.com,Seattle,WA,US,18-Nov-2025,Prime Student
AMA-C10075,Chen Khan,chen.khan22@example.com,HOUSTON,TX,US,06-Nov-2022,Non-Prime
AMA-C2769,Aarav Suzuki,aarav.suzuki323@example.com,Denver,CO,US,2025-04-23,Non-Prime
AMA-C2157,CARLOS SHARMA,carlos.sharma649@example.com,Houston,TX,US,03/02/2024,Prime Student
AMA-C3186,mohammed martin,,Atlanta,GA,US,09/11/2021,Prime
AMA-C4706,Rahul Wang,rahul.wang898@example.com,Miami,FL,US,12/05/2023,Prime Student
AMA-C2446,Aarav Davis,aarav.davis376@example.com,Houston,TX,US,2022-11-05,Prime
AMA-C2542,Wei Davis,,Phoenix,AZ,US,17-Apr-2024,
AMA-C4355,Emma Kumar,emma.kumar776@example.com,New York,NY,US,24-Sep-2023,Non-Prime
AMA-C3786,Anna Johnson,anna.johnson20@example.com,Denver,CO,US,2023-04-20,Non-Prime
AMA-C4542,James Wang,james.wang129@example.com,Phoenix,AZ,US,22-Oct-2025,Non-Prime
AMA-C4849,Li Khan,li.khan41@example.com,Seattle,WA,US,24-Sep-2021,Prime
AMA-C2179,Olivia Rossi,olivia.rossi867@example.com,New York,NY,US,09-Nov-2021,Prime
AMA-C8609,Ava Kumar,ava.kumar946@example.com,Boston,MA,US,2023-04-02,Non-Prime
AMA-C4086,Yuki Davis,yuki.davis569@example.com,CHICAGO,IL,US,2024-08-07,Prime Student
AMA-C10784,Sara Anderson,sara.anderson709@example.com,Houston,TX,US,2025-04-08,Non-Prime
AMA-C5804,Zoe Sharma,zoe.sharma371@example.com,Denver,CO,US,2022-02-03,Non-Prime
AMA-C1535,mohammed suzuki,mohammed.suzuki49@example.com,New York,NY,US,2022-11-18,Prime Student
AMA-C1842,ben smith,ben.smith43@example.com,Atlanta,GA,US,10/22/2021,Non-Prime
AMA-C5945,Carlos Smith,carlos.smith902@example.com,Atlanta,GA,US,2024-02-13,
AMA-C3090,Aarav Patel,aarav.patel106@example.com,Boston,MA,US,2025-05-21,
AMA-C6202,Maria Garcia,maria.garcia461@example.com,Phoenix,AZ,US,2022-05-23,
AMA-C6412,Vivaan Sharma,vivaan.sharma577@example.com,Los Angeles,CA,US,04-Aug-2023,Non-Prime
AMA-C5402,Ava Johnson,,Phoenix,AZ,US,29-Jun-2025,Prime
AMA-C5181,Maria Müller,maria.müller196@example.com,Miami,FL,US,2024-02-25,Non-Prime
AMA-C4624,Liam Müller,liam.müller958@example.com,Phoenix,AZ,US,2024-09-06,Non-Prime
AMA-C5474, Chen Martin ,chen.martin717@example.com,Chicago,IL,US,2021-06-08,Non-Prime
AMA-C4270,Ben Johnson,,Houston,TX,US,04-Dec-2025,
AMA-C5209,LI SINGH,li.singh219@example.com,Seattle,WA,US,27-Nov-2021,Prime
AMA-C10675,Aarav Yamada,aarav.yamada761 at example.com,Atlanta,GA,US,2021-03-17,Non-Prime
AMA-C9527,aarav khan,aarav.khan75@example.com,Chicago,IL,US,2024-07-25,Prime Student
AMA-C8837,Yuki Patel,yuki.patel636@example.com,Denver,CO,US,08/16/2025,Non-Prime
AMA-C8762,Noah Sharma,noah.sharma350@example.com,Denver,CO,US,2025-08-22,Prime
AMA-C2415,Aarav Chen,aarav.chen644@example.com,Phoenix,AZ,US,2024-11-19,Non-Prime
AMA-C8380,John Garcia,john.garcia602@example.com,Houston,TX,US,14-Jun-2023,
AMA-C10471,Carlos Patel,carlos.patel238@example.com,Chicago,IL,US,09/24/2023,Prime Student
AMA-C6246,Ava Suzuki,ava.suzuki320@example.com,Phoenix,AZ,US,26-Aug-2022,Prime Student
AMA-C1603,Aditya Johnson,aditya.johnson349@example.com,Atlanta,GA,US,10/13/2023,Prime Student
AMA-C3143,Fatima Johnson,fatima.johnson715@example.com,DENVER,CO,US,2023-08-24,Prime
AMA-C7786,Aarav Lee,aarav.lee508@example.com,Miami,FL,US,18-Nov-2024,Prime Student
AMA-C9286,Ken Patel,ken.patel824@example.com,New York,NY,US,22-Apr-2022,Prime
AMA-C9143,Aarav Singh,,Boston,MA,US,30-Jan-2023,Prime Student
AMA-C5463,Priya Martin,priya.martin716@example.com,LOS ANGELES,CA,US,03/22/2025,Non-Prime
AMA-C5970,Emma Patel,emma.patel966@example.com,Boston,MA,US,2022-08-16,Non-Prime
AMA-C6523, Noah Smith ,noah.smith210@example.com,Atlanta,GA,US,02/22/2022,Non-Prime
AMA-C3154,Noah Davis,noah.davis786@example.com,Chicago,IL,US,28-Jan-2025,Non-Prime
AMA-C8037,John Müller,john.müller883@example.com,Chicago,IL,US,17-Sep-2021,Non-Prime
AMA-C4212,Ken Davis,ken.davis47@example.com,Boston,MA,US,15-Aug-2022,Prime
AMA-C7807,Ava Rossi,ava.rossi225@example.com,Los Angeles,CA,US,10/29/2025,Non-Prime
AMA-C1162,Aditya Patel,aditya.patel568@example.com,Miami,FL,US,2025-01-20,Prime
AMA-C7663,Yuki Rossi,yuki.rossi654@example.com,Seattle,WA,US,2022-05-14,Prime
AMA-C4283,Ben Chen,ben.chen61@example.com,Atlanta,GA,US,2025-12-24,Non-Prime
AMA-C6398,Ava Brown,ava.brown980@example.com,Boston,MA,US,20-Nov-2025,Prime Student
AMA-C2455,John Kim,john.kim778@example.com,Denver,CO,US,2023-01-15,Prime Student
AMA-C10420,Maria Garcia,maria.garcia541@example.com,phoenix,AZ,US,2022-09-11,Prime
AMA-C6022,Sofia Tanaka,,Seattle,WA,US,2024-05-31,Prime
AMA-C2771,Sara Kumar,sara.kumar463@example.com,HOUSTON,TX,US,14-Mar-2023,Non-Prime
AMA-C3099,MICHAEL KHAN,michael.khan42@example.com,Denver,CO,US,08-Mar-2022,Non-Prime
AMA-C3119,Olivia Johnson,olivia.johnson502@example.com,Houston,TX,US,2025-08-14,Prime
AMA-C9641,Carlos Johnson,carlos.johnson477@example.com,Boston,MA,US,09/15/2025,Prime
AMA-C6866,Yuki Suzuki,yuki.suzuki963@example.com,Los Angeles,CA,US,03/04/2022,Prime
AMA-C3438,Wei Rossi,wei.rossi996@example.com,seattle,WA,US,04/02/2021,Non-Prime
AMA-C10726,rahul smith,rahul.smith421@example.com,Chicago,IL,US,2024-05-14,Prime
AMA-C4014,John Kim,john.kim413@example.com,Phoenix,AZ,US,05/13/2021,Prime Student
AMA-C3066,Ben Tanaka,ben.tanaka310@example.com,Seattle,WA,US,05/04/2025,Non-Prime
AMA-C4287, Emma Rossi ,emma.rossi219@example.com,PHOENIX,AZ,US,15-Oct-2025,Prime
AMA-C8210,Yuki Brown,yuki.brown638@example.com,Boston,MA,US,03-Sep-2022,
AMA-C1384,David Kumar,david.kumar663@example.com,Phoenix,AZ,US,26-Sep-2021,Prime Student
AMA-C3475,Sofia Sharma,sofia.sharma851@example.com,Atlanta,GA,US,12/05/2021,Prime Student
AMA-C1082,SARA PATEL,sara.patel734@example.com,Phoenix,AZ,US,09-Mar-2025,Non-Prime
AMA-C7631,Aarav Yamada,aarav.yamada85@example.com,Los Angeles,CA,US,09-Mar-2023,Prime Student
AMA-C10580,ZOE TANAKA,zoe.tanaka954@example.com,Seattle,WA,US,2025-08-03,Non-Prime
AMA-C5399,Noah Wilson,noah.wilson718@example.com,Seattle,WA,US,2023-04-09,Non-Prime
AMA-C9432,Priya Patel,,Phoenix,AZ,US,17-Dec-2024,Prime Student
AMA-C1108,YUKI TANAKA,yuki.tanaka270@example.com,Houston,TX,US,2024-04-27,Non-Prime
AMA-C5021,Fatima Brown,fatima.brown719@example.com,Miami,FL,US,03/02/2023,Non-Prime
AMA-C9856,David Patel,david.patel351@example.com,seattle,WA,US,2024-11-13,Prime Student
AMA-C5992,Emma Kumar,emma.kumar226 at example.com,Houston,TX,US,05/26/2022,Prime
AMA-C8556,Priya Khan,priya.khan710@example.com,Denver,CO,US,13-Aug-2022,Prime
AMA-C8189,Priya Garcia,priya.garcia832@example.com,Boston,MA,US,2025-07-19,Prime
AMA-C8577,Fatima Sharma,fatima.sharma558@example.com,chicago,IL,US,17-Nov-2024,Prime
AMA-C5499,John Sharma,john.sharma894@example.com,New York,NY,US,06-Jun-2023,Prime Student
AMA-C4449,Emma Anderson,,Chicago,IL,US,24-Oct-2023,Prime Student
AMA-C8205,ken sharma,ken.sharma105@example.com,Atlanta,GA,US,2021-01-15,Prime Student
AMA-C7814,Ava Wang,,Boston,MA,US,08/23/2025,Prime Student
AMA-C7995,Yuki Khan,yuki.khan939@example.com,Chicago,IL,US,15-Jun-2022,Prime
AMA-C7898,Priya Davis,priya.davis245@example.com,Chicago,IL,US,10/11/2025,Prime
AMA-C6928,Li Wang,li.wang28@example.com,Denver,CO,US,03/25/2025,Non-Prime
AMA-C4088,Michael Wilson,michael.wilson189@example.com,LOS ANGELES,CA,US,11-Sep-2025,Prime Student
AMA-C1118,David Singh,david.singh521@example.com,Boston,MA,US,12/24/2021,Prime
AMA-C1289,John Singh,john.singh497@example.com,Los Angeles,CA,US,14-Sep-2025,Non-Prime
AMA-C3463, Zoe Martin ,,Boston,MA,US,2023-11-14,
AMA-C8373,Aditya Kumar,aditya.kumar297@example.com,Atlanta,GA,US,2022-10-15,Prime Student
AMA-C2437,Sara Müller,sara.müller634@example.com,Atlanta,GA,US,26-Jul-2021,Prime
AMA-C1295,Michael Suzuki,michael.suzuki834@example.com,Los Angeles,CA,US,03-Jan-2023,Prime Student
AMA-C10791,chen singh,chen.singh530@example.com,Seattle,WA,US,04/11/2024,Prime
AMA-C3672,James Anderson,james.anderson382@example.com,Houston,TX,US,07/13/2025,Prime Student
AMA-C9531,Chen Garcia,chen.garcia254@example.com,Atlanta,GA,US,13-Feb-2022,Non-Prime
AMA-C2387,Wei Yamada,wei.yamada482@example.com,Houston,TX,US,12-May-2025,Non-Prime
AMA-C4424,FATIMA SMITH,fatima.smith717@example.com,Miami,FL,US,2021-07-15,Non-Prime
AMA-C8591,Noah Yamada,noah.yamada148@example.com,Houston,TX,US,01/08/2023,Prime
AMA-C3835,Emma Smith,emma.smith238@example.com,Phoenix,AZ,US,2025-08-03,Prime
AMA-C4410,li tanaka,li.tanaka11@example.com,chicago,IL,US,05/24/2021,Prime Student
AMA-C9301,Priya Smith,priya.smith670@example.com,Chicago,IL,US,27-Aug-2024,Prime
AMA-C1759,Emma Brown,emma.brown119@example.com,Miami,FL,US,21-Mar-2024,Non-Prime
AMA-C2175,Michael Rossi,michael.rossi736@example.com,Chicago,IL,US,15-May-2022,Prime Student
AMA-C1815, Priya Rossi ,priya.rossi670@example.com,Atlanta,GA,US,2022-07-22,Prime
AMA-C9031,John Patel,john.patel571 at example.com,chicago,IL,US,06/03/2023,Prime
AMA-C1672,Mohammed Wilson,mohammed.wilson502@example.com,New York,NY,US,20-Jan-2022,Non-Prime
AMA-C10153,John Rossi,john.rossi852@example.com,Phoenix,AZ,US,11/19/2021,Non-Prime
AMA-C3069,Priya Wilson,priya.wilson998@example.com,Atlanta,GA,US,2023-10-14,Non-Prime
AMA-C5228,Chen Kumar,chen.kumar764@example.com,Los Angeles,CA,US,2022-05-18,Prime
AMA-C9070,Olivia Kim,olivia.kim718@example.com,Seattle,WA,US,02-Apr-2022,
AMA-C7386,Ben Johnson,ben.johnson294@example.com,Denver,CO,US,2024-02-21,Non-Prime
AMA-C2481,FATIMA DAVIS,,MIAMI,FL,US,07-Apr-2025,Prime
AMA-C4130,Zoe Brown,zoe.brown364@example.com,Boston,MA,US,2022-08-12,Prime Student
AMA-C10003,Mohammed Suzuki,mohammed.suzuki883@example.com,PHOENIX,AZ,US,2022-02-27,Prime
AMA-C5734,john khan,john.khan366@example.com,Miami,FL,US,10-Oct-2022,Prime
AMA-C2793,VIVAAN SUZUKI,vivaan.suzuki570@example.com,Miami,FL,US,2023-01-24,Prime Student
AMA-C3448,EMMA DAVIS,emma.davis379@example.com,New York,NY,US,06-Sep-2025,Prime
AMA-C1645,Zoe Garcia,zoe.garcia21@example.com,Miami,FL,US,2025-03-22,Prime
AMA-C9783,Aarav Patel,aarav.patel458@example.com,Miami,FL,US,10/22/2021,Non-Prime
AMA-C10322,Anna Singh,anna.singh991@example.com,Houston,TX,US,2023-04-26,Non-Prime
AMA-C6815,Yuki Müller,yuki.müller401@example.com,CHICAGO,IL,US,2022-10-08,Prime Student
AMA-C1923,Yuki Tanaka,yuki.tanaka38@example.com,New York,NY,US,09/25/2023,Prime
AMA-C2183,Anna Sharma,anna.sharma112@example.com,Atlanta,GA,US,2023-11-18,Prime Student
AMA-C5446, Ben Sharma ,ben.sharma499@example.com,Denver,CO,US,04/29/2023,Prime
AMA-C5625,Zoe Chen,zoe.chen731@example.com,Boston,MA,US,2022-04-23,Prime Student
AMA-C6366,ZOE MÜLLER,zoe.müller749@example.com,Los Angeles,CA,US,05/01/2025,Prime Student
AMA-C10291,Chen Martin,,Phoenix,AZ,US,09-Feb-2024,Non-Prime
AMA-C9908,liam wang,liam.wang344@example.com,New York,NY,US,08/31/2021,Non-Prime
AMA-C2422,James Davis,james.davis251@example.com,chicago,IL,US,2023-10-15,Prime Student
AMA-C4257,Zoe Garcia,zoe.garcia427@example.com,Atlanta,GA,US,2023-11-28,Prime Student
AMA-C10478,Zoe Tanaka,zoe.tanaka767@example.com,Chicago,IL,US,2022-05-06,Prime Student
AMA-C8777,Maria Kumar,maria.kumar884@example.com,Los Angeles,CA,US,06-Nov-2024,Non-Prime
AMA-C3991,Mohammed Chen,mohammed.chen821@example.com,Atlanta,GA,US,07-Feb-2022,
AMA-C5969,Ben Wang,ben.wang264@example.com,Boston,MA,US,2023-11-02,Prime Student
AMA-C4821,Ava Rossi,,New York,NY,US,05-Feb-2023,Prime
AMA-C3389,OLIVIA SINGH,olivia.singh63@example.com,Denver,CO,US,30-Apr-2021,Prime
AMA-C5978,Ben Yamada,ben.yamada549@example.com,New York,NY,US,03/25/2022,Non-Prime
AMA-C7302,Priya Müller,priya.müller929@example.com,atlanta,GA,US,2022-02-08,Prime
AMA-C10713,Chen Kumar,chen.kumar458@example.com,los angeles,CA,US,11-Mar-2025,Non-Prime
AMA-C1091,Aditya Chen,aditya.chen183@example.com,atlanta,GA,US,09-Nov-2025,Prime Student
AMA-C10103,Anna Davis,anna.davis198@example.com,Boston,MA,US,05-Dec-2025,Prime
AMA-C8711, Li Smith ,li.smith525@example.com,New York,NY,US,03/25/2025,Non-Prime
AMA-C10737,Chen Wang,chen.wang603@example.com,Denver,CO,US,02/19/2024,Non-Prime
AMA-C10093,MICHAEL DAVIS,michael.davis19@example.com,Phoenix,AZ,US,2021-09-20,
AMA-C1823,Sofia Johnson,sofia.johnson410@example.com,Los Angeles,CA,US,06/30/2021,
AMA-C6019,KEN BROWN,ken.brown644 at example.com,Los Angeles,CA,US,11/30/2022,Prime Student
AMA-C8592,Maria Anderson,maria.anderson186@example.com,Denver,CO,US,2023-06-04,Non-Prime
AMA-C4907, Sara Brown ,sara.brown102@example.com,SEATTLE,WA,US,04/07/2023,Prime
AMA-C7901,Anna Smith,,seattle,WA,US,25-Feb-2022,Prime
AMA-C5244,Anna Tanaka,anna.tanaka236@example.com,Chicago,IL,US,08/11/2023,Non-Prime
AMA-C7144,NOAH MÜLLER,noah.müller369@example.com,Miami,FL,US,2025-05-07,Prime Student
AMA-C10151,Maria Martin,maria.martin978@example.com,Chicago,IL,US,03/05/2022,Prime
AMA-C7364,Zoe Wilson,zoe.wilson855@example.com,MIAMI,FL,US,2024-10-24,Non-Prime
AMA-C10021,Priya Kumar,priya.kumar795@example.com,Boston,MA,US,2022-04-13,
AMA-C2497,Ben Johnson,ben.johnson192@example.com,Denver,CO,US,01-Jul-2025,Non-Prime
AMA-C1980,Aarav Kumar,aarav.kumar518@example.com,Los Angeles,CA,US,2023-07-04,Prime Student
AMA-C5948,Anna Rossi,anna.rossi276@example.com,Denver,CO,US,17-Dec-2021,Non-Prime
AMA-C8232,Ken Yamada,ken.yamada695@example.com,Phoenix,AZ,US,06/07/2022,Prime Student
AMA-C9824,Yuki Rossi,yuki.rossi879@example.com,Phoenix,AZ,US,01/20/2023,
AMA-C3311,Noah Smith,noah.smith312@example.com,Denver,CO,US,07/27/2023,Prime Student
AMA-C7300,Mohammed Chen,mohammed.chen397@example.com,Houston,TX,US,27-Dec-2023,Prime Student
AMA-C10820,John Brown,,HOUSTON,TX,US,2023-04-23,Prime Student
AMA-C7117,John Rossi,john.rossi661@example.com,Denver,CO,US,2024-01-23,
AMA-C5401,Priya Wilson,priya.wilson229@example.com,Denver,CO,US,2022-09-01,Prime
AMA-C4576,MICHAEL WANG,michael.wang287@example.com,Boston,MA,US,07/05/2025,Non-Prime
AMA-C3732,emma garcia,emma.garcia568@example.com,Boston,MA,US,13-Jun-2023,Prime
AMA-C2488,John Rossi,john.rossi146@example.com,Houston,TX,US,03/12/2022,Prime
AMA-C7189,Fatima Müller,fatima.müller282@example.com,Houston,TX,US,25-Dec-2022,Non-Prime
AMA-C10786,Sara Rossi,sara.rossi396@example.com,Miami,FL,US,02/10/2025,Non-Prime
AMA-C9905,Li Davis,li.davis689@example.com,Los Angeles,CA,US,2021-04-08,Non-Prime
AMA-C8804,Noah Martin,noah.martin830@example.com,Los Angeles,CA,US,11/04/2021,Prime Student
AMA-C2597,Zoe Smith,zoe.smith346@example.com,Los Angeles,CA,US,2023-03-27,Prime Student
AMA-C5724,Emma Patel,emma.patel42@example.com,Los Angeles,CA,US,2024-02-03,Prime
AMA-C5907,Sofia Wilson,sofia.wilson358@example.com,New York,NY,US,2021-05-24,Non-Prime
AMA-C6790,Noah Johnson,,Seattle,WA,US,2021-08-01,Prime
AMA-C1950,Liam Tanaka,liam.tanaka257@example.com,Houston,TX,US,2025-04-14,Prime Student
AMA-C3304,Olivia Martin,olivia.martin838@example.com,Denver,CO,US,05-Feb-2023,Non-Prime
AMA-C10238,Fatima Sharma,fatima.sharma946@example.com,New York,NY,US,08/05/2022,Prime
AMA-C4266,Vivaan Wilson,vivaan.wilson492@example.com,New York,NY,US,04/09/2022,Prime
AMA-C2493,Ken Chen,ken.chen817@example.com,Seattle,WA,US,26-Dec-2025,Non-Prime
AMA-C7108, Rahul Garcia ,rahul.garcia882@example.com,Los Angeles,CA,US,2022-03-25,Non-Prime
AMA-C5225,Sofia Suzuki,sofia.suzuki503@example.com,Chicago,IL,US,22-Jul-2021,Prime
AMA-C8270,Carlos Kim,carlos.kim463@example.com,los angeles,CA,US,26-Nov-2024,Non-Prime
AMA-C5177,Liam Kumar,liam.kumar772@example.com,Chicago,IL,US,03/22/2024,Prime
AMA-C10810,michael garcia,,CHICAGO,IL,US,05/31/2024,Prime Student
AMA-C7833,Yuki Chen,,Miami,FL,US,2021-02-19,Prime
AMA-C4625,Priya Kim,priya.kim505@example.com,Los Angeles,CA,US,2022-12-28,Non-Prime
AMA-C10682,Emma Chen,emma.chen998@example.com,houston,TX,US,09/17/2021,Non-Prime
AMA-C5700,EMMA SUZUKI,emma.suzuki699 at example.com,Los Angeles,CA,US,18-Sep-2022,
AMA-C2636,Vivaan Smith,vivaan.smith188@example.com,chicago,IL,US,08/07/2024,Non-Prime
AMA-C10566,Aditya Garcia,aditya.garcia930@example.com,Miami,FL,US,08-Jan-2024,Non-Prime
AMA-C10597,Carlos Lee,carlos.lee291@example.com,New York,NY,US,2023-01-26,
AMA-C5041,Michael Yamada,michael.yamada533@example.com,Denver,CO,US,2023-10-07,Non-Prime
AMA-C1505,Ken Wilson,ken.wilson509@example.com,Atlanta,GA,US,19-Oct-2021,Prime Student
AMA-C9288,fatima smith,fatima.smith418@example.com,Boston,MA,US,2022-11-26,Prime
AMA-C9672,Sara Wang,sara.wang714@example.com,denver,CO,US,02/24/2021,Prime
AMA-C1203, John Garcia ,john.garcia858@example.com,Phoenix,AZ,US,02/06/2021,Prime Student
AMA-C6423,emma suzuki,emma.suzuki140 at example.com,Houston,TX,US,09/15/2021,Non-Prime
AMA-C10245,Sofia Tanaka,sofia.tanaka474@example.com,Los Angeles,CA,US,2024-01-08,Prime Student
AMA-C1662,FATIMA MÜLLER,fatima.müller204@example.com,Seattle,WA,US,05/16/2025,Non-Prime
AMA-C6426,Noah Brown,noah.brown576@example.com,Los Angeles,CA,US,07/30/2022,Prime Student
AMA-C6153,Olivia Tanaka,olivia.tanaka500@example.com,Atlanta,GA,US,2023-05-01,Non-Prime
AMA-C3548,Emma Martin,emma.martin107@example.com,Chicago,IL,US,07/03/2023,Prime
AMA-C8938,Sofia Chen,sofia.chen629@example.com,Phoenix,AZ,US,20-Feb-2022,Non-Prime
AMA-C2630,Zoe Anderson,zoe.anderson324@example.com,New York,NY,US,12-Feb-2025,Prime Student
AMA-C8692,Zoe Suzuki,zoe.suzuki387@example.com,denver,CO,US,05/31/2024,Prime Student
AMA-C4050,Olivia Singh,,Denver,CO,US,06/19/2023,Prime Student
AMA-C5206,Noah Wang,noah.wang144@example.com,Denver,CO,US,2022-07-14,Non-Prime
AMA-C7654,Carlos Johnson,carlos.johnson87@example.com,Los Angeles,CA,US,14-Feb-2023,Prime Student
AMA-C8381,Ken Sharma,ken.sharma383@example.com,Phoenix,AZ,US,2022-07-29,Prime
AMA-C1267,Rahul Singh,rahul.singh673@example.com,Seattle,WA,US,2023-09-12,Non-Prime
AMA-C4922,Noah Brown,noah.brown400@example.com,Miami,FL,US,03/02/2024,Prime Student
AMA-C7707,CHEN SHARMA,chen.sharma333@example.com,atlanta,GA,US,2022-11-23,
AMA-C5556,emma lee,emma.lee829@example.com,Miami,FL,US,2025-09-07,Prime Student
AMA-C5356,BEN GARCIA,ben.garcia591@example.com,Denver,CO,US,03/09/2023,Prime Student
AMA-C3193,Aditya Brown,aditya.brown911@example.com,Atlanta,GA,US,2021-02-21,Prime
AMA-C1440,Li Martin,li.martin155@example.com,Houston,TX,US,2025-10-28,Prime Student
AMA-C5676,Li Smith,li.smith585@example.com,Denver,CO,US,2024-04-20,Prime
AMA-C2870,Fatima Sharma,fatima.sharma17@example.com,Chicago,IL,US,2025-01-22,Prime
AMA-C2470, Aditya Anderson ,aditya.anderson849@example.com,Atlanta,GA,US,12-Oct-2024,Non-Prime
AMA-C8072,Anna Anderson,anna.anderson867@example.com,Seattle,WA,US,10/03/2025,Prime Student
AMA-C7687,LIAM TANAKA,liam.tanaka655@example.com,Boston,MA,US,03/31/2025,Prime
AMA-C9313,Anna Brown,,Seattle,WA,US,30-May-2023,Prime Student
AMA-C6094,Maria Kim,,Chicago,IL,US,2022-03-13,Prime
AMA-C4548,Vivaan Tanaka,vivaan.tanaka20@example.com,Miami,FL,US,16-Jul-2024,Prime
AMA-C5392,Emma Garcia,emma.garcia103@example.com,Seattle,WA,US,07/22/2022,Non-Prime
AMA-C2896,ZOE YAMADA,zoe.yamada885@example.com,BOSTON,MA,US,2025-05-27,Prime Student
AMA-C9915,Aarav Smith,aarav.smith876@example.com,DENVER,CO,US,2023-03-02,Prime Student
AMA-C4038,Wei Kim,wei.kim192@example.com,BOSTON,MA,US,06/29/2021,Prime Student
AMA-C3379,WEI DAVIS,wei.davis197@example.com,New York,NY,US,2025-08-22,Non-Prime
AMA-C1696, Li Smith ,li.smith843@example.com,Houston,TX,US,08/12/2021,Prime Student
AMA-C7451,Sofia Lee,sofia.lee961@example.com,Boston,MA,US,2024-01-19,Prime
AMA-C1370,Liam Rossi,liam.rossi525@example.com,Phoenix,AZ,US,03/19/2025,Prime Student
AMA-C10450,Olivia Chen,olivia.chen545@example.com,New York,NY,US,2025-11-25,Prime Student
AMA-C7636,Priya Wang,priya.wang920@example.com,Houston,TX,US,09-Aug-2021,Prime Student
AMA-C6782,Rahul Anderson,rahul.anderson233@example.com,Los Angeles,CA,US,05/12/2021,Prime Student
AMA-C9305,Zoe Yamada,zoe.yamada5@example.com,Denver,CO,US,12/16/2023,Prime
AMA-C5778,Aditya Yamada,aditya.yamada348@example.com,Los Angeles,CA,US,2022-09-04,Prime
AMA-C9430,Sara Wang,sara.wang461@example.com,Denver,CO,US,07/04/2024,Non-Prime
AMA-C9410,yuki garcia,yuki.garcia237@example.com,Miami,FL,US,2023-07-16,Non-Prime
AMA-C4233,Yuki Brown,yuki.brown405@example.com,Seattle,WA,US,05-Feb-2025,Prime Student
AMA-C8814,Anna Patel,anna.patel130@example.com,Denver,CO,US,18-Jul-2025,Prime Student
AMA-C7264,Ben Patel,ben.patel605@example.com,LOS ANGELES,CA,US,04/28/2023,Non-Prime
AMA-C5043,Aditya Tanaka,aditya.tanaka505@example.com,Miami,FL,US,2023-05-22,Non-Prime
AMA-C6626,LIAM SUZUKI,,Phoenix,AZ,US,2022-04-12,Prime Student
AMA-C6769,Zoe Smith,zoe.smith403@example.com,Seattle,WA,US,2021-09-28,Prime Student
AMA-C6281,JOHN ROSSI,john.rossi738@example.com,Houston,TX,US,2021-08-25,Prime
AMA-C1509,Zoe Patel,zoe.patel780@example.com,Chicago,IL,US,2023-05-27,Non-Prime
AMA-C7573,ben patel,ben.patel105@example.com,Los Angeles,CA,US,2025-12-17,Prime
AMA-C6756,Anna Patel,anna.patel968@example.com,Miami,FL,US,2023-11-09,Prime Student
AMA-C9261,Emma Müller,emma.müller391@example.com,Miami,FL,US,2025-08-03,Prime Student
AMA-C10938,JOHN ANDERSON,john.anderson406@example.com,Atlanta,GA,US,12-Jan-2022,Non-Prime
AMA-C1663,Yuki Brown,yuki.brown375@example.com,Chicago,IL,US,2022-03-11,Prime
AMA-C7931,Ken Martin,ken.martin679@example.com,Seattle,WA,US,2023-03-11,Prime Student
AMA-C10590,JAMES SHARMA,james.sharma547@example.com,Seattle,WA,US,09/14/2024,Prime Student
AMA-C2219,John Singh,john.singh346@example.com,Atlanta,GA,US,11/04/2021,Prime Student
AMA-C4834,Zoe Khan,,Miami,FL,US,04/15/2024,Prime
AMA-C8685,SOFIA MÜLLER,sofia.müller854@example.com,ATLANTA,GA,US,09-Feb-2023,Prime Student
AMA-C9491,Noah Martin,noah.martin362@example.com,Phoenix,AZ,US,04-Oct-2023,Non-Prime
AMA-C7273,AARAV TANAKA,aarav.tanaka470@example.com,Denver,CO,US,2025-10-17,Non-Prime
AMA-C7770,Rahul Kim,rahul.kim114@example.com,Denver,CO,US,14-Nov-2022,Non-Prime
AMA-C10001,Ken Davis,ken.davis644@example.com,phoenix,AZ,US,01-Oct-2025,Prime
AMA-C4067,Yuki Rossi,yuki.rossi317@example.com,Houston,TX,US,19-Aug-2023,Prime Student
AMA-C7724,Maria Brown,,Miami,FL,US,12/10/2023,Prime Student
AMA-C7132,Carlos Garcia,carlos.garcia864@example.com,Boston,MA,US,24-Jan-2021,Prime
AMA-C1431,li khan,li.khan123@example.com,seattle,WA,US,20-May-2021,Non-Prime
AMA-C10993,Emma Anderson,emma.anderson463@example.com,Houston,TX,US,2021-12-04,Prime
AMA-C6789,SARA KUMAR,sara.kumar827@example.com,Seattle,WA,US,12/05/2023,Non-Prime
AMA-C6065,Wei Lee,wei.lee963@example.com,Los Angeles,CA,US,02-Jun-2022,Prime Student
AMA-C3017,FATIMA SMITH,fatima.smith991@example.com,Houston,TX,US,2021-01-21,Prime Student
AMA-C6980,Sara Müller,sara.müller121@example.com,Denver,CO,US,2025-03-20,Prime
AMA-C9819,Chen Sharma,chen.sharma823@example.com,Seattle,WA,US,2021-07-04,Prime Student
AMA-C9553,Anna Smith,anna.smith820@example.com,Miami,FL,US,06-Feb-2023,Prime Student
AMA-C6485,Chen Chen,chen.chen198@example.com,Houston,TX,US,06/19/2022,Prime Student
AMA-C10431,Vivaan Davis,vivaan.davis380@example.com,Los Angeles,CA,US,2023-04-11,Prime
AMA-C2765,Fatima Khan,fatima.khan544@example.com,PHOENIX,AZ,US,05/09/2021,Non-Prime
AMA-C1127,ben yamada,ben.yamada770@example.com,Los Angeles,CA,US,17-Aug-2025,Prime
AMA-C10062,James Patel,james.patel288@example.com,Chicago,IL,US,28-Jan-2022,Non-Prime
AMA-C6710,Priya Wilson,priya.wilson557@example.com,Boston,MA,US,2021-01-28,
AMA-C5838,Chen Smith,chen.smith607@example.com,Seattle,WA,US,2021-05-12,Prime Student
AMA-C10305,OLIVIA TANAKA,olivia.tanaka126@example.com,New York,NY,US,10-Jun-2024,
AMA-C7244,John Brown,john.brown436@example.com,Boston,MA,US,02-Jun-2021,Prime
AMA-C9913,Mohammed Kim,mohammed.kim371 at example.com,New York,NY,US,29-May-2021,Non-Prime
AMA-C6335,Aarav Rossi,aarav.rossi421@example.com,Boston,MA,US,03-Oct-2024,Prime Student
AMA-C10234,Ava Sharma,ava.sharma68@example.com,Houston,TX,US,07/22/2023,Prime
AMA-C5104,wei anderson,,Denver,CO,US,21-May-2021,Prime Student
AMA-C1214,Fatima Müller,fatima.müller560@example.com,Houston,TX,US,2023-11-16,Prime
AMA-C7737,Yuki Sharma,yuki.sharma154@example.com,Chicago,IL,US,10/29/2023,Prime
AMA-C5379,Noah Suzuki,noah.suzuki309 at example.com,Denver,CO,US,08/03/2021,Non-Prime
AMA-C7204,Vivaan Wang,vivaan.wang475@example.com,Miami,FL,US,25-Feb-2023,Prime
AMA-C9589,Wei Brown,wei.brown375@example.com,Miami,FL,US,29-Jan-2021,
AMA-C8580,Mohammed Khan,mohammed.khan799@example.com,Miami,FL,US,10/25/2024,
AMA-C4518,MARIA TANAKA,,chicago,IL,US,2022-05-06,Non-Prime
AMA-C3901,Maria Davis,maria.davis144@example.com,chicago,IL,US,2023-04-18,Prime
AMA-C6227,Yuki Patel,yuki.patel999@example.com,New York,NY,US,19-Nov-2022,Prime Student
AMA-C8133,zoe chen,zoe.chen149@example.com,PHOENIX,AZ,US,22-Jul-2024,Non-Prime
AMA-C9101,PRIYA MARTIN,priya.martin725@example.com,Boston,MA,US,2025-11-09,Prime
AMA-C7961,LI KIM,li.kim762@example.com,Phoenix,AZ,US,05/06/2023,Non-Prime
AMA-C8941,Rahul Suzuki,rahul.suzuki937 at example.com,Denver,CO,US,2022-03-31,Prime Student
AMA-C7347,Anna Smith,,Atlanta,GA,US,2025-02-22,Prime
AMA-C8094,Ben Kim,ben.kim786@example.com,New York,NY,US,2024-09-15,Prime Student
AMA-C2204,Olivia Anderson,olivia.anderson750@example.com,Denver,CO,US,11/21/2025,Prime
AMA-C5957,Noah Garcia,noah.garcia938@example.com,Denver,CO,US,2025-11-20,Non-Prime
AMA-C1966,Ben Sharma,ben.sharma194@example.com,Houston,TX,US,22-Jul-2025,Prime
AMA-C4406,John Wang,john.wang594@example.com,Los Angeles,CA,US,24-Jun-2022,Non-Prime
AMA-C1536,Noah Brown,noah.brown246 at example.com,DENVER,CO,US,2021-07-07,Prime
AMA-C9833,Fatima Brown,,Chicago,IL,US,12/22/2025,Prime
AMA-C2368,ben lee,ben.lee882@example.com,Boston,MA,US,11/27/2024,Non-Prime
AMA-C9003,DAVID DAVIS,david.davis899@example.com,Seattle,WA,US,2023-06-30,Non-Prime
AMA-C10465,Olivia Singh,olivia.singh85@example.com,New York,NY,US,07-Jan-2023,Non-Prime
AMA-C3935,maria kim,maria.kim925@example.com,New York,NY,US,14-Jul-2023,Non-Prime
AMA-C3946,Ken Yamada,ken.yamada513@example.com,Phoenix,AZ,US,03/18/2022,Prime
AMA-C5438,KEN SUZUKI,ken.suzuki799@example.com,denver,CO,US,2023-06-08,Non-Prime
AMA-C9588,Fatima Yamada,fatima.yamada846@example.com,Phoenix,AZ,US,18-Mar-2021,Non-Prime
AMA-C7605,Zoe Tanaka,zoe.tanaka882@example.com,Denver,CO,US,01/17/2025,Non-Prime
AMA-C1821,maria lee,maria.lee240@example.com,Houston,TX,US,20-Sep-2025,Non-Prime
AMA-C7836,chen müller,chen.müller820 at example.com,Chicago,IL,US,2025-04-16,
AMA-C1973,David Davis,david.davis807@example.com,Los Angeles,CA,US,11/08/2024,Non-Prime
AMA-C1239,Sofia Garcia,sofia.garcia645@example.com,Miami,FL,US,02/11/2023,Non-Prime
AMA-C9406,Priya Anderson,priya.anderson134@example.com,Atlanta,GA,US,05/15/2025,Non-Prime
AMA-C2701,Chen Smith,chen.smith672@example.com,Denver,CO,US,2024-10-18,Prime
AMA-C6660,Priya Davis,priya.davis366@example.com,Chicago,IL,US,2023-06-21,Prime
AMA-C5596,Wei Garcia,,Miami,FL,US,29-Feb-2024,Prime
AMA-C2712,Ava Suzuki,ava.suzuki611@example.com,Houston,TX,US,24-Apr-2025,Prime Student
AMA-C4429,Zoe Anderson,zoe.anderson869 at example.com,Los Angeles,CA,US,2021-11-12,Non-Prime
AMA-C6133,Li Rossi,li.rossi300@example.com,Denver,CO,US,08-Jul-2022,Prime Student
AMA-C10166,Carlos Anderson,carlos.anderson628@example.com,Seattle,WA,US,11/03/2021,Non-Prime
AMA-C6950,Li Garcia,li.garcia75@example.com,Phoenix,AZ,US,11-Mar-2021,Prime
AMA-C8181,Ava Singh,ava.singh220@example.com,Denver,CO,US,27-Aug-2021,Non-Prime
AMA-C10518,Carlos Johnson,carlos.johnson459@example.com,Los Angeles,CA,US,07/06/2021,Prime Student
AMA-C3289,James Müller,james.müller839@example.com,Boston,MA,US,2023-05-20,Prime Student
AMA-C9160,noah smith,noah.smith991@example.com,Denver,CO,US,2024-05-19,Prime Student
AMA-C5835,Mohammed Kim,mohammed.kim449@example.com,denver,CO,US,2022-08-13,Prime
AMA-C2610,James Lee,james.lee238@example.com,Atlanta,GA,US,2023-01-16,Prime Student
AMA-C9828, Sofia Suzuki ,sofia.suzuki319@example.com,Atlanta,GA,US,07-Mar-2021,Prime
AMA-C9200,James Anderson,,Boston,MA,US,04/05/2024,Non-Prime
AMA-C6570,Priya Khan,priya.khan666@example.com,Atlanta,GA,US,12/11/2024,Non-Prime
AMA-C1063, Mohammed Tanaka ,mohammed.tanaka404@example.com,Atlanta,GA,US,10/01/2024,Prime
AMA-C9001,sofia johnson,sofia.johnson611@example.com,Seattle,WA,US,06-Jan-2021,Prime Student
AMA-C1619,fatima rossi,fatima.rossi48@example.com,DENVER,CO,US,2025-06-13,
AMA-C10629,Michael Chen,,Denver,CO,US,12/18/2023,Prime Student
AMA-C4716,Emma Suzuki,emma.suzuki923@example.com,Phoenix,AZ,US,11/21/2022,Prime Student
AMA-C1955,MOHAMMED BROWN,mohammed.brown887@example.com,SEATTLE,WA,US,12/20/2023,Non-Prime
AMA-C7657,Chen Johnson,chen.johnson645@example.com,Phoenix,AZ,US,19-Jul-2022,
AMA-C4430,Rahul Chen,rahul.chen273@example.com,CHICAGO,IL,US,2024-04-15,Non-Prime
AMA-C8743,James Suzuki,james.suzuki4 at example.com,Phoenix,AZ,US,09-Nov-2025,Prime
AMA-C8198,ava wang,ava.wang141@example.com,miami,FL,US,07/13/2021,Prime
AMA-C1428,Vivaan Johnson,vivaan.johnson273@example.com,Houston,TX,US,05/20/2021,Non-Prime
AMA-C4024,Li Tanaka,li.tanaka691@example.com,New York,NY,US,06-Nov-2021,Non-Prime
AMA-C3151,Yuki Kumar,yuki.kumar178@example.com,Seattle,WA,US,28-Apr-2021,Non-Prime
AMA-C9021, Carlos Martin ,carlos.martin596@example.com,Phoenix,AZ,US,2023-03-14,Non-Prime
AMA-C2945,Sofia Singh,,New York,NY,US,2023-06-19,Prime Student
AMA-C3789,Liam Yamada,liam.yamada121@example.com,Seattle,WA,US,2021-06-22,Non-Prime
AMA-C7658,John Lee,john.lee771@example.com,Miami,FL,US,2022-04-01,Prime
AMA-C6585, Liam Kim ,liam.kim552@example.com,Boston,MA,US,11/10/2025,Non-Prime
AMA-C10134,Noah Khan,noah.khan46@example.com,Chicago,IL,US,05/04/2021,Non-Prime
AMA-C7396,Aditya Yamada,aditya.yamada700@example.com,Denver,CO,US,08/20/2024,Prime Student
AMA-C4908,Vivaan Yamada,vivaan.yamada138@example.com,Chicago,IL,US,12/14/2021,Prime Student
AMA-C4862,Noah Garcia,noah.garcia88@example.com,Denver,CO,US,10-May-2025,Non-Prime
AMA-C8787, Sara Lee ,sara.lee860@example.com,Houston,TX,US,04-Nov-2022,Prime
AMA-C8564,anna garcia,anna.garcia421@example.com,Atlanta,GA,US,06/15/2025,Prime Student
AMA-C2098,Anna Singh,anna.singh530@example.com,Phoenix,AZ,US,2023-06-10,Prime Student
AMA-C5198,Noah Chen,noah.chen756@example.com,Phoenix,AZ,US,2025-07-23,Prime Student
AMA-C1368,Aditya Suzuki,aditya.suzuki455@example.com,Boston,MA,US,11/10/2022,Non-Prime
AMA-C10257,Sofia Martin,sofia.martin295@example.com,Los Angeles,CA,US,03-Jul-2021,Prime
AMA-C4137,Yuki Anderson,,Chicago,IL,US,12/24/2021,Prime
AMA-C9084,Liam Suzuki,liam.suzuki195@example.com,Seattle,WA,US,01/01/2021,Non-Prime
AMA-C4972,Noah Müller,noah.müller18@example.com,boston,MA,US,2023-02-02,Prime Student
AMA-C9304,Michael Khan,michael.khan130@example.com,New York,NY,US,19-May-2024,Prime Student
AMA-C7536,Anna Tanaka,anna.tanaka316@example.com,Seattle,WA,US,2021-03-09,Non-Prime
AMA-C8681,aditya smith,aditya.smith874@example.com,Chicago,IL,US,08-Apr-2021,Prime
AMA-C6490,Li Yamada,li.yamada932@example.com,Los Angeles,CA,US,2025-08-05,Prime Student
AMA-C8307,Sofia Martin,sofia.martin949@example.com,Seattle,WA,US,10/20/2024,Prime
AMA-C9806,Emma Kumar,emma.kumar652@example.com,Boston,MA,US,01/09/2021,Prime Student
AMA-C10472,Emma Garcia,,Houston,TX,US,05-Apr-2021,Prime
AMA-C1939,Zoe Chen,zoe.chen850@example.com,Seattle,WA,US,2024-12-14,Prime Student
AMA-C1477,Ken Tanaka,ken.tanaka654@example.com,Miami,FL,US,09/27/2022,Non-Prime
AMA-C10215,Mohammed Patel,mohammed.patel749@example.com,Atlanta,GA,US,11-Feb-2021,Prime Student
AMA-C3730,WEI WILSON,wei.wilson596@example.com,Chicago,IL,US,2025-03-11,Prime
AMA-C3632,Noah Smith,noah.smith987@example.com,Miami,FL,US,10-Nov-2022,Prime Student
AMA-C5854,Yuki Müller,yuki.müller681@example.com,Boston,MA,US,2024-05-28,Prime
AMA-C6291,Li Anderson,li.anderson72@example.com,SEATTLE,WA,US,12/27/2021,Non-Prime
AMA-C2946,Wei Davis,wei.davis910@example.com,New York,NY,US,05-Jan-2021,Prime
AMA-C9011,David Suzuki,david.suzuki412@example.com,Houston,TX,US,2021-04-22,Prime Student
AMA-C7481,Noah Suzuki,noah.suzuki578@example.com,denver,CO,US,07/17/2022,
AMA-C5514,Maria Garcia,maria.garcia804@example.com,New York,NY,US,09/05/2025,Prime
AMA-C9333,David Rossi,david.rossi850@example.com,Boston,MA,US,2022-09-06,Prime
AMA-C10915,Sofia Smith,sofia.smith569@example.com,Seattle,WA,US,11/28/2023,Prime
AMA-C10194,Liam Patel,liam.patel495@example.com,Los Angeles,CA,US,2021-09-17,Prime
AMA-C10076, Priya Martin ,priya.martin154@example.com,New York,NY,US,01/29/2024,Prime Student
AMA-C10725,Chen Kim,chen.kim616@example.com,Seattle,WA,US,2022-02-06,Non-Prime
AMA-C1788,Ben Patel,ben.patel445@example.com,Seattle,WA,US,21-Oct-2024,Prime Student
AMA-C7417,David Wilson,david.wilson670@example.com,Denver,CO,US,2025-03-12,Non-Prime
AMA-C4024,Li Tanaka,li.tanaka691@example.com,New York,NY,US,06-Nov-2021,Non-Prime
AMA-C10860, David Smith ,david.smith183@example.com,Phoenix,AZ,US,03/02/2022,Prime
AMA-C5164,David Singh,david.singh111@example.com,Seattle,WA,US,2025-08-18,Prime
AMA-C3500,aditya martin,aditya.martin833@example.com,Houston,TX,US,2024-04-04,Non-Prime
AMA-C6680,Olivia Davis,,Houston,TX,US,03/15/2021,Prime Student
AMA-C8833,Carlos Sharma,carlos.sharma712@example.com,Boston,MA,US,05-Jul-2023,Non-Prime
AMA-C3027,Ken Müller,,Phoenix,AZ,US,2022-12-16,Prime Student
AMA-C2069,John Johnson,john.johnson105@example.com,Seattle,WA,US,01/10/2022,Prime Student
AMA-C10693,Wei Kumar,wei.kumar349@example.com,Denver,CO,US,16-Aug-2024,Prime Student
AMA-C7894,carlos lee,,Chicago,IL,US,2021-05-27,Prime Student
AMA-C10963,Zoe Chen,zoe.chen293@example.com,Houston,TX,US,13-Dec-2021,
AMA-C2402,Olivia Müller,olivia.müller719@example.com,New York,NY,US,10/13/2021,Non-Prime
AMA-C8194,ben kumar,ben.kumar403@example.com,New York,NY,US,2021-04-26,Prime Student
AMA-C6351,Ken Sharma,ken.sharma706@example.com,Atlanta,GA,US,03/08/2021,Prime Student
AMA-C3944,Vivaan Tanaka,vivaan.tanaka775@example.com,ATLANTA,GA,US,2021-08-02,Prime Student
AMA-C2322,Olivia Kim,olivia.kim312@example.com,Phoenix,AZ,US,06/15/2024,Prime Student
AMA-C9521,Michael Rossi,michael.rossi750@example.com,Miami,FL,US,12/11/2025,Non-Prime
AMA-C10575,Aarav Anderson,aarav.anderson568@example.com,Phoenix,AZ,US,06-Nov-2024,Prime
AMA-C2410, Sara Chen ,sara.chen484@example.com,Miami,FL,US,05/13/2025,
AMA-C7221,Aditya Anderson,aditya.anderson567@example.com,HOUSTON,TX,US,06-Nov-2021,
AMA-C10852,YUKI ANDERSON,yuki.anderson727@example.com,Seattle,WA,US,03-Oct-2025,Prime Student
AMA-C9768,Zoe Singh,,Boston,MA,US,20-Nov-2021,Prime
AMA-C1375,Olivia Brown,olivia.brown967@example.com,Phoenix,AZ,US,12/31/2025,Non-Prime
AMA-C9230,SOFIA WANG,sofia.wang754@example.com,Los Angeles,CA,US,2022-03-13,Prime Student
AMA-C10347,David Garcia,david.garcia701@example.com,Miami,FL,US,06/12/2022,Prime Student
AMA-C9753,Aarav Tanaka,aarav.tanaka764@example.com,Miami,FL,US,08/04/2024,Prime Student
AMA-C8378,Ava Patel,ava.patel725@example.com,Houston,TX,US,2024-01-28,Prime
AMA-C4516,Mohammed Brown,mohammed.brown920@example.com,Denver,CO,US,03/27/2023,Non-Prime
AMA-C7385,fatima sharma,fatima.sharma832@example.com,Chicago,IL,US,22-Aug-2023,Prime
AMA-C5708,John Wang,john.wang601@example.com,Phoenix,AZ,US,03/16/2023,Non-Prime
AMA-C5763,Anna Martin,anna.martin467@example.com,Seattle,WA,US,11-Nov-2024,Non-Prime
AMA-C4216,ken kumar,ken.kumar346@example.com,Los Angeles,CA,US,12/01/2022,Prime Student
AMA-C5109,David Martin,david.martin205@example.com,Miami,FL,US,2022-03-28,Non-Prime
AMA-C5801,Ben Tanaka,ben.tanaka155@example.com,Miami,FL,US,03-Jul-2021,Prime Student
AMA-C5045,Olivia Garcia,,Los Angeles,CA,US,07-Jul-2023,Prime
AMA-C8355,Michael Martin,michael.martin991@example.com,New York,NY,US,2024-11-15,Prime
AMA-C9251,wei khan,wei.khan636@example.com,miami,FL,US,09/27/2023,Prime
AMA-C6677,Zoe Wang,zoe.wang997@example.com,phoenix,AZ,US,2021-10-25,Prime
AMA-C1430,ADITYA TANAKA,aditya.tanaka947@example.com,Phoenix,AZ,US,08/18/2023,Prime
AMA-C2717,Carlos Singh,,New York,NY,US,2022-04-19,Non-Prime
AMA-C10081, Ken Anderson ,ken.anderson917@example.com,Atlanta,GA,US,02/27/2021,Prime
AMA-C2432,Aarav Patel,aarav.patel550@example.com,Los Angeles,CA,US,07-Feb-2021,Non-Prime
AMA-C4588,John Yamada,john.yamada659@example.com,Seattle,WA,US,05-Feb-2024,Prime Student
AMA-C5886,Chen Smith,chen.smith899@example.com,denver,CO,US,10/25/2025,Non-Prime
AMA-C4152,Chen Garcia,chen.garcia154@example.com,Los Angeles,CA,US,12/01/2021,Non-Prime
AMA-C8646,John Müller,john.müller118@example.com,New York,NY,US,08/24/2025,Non-Prime
AMA-C5099,wei singh,wei.singh699@example.com,Los Angeles,CA,US,2021-11-15,Non-Prime
AMA-C7043,YUKI WANG,yuki.wang192@example.com,Atlanta,GA,US,30-Aug-2025,Non-Prime
AMA-C8407,ben khan,ben.khan222@example.com,Seattle,WA,US,09/20/2023,Non-Prime
AMA-C6341,James Yamada,james.yamada830@example.com,Miami,FL,US,2023-06-18,Non-Prime
AMA-C1290,John Sharma,john.sharma410@example.com,Houston,TX,US,2021-04-08,Non-Prime
AMA-C10722,Olivia Lee,olivia.lee116@example.com,New York,NY,US,01/22/2023,Prime Student
AMA-C4198,Anna Martin,anna.martin975@example.com,Houston,TX,US,2023-10-08,Non-Prime
AMA-C4928,Zoe Kim,zoe.kim461@example.com,New York,NY,US,2024-10-17,Non-Prime
AMA-C8151,Rahul Garcia,rahul.garcia801@example.com,Seattle,WA,US,10-May-2025,Prime
AMA-C3664,Fatima Smith,fatima.smith425@example.com,NEW YORK,NY,US,12/09/2023,Non-Prime
AMA-C3864,Zoe Patel,zoe.patel506@example.com,Denver,CO,US,04-Apr-2023,Prime
AMA-C5357,emma johnson,emma.johnson779@example.com,Los Angeles,CA,US,2022-07-20,Non-Prime
AMA-C9245,Mohammed Martin,mohammed.martin478@example.com,Atlanta,GA,US,01-Aug-2023,Non-Prime
AMA-C7840,Olivia Kim,olivia.kim581@example.com,Seattle,WA,US,07/28/2022,
AMA-C7810,MARIA SINGH,,New York,NY,US,10-Nov-2021,Non-Prime
AMA-C7164,Ava Singh,ava.singh566@example.com,Houston,TX,US,31-May-2025,Non-Prime
AMA-C3745,Liam Lee,liam.lee547@example.com,Miami,FL,US,2024-05-04,Non-Prime
AMA-C6065,Wei Lee,wei.lee963@example.com,Los Angeles,CA,US,02-Jun-2022,Prime Student
AMA-C4110,Wei Suzuki,wei.suzuki423@example.com,Miami,FL,US,11-Sep-2025,Prime
AMA-C3921,Olivia Garcia,olivia.garcia209@example.com,Chicago,IL,US,07/03/2023,Non-Prime
AMA-C5644,Sara Martin,sara.martin439@example.com,Denver,CO,US,04-Dec-2021,Prime Student
AMA-C5764,Olivia Singh,olivia.singh887@example.com,Houston,TX,US,2021-01-13,Prime
AMA-C1828,Vivaan Müller,,Houston,TX,US,22-Jul-2024,Prime Student
AMA-C4632,Maria Sharma,maria.sharma500@example.com,boston,MA,US,2022-05-27,Prime
AMA-C4359,Li Tanaka,li.tanaka145@example.com,Seattle,WA,US,05-Feb-2023,Non-Prime
AMA-C2519,John Martin,john.martin541@example.com,boston,MA,US,2025-11-26,Non-Prime
AMA-C6482,Ben Davis,ben.davis384@example.com,Boston,MA,US,07/14/2022,Prime
AMA-C2633,Vivaan Garcia,vivaan.garcia85@example.com,Phoenix,AZ,US,29-Jan-2023,Prime Student
AMA-C2675,Sofia Martin,sofia.martin961@example.com,Chicago,IL,US,24-Aug-2025,Prime Student
AMA-C6650,Li Lee,li.lee158@example.com,New York,NY,US,14-Dec-2022,Prime Student
AMA-C6178,Zoe Patel,zoe.patel653@example.com,Chicago,IL,US,2023-02-03,Non-Prime
AMA-C1322,Maria Müller,maria.müller536@example.com,BOSTON,MA,US,2023-01-30,Prime
AMA-C7093,Zoe Yamada,,Denver,CO,US,11/10/2022,Prime Student
AMA-C9376,Liam Davis,,Miami,FL,US,28-Dec-2022,Prime Student
AMA-C9216,Carlos Patel,carlos.patel43@example.com,Phoenix,AZ,US,13-Nov-2023,Non-Prime
AMA-C2855,liam lee,liam.lee793@example.com,Chicago,IL,US,25-Sep-2021,Prime Student
AMA-C4873,Ava Johnson,ava.johnson976@example.com,Denver,CO,US,2024-07-02,Prime Student
AMA-C9295,Mohammed Johnson,mohammed.johnson45@example.com,Houston,TX,US,30-Dec-2022,Prime
AMA-C7863,Priya Kim,priya.kim908@example.com,Chicago,IL,US,04/18/2024,Non-Prime
AMA-C3788,Zoe Khan,zoe.khan616@example.com,Boston,MA,US,08-Aug-2021,Prime Student
AMA-C6535,Aarav Lee,aarav.lee449@example.com,Houston,TX,US,19-Oct-2025,Non-Prime
AMA-C2926,Zoe Wilson,zoe.wilson607@example.com,New York,NY,US,2025-08-16,Prime
AMA-C3855,Rahul Kumar,rahul.kumar94@example.com,Phoenix,AZ,US,2025-01-06,Non-Prime
AMA-C5731,Michael Johnson,michael.johnson907@example.com,Miami,FL,US,2024-04-08,Non-Prime
AMA-C6135, David Rossi ,david.rossi464 at example.com,Houston,TX,US,2025-04-18,Prime
AMA-C1445,Olivia Rossi,olivia.rossi995@example.com,Seattle,WA,US,2025-05-29,Prime
AMA-C1194,Wei Johnson,wei.johnson426@example.com,miami,FL,US,2022-08-16,Prime Student
AMA-C10815,Priya Sharma,priya.sharma255@example.com,Boston,MA,US,03/19/2025,Non-Prime
AMA-C3083,carlos yamada,carlos.yamada741@example.com,Seattle,WA,US,08/06/2023,Prime Student
AMA-C10442,Carlos Sharma,carlos.sharma890@example.com,New York,NY,US,09/02/2024,Non-Prime
AMA-C3930,Anna Garcia,anna.garcia990@example.com,New York,NY,US,11/20/2025,Prime Student
AMA-C6697,Zoe Martin,zoe.martin754@example.com,Houston,TX,US,06/14/2023,Prime Student
AMA-C9567, Sara Müller ,sara.müller784@example.com,New York,NY,US,12/02/2024,Prime Student
AMA-C1242,John Kim,john.kim193@example.com,Houston,TX,US,10/20/2022,Prime Student
AMA-C1508,Fatima Yamada,fatima.yamada821@example.com,Atlanta,GA,US,2022-06-22,Prime Student
AMA-C2162,VIVAAN PATEL,vivaan.patel341@example.com,Atlanta,GA,US,01/12/2022,Prime Student
AMA-C3645,Sara Anderson,sara.anderson879@example.com,Chicago,IL,US,01/17/2025,Non-Prime
AMA-C1604,Noah Suzuki,noah.suzuki613@example.com,Phoenix,AZ,US,03-May-2024,Non-Prime
AMA-C6386,sara smith,sara.smith379@example.com,Houston,TX,US,29-Oct-2021,Non-Prime
AMA-C7159,Mohammed Wilson,mohammed.wilson662@example.com,Chicago,IL,US,2024-08-01,Prime Student
AMA-C6004,Noah Patel,noah.patel172@example.com,Miami,FL,US,27-Aug-2023,Prime Student
AMA-C7024,Carlos Khan,carlos.khan297 at example.com,Phoenix,AZ,US,11-Mar-2021,Prime
AMA-C10088,Sara Martin,,Los Angeles,CA,US,2024-12-11,Prime
AMA-C4484,Michael Wang,,Boston,MA,US,23-Jan-2023,Non-Prime
AMA-C4114,VIVAAN LEE,vivaan.lee399@example.com,New York,NY,US,12/17/2021,Non-Prime
AMA-C6591, Sara Yamada ,sara.yamada751@example.com,Denver,CO,US,15-Jun-2025,Prime
AMA-C6001,Anna Wang,anna.wang923@example.com,New York,NY,US,2021-11-22,Non-Prime
AMA-C2234,Vivaan Müller,vivaan.müller468@example.com,Seattle,WA,US,04/13/2024,Non-Prime
AMA-C5782,Yuki Wang,yuki.wang509@example.com,Seattle,WA,US,2021-01-04,Prime
AMA-C7928,Rahul Brown,rahul.brown287@example.com,MIAMI,FL,US,03/19/2021,
AMA-C7743,Li Garcia,li.garcia880@example.com,Houston,TX,US,03-Sep-2021,Prime Student
AMA-C2479,Olivia Lee,olivia.lee303@example.com,Houston,TX,US,16-Jul-2025,Non-Prime
AMA-C2783,Sofia Singh,sofia.singh552@example.com,Chicago,IL,US,2022-01-02,Prime Student
AMA-C9953,Li Garcia,li.garcia657@example.com,Los Angeles,CA,US,2024-12-31,
AMA-C2952,noah martin,,ATLANTA,GA,US,04/25/2025,Non-Prime
AMA-C5443,Vivaan Rossi,vivaan.rossi13@example.com,Boston,MA,US,2021-03-10,Non-Prime
AMA-C2596,Wei Tanaka,wei.tanaka523@example.com,Atlanta,GA,US,2023-03-23,Non-Prime
AMA-C10813, Ben Lee ,ben.lee19@example.com,New York,NY,US,05/11/2025,Non-Prime
AMA-C7291, Anna Yamada ,anna.yamada359@example.com,Phoenix,AZ,US,21-May-2022,Prime
AMA-C6102,david smith,david.smith214@example.com,Houston,TX,US,07/23/2024,Prime Student
AMA-C7756,Olivia Khan,olivia.khan894@example.com,Seattle,WA,US,2024-04-28,Prime
AMA-C10602,Olivia Chen,olivia.chen848@example.com,Boston,MA,US,05/21/2021,Prime Student
AMA-C1270,Chen Müller,chen.müller232@example.com,Atlanta,GA,US,2023-07-28,Prime Student
AMA-C10091,Ben Anderson,ben.anderson768@example.com,Atlanta,GA,US,06/18/2024,Prime Student
AMA-C7603, Aarav Kumar ,aarav.kumar348@example.com,Boston,MA,US,2021-09-19,Non-Prime
AMA-C5757,James Suzuki,james.suzuki686@example.com,Miami,FL,US,2025-03-29,Prime
AMA-C10714,David Lee,david.lee865@example.com,Denver,CO,US,03/26/2024,Prime
AMA-C4166,Rahul Kim,rahul.kim582@example.com,Boston,MA,US,05/20/2024,Non-Prime
AMA-C6098,Li Lee,li.lee653@example.com,Phoenix,AZ,US,2023-09-15,Non-Prime
AMA-C3318,michael johnson,michael.johnson230@example.com,Chicago,IL,US,28-Oct-2024,
AMA-C2042, Mohammed Chen ,mohammed.chen150@example.com,Boston,MA,US,2022-01-13,
AMA-C1342,Noah Lee,noah.lee40@example.com,Miami,FL,US,23-Aug-2021,Prime
AMA-C8912,David Khan,david.khan110@example.com,New York,NY,US,10-Jun-2021,Prime
AMA-C9503,Liam Davis,liam.davis988@example.com,Miami,FL,US,2024-10-17,Prime Student
AMA-C5158,Sara Sharma,sara.sharma283@example.com,Denver,CO,US,2023-01-03,Prime
AMA-C5667,WEI GARCIA,wei.garcia983@example.com,Seattle,WA,US,2021-12-13,Prime
AMA-C3600,RAHUL MARTIN,,CHICAGO,IL,US,2025-01-09,Prime
AMA-C6461,David Brown,david.brown95@example.com,Atlanta,GA,US,05/02/2022,Non-Prime
AMA-C2532,Carlos Suzuki,carlos.suzuki542@example.com,Boston,MA,US,11/14/2024,Non-Prime
AMA-C6706,zoe davis,zoe.davis442@example.com,Boston,MA,US,02-Jan-2023,Non-Prime
AMA-C8586,Zoe Garcia,zoe.garcia163@example.com,Denver,CO,US,11/25/2025,Prime Student
AMA-C7706,Sara Sharma,sara.sharma278@example.com,Miami,FL,US,01/11/2025,Prime Student
AMA-C7010,Sara Tanaka,sara.tanaka151@example.com,Miami,FL,US,12/04/2024,Prime
AMA-C9631,mohammed chen,mohammed.chen707@example.com,denver,CO,US,2024-12-16,Prime Student
AMA-C6341,James Yamada,james.yamada830@example.com,Miami,FL,US,2023-06-18,Non-Prime
AMA-C4545,vivaan chen,vivaan.chen579@example.com,Phoenix,AZ,US,2025-04-20,Prime
AMA-C6885,Aditya Lee,aditya.lee449@example.com,Atlanta,GA,US,2023-04-09,Prime
AMA-C10005,Liam Brown,liam.brown735@example.com,Seattle,WA,US,07-Feb-2021,Non-Prime
AMA-C8420,David Lee,david.lee937@example.com,Seattle,WA,US,05-May-2023,Prime
AMA-C4782,Sara Patel,sara.patel334@example.com,New York,NY,US,03-Mar-2022,Prime
AMA-C9141,Ava Chen,ava.chen647@example.com,New York,NY,US,09/14/2025,
AMA-C3228,aarav patel,aarav.patel65@example.com,Miami,FL,US,07/04/2024,Non-Prime
AMA-C7432, Fatima Lee ,fatima.lee85@example.com,Los Angeles,CA,US,2024-05-06,Non-Prime
AMA-C2189,David Tanaka,david.tanaka22@example.com,Denver,CO,US,2024-05-09,Non-Prime
AMA-C5103,David Wilson,david.wilson270@example.com,Seattle,WA,US,01/02/2025,Prime Student
AMA-C7158,MICHAEL SHARMA,michael.sharma153@example.com,Chicago,IL,US,08/15/2021,Prime
AMA-C6746,Emma Wilson,,Atlanta,GA,US,20-Aug-2022,Prime
AMA-C8545,David Rossi,david.rossi836@example.com,Atlanta,GA,US,07/28/2021,Non-Prime
AMA-C8504,james davis,james.davis852@example.com,Seattle,WA,US,2022-03-15,Non-Prime
AMA-C9702,Ava Davis,ava.davis517@example.com,Boston,MA,US,28-Dec-2023,Prime
AMA-C3689,Aditya Singh,aditya.singh284@example.com,Boston,MA,US,07-Dec-2024,Non-Prime
AMA-C10851,Aditya Brown,aditya.brown734 at example.com,Houston,TX,US,2021-12-17,Prime
AMA-C6369,Fatima Martin,fatima.martin996@example.com,Los Angeles,CA,US,25-Apr-2022,Prime Student
AMA-C2516,Sofia Chen,sofia.chen650@example.com,Phoenix,AZ,US,06/07/2024,Prime Student
AMA-C1676,John Patel,john.patel511@example.com,Atlanta,GA,US,2021-08-02,Prime Student
AMA-C4467,Ken Chen,ken.chen1@example.com,chicago,IL,US,2023-12-09,Non-Prime
AMA-C3607,Anna Kim,anna.kim598@example.com,New York,NY,US,17-Nov-2025,Non-Prime
AMA-C4578,Wei Yamada,wei.yamada684@example.com,Los Angeles,CA,US,2024-10-05,Non-Prime
AMA-C3367,Noah Smith,noah.smith417@example.com,seattle,WA,US,10-Sep-2022,Non-Prime
AMA-C8023,Sofia Davis,sofia.davis42@example.com,Phoenix,AZ,US,26-Dec-2025,Prime Student
AMA-C4452, Liam Brown ,liam.brown465@example.com,Denver,CO,US,2024-06-24,Prime Student
AMA-C3642,John Sharma,john.sharma679@example.com,BOSTON,MA,US,22-Feb-2024,Prime Student
AMA-C2002,Wei Johnson,wei.johnson199@example.com,Atlanta,GA,US,2024-01-22,Prime Student
AMA-C7822,Zoe Brown,zoe.brown563@example.com,Phoenix,AZ,US,08/12/2025,Prime
AMA-C3011,Ben Yamada,ben.yamada862@example.com,Houston,TX,US,2021-12-21,Prime
AMA-C3804,Liam Khan,liam.khan989@example.com,New York,NY,US,08-Sep-2025,Prime Student
AMA-C1735,CHEN JOHNSON,chen.johnson247@example.com,Los Angeles,CA,US,03/09/2025,Prime
AMA-C10933,Olivia Khan,olivia.khan576@example.com,Boston,MA,US,12/25/2023,Non-Prime
AMA-C3260,LI SHARMA,li.sharma963@example.com,Boston,MA,US,2025-12-04,Non-Prime
AMA-C4322,Yuki Wilson,yuki.wilson442@example.com,Boston,MA,US,08/19/2022,Prime
AMA-C10647,Li Wilson,li.wilson806@example.com,Atlanta,GA,US,08/20/2023,Prime
AMA-C2892,Chen Sharma,chen.sharma206@example.com,Chicago,IL,US,07/31/2023,Prime Student
AMA-C5652,Olivia Wang,olivia.wang558@example.com,Houston,TX,US,10/29/2021,Prime
AMA-C7944,Olivia Anderson,olivia.anderson304@example.com,Boston,MA,US,03/18/2022,Non-Prime
AMA-C2424,Michael Martin,michael.martin966@example.com,Houston,TX,US,11/20/2024,Prime
AMA-C3512,sara singh,sara.singh618@example.com,Houston,TX,US,2024-05-27,Non-Prime
AMA-C3366,Sofia Lee,sofia.lee881@example.com,new york,NY,US,2024-07-17,Prime
AMA-C4271,Aarav Wang,aarav.wang185@example.com,Denver,CO,US,12-Jun-2021,Prime
AMA-C7996,Chen Müller,chen.müller402@example.com,Houston,TX,US,2022-01-04,Prime Student
AMA-C9916,DAVID LEE,david.lee258@example.com,New York,NY,US,2022-01-05,Non-Prime
AMA-C4735,MARIA SINGH,maria.singh429 at example.com,Houston,TX,US,2025-05-15,Non-Prime
AMA-C6368,Aarav Khan,aarav.khan800@example.com,Phoenix,AZ,US,2023-01-02,Prime
AMA-C4829, Chen Johnson ,chen.johnson577@example.com,New York,NY,US,2024-11-15,Non-Prime
AMA-C3738, Sara Müller ,sara.müller384@example.com,Houston,TX,US,04/25/2025,Non-Prime
AMA-C2824,Ava Wilson,,Miami,FL,US,04/17/2024,Non-Prime
AMA-C1670,Ava Müller,ava.müller103@example.com,Boston,MA,US,04/15/2025,Prime
AMA-C4199,vivaan patel,vivaan.patel316@example.com,Seattle,WA,US,2022-09-23,Non-Prime
AMA-C2102,Maria Suzuki,maria.suzuki405@example.com,Atlanta,GA,US,03/29/2023,Prime
AMA-C8383,Anna Rossi,anna.rossi52@example.com,Phoenix,AZ,US,2023-02-07,Non-Prime
AMA-C9821,Zoe Brown,zoe.brown929@example.com,Boston,MA,US,2021-10-28,Non-Prime
AMA-C8748, John Smith ,john.smith363@example.com,Los Angeles,CA,US,09/22/2024,Prime Student
AMA-C3713,Ava Singh,ava.singh360@example.com,Denver,CO,US,24-Sep-2022,Prime
AMA-C2774,Priya Müller,priya.müller983@example.com,Miami,FL,US,15-Dec-2024,Prime
AMA-C7239,Sara Lee,sara.lee492@example.com,Chicago,IL,US,2021-11-12,Prime Student
AMA-C2873,Li Kim,li.kim659@example.com,Los Angeles,CA,US,26-Aug-2023,Prime
AMA-C2158,Aarav Khan,,New York,NY,US,2022-12-17,Prime
AMA-C8347,David Khan,david.khan142@example.com,Seattle,WA,US,20-Feb-2021,Prime
AMA-C4915,Fatima Patel,fatima.patel635 at example.com,NEW YORK,NY,US,03/22/2022,Prime
AMA-C3020,YUKI TANAKA,yuki.tanaka393 at example.com,Phoenix,AZ,US,06-Sep-2024,Prime Student
AMA-C2989,Fatima Müller,fatima.müller819@example.com,Boston,MA,US,30-Jan-2025,
AMA-C3335,Aarav Smith,,Atlanta,GA,US,04/01/2025,
AMA-C10947,James Lee,james.lee655@example.com,Seattle,WA,US,04-Jan-2023,Prime Student
AMA-C3102,Noah Patel,,New York,NY,US,11/01/2025,Prime Student
AMA-C1631,James Kim,james.kim856@example.com,NEW YORK,NY,US,2023-03-25,Prime
AMA-C5819, Wei Kumar ,wei.kumar846@example.com,Boston,MA,US,03-Mar-2023,Prime Student
AMA-C5638, Noah Garcia ,noah.garcia568 at example.com,Phoenix,AZ,US,08/06/2023,Non-Prime
AMA-C7640,Anna Rossi,anna.rossi154@example.com,Denver,CO,US,03-Sep-2023,Prime Student
AMA-C6661,EMMA DAVIS,emma.davis247@example.com,Denver,CO,US,09-Jun-2022,Prime
AMA-C10193,Liam Davis,liam.davis959@example.com,Los Angeles,CA,US,02/26/2021,
AMA-C6198,Wei Kumar,wei.kumar846@example.com,Miami,FL,US,03/18/2022,Non-Prime
AMA-C6583, Ben Singh ,ben.singh48@example.com,New York,NY,US,21-Apr-2021,Prime Student
AMA-C6670,Mohammed Wang,mohammed.wang487 at example.com,Los Angeles,CA,US,2021-12-05,Non-Prime
AMA-C1666,John Suzuki,john.suzuki549@example.com,houston,TX,US,25-Sep-2021,Non-Prime
AMA-C9089,Ken Kim,ken.kim474@example.com,Seattle,WA,US,2022-02-09,
AMA-C6825,Emma Wilson,emma.wilson520@example.com,Los Angeles,CA,US,2021-08-12,Prime Student
AMA-C10363,Yuki Anderson,,Chicago,IL,US,03/24/2025,Prime
AMA-C8303,Michael Müller,michael.müller414@example.com,Seattle,WA,US,2021-04-09,Prime Student
AMA-C6232,Carlos Patel,carlos.patel497@example.com,Boston,MA,US,12-May-2022,Non-Prime
AMA-C3253,Mohammed Singh,mohammed.singh831@example.com,Miami,FL,US,24-Sep-2024,Prime Student
AMA-C4232,Noah Chen,noah.chen223@example.com,Miami,FL,US,2022-04-19,Prime Student
AMA-C5964,Priya Johnson,priya.johnson873@example.com,CHICAGO,IL,US,2025-11-30,Prime Student
AMA-C1790,Aditya Davis,aditya.davis134@example.com,Los Angeles,CA,US,2022-06-09,Prime
AMA-C3195,Liam Rossi,liam.rossi716@example.com,Seattle,WA,US,03/20/2022,Prime
AMA-C8319,MARIA YAMADA,,Atlanta,GA,US,2021-09-04,Non-Prime
AMA-C3551,Ava Anderson,ava.anderson157@example.com,New York,NY,US,04/30/2021,Prime
AMA-C10035,Li Garcia,li.garcia1@example.com,Atlanta,GA,US,2024-01-25,Non-Prime
AMA-C3542,DAVID SUZUKI,,Houston,TX,US,2024-05-29,Prime Student
AMA-C3401,Li Smith,li.smith940@example.com,Miami,FL,US,12/20/2024,Prime
AMA-C2530,Fatima Suzuki,fatima.suzuki719@example.com,Chicago,IL,US,09/12/2024,Prime Student
AMA-C4060,noah wilson,noah.wilson252@example.com,Boston,MA,US,2023-07-25,
AMA-C1252,Priya Kim,priya.kim267@example.com,houston,TX,US,01/19/2024,Non-Prime
AMA-C1392,Olivia Davis,olivia.davis754 at example.com,Houston,TX,US,06/06/2021,Prime
AMA-C3683,Zoe Davis,zoe.davis571@example.com,Chicago,IL,US,2025-12-01,Prime
AMA-C7248,Chen Wang,chen.wang141@example.com,PHOENIX,AZ,US,2021-07-24,Non-Prime
AMA-C6062,Olivia Khan,olivia.khan11@example.com,Houston,TX,US,2024-09-12,Prime
AMA-C2230,Aditya Sharma,aditya.sharma653@example.com,Denver,CO,US,01/25/2023,Prime
AMA-C8516,Aditya Tanaka,aditya.tanaka840@example.com,Houston,TX,US,2024-11-05,Prime Student
AMA-C4483,Ken Rossi,ken.rossi552@example.com,Atlanta,GA,US,20-Nov-2023,Non-Prime
AMA-C3434,Aditya Kim,aditya.kim147@example.com,Los Angeles,CA,US,09-Feb-2024,Prime
AMA-C5172,Fatima Rossi,fatima.rossi981@example.com,Chicago,IL,US,17-Nov-2022,Prime Student
AMA-C9343,John Patel,john.patel997@example.com,Houston,TX,US,01/07/2021,Prime
AMA-C2625,Mohammed Johnson,mohammed.johnson917@example.com,New York,NY,US,2025-11-24,Prime Student
AMA-C10875,Aarav Davis,,New York,NY,US,08/18/2023,Prime
AMA-C2401,LIAM KIM,,Miami,FL,US,05/24/2024,Non-Prime
AMA-C5211,Ken Kumar,ken.kumar864@example.com,Denver,CO,US,2023-12-16,Non-Prime
AMA-C7409,Rahul Davis,rahul.davis987@example.com,Chicago,IL,US,2025-03-31,Prime
AMA-C8709,aarav tanaka,aarav.tanaka934@example.com,Houston,TX,US,12/05/2024,Prime
AMA-C10342,John Müller,john.müller769@example.com,Phoenix,AZ,US,2025-10-10,Prime Student
AMA-C1245,Ava Müller,ava.müller928@example.com,Miami,FL,US,2022-12-23,Prime
AMA-C9713,CHEN MÜLLER,,Chicago,IL,US,30-Jul-2025,Non-Prime
AMA-C10753,Wei Rossi,wei.rossi562@example.com,Boston,MA,US,04-Aug-2022,Non-Prime
AMA-C2731,Ken Yamada,ken.yamada566@example.com,los angeles,CA,US,2024-07-28,Non-Prime
AMA-C10872,Michael Khan,michael.khan583@example.com,Atlanta,GA,US,03-Feb-2021,Prime
AMA-C4559,Sara Johnson,sara.johnson955@example.com,Houston,TX,US,05-Feb-2024,Prime
AMA-C6123,Liam Sharma,liam.sharma781@example.com,New York,NY,US,10/10/2024,Non-Prime
AMA-C2544,Zoe Sharma,zoe.sharma200@example.com,Chicago,IL,US,12/09/2025,Prime
AMA-C10780,Maria Garcia,maria.garcia639@example.com,Boston,MA,US,06-Mar-2023,Non-Prime
AMA-C3465, David Khan ,david.khan363@example.com,Atlanta,GA,US,2022-04-01,Prime Student
AMA-C1771,Anna Davis,anna.davis659@example.com,Seattle,WA,US,2023-05-03,Prime Student
AMA-C8524,liam johnson,,Atlanta,GA,US,2025-06-03,Prime
AMA-C8360, Sara Johnson ,sara.johnson202@example.com,Seattle,WA,US,06/30/2025,
AMA-C7403,James Johnson,james.johnson40@example.com,Phoenix,AZ,US,03/15/2023,Prime
AMA-C6691,RAHUL KUMAR,rahul.kumar172@example.com,Seattle,WA,US,31-Oct-2024,Prime Student
AMA-C2065,Aarav Patel,aarav.patel996@example.com,Boston,MA,US,2024-10-18,Non-Prime
AMA-C8937,Maria Anderson,,Chicago,IL,US,04/02/2025,Prime Student
AMA-C3408,Priya Sharma,priya.sharma922@example.com,Houston,TX,US,03/29/2025,Prime
AMA-C9697,James Wilson,james.wilson898@example.com,Los Angeles,CA,US,17-Nov-2024,Non-Prime
AMA-C9850,AVA WANG,ava.wang992@example.com,Chicago,IL,US,02/02/2025,Prime Student
AMA-C4837,Mohammed Brown,mohammed.brown459@example.com,Phoenix,AZ,US,07-Aug-2024,Prime
AMA-C4541,Olivia Davis,olivia.davis678@example.com,Los Angeles,CA,US,2024-04-13,Prime
AMA-C6040,Ben Müller,ben.müller770@example.com,Phoenix,AZ,US,01-Jun-2024,Prime Student
AMA-C2313,Aditya Johnson,aditya.johnson61@example.com,Chicago,IL,US,2024-08-14,Prime Student
AMA-C2165,Mohammed Singh,mohammed.singh108@example.com,Boston,MA,US,20-Jan-2025,Prime
AMA-C6007,rahul anderson,rahul.anderson559@example.com,Chicago,IL,US,06/22/2022,Non-Prime
AMA-C1802,LI YAMADA,li.yamada88@example.com,Phoenix,AZ,US,06-Aug-2021,Non-Prime
AMA-C5974,Priya Tanaka,,Boston,MA,US,2025-09-22,Prime
AMA-C2049,Michael Yamada,michael.yamada674@example.com,chicago,IL,US,2022-01-13,Non-Prime
AMA-C9456,Priya Wilson,priya.wilson835@example.com,Miami,FL,US,06-Jul-2024,Non-Prime
AMA-C8128,Emma Yamada,emma.yamada724@example.com,Los Angeles,CA,US,20-Sep-2021,Prime Student
AMA-C2639,Wei Sharma,wei.sharma204@example.com,Houston,TX,US,14-Mar-2025,Prime
AMA-C2845,Noah Kumar,noah.kumar325@example.com,Atlanta,GA,US,08/05/2025,Non-Prime
AMA-C8212,Emma Tanaka,emma.tanaka334@example.com,New York,NY,US,11/05/2021,Non-Prime
AMA-C9657,Mohammed Wilson,mohammed.wilson910@example.com,Denver,CO,US,11/13/2024,Prime
AMA-C3470,Emma Wang,emma.wang365@example.com,New York,NY,US,2025-05-11,Non-Prime
AMA-C3037,John Singh,john.singh220@example.com,Atlanta,GA,US,06/19/2023,Prime Student
AMA-C8364,Rahul Yamada,rahul.yamada258@example.com,los angeles,CA,US,2025-11-23,Non-Prime
AMA-C8764,EMMA WANG,emma.wang341@example.com,Los Angeles,CA,US,08-Nov-2025,Non-Prime
AMA-C7930,Emma Wang,emma.wang418@example.com,Chicago,IL,US,2022-05-15,Prime
AMA-C10817, Rahul Davis ,rahul.davis483@example.com,Boston,MA,US,16-Sep-2025,Prime
AMA-C9536,Emma Lee,emma.lee633@example.com,Houston,TX,US,16-Dec-2021,Prime
AMA-C1656,Zoe Kumar,zoe.kumar11@example.com,Los Angeles,CA,US,08-Nov-2025,Prime Student
AMA-C2333,Aarav Brown,aarav.brown557@example.com,Denver,CO,US,13-Jun-2024,Prime
AMA-C1100,Ben Müller,ben.müller630@example.com,boston,MA,US,2023-04-09,Prime
AMA-C2874,Aarav Yamada,aarav.yamada50@example.com,New York,NY,US,01/31/2024,Non-Prime
AMA-C10390,Priya Kumar,priya.kumar270@example.com,Denver,CO,US,21-Apr-2021,Non-Prime
AMA-C5749,carlos brown,carlos.brown614@example.com,Chicago,IL,US,2022-05-18,Prime Student
AMA-C10423,aditya brown,aditya.brown653@example.com,Miami,FL,US,2024-03-08,Prime
AMA-C9155,Rahul Martin,rahul.martin633@example.com,Chicago,IL,US,2024-08-12,Prime Student
AMA-C3172,Rahul Patel,rahul.patel860@example.com,Los Angeles,CA,US,09-May-2023,
AMA-C9387,Noah Chen,noah.chen723@example.com,Houston,TX,US,2025-06-12,Prime Student
AMA-C3852,ZOE SUZUKI,zoe.suzuki504@example.com,Seattle,WA,US,2023-06-28,Prime Student
AMA-C1380,Anna Yamada,anna.yamada414@example.com,Los Angeles,CA,US,05/06/2025,Prime Student
AMA-C5031,JOHN KIM,john.kim80@example.com,Phoenix,AZ,US,02/07/2023,Non-Prime
AMA-C10946,David Singh,david.singh969@example.com,New York,NY,US,15-Oct-2021,Non-Prime
AMA-C8604,James Rossi,james.rossi11@example.com,Phoenix,AZ,US,2023-10-22,Non-Prime
AMA-C5616,Ava Rossi,ava.rossi623@example.com,miami,FL,US,05-Jul-2023,Prime Student
AMA-C4291,Priya Davis,priya.davis988@example.com,Phoenix,AZ,US,06-May-2023,Non-Prime
AMA-C10561,Noah Martin,noah.martin411@example.com,Phoenix,AZ,US,05/28/2023,Prime Student
AMA-C1207,Rahul Lee,,Miami,FL,US,10/02/2025,Prime Student
AMA-C9423,David Anderson,david.anderson210@example.com,New York,NY,US,07/16/2022,Prime Student
AMA-C1432,david tanaka,david.tanaka664@example.com,New York,NY,US,01/06/2024,Prime Student
AMA-C5850,Ava Lee,ava.lee657@example.com,Denver,CO,US,2021-09-15,Non-Prime
AMA-C6564,Aarav Johnson,,SEATTLE,WA,US,04-Nov-2024,Prime Student
AMA-C4652,Anna Rossi,anna.rossi454@example.com,Houston,TX,US,2022-12-03,Prime Student
AMA-C4195,David Wilson,david.wilson52@example.com,New York,NY,US,03/06/2025,Prime
AMA-C9379,Maria Singh,maria.singh615@example.com,Boston,MA,US,20-Mar-2021,Prime
AMA-C2346,Olivia Kumar,olivia.kumar514@example.com,Phoenix,AZ,US,04/27/2022,Prime
AMA-C7488,Vivaan Rossi,vivaan.rossi426@example.com,Boston,MA,US,08/27/2023,Prime Student
AMA-C5210,Rahul Johnson,rahul.johnson940@example.com,Seattle,WA,US,01/13/2022,
AMA-C1224,yuki müller,yuki.müller384@example.com,Los Angeles,CA,US,04/19/2023,Prime Student
AMA-C2125,James Rossi,james.rossi360@example.com,atlanta,GA,US,06/04/2023,Non-Prime
AMA-C7937,Priya Singh,priya.singh259@example.com,Chicago,IL,US,11/22/2021,Non-Prime
AMA-C10250,PRIYA MARTIN,priya.martin565@example.com,Chicago,IL,US,2021-07-31,Prime
AMA-C5389,WEI TANAKA,wei.tanaka27@example.com,Denver,CO,US,29-Oct-2022,Non-Prime
AMA-C9911,BEN SMITH,ben.smith423@example.com,Miami,FL,US,07-Nov-2024,Non-Prime
AMA-C1914,Li Garcia,li.garcia478@example.com,Phoenix,AZ,US,10-Jul-2024,Prime
AMA-C1226,Yuki Kim,yuki.kim916@example.com,Los Angeles,CA,US,2024-09-05,Prime Student
AMA-C8220, Olivia Sharma ,olivia.sharma416@example.com,Seattle,WA,US,2022-11-17,Prime
AMA-C7229,Emma Anderson,emma.anderson808@example.com,HOUSTON,TX,US,2024-06-01,Non-Prime
AMA-C8608,john anderson,john.anderson988@example.com,Seattle,WA,US,01/07/2021,Non-Prime
AMA-C8496,Ken Brown,ken.brown968@example.com,DENVER,CO,US,03/15/2021,
AMA-C4225,Yuki Johnson,yuki.johnson905@example.com,Boston,MA,US,04-Feb-2021,Non-Prime
AMA-C8196,David Davis,david.davis416@example.com,Miami,FL,US,2024-02-08,
AMA-C5064,yuki johnson,yuki.johnson886@example.com,New York,NY,US,2023-04-07,Prime Student
AMA-C1028,yuki wilson,yuki.wilson796@example.com,Denver,CO,US,26-May-2025,Prime
AMA-C9293,Wei Anderson,,Miami,FL,US,02/21/2021,Prime Student
AMA-C7014,Li Patel,li.patel811@example.com,Miami,FL,US,01/26/2023,Non-Prime
AMA-C10637,Li Wilson,li.wilson643@example.com,Los Angeles,CA,US,12/24/2025,Non-Prime
AMA-C4940,Sara Wang,sara.wang767@example.com,Miami,FL,US,08/27/2023,Prime Student
AMA-C7813,YUKI SHARMA,yuki.sharma548@example.com,New York,NY,US,2023-03-03,Prime Student
AMA-C2759,Anna Kumar,anna.kumar697@example.com,Boston,MA,US,2024-06-12,Prime Student
AMA-C3910,david khan,,Los Angeles,CA,US,06-Dec-2024,Non-Prime
AMA-C9788,Liam Khan,liam.khan506@example.com,New York,NY,US,2022-11-21,Prime
AMA-C6931,Ben Kim,ben.kim322@example.com,Boston,MA,US,2025-04-13,Non-Prime
AMA-C1624,liam khan,liam.khan750@example.com,Los Angeles,CA,US,10/17/2023,
AMA-C8096,noah johnson,noah.johnson691@example.com,Los Angeles,CA,US,11/22/2025,Prime
AMA-C1001,noah singh,noah.singh93@example.com,Los Angeles,CA,US,08-May-2022,Prime Student
AMA-C4775,Rahul Martin,,Boston,MA,US,2024-05-23,Prime Student
AMA-C6186,Wei Johnson,wei.johnson707@example.com,Boston,MA,US,02/16/2025,Prime Student
AMA-C8349,Chen Kim,chen.kim20@example.com,Miami,FL,US,12-Sep-2025,Prime Student
AMA-C4796,DAVID ROSSI,david.rossi839@example.com,Seattle,WA,US,15-Sep-2022,Prime
AMA-C9473,Rahul Davis,rahul.davis164@example.com,Boston,MA,US,10-Mar-2021,Non-Prime
AMA-C7580,Mohammed Patel,mohammed.patel569@example.com,New York,NY,US,2022-04-23,Prime Student
AMA-C8887,zoe khan,zoe.khan800@example.com,Los Angeles,CA,US,13-Mar-2022,
AMA-C9910,Sara Garcia,sara.garcia62@example.com,Los Angeles,CA,US,11-May-2025,Prime
AMA-C6453,Aditya Smith,aditya.smith74@example.com,Chicago,IL,US,31-Oct-2025,Non-Prime
AMA-C8882,John Suzuki,john.suzuki547@example.com,Atlanta,GA,US,18-Jan-2023,Prime Student
AMA-C6008,Fatima Martin,fatima.martin344@example.com,New York,NY,US,12/29/2025,Prime Student
AMA-C7031,David Khan,david.khan913@example.com,Phoenix,AZ,US,2023-07-08,Non-Prime
AMA-C4776, Maria Wang ,maria.wang168 at example.com,Los Angeles,CA,US,21-May-2025,Non-Prime
AMA-C5078,Liam Tanaka,liam.tanaka632@example.com,Los Angeles,CA,US,07/28/2021,Prime Student
AMA-C3590,BEN ROSSI,ben.rossi526 at example.com,Houston,TX,US,2024-05-15,Non-Prime
AMA-C5894,Noah Patel,noah.patel240@example.com,Miami,FL,US,07/14/2023,Prime Student
AMA-C4415,Ava Yamada,ava.yamada753@example.com,Seattle,WA,US,2021-06-23,Prime Student
AMA-C1549,Priya Patel,,Seattle,WA,US,01/09/2023,Prime Student
AMA-C8470,Aditya Smith,aditya.smith293@example.com,Miami,FL,US,03-Aug-2023,Non-Prime
AMA-C4421,Yuki Kim,yuki.kim363@example.com,Boston,MA,US,20-Jan-2024,Prime
AMA-C9912,Chen Khan,chen.khan705@example.com,ATLANTA,GA,US,2021-04-23,Prime Student
AMA-C2233,WEI MARTIN,wei.martin870@example.com,Miami,FL,US,20-Mar-2024,Prime Student
AMA-C6200,FATIMA ROSSI,fatima.rossi268@example.com,MIAMI,FL,US,2023-11-14,Prime Student
AMA-C6868,Chen Tanaka,chen.tanaka566@example.com,Houston,TX,US,02/13/2022,Prime Student
AMA-C7223,Mohammed Johnson,mohammed.johnson598@example.com,Atlanta,GA,US,12-Feb-2025,Prime
AMA-C10014,Fatima Johnson,fatima.johnson409@example.com,Phoenix,AZ,US,04/04/2022,Prime Student
AMA-C8356,Noah Suzuki,noah.suzuki965@example.com,Chicago,IL,US,29-Jan-2023,Non-Prime
AMA-C10026,AARAV SMITH,aarav.smith355@example.com,New York,NY,US,2022-04-22,Prime
AMA-C9879,emma anderson,emma.anderson443 at example.com,Houston,TX,US,2022-12-03,Non-Prime
AMA-C1349,james wang,james.wang549@example.com,Denver,CO,US,08-Jul-2022,Prime
AMA-C5507, Fatima Khan ,fatima.khan870@example.com,New York,NY,US,20-Aug-2023,Prime
AMA-C6456,DAVID BROWN,,Chicago,IL,US,12/11/2023,Prime Student
AMA-C2194, Liam Yamada ,liam.yamada255@example.com,Seattle,WA,US,15-May-2025,Prime
AMA-C8984,Chen Martin,chen.martin887@example.com,Denver,CO,US,13-Sep-2024,Non-Prime
AMA-C1850,Aditya Chen,aditya.chen371@example.com,Boston,MA,US,22-Aug-2025,Prime Student
AMA-C8338,Noah Khan,noah.khan414@example.com,Atlanta,GA,US,2023-02-26,Non-Prime
AMA-C8222,Li Smith,li.smith289@example.com,Houston,TX,US,2025-10-23,Non-Prime
AMA-C1885,Michael Wang,michael.wang478@example.com,New York,NY,US,2024-04-26,Prime Student
AMA-C4196,Vivaan Johnson,vivaan.johnson944@example.com,Miami,FL,US,2025-11-13,Prime
AMA-C5287,Priya Suzuki,priya.suzuki658@example.com,Atlanta,GA,US,04/21/2022,Prime Student
AMA-C10380,Sara Martin,sara.martin506@example.com,Boston,MA,US,08/02/2022,Non-Prime
AMA-C2528,Vivaan Müller,vivaan.müller315@example.com,Phoenix,AZ,US,08/04/2022,Non-Prime
AMA-C5167,Vivaan Brown,vivaan.brown33@example.com,Atlanta,GA,US,2022-02-06,Prime Student
AMA-C2274,carlos suzuki,carlos.suzuki711@example.com,Chicago,IL,US,10/30/2022,Prime
AMA-C4174,Olivia Rossi,olivia.rossi957@example.com,Atlanta,GA,US,10/22/2022,Prime Student
AMA-C10197,Sara Tanaka,sara.tanaka196@example.com,Miami,FL,US,22-Sep-2024,Non-Prime
AMA-C1206,Sara Suzuki,sara.suzuki994@example.com,New York,NY,US,22-Mar-2023,Non-Prime
AMA-C9131,KEN ROSSI,ken.rossi121@example.com,Los Angeles,CA,US,12/13/2025,Prime Student
AMA-C8948,Li Anderson,li.anderson991@example.com,New York,NY,US,2023-04-12,Non-Prime
AMA-C6315,Ava Wang,ava.wang284@example.com,New York,NY,US,2022-05-26,
AMA-C5809,Sofia Garcia,sofia.garcia569@example.com,New York,NY,US,2025-05-24,Prime Student
AMA-C8794, Maria Wilson ,maria.wilson790 at example.com,Atlanta,GA,US,11/13/2022,Prime
AMA-C6113,Rahul Patel,rahul.patel635@example.com,New York,NY,US,22-Nov-2022,Prime Student
AMA-C7886,john suzuki,,Seattle,WA,US,20-Feb-2022,Non-Prime
AMA-C4395,ava wilson,ava.wilson302@example.com,boston,MA,US,14-Oct-2024,Non-Prime
AMA-C6276,James Wang,james.wang122@example.com,Los Angeles,CA,US,2025-09-15,Non-Prime
AMA-C9772,Vivaan Lee,vivaan.lee204@example.com,Phoenix,AZ,US,28-Aug-2023,Prime
AMA-C7896,Rahul Wilson,rahul.wilson857@example.com,Los Angeles,CA,US,2024-07-03,Prime Student
AMA-C7142,Fatima Sharma,fatima.sharma101@example.com,New York,NY,US,25-Nov-2021,Prime Student
AMA-C5719,Ava Kim,ava.kim42@example.com,Phoenix,AZ,US,07/16/2024,Prime Student
AMA-C5056,Maria Khan,maria.khan421@example.com,Los Angeles,CA,US,05-May-2021,Non-Prime
AMA-C7074,Sofia Davis,sofia.davis608@example.com,Seattle,WA,US,2023-03-13,Prime
AMA-C10838,Rahul Wang,rahul.wang498@example.com,Denver,CO,US,12/01/2022,Non-Prime
AMA-C9966,JAMES KUMAR,james.kumar763 at example.com,Atlanta,GA,US,05/27/2023,Non-Prime
AMA-C10512,Rahul Kumar,rahul.kumar48 at example.com,Los Angeles,CA,US,2024-09-04,Prime Student
AMA-C9707,Sara Yamada,sara.yamada732@example.com,Houston,TX,US,11/27/2024,Non-Prime
AMA-C9693,Michael Kumar,michael.kumar292@example.com,Atlanta,GA,US,2023-03-20,Prime Student
AMA-C6786,Maria Kumar,,Los Angeles,CA,US,02/28/2023,Prime
AMA-C2500,Liam Yamada,liam.yamada380@example.com,Chicago,IL,US,04-Nov-2024,Prime
AMA-C7151,Li Chen,li.chen473@example.com,New York,NY,US,04/06/2025,Prime
AMA-C5217,Ken Lee,ken.lee282@example.com,New York,NY,US,2023-08-03,Non-Prime
AMA-C6033,Anna Garcia,anna.garcia207@example.com,Houston,TX,US,2023-02-27,Prime
AMA-C4823,Michael Tanaka,michael.tanaka462@example.com,Phoenix,AZ,US,02/06/2024,Prime Student
AMA-C7120,Fatima Rossi,fatima.rossi273@example.com,new york,NY,US,09/20/2024,Non-Prime
AMA-C5060,Wei Davis,wei.davis963@example.com,Denver,CO,US,2023-02-03,Prime
AMA-C7874,James Smith,,Los Angeles,CA,US,2022-02-04,Non-Prime
AMA-C7634,David Wilson,david.wilson307@example.com,New York,NY,US,11/20/2022,Non-Prime
AMA-C2791,John Johnson,john.johnson496@example.com,CHICAGO,IL,US,2025-04-06,Prime
AMA-C1862, Wei Wang ,wei.wang758@example.com,Seattle,WA,US,2025-07-07,Prime
AMA-C5968,John Sharma,john.sharma108@example.com,los angeles,CA,US,08/08/2023,Non-Prime
AMA-C8417,ken yamada,ken.yamada485@example.com,Houston,TX,US,19-Jun-2023,Prime
AMA-C6083,Emma Chen,emma.chen527@example.com,Atlanta,GA,US,09/30/2022,Non-Prime
AMA-C7761,ADITYA BROWN,aditya.brown226@example.com,Miami,FL,US,2023-07-27,Prime Student
AMA-C7591,Vivaan Rossi,vivaan.rossi52@example.com,phoenix,AZ,US,2025-03-25,Prime
AMA-C2111,LIAM MARTIN,liam.martin13@example.com,Denver,CO,US,27-Aug-2021,Prime
AMA-C2373,John Wilson,john.wilson728@example.com,Miami,FL,US,16-Jun-2024,Prime Student
AMA-C8290,ANNA PATEL,anna.patel811@example.com,Los Angeles,CA,US,2023-04-18,Prime Student
AMA-C4222,Sofia Lee,sofia.lee915@example.com,Boston,MA,US,26-Apr-2025,Non-Prime
AMA-C7547,James Singh,james.singh402@example.com,Miami,FL,US,06/11/2024,Non-Prime
AMA-C1249,Emma Chen,emma.chen712@example.com,Los Angeles,CA,US,2023-05-05,Prime Student
AMA-C4282,Maria Johnson,maria.johnson318@example.com,Denver,CO,US,2024-08-01,Non-Prime
AMA-C5885,Olivia Yamada,olivia.yamada970@example.com,Denver,CO,US,2025-01-12,
AMA-C4038,Wei Kim,wei.kim192@example.com,BOSTON,MA,US,06/29/2021,Prime Student
AMA-C10381, Yuki Kim ,yuki.kim551@example.com,Atlanta,GA,US,11/15/2022,Prime
AMA-C5646,Chen Wang,chen.wang342@example.com,Denver,CO,US,28-Aug-2022,Non-Prime
AMA-C9691,Li Singh,li.singh492@example.com,Houston,TX,US,16-Oct-2024,Prime Student
AMA-C1754,Michael Sharma,,Chicago,IL,US,10/10/2023,Non-Prime
AMA-C10332,ken kumar,ken.kumar136@example.com,New York,NY,US,27-Mar-2024,Prime
AMA-C10766,MICHAEL GARCIA,michael.garcia256@example.com,Chicago,IL,US,2023-05-23,Prime
AMA-C7161,Wei Martin,wei.martin836@example.com,Phoenix,AZ,US,07-Apr-2022,Non-Prime
AMA-C9204,Anna Lee,anna.lee853@example.com,New York,NY,US,09/10/2022,Prime Student
AMA-C10973,Maria Suzuki,maria.suzuki750@example.com,Denver,CO,US,03/04/2022,Prime Student
AMA-C8266, Michael Smith ,michael.smith473@example.com,Houston,TX,US,24-Dec-2022,Non-Prime
AMA-C3442,David Martin,david.martin493@example.com,Seattle,WA,US,12/02/2024,Prime Student
AMA-C9591,Carlos Tanaka,carlos.tanaka901@example.com,Los Angeles,CA,US,01/02/2021,Prime Student
AMA-C9385,chen garcia,chen.garcia858@example.com,Seattle,WA,US,2022-05-17,Non-Prime
AMA-C3875,Zoe Brown,zoe.brown864@example.com,Chicago,IL,US,07/11/2022,Prime
AMA-C4813,Chen Suzuki,chen.suzuki816@example.com,New York,NY,US,08-Mar-2023,Non-Prime
AMA-C9696,Zoe Sharma,zoe.sharma319@example.com,Atlanta,GA,US,2021-04-19,Non-Prime
AMA-C2110,Noah Rossi,noah.rossi553@example.com,Seattle,WA,US,05/19/2023,Prime Student
AMA-C5374,Aarav Davis,,Phoenix,AZ,US,22-Dec-2025,Non-Prime
AMA-C9927,Fatima Lee,fatima.lee819@example.com,Atlanta,GA,US,2023-03-29,Non-Prime
AMA-C10568, Yuki Khan ,yuki.khan609@example.com,Seattle,WA,US,05-Oct-2023,Prime Student
AMA-C10703,sara suzuki,sara.suzuki16@example.com,Los Angeles,CA,US,07/27/2025,Prime
AMA-C8708,Carlos Yamada,,Chicago,IL,US,04/12/2024,Non-Prime
AMA-C3523,Ben Wilson,ben.wilson381@example.com,BOSTON,MA,US,2025-01-29,Non-Prime
AMA-C7469,Ken Singh,ken.singh646@example.com,NEW YORK,NY,US,10-Jul-2025,Non-Prime
AMA-C2826,Aditya Yamada,aditya.yamada746@example.com,Houston,TX,US,12/30/2024,Prime Student
AMA-C2984,Vivaan Garcia,vivaan.garcia427 at example.com,Atlanta,GA,US,27-Oct-2025,Non-Prime
AMA-C9463,Sara Singh,,Los Angeles,CA,US,2023-10-26,Prime
AMA-C10398,Li Sharma,li.sharma869@example.com,Miami,FL,US,12/20/2022,Prime Student
AMA-C6466,Maria Anderson,maria.anderson669@example.com,Houston,TX,US,20-Apr-2025,Prime
AMA-C9895,david johnson,david.johnson993@example.com,Los Angeles,CA,US,2022-01-27,Prime Student
AMA-C1647,Wei Smith,wei.smith118@example.com,Phoenix,AZ,US,29-Nov-2023,Non-Prime
AMA-C2969,chen müller,chen.müller853@example.com,New York,NY,US,2021-10-05,Non-Prime
AMA-C8717,Emma Wang,emma.wang640@example.com,Chicago,IL,US,09/29/2025,Non-Prime
AMA-C1269,James Müller,james.müller208@example.com,Chicago,IL,US,28-Dec-2025,Non-Prime
AMA-C8745,James Rossi,james.rossi139@example.com,New York,NY,US,03/14/2021,Prime Student
AMA-C3135,BEN ANDERSON,ben.anderson587@example.com,Denver,CO,US,04/08/2024,Prime Student
AMA-C8158,Mohammed Martin,mohammed.martin516@example.com,Miami,FL,US,16-Oct-2025,Prime Student
AMA-C5469,vivaan wilson,vivaan.wilson155@example.com,Phoenix,AZ,US,11/17/2024,Non-Prime
AMA-C7788,Ken Kumar,,Atlanta,GA,US,16-Mar-2021,Prime Student
AMA-C7085,Rahul Wilson,rahul.wilson46 at example.com,Atlanta,GA,US,09/12/2024,Non-Prime
AMA-C10182,Fatima Khan,fatima.khan487@example.com,Los Angeles,CA,US,29-May-2023,Prime
AMA-C5407,Sofia Sharma,sofia.sharma743@example.com,Boston,MA,US,02/06/2025,Non-Prime
AMA-C8161,Anna Singh,anna.singh145@example.com,Denver,CO,US,11-Sep-2022,Prime
AMA-C2226,Ken Khan,ken.khan2@example.com,Los Angeles,CA,US,23-Jun-2023,Prime
AMA-C7062, Sara Patel ,sara.patel587@example.com,Atlanta,GA,US,02/14/2021,
AMA-C3995,Sara Sharma,,Atlanta,GA,US,2025-09-27,Prime
AMA-C6237,Olivia Kim,olivia.kim765@example.com,Phoenix,AZ,US,18-Oct-2024,Prime
AMA-C4680,OLIVIA SHARMA,olivia.sharma328@example.com,Miami,FL,US,09-Sep-2021,Prime Student
AMA-C1586,Olivia Brown,olivia.brown940@example.com,New York,NY,US,2022-09-07,Prime Student
AMA-C7673,Liam Kim,liam.kim808@example.com,Denver,CO,US,03/12/2025,Non-Prime
AMA-C9363,Priya Brown,priya.brown574@example.com,Houston,TX,US,04/07/2022,Prime
AMA-C4003,Fatima Brown,fatima.brown785@example.com,Seattle,WA,US,27-Oct-2021,Prime
AMA-C10186,Anna Martin,anna.martin779@example.com,Chicago,IL,US,08-Jun-2022,Non-Prime
AMA-C3902,KEN MARTIN,ken.martin194@example.com,Atlanta,GA,US,2025-09-30,Prime Student
AMA-C10764,Chen Yamada,chen.yamada95@example.com,Seattle,WA,US,03/04/2024,Prime Student
AMA-C7162,aditya sharma,aditya.sharma349@example.com,Los Angeles,CA,US,02-Apr-2024,Prime
AMA-C5517,Anna Suzuki,anna.suzuki399@example.com,Phoenix,AZ,US,2025-03-09,Prime
AMA-C6572,Emma Kim,emma.kim705@example.com,Houston,TX,US,20-May-2024,Prime
AMA-C3959,Rahul Suzuki,rahul.suzuki703@example.com,Atlanta,GA,US,2022-04-25,Non-Prime
AMA-C5870,Noah Khan,noah.khan15@example.com,Los Angeles,CA,US,09/28/2025,Non-Prime
AMA-C1362,Zoe Singh,zoe.singh308 at example.com,Phoenix,AZ,US,01/10/2021,Prime
AMA-C1444,Aditya Patel,aditya.patel484@example.com,Boston,MA,US,29-Oct-2024,Prime
AMA-C2958,Ben Martin,ben.martin597@example.com,SEATTLE,WA,US,17-Aug-2021,Non-Prime
AMA-C9803,Sofia Patel,sofia.patel325@example.com,Miami,FL,US,08/18/2024,Non-Prime
AMA-C1803,Ken Khan,ken.khan598@example.com,Houston,TX,US,2023-12-05,Prime
AMA-C4930,Vivaan Tanaka,vivaan.tanaka51 at example.com,New York,NY,US,31-Mar-2023,Prime Student
AMA-C1466, James Smith ,james.smith839@example.com,Seattle,WA,US,12/02/2021,Prime
AMA-C9870,james kumar,james.kumar712@example.com,Seattle,WA,US,09/13/2022,Non-Prime
AMA-C4787,Michael Sharma,michael.sharma969@example.com,Boston,MA,US,2023-02-09,Non-Prime
AMA-C10359,liam chen,liam.chen600@example.com,Seattle,WA,US,23-Sep-2025,Non-Prime
AMA-C1506,Aarav Chen,aarav.chen686@example.com,Miami,FL,US,16-Dec-2024,Prime Student
AMA-C10310,RAHUL MÜLLER,rahul.müller763@example.com,Denver,CO,US,2025-02-18,Prime Student
AMA-C4973,ken johnson,ken.johnson471@example.com,Chicago,IL,US,09/01/2021,
AMA-C7115,David Kim,,Los Angeles,CA,US,04/10/2021,Prime
AMA-C7246,Vivaan Müller,vivaan.müller906@example.com,Los Angeles,CA,US,08-Sep-2021,Prime Student
AMA-C10023,Maria Kumar,maria.kumar589@example.com,Denver,CO,US,2021-05-19,Prime
AMA-C8983,Aarav Johnson,aarav.johnson607@example.com,Chicago,IL,US,07/11/2021,Prime Student
AMA-C2525,Noah Rossi,noah.rossi371@example.com,Chicago,IL,US,22-Nov-2022,Prime Student
AMA-C2754,john suzuki,john.suzuki835@example.com,Boston,MA,US,06-Aug-2025,Prime
AMA-C8843,Zoe Johnson,zoe.johnson818@example.com,Denver,CO,US,2025-06-23,Prime
AMA-C1419,aditya smith,,Los Angeles,CA,US,03-Jan-2024,Prime Student
AMA-C6116,aarav sharma,aarav.sharma444@example.com,Boston,MA,US,17-Dec-2023,Prime Student
AMA-C9871,Mohammed Davis,mohammed.davis369@example.com,New York,NY,US,2021-09-29,Prime Student
AMA-C1160,Emma Davis,emma.davis433@example.com,Miami,FL,US,12/02/2022,Non-Prime
AMA-C6803,Ben Tanaka,ben.tanaka404@example.com,Houston,TX,US,04/06/2025,Prime Student
AMA-C5304,CARLOS SHARMA,carlos.sharma917@example.com,Los Angeles,CA,US,04/21/2023,Non-Prime
AMA-C6398,Ava Brown,ava.brown980@example.com,Boston,MA,US,20-Nov-2025,Prime Student
AMA-C3543,Sara Suzuki,sara.suzuki695@example.com,Atlanta,GA,US,07/12/2022,Prime Student
AMA-C5823,Anna Müller,anna.müller790@example.com,New York,NY,US,2023-12-09,Prime Student
AMA-C8090,Michael Wilson,michael.wilson414@example.com,Chicago,IL,US,2023-11-15,Prime Student
AMA-C9510,Noah Smith,noah.smith761@example.com,Atlanta,GA,US,06/05/2021,
AMA-C10201,zoe sharma,zoe.sharma593 at example.com,Chicago,IL,US,2024-02-05,Prime
AMA-C3554,Olivia Patel,olivia.patel742@example.com,Denver,CO,US,08/07/2025,Prime Student
AMA-C7577,KEN KIM,ken.kim146@example.com,New York,NY,US,2021-05-04,Prime Student
AMA-C3138,Liam Wang,liam.wang329@example.com,Atlanta,GA,US,2023-08-23,Non-Prime
AMA-C4675,SARA TANAKA,,Chicago,IL,US,06/27/2021,Prime
AMA-C6532,Wei Wang,wei.wang759@example.com,Chicago,IL,US,2024-04-01,Prime Student
AMA-C3292,Emma Kumar,emma.kumar933@example.com,Seattle,WA,US,12-Oct-2022,Non-Prime
AMA-C8467,Chen Smith,chen.smith382@example.com,Boston,MA,US,2022-07-14,Prime
AMA-C10800,noah rossi,noah.rossi733@example.com,Denver,CO,US,11/06/2025,Prime
AMA-C7942,Zoe Johnson,zoe.johnson867@example.com,Phoenix,AZ,US,16-Jul-2024,Non-Prime
AMA-C7876,Olivia Wang,olivia.wang422@example.com,Boston,MA,US,12-Jun-2024,Prime
AMA-C5122,Maria Garcia,maria.garcia600@example.com,Atlanta,GA,US,04/30/2025,Prime Student
AMA-C10681,Anna Kumar,anna.kumar395@example.com,Atlanta,GA,US,2023-12-23,Prime
AMA-C3636,VIVAAN MARTIN,vivaan.martin814@example.com,Seattle,WA,US,26-May-2021,Prime
AMA-C9026,Noah Wilson,noah.wilson458@example.com,Atlanta,GA,US,2025-08-30,
AMA-C2820,mohammed patel,mohammed.patel124@example.com,Seattle,WA,US,2023-03-31,Prime Student
AMA-C5580,David Brown,,Atlanta,GA,US,2025-02-26,Prime
AMA-C9292,ADITYA GARCIA,aditya.garcia838@example.com,Chicago,IL,US,30-May-2022,
AMA-C8700,John Kim,john.kim845@example.com,chicago,IL,US,2022-01-14,Prime Student
AMA-C1691,Priya Garcia,priya.garcia314@example.com,Chicago,IL,US,04-Nov-2025,Prime Student
AMA-C10948,LI KUMAR,li.kumar10@example.com,Denver,CO,US,01/30/2022,Non-Prime
AMA-C8970,Zoe Lee,zoe.lee175@example.com,Boston,MA,US,10-Dec-2024,Prime
AMA-C8939,ava khan,ava.khan261@example.com,Boston,MA,US,2024-02-11,Non-Prime
AMA-C7731,Priya Brown,priya.brown551@example.com,Houston,TX,US,2021-06-17,Non-Prime
AMA-C10541,Vivaan Wilson,vivaan.wilson723@example.com,Chicago,IL,US,2021-08-11,Prime
AMA-C8078,Ben Singh,ben.singh686@example.com,Houston,TX,US,2023-03-05,Prime Student
AMA-C2799,Aditya Khan,aditya.khan245@example.com,Atlanta,GA,US,2025-04-29,Prime Student
AMA-C7879,Carlos Suzuki,carlos.suzuki875@example.com,Boston,MA,US,2022-10-13,Prime Student
AMA-C9544,Chen Anderson,chen.anderson39@example.com,Atlanta,GA,US,2024-01-14,Non-Prime
AMA-C2409,Wei Smith,wei.smith432@example.com,Los Angeles,CA,US,2023-03-30,Prime Student
AMA-C7949,zoe kumar,zoe.kumar495@example.com,Houston,TX,US,07-Oct-2021,Prime Student
AMA-C9318,Priya Suzuki,priya.suzuki386@example.com,Chicago,IL,US,08-Mar-2023,Prime Student
AMA-C8461,Aditya Chen,aditya.chen752@example.com,Chicago,IL,US,02-Aug-2024,Prime
AMA-C7084,Olivia Patel,olivia.patel518@example.com,Boston,MA,US,2021-08-04,Prime Student
AMA-C7867,CARLOS TANAKA,carlos.tanaka878 at example.com,Miami,FL,US,13-Aug-2022,Prime
AMA-C2084,Mohammed Chen,mohammed.chen998@example.com,Denver,CO,US,08/26/2024,Non-Prime
AMA-C6693,Aarav Müller,aarav.müller209@example.com,Denver,CO,US,09/05/2024,Non-Prime
AMA-C10342,John Müller,john.müller769@example.com,Phoenix,AZ,US,2025-10-10,Prime Student
AMA-C1022,Noah Yamada,noah.yamada821@example.com,Seattle,WA,US,27-Jun-2021,Non-Prime
AMA-C3436,Sofia Singh,sofia.singh3@example.com,Denver,CO,US,2023-06-08,Prime
AMA-C9005,Fatima Sharma,fatima.sharma627@example.com,Miami,FL,US,28-Mar-2024,Non-Prime
AMA-C8369,ANNA ANDERSON,anna.anderson825 at example.com,Chicago,IL,US,10/20/2022,Non-Prime
AMA-C10729,James Yamada,james.yamada665@example.com,Phoenix,AZ,US,20-Jul-2023,Non-Prime
AMA-C6295,Rahul Wilson,rahul.wilson170@example.com,Boston,MA,US,2023-02-08,Prime
AMA-C9667,Liam Anderson,liam.anderson5@example.com,Chicago,IL,US,18-Mar-2022,Non-Prime
AMA-C7175,zoe müller,zoe.müller314@example.com,Seattle,WA,US,11/10/2023,Prime
AMA-C9215,Emma Khan,emma.khan989@example.com,Los Angeles,CA,US,2021-07-07,Prime
AMA-C3708,ava sharma,ava.sharma350@example.com,Seattle,WA,US,2024-08-28,Non-Prime
AMA-C6387,anna davis,anna.davis578@example.com,Atlanta,GA,US,21-Jul-2022,Prime
AMA-C7116,Michael Lee,michael.lee338@example.com,Chicago,IL,US,01-Oct-2021,Prime Student
AMA-C10905, Aarav Wang ,aarav.wang390@example.com,Houston,TX,US,2024-03-19,Prime Student
AMA-C9784,Ben Rossi,ben.rossi297@example.com,New York,NY,US,07/12/2024,Non-Prime
AMA-C3460,yuki davis,yuki.davis551@example.com,New York,NY,US,08-Aug-2021,Prime
AMA-C9843,Chen Kumar,chen.kumar855@example.com,Atlanta,GA,US,25-Jun-2024,Prime Student
AMA-C3511,Wei Chen,wei.chen996@example.com,Chicago,IL,US,10/17/2025,Non-Prime
AMA-C9371,Carlos Müller,carlos.müller668@example.com,Seattle,WA,US,2021-10-03,Non-Prime
AMA-C6280,Zoe Chen,zoe.chen303@example.com,Seattle,WA,US,2024-05-10,Prime Student
AMA-C3236,Liam Suzuki,liam.suzuki761@example.com,atlanta,GA,US,11/23/2022,Non-Prime
AMA-C8920,John Johnson,john.johnson348@example.com,Boston,MA,US,30-May-2022,Prime
AMA-C10386,chen johnson,chen.johnson719@example.com,New York,NY,US,09/14/2023,Prime
AMA-C8242,John Yamada,john.yamada700@example.com,Atlanta,GA,US,09/18/2025,Prime Student
AMA-C7718,Wei Wang,wei.wang44@example.com,Atlanta,GA,US,03/11/2021,
AMA-C4503,Li Anderson,li.anderson461@example.com,Miami,FL,US,11/20/2023,Prime
AMA-C8450,David Wilson,david.wilson384@example.com,Denver,CO,US,02/14/2024,Prime
AMA-C9519,Yuki Suzuki,yuki.suzuki585@example.com,Seattle,WA,US,01-Jul-2024,Prime
AMA-C6479,John Wilson,john.wilson20@example.com,Seattle,WA,US,10/08/2022,Non-Prime
AMA-C6084,Priya Lee,priya.lee345@example.com,NEW YORK,NY,US,2023-03-31,Prime Student
AMA-C10721,VIVAAN LEE,vivaan.lee464@example.com,Chicago,IL,US,12-Aug-2025,Non-Prime
AMA-C6503,James Martin,james.martin85@example.com,Denver,CO,US,2022-02-10,Prime Student
AMA-C2450,Zoe Rossi,,Los Angeles,CA,US,12-Jan-2023,Non-Prime
AMA-C8175,DAVID CHEN,david.chen82@example.com,Miami,FL,US,2021-08-17,Prime
AMA-C4285,Maria Müller,maria.müller917@example.com,Seattle,WA,US,2022-08-16,
AMA-C1785,AARAV SMITH,aarav.smith588@example.com,Chicago,IL,US,2022-06-21,Prime
AMA-C4305,Carlos Müller,carlos.müller450@example.com,Phoenix,AZ,US,06-Jan-2025,Prime
AMA-C5376,Mohammed Suzuki,mohammed.suzuki517@example.com,Houston,TX,US,11/19/2024,Prime Student
AMA-C1686,Wei Rossi,wei.rossi715@example.com,Phoenix,AZ,US,08/18/2025,Non-Prime
AMA-C3709,Ben Khan,,Atlanta,GA,US,2025-06-24,Prime
AMA-C5862,Wei Patel,wei.patel370@example.com,Chicago,IL,US,04/27/2025,Prime
AMA-C7096,Vivaan Rossi,vivaan.rossi730@example.com,Chicago,IL,US,2022-12-15,Non-Prime
AMA-C6748,Wei Khan,wei.khan452@example.com,Miami,FL,US,2023-01-16,Prime
AMA-C5786,Ken Wilson,ken.wilson225@example.com,Denver,CO,US,09-Jul-2024,Prime Student
AMA-C9817,aditya johnson,aditya.johnson181@example.com,Atlanta,GA,US,05-Jun-2023,Prime
AMA-C6296,Carlos Anderson,carlos.anderson523@example.com,Phoenix,AZ,US,2021-07-08,Prime Student
AMA-C10324, Priya Wang ,priya.wang363@example.com,Miami,FL,US,09/26/2024,Prime
AMA-C6647,Anna Martin,anna.martin720@example.com,Atlanta,GA,US,03/16/2022,Non-Prime
AMA-C10624,olivia davis,olivia.davis6 at example.com,Phoenix,AZ,US,01-Mar-2023,Prime Student
AMA-C4513,Ben Singh,ben.singh667@example.com,Denver,CO,US,2023-08-28,Non-Prime
AMA-C3893,MARIA SMITH,maria.smith436@example.com,Miami,FL,US,07/30/2022,Prime Student
AMA-C6796,Wei Martin,wei.martin375@example.com,HOUSTON,TX,US,28-Jan-2023,Non-Prime
AMA-C6923,David Chen,david.chen807@example.com,Houston,TX,US,2024-09-12,Non-Prime
AMA-C6702,Emma Kumar,emma.kumar291@example.com,New York,NY,US,09-Jun-2022,Prime
AMA-C8431,Aditya Kumar,aditya.kumar486@example.com,Houston,TX,US,04-Oct-2021,Prime Student
AMA-C2699,Emma Yamada,emma.yamada925@example.com,Seattle,WA,US,03/06/2023,Non-Prime
AMA-C3446,aarav wilson,aarav.wilson719@example.com,seattle,WA,US,06/17/2023,Prime
AMA-C4562,aarav anderson,aarav.anderson956 at example.com,New York,NY,US,2025-03-07,Prime Student
AMA-C3617,Anna Yamada,anna.yamada295@example.com,Phoenix,AZ,US,01/25/2024,Prime Student
AMA-C4955,Liam Wang,liam.wang571@example.com,Miami,FL,US,20-Aug-2024,Prime
AMA-C10125,Rahul Singh,rahul.singh665@example.com,Seattle,WA,US,27-Aug-2022,Prime
AMA-C10145,James Chen,james.chen860@example.com,Seattle,WA,US,2022-09-27,Prime
AMA-C4307,ben martin,ben.martin604@example.com,Phoenix,AZ,US,2021-04-19,Prime Student
AMA-C4106,EMMA JOHNSON,emma.johnson88@example.com,Denver,CO,US,2025-03-20,Non-Prime
AMA-C4240,Carlos Brown,carlos.brown984@example.com,New York,NY,US,04/14/2022,Prime Student
AMA-C1794,Mohammed Patel,mohammed.patel960@example.com,Denver,CO,US,20-Apr-2021,
AMA-C2520,AARAV JOHNSON,aarav.johnson639@example.com,Denver,CO,US,2023-01-10,Non-Prime
AMA-C4831,Zoe Khan,zoe.khan26@example.com,Houston,TX,US,02-Apr-2023,Non-Prime
AMA-C2166,John Smith,,Houston,TX,US,10/15/2023,Prime Student
AMA-C2740,Sofia Smith,sofia.smith328@example.com,Boston,MA,US,2022-08-27,Non-Prime
AMA-C9397,James Smith,james.smith8@example.com,New York,NY,US,2022-08-16,Non-Prime
AMA-C3917,Zoe Martin,zoe.martin358@example.com,Atlanta,GA,US,13-Apr-2024,Prime
AMA-C8794, Maria Wilson ,maria.wilson790 at example.com,Atlanta,GA,US,11/13/2022,Prime
AMA-C5995, David Chen ,david.chen492@example.com,Seattle,WA,US,01/21/2024,Prime
AMA-C1709,John Suzuki,john.suzuki323@example.com,Los Angeles,CA,US,03/07/2025,Prime Student
AMA-C6134,Ava Rossi,ava.rossi753@example.com,Los Angeles,CA,US,03-Jul-2023,Prime Student
AMA-C7905,Carlos Patel,carlos.patel893@example.com,Denver,CO,US,09/05/2025,Non-Prime
AMA-C6890,Priya Wilson,priya.wilson243@example.com,Denver,CO,US,2022-05-12,Prime
AMA-C10199,BEN LEE,ben.lee868@example.com,Houston,TX,US,09/04/2022,Prime Student
AMA-C2782,Aarav Singh,aarav.singh311@example.com,Los Angeles,CA,US,12-Jan-2021,Prime Student
AMA-C7278,liam johnson,liam.johnson282@example.com,Los Angeles,CA,US,25-Jun-2021,
AMA-C6705,SOFIA WANG,sofia.wang971@example.com,Seattle,WA,US,08/13/2023,Prime Student
AMA-C9586, David Brown ,,Seattle,WA,US,2023-01-03,Non-Prime
AMA-C5468,Olivia Khan,olivia.khan283@example.com,Atlanta,GA,US,26-Apr-2024,Non-Prime
AMA-C4248,Aarav Rossi,aarav.rossi929@example.com,new york,NY,US,2022-02-24,Prime
AMA-C6724,Maria Kumar,maria.kumar176@example.com,Denver,CO,US,02/28/2022,Non-Prime
AMA-C8542,Mohammed Rossi,mohammed.rossi6@example.com,Atlanta,GA,US,2022-04-18,Prime
AMA-C1563,Sara Chen,sara.chen673@example.com,Los Angeles,CA,US,01/20/2023,Prime
AMA-C2658,Ben Kim,ben.kim469@example.com,Los Angeles,CA,US,2024-11-18,Prime Student
AMA-C1499,James Johnson,james.johnson565@example.com,Chicago,IL,US,03-Feb-2024,Prime
AMA-C6958,Ben Suzuki,ben.suzuki937 at example.com,Denver,CO,US,2025-01-05,Prime
AMA-C5555,Li Garcia,li.garcia362@example.com,Boston,MA,US,2025-04-27,Prime Student
AMA-C4926,Sofia Garcia,sofia.garcia241@example.com,Atlanta,GA,US,05/21/2022,Non-Prime
AMA-C8114,Rahul Tanaka,rahul.tanaka123@example.com,Los Angeles,CA,US,2025-03-12,Prime
AMA-C1358,john davis,john.davis478@example.com,New York,NY,US,06-Mar-2025,Prime Student
AMA-C9605,Chen Patel,chen.patel720@example.com,new york,NY,US,2022-01-19,Non-Prime
AMA-C8150, Liam Anderson ,liam.anderson179@example.com,Los Angeles,CA,US,2021-05-19,Prime
AMA-C7267,Aarav Lee,aarav.lee916@example.com,Boston,MA,US,01/07/2025,Prime
AMA-C8626,Rahul Smith,rahul.smith240@example.com,Los Angeles,CA,US,17-Sep-2022,Prime
AMA-C5264,john khan,john.khan609@example.com,Atlanta,GA,US,2024-08-09,Non-Prime
AMA-C2369,VIVAAN YAMADA,vivaan.yamada188@example.com,Seattle,WA,US,2021-09-03,Prime Student
AMA-C7171,Wei Müller,wei.müller504@example.com,Los Angeles,CA,US,2025-07-31,Non-Prime
AMA-C1668,David Johnson,david.johnson153@example.com,Atlanta,GA,US,2024-06-29,Prime
AMA-C2514,Noah Tanaka,noah.tanaka950@example.com,Houston,TX,US,10/27/2022,Prime
AMA-C9218,sara müller,,Seattle,WA,US,24-Apr-2023,Prime
AMA-C9890,Noah Chen,,Houston,TX,US,2025-04-24,Prime Student
AMA-C7593,Fatima Kim,fatima.kim31@example.com,SEATTLE,WA,US,2021-12-09,Prime Student
AMA-C3643,Li Sharma,li.sharma178@example.com,Phoenix,AZ,US,05/20/2021,Prime
AMA-C10212,Chen Johnson,chen.johnson807@example.com,Chicago,IL,US,08-Jul-2023,Prime
AMA-C2019,Vivaan Tanaka,,Seattle,WA,US,12/10/2024,Prime Student
AMA-C7000,ken yamada,ken.yamada755@example.com,Chicago,IL,US,05-Aug-2024,Prime
AMA-C2345,Carlos Wilson,carlos.wilson223@example.com,Los Angeles,CA,US,07-May-2024,Prime
AMA-C7735,Chen Martin,chen.martin169@example.com,Denver,CO,US,2021-04-03,Prime Student
AMA-C6645,Aditya Patel,aditya.patel388@example.com,Chicago,IL,US,28-Mar-2022,Prime
AMA-C4056,Li Garcia,li.garcia567@example.com,New York,NY,US,2023-07-12,Prime
AMA-C2459,Rahul Patel,rahul.patel546@example.com,Chicago,IL,US,2025-05-20,Prime
AMA-C7153,Aarav Brown,aarav.brown931@example.com,Miami,FL,US,2021-05-19,Prime Student
AMA-C10889,Aarav Khan,aarav.khan457@example.com,Boston,MA,US,03-May-2021,Prime Student
AMA-C7427,Sara Lee,sara.lee643@example.com,Chicago,IL,US,2024-03-23,Prime Student
AMA-C8026,Fatima Lee,fatima.lee252@example.com,Miami,FL,US,25-Jun-2022,Prime
AMA-C8178,Sara Kumar,sara.kumar807@example.com,Seattle,WA,US,12/11/2024,Prime
AMA-C2307,Rahul Wang,rahul.wang215@example.com,Atlanta,GA,US,2024-07-05,Prime
AMA-C5920,Rahul Kumar,rahul.kumar502@example.com,New York,NY,US,01/22/2021,Prime
AMA-C4438,Wei Kumar,wei.kumar583@example.com,Miami,FL,US,12-Apr-2022,Non-Prime
AMA-C9896,Noah Johnson,noah.johnson74@example.com,Atlanta,GA,US,2022-05-27,Non-Prime
AMA-C4934,Vivaan Garcia,vivaan.garcia730@example.com,Chicago,IL,US,25-Feb-2021,Prime
AMA-C7811,Sofia Patel,sofia.patel110@example.com,Phoenix,AZ,US,2021-11-26,Prime
AMA-C8481,Sofia Kumar,sofia.kumar246@example.com,Denver,CO,US,2024-02-29,Prime Student
AMA-C4941,John Yamada,john.yamada215@example.com,New York,NY,US,03-Feb-2022,Prime
AMA-C8801,Wei Johnson,,Seattle,WA,US,2024-03-14,Prime
AMA-C10861,James Brown,james.brown1@example.com,Denver,CO,US,21-Mar-2022,Prime
AMA-C10313,Ava Yamada,ava.yamada746@example.com,Miami,FL,US,08-Nov-2023,Prime
AMA-C3739,Zoe Smith,zoe.smith444@example.com,Phoenix,AZ,US,01/29/2023,Non-Prime
AMA-C1856,Priya Khan,priya.khan404@example.com,Houston,TX,US,12-Aug-2023,Non-Prime
AMA-C6552,Fatima Tanaka,fatima.tanaka594@example.com,Phoenix,AZ,US,2022-05-01,Prime Student
AMA-C9517,Rahul Khan,rahul.khan947@example.com,Chicago,IL,US,14-Jan-2023,Prime Student
AMA-C4895,David Singh,david.singh697@example.com,Los Angeles,CA,US,14-Oct-2022,Non-Prime
AMA-C5666,Vivaan Tanaka,vivaan.tanaka258@example.com,atlanta,GA,US,12/11/2025,Prime
AMA-C9781,Zoe Patel,zoe.patel861@example.com,New York,NY,US,10-Sep-2022,Non-Prime
AMA-C4154,maria kim,,phoenix,AZ,US,2023-11-12,Prime Student
AMA-C2251,MARIA MARTIN,maria.martin301@example.com,seattle,WA,US,10/23/2022,Prime
AMA-C7245,YUKI JOHNSON,yuki.johnson298@example.com,Miami,FL,US,08/30/2023,Prime Student
AMA-C4572,carlos müller,carlos.müller505@example.com,Chicago,IL,US,21-Jun-2025,Non-Prime
AMA-C3046,SARA TANAKA,sara.tanaka303@example.com,New York,NY,US,2025-03-21,Non-Prime
AMA-C6216,YUKI MÜLLER,yuki.müller823@example.com,Phoenix,AZ,US,12-Feb-2025,Prime Student
AMA-C10304,Priya Rossi,priya.rossi732@example.com,New York,NY,US,18-Apr-2024,Prime Student
AMA-C3060,Maria Sharma,maria.sharma237@example.com,Miami,FL,US,12/10/2025,Prime
AMA-C3294,Aditya Smith,aditya.smith165@example.com,New York,NY,US,2024-11-12,Non-Prime
AMA-C9945,Michael Chen,michael.chen400@example.com,Phoenix,AZ,US,01/21/2024,Non-Prime
AMA-C3242,Chen Müller,chen.müller968@example.com,Miami,FL,US,2022-03-17,Prime
AMA-C7945,James Kumar,james.kumar130@example.com,Phoenix,AZ,US,07-Jan-2024,Prime
AMA-C9596,Liam Anderson,,Atlanta,GA,US,03-Apr-2024,Prime
AMA-C1958,Yuki Suzuki,yuki.suzuki951@example.com,Denver,CO,US,03/26/2023,Non-Prime
AMA-C4620,Zoe Smith,zoe.smith501@example.com,Los Angeles,CA,US,04/27/2025,Prime
AMA-C4980,Ben Johnson,ben.johnson177@example.com,Phoenix,AZ,US,28-Aug-2023,Non-Prime
AMA-C2669, Chen Brown ,chen.brown834@example.com,los angeles,CA,US,31-Dec-2023,Non-Prime
AMA-C3769,Ken Rossi,ken.rossi674@example.com,Phoenix,AZ,US,2021-04-25,Prime
AMA-C4802,BEN YAMADA,ben.yamada414@example.com,Houston,TX,US,2022-05-05,Non-Prime
AMA-C6723,Wei Kim,wei.kim452@example.com,Houston,TX,US,2022-05-03,Non-Prime
AMA-C9120,WEI KIM,wei.kim263@example.com,Denver,CO,US,08/08/2024,Prime
AMA-C1123,Zoe Wilson,zoe.wilson860 at example.com,Denver,CO,US,25-Aug-2023,Prime
AMA-C4304,NOAH KUMAR,noah.kumar540@example.com,Boston,MA,US,11/01/2023,Prime Student
AMA-C8826,John Müller,john.müller732@example.com,Los Angeles,CA,US,2023-11-04,Non-Prime
AMA-C4729,Zoe Suzuki,zoe.suzuki769@example.com,Houston,TX,US,22-Jul-2021,Prime
AMA-C1441,Aditya Davis,aditya.davis142@example.com,Chicago,IL,US,18-Nov-2025,Non-Prime
AMA-C10841,Rahul Rossi,rahul.rossi426 at example.com,Denver,CO,US,16-Dec-2023,Prime Student
AMA-C1806,Priya Müller,priya.müller421@example.com,Phoenix,AZ,US,24-Jan-2021,Prime Student
AMA-C6232,Carlos Patel,carlos.patel497@example.com,Boston,MA,US,12-May-2022,Non-Prime
AMA-C2443,Chen Suzuki,chen.suzuki372@example.com,Boston,MA,US,09/16/2022,Prime Student
AMA-C6855,Ken Wilson,ken.wilson126@example.com,NEW YORK,NY,US,2025-08-14,Prime
AMA-C3055,Wei Smith,wei.smith40@example.com,Houston,TX,US,13-Oct-2021,Prime
AMA-C9907,RAHUL LEE,rahul.lee552 at example.com,Houston,TX,US,02-Aug-2023,Non-Prime
AMA-C5600,James Davis,james.davis11@example.com,Boston,MA,US,11-Jun-2021,Prime Student
AMA-C7782,Priya Khan,priya.khan313@example.com,Miami,FL,US,02-Jul-2021,Non-Prime
AMA-C3047,Ben Patel,ben.patel79@example.com,Boston,MA,US,06-Aug-2022,Non-Prime
AMA-C2534,Yuki Smith,yuki.smith355@example.com,Denver,CO,US,09/17/2023,Prime Student
AMA-C4219,Noah Singh,noah.singh146@example.com,Denver,CO,US,27-Jun-2025,Prime
AMA-C5194,Noah Patel,noah.patel711@example.com,Boston,MA,US,05/14/2024,Prime
AMA-C4999,Carlos Johnson,carlos.johnson227 at example.com,Seattle,WA,US,11-Sep-2022,Prime Student
AMA-C8309,Noah Suzuki,noah.suzuki791@example.com,New York,NY,US,12/28/2023,
AMA-C3385,olivia chen,olivia.chen67@example.com,Chicago,IL,US,11/09/2024,Prime Student
AMA-C6839,Liam Patel,liam.patel575@example.com,Denver,CO,US,2022-03-27,Prime Student
AMA-C5309,Chen Garcia,,Seattle,WA,US,2024-03-15,Non-Prime
AMA-C3701,Ken Patel,ken.patel286@example.com,Atlanta,GA,US,2022-08-15,Prime
AMA-C8446,Olivia Wilson,olivia.wilson41@example.com,Seattle,WA,US,2025-02-04,Prime Student
AMA-C3315,Yuki Yamada,yuki.yamada673@example.com,MIAMI,FL,US,12/05/2022,Prime
AMA-C8320,sofia sharma,sofia.sharma688@example.com,Phoenix,AZ,US,02-Oct-2025,Prime Student
AMA-C4763,Zoe Rossi,zoe.rossi352@example.com,los angeles,CA,US,2025-09-29,Prime
AMA-C6435, Aditya Kim ,aditya.kim483@example.com,Seattle,WA,US,06/09/2022,Prime
AMA-C8743,James Suzuki,james.suzuki4 at example.com,Phoenix,AZ,US,09-Nov-2025,Prime
AMA-C3846,David Smith,david.smith716@example.com,Denver,CO,US,09/11/2025,
AMA-C6780,emma yamada,emma.yamada13@example.com,Phoenix,AZ,US,28-Feb-2021,
AMA-C6961,Sofia Chen,sofia.chen916@example.com,Atlanta,GA,US,2022-02-07,Prime Student
AMA-C8325,aarav smith,aarav.smith971@example.com,Atlanta,GA,US,03-Dec-2022,Prime
AMA-C1204,john kim,john.kim127@example.com,New York,NY,US,14-Jul-2022,Non-Prime
AMA-C9004,Mohammed Rossi,mohammed.rossi426@example.com,PHOENIX,AZ,US,06/04/2022,Non-Prime
AMA-C8165,priya lee,priya.lee467@example.com,Denver,CO,US,01-Oct-2021,Prime
AMA-C5851,Ken Chen,ken.chen595 at example.com,Chicago,IL,US,02/28/2023,Non-Prime
AMA-C9813,NOAH YAMADA,,Seattle,WA,US,2021-01-18,Prime
AMA-C8491,Olivia Brown,olivia.brown115@example.com,Seattle,WA,US,2025-11-19,Prime
AMA-C1675,Wei Wang,wei.wang681@example.com,New York,NY,US,2024-07-26,Non-Prime
AMA-C8540,Carlos Sharma,carlos.sharma610@example.com,Boston,MA,US,2023-05-06,Prime Student
AMA-C5453,Rahul Smith,rahul.smith931@example.com,Phoenix,AZ,US,2022-06-12,Prime Student
AMA-C9522,Priya Patel,priya.patel711@example.com,Miami,FL,US,2024-07-24,Prime Student
AMA-C1897,Sara Rossi,sara.rossi448@example.com,PHOENIX,AZ,US,2024-12-18,Prime
AMA-C7498,Wei Smith,wei.smith532@example.com,MIAMI,FL,US,2023-03-23,Prime
AMA-C4923,James Anderson,james.anderson161@example.com,Phoenix,AZ,US,2025-06-11,Prime
AMA-C1099,Zoe Patel,zoe.patel55@example.com,Denver,CO,US,2022-10-07,Prime
AMA-C2043,Priya Wilson,priya.wilson685@example.com,Chicago,IL,US,25-Oct-2023,Prime
AMA-C5572,Sara Davis,,Miami,FL,US,15-May-2022,Prime
AMA-C5733,Ken Chen,ken.chen767@example.com,New York,NY,US,2024-08-21,Non-Prime
AMA-C8440,Yuki Johnson,yuki.johnson715@example.com,NEW YORK,NY,US,2025-03-26,Prime Student
AMA-C5841, Sofia Anderson ,sofia.anderson615@example.com,New York,NY,US,2021-07-03,Prime Student
AMA-C3681,CARLOS BROWN,carlos.brown574@example.com,Miami,FL,US,23-Aug-2023,Prime
AMA-C7614,Zoe Smith,zoe.smith609@example.com,Atlanta,GA,US,25-Feb-2024,Non-Prime
AMA-C7027,Zoe Khan,zoe.khan852@example.com,Chicago,IL,US,17-Sep-2023,Prime Student
AMA-C1888,BEN DAVIS,ben.davis696@example.com,Houston,TX,US,2025-12-19,Prime
AMA-C3912,Yuki Lee,yuki.lee668@example.com,Houston,TX,US,05/14/2025,Non-Prime
AMA-C3618,Fatima Brown,fatima.brown457@example.com,ATLANTA,GA,US,02/08/2022,Prime
AMA-C3029,Vivaan Johnson,,Denver,CO,US,2024-10-06,Non-Prime
AMA-C2474, Liam Smith ,liam.smith308@example.com,Seattle,WA,US,03/29/2025,Non-Prime
AMA-C3897,sofia chen,sofia.chen209@example.com,New York,NY,US,06/04/2021,Prime Student
AMA-C7705,Emma Patel,emma.patel194@example.com,CHICAGO,IL,US,2021-08-10,Prime
AMA-C7599,Rahul Johnson,rahul.johnson331@example.com,Boston,MA,US,02/08/2023,Non-Prime
AMA-C2624,Michael Brown,michael.brown954@example.com,New York,NY,US,2025-09-09,Prime
AMA-C8955,Michael Brown,michael.brown927@example.com,ATLANTA,GA,US,03/21/2024,Prime
AMA-C5137,James Davis,james.davis920@example.com,LOS ANGELES,CA,US,03/16/2025,Non-Prime
AMA-C6345,Ava Wang,ava.wang74@example.com,Atlanta,GA,US,24-Jul-2024,Prime Student
AMA-C2564,Emma Smith,emma.smith399@example.com,New York,NY,US,12/14/2023,Prime
AMA-C4313,Yuki Khan,yuki.khan578@example.com,New York,NY,US,22-Aug-2022,Prime Student
AMA-C10323,Noah Patel,noah.patel455@example.com,Denver,CO,US,11/29/2021,Non-Prime
AMA-C9079,Ava Garcia,ava.garcia890 at example.com,New York,NY,US,01/14/2025,Non-Prime
AMA-C3679,Vivaan Anderson,vivaan.anderson282@example.com,New York,NY,US,2021-12-08,Non-Prime
AMA-C7466,Anna Wang,anna.wang745@example.com,Seattle,WA,US,12/31/2022,Non-Prime
AMA-C9338,ZOE TANAKA,zoe.tanaka137@example.com,Seattle,WA,US,2025-07-17,Prime Student
AMA-C3332,LIAM ROSSI,liam.rossi190@example.com,Seattle,WA,US,09/06/2024,Non-Prime
AMA-C7705,Emma Patel,emma.patel194@example.com,CHICAGO,IL,US,2021-08-10,Prime
AMA-C7683,Rahul Lee,rahul.lee49@example.com,Seattle,WA,US,2024-02-15,Prime Student
AMA-C10655,Anna Davis,anna.davis960@example.com,Boston,MA,US,2024-07-31,Prime Student
AMA-C1498,chen kim,chen.kim78@example.com,Miami,FL,US,2021-02-14,Prime
AMA-C1944,Ken Martin,ken.martin741@example.com,houston,TX,US,2023-01-11,Non-Prime
AMA-C4804,Rahul Yamada,rahul.yamada138@example.com,BOSTON,MA,US,05-May-2024,Prime Student
AMA-C1390,Rahul Singh,rahul.singh889@example.com,Houston,TX,US,09/27/2024,Non-Prime
AMA-C7119, Noah Müller ,noah.müller892@example.com,Los Angeles,CA,US,05/07/2022,Prime
AMA-C7055,Maria Khan,maria.khan403@example.com,Houston,TX,US,12/24/2022,Prime
AMA-C10623,Zoe Davis,zoe.davis184@example.com,Chicago,IL,US,2024-08-22,Prime Student
AMA-C1255,Sara Rossi,sara.rossi212@example.com,MIAMI,FL,US,08/30/2025,Non-Prime
AMA-C6488,Noah Smith,noah.smith951@example.com,Miami,FL,US,2024-08-18,Prime Student
AMA-C7601,rahul chen,rahul.chen406@example.com,MIAMI,FL,US,01-Aug-2023,Prime Student
AMA-C8695,yuki patel,yuki.patel922@example.com,Atlanta,GA,US,2023-12-26,Non-Prime
AMA-C1722,Yuki Sharma,yuki.sharma180@example.com,Denver,CO,US,13-Nov-2025,Prime Student
AMA-C1309,Maria Wilson,maria.wilson756@example.com,Chicago,IL,US,2024-07-20,Prime Student
AMA-C6138,Olivia Wang,olivia.wang388@example.com,Seattle,WA,US,2024-08-14,Prime
AMA-C10355,Aarav Patel,aarav.patel555@example.com,Atlanta,GA,US,2022-10-28,Prime Student
AMA-C2228,Sofia Müller,sofia.müller509 at example.com,Boston,MA,US,2021-10-06,Non-Prime
AMA-C7214,David Smith,david.smith989@example.com,Miami,FL,US,23-Mar-2021,Non-Prime
AMA-C4508, Liam Chen ,liam.chen984@example.com,Seattle,WA,US,05/20/2023,Prime
AMA-C10252,james tanaka,james.tanaka943@example.com,Phoenix,AZ,US,03/04/2024,Prime
AMA-C6616,Vivaan Patel,vivaan.patel735@example.com,Los Angeles,CA,US,10/05/2025,Prime
AMA-C7885,MICHAEL KUMAR,michael.kumar92@example.com,Phoenix,AZ,US,12-Feb-2025,Non-Prime
AMA-C10635,Michael Singh,michael.singh416@example.com,Phoenix,AZ,US,01/25/2025,Prime
AMA-C5229,Wei Wang,wei.wang848@example.com,Los Angeles,CA,US,01/31/2021,Prime
AMA-C10173,Ken Anderson,ken.anderson100@example.com,Miami,FL,US,2022-10-16,Prime
AMA-C4273,Vivaan Smith,vivaan.smith554@example.com,los angeles,CA,US,2023-12-01,Prime Student
AMA-C6819,mohammed khan,mohammed.khan361@example.com,Phoenix,AZ,US,05/27/2022,Prime Student
AMA-C4784,aarav lee,aarav.lee403@example.com,Chicago,IL,US,12/25/2022,Prime
AMA-C2138,Sofia Wilson,,Houston,TX,US,2023-09-30,Non-Prime
AMA-C7255,yuki sharma,yuki.sharma360@example.com,HOUSTON,TX,US,22-Sep-2025,Prime
AMA-C2517,KEN DAVIS,ken.davis616@example.com,New York,NY,US,04-Feb-2021,Non-Prime
AMA-C9186,liam patel,liam.patel812@example.com,Phoenix,AZ,US,2022-05-12,Non-Prime
AMA-C6543,fatima rossi,fatima.rossi914@example.com,Houston,TX,US,2021-12-14,Prime Student
AMA-C10621,li chen,li.chen876@example.com,Miami,FL,US,18-Dec-2024,Prime Student
AMA-C5204,Noah Smith,noah.smith169@example.com,Chicago,IL,US,03/06/2022,Prime Student
AMA-C4681,Wei Yamada,wei.yamada415@example.com,Los Angeles,CA,US,04/22/2023,Prime
AMA-C8969,Emma Suzuki,emma.suzuki842@example.com,Miami,FL,US,09-Sep-2024,Prime
AMA-C8752,Yuki Tanaka,yuki.tanaka671@example.com,Miami,FL,US,02/16/2023,Non-Prime
AMA-C5950,Noah Singh,noah.singh9@example.com,Seattle,WA,US,19-Dec-2023,Prime Student
AMA-C6870,SARA LEE,,Los Angeles,CA,US,09/17/2023,Non-Prime
AMA-C10579,liam garcia,liam.garcia947@example.com,Denver,CO,US,11-Oct-2021,Prime
AMA-C8903,Li Yamada,li.yamada39@example.com,Boston,MA,US,05-Dec-2024,
AMA-C8394,Vivaan Müller,vivaan.müller394@example.com,Seattle,WA,US,2021-06-08,Prime Student
AMA-C5773,Priya Müller,priya.müller813@example.com,BOSTON,MA,US,07-Nov-2025,Prime Student
AMA-C7852, Li Wang ,li.wang100@example.com,Seattle,WA,US,06/25/2022,Non-Prime
AMA-C3780, Ben Kim ,ben.kim464@example.com,Atlanta,GA,US,2021-02-05,Prime Student
AMA-C5216,Vivaan Anderson,vivaan.anderson584@example.com,Denver,CO,US,29-Sep-2022,Prime Student
AMA-C3726,MICHAEL YAMADA,,Boston,MA,US,07/01/2021,Prime Student
AMA-C1247,Olivia Martin,olivia.martin510@example.com,Houston,TX,US,2024-03-13,Non-Prime
AMA-C4040,Chen Smith,chen.smith927@example.com,Atlanta,GA,US,07/28/2025,Prime Student
AMA-C6249,Michael Tanaka,michael.tanaka630@example.com,Los Angeles,CA,US,2023-08-03,Non-Prime
AMA-C6205,James Suzuki,james.suzuki8@example.com,Miami,FL,US,2022-09-16,Prime Student
AMA-C5237,Vivaan Tanaka,vivaan.tanaka268@example.com,Los Angeles,CA,US,2023-07-15,Prime Student
AMA-C9934,Emma Kim,emma.kim693@example.com,Phoenix,AZ,US,05/27/2024,Prime Student
AMA-C2321, Rahul Suzuki ,rahul.suzuki762@example.com,Denver,CO,US,31-Jan-2023,Prime
AMA-C8315,Aditya Lee,aditya.lee150@example.com,Houston,TX,US,08-Jul-2025,
AMA-C4733,Emma Suzuki,emma.suzuki780@example.com,Denver,CO,US,2025-04-16,Prime
AMA-C3203,Noah Johnson,noah.johnson743@example.com,Houston,TX,US,20-Sep-2022,Prime Student
AMA-C5636,SARA KUMAR,sara.kumar307 at example.com,seattle,WA,US,2022-02-13,Prime
AMA-C2720,Chen Sharma,chen.sharma28@example.com,Miami,FL,US,2023-04-20,Prime
AMA-C7310,Aarav Davis,aarav.davis79@example.com,boston,MA,US,2022-07-01,Prime Student
AMA-C2805,wei sharma,wei.sharma644@example.com,Boston,MA,US,11/15/2023,Prime Student
AMA-C9053,Vivaan Tanaka,vivaan.tanaka530@example.com,Seattle,WA,US,2022-02-06,Prime Student
AMA-C5982,Aditya Singh,aditya.singh436@example.com,Phoenix,AZ,US,29-Sep-2024,Prime
AMA-C10591,Priya Tanaka,priya.tanaka519@example.com,LOS ANGELES,CA,US,05/17/2022,Prime Student
AMA-C10720,Carlos Sharma,carlos.sharma298@example.com,Boston,MA,US,28-Jul-2022,
AMA-C10060,James Chen,james.chen780@example.com,Phoenix,AZ,US,2024-02-03,Prime Student
AMA-C9983,Vivaan Davis,vivaan.davis668@example.com,Boston,MA,US,09/15/2023,Non-Prime
AMA-C5556,emma lee,emma.lee829@example.com,Miami,FL,US,2025-09-07,Prime Student
AMA-C9900,mohammed singh,mohammed.singh241@example.com,Los Angeles,CA,US,11/01/2023,Prime
AMA-C2356,David Anderson,david.anderson193@example.com,Boston,MA,US,08-Dec-2022,Prime Student
AMA-C8483,Chen Wang,,Boston,MA,US,09-Feb-2023,Prime Student
AMA-C8366,li kumar,li.kumar988@example.com,Atlanta,GA,US,01/04/2023,Prime Student
AMA-C1135,John Anderson,john.anderson596@example.com,New York,NY,US,2022-12-15,Non-Prime
AMA-C8723, Ava Davis ,ava.davis243@example.com,Atlanta,GA,US,10-Jan-2023,Prime
AMA-C10576,Zoe Davis,zoe.davis937@example.com,Los Angeles,CA,US,27-Dec-2025,Non-Prime
AMA-C5833,Noah Patel,noah.patel93@example.com,Atlanta,GA,US,06/29/2021,Prime
AMA-C4512,Sofia Sharma,sofia.sharma408@example.com,Boston,MA,US,2021-02-08,Non-Prime
AMA-C1413,Chen Anderson,chen.anderson823@example.com,Seattle,WA,US,07/16/2022,Prime
AMA-C9237, Noah Johnson ,noah.johnson495@example.com,Los Angeles,CA,US,01/02/2025,Prime Student
AMA-C4134,chen patel,chen.patel975@example.com,New York,NY,US,11/06/2022,Prime
AMA-C7692,Ken Wilson,ken.wilson716@example.com,SEATTLE,WA,US,2021-02-03,Prime Student
AMA-C2371,Michael Tanaka,michael.tanaka522@example.com,Phoenix,AZ,US,23-Jan-2022,Non-Prime
AMA-C9270,Rahul Patel,rahul.patel820@example.com,Seattle,WA,US,2024-07-30,Prime
AMA-C6241,Sofia Wilson,sofia.wilson873 at example.com,Boston,MA,US,22-May-2023,Non-Prime
AMA-C3630,EMMA TANAKA,emma.tanaka609@example.com,Phoenix,AZ,US,01/03/2023,Non-Prime
AMA-C9329,Anna Garcia,anna.garcia988@example.com,Boston,MA,US,2021-12-19,Non-Prime
AMA-C4499,Sofia Brown,sofia.brown698@example.com,Los Angeles,CA,US,2021-12-26,Prime Student
AMA-C4274,OLIVIA MÜLLER,olivia.müller370@example.com,Denver,CO,US,01/24/2022,Prime
AMA-C5268,MARIA BROWN,maria.brown711@example.com,Seattle,WA,US,2022-07-02,Prime
AMA-C3924,NOAH ROSSI,noah.rossi287@example.com,New York,NY,US,18-Oct-2024,Prime
AMA-C2014,Wei Martin,wei.martin137@example.com,MIAMI,FL,US,2024-06-20,Prime Student
AMA-C6638,Liam Rossi,liam.rossi767@example.com,Los Angeles,CA,US,06/27/2022,Prime
AMA-C2985,Wei Singh,wei.singh953@example.com,Atlanta,GA,US,07/31/2021,Non-Prime
AMA-C2657,Ken Johnson,ken.johnson521@example.com,Houston,TX,US,2021-09-15,
AMA-C4036,Rahul Sharma,rahul.sharma813@example.com,Chicago,IL,US,2021-06-26,Prime Student
AMA-C6533,Chen Lee,chen.lee455@example.com,houston,TX,US,2021-11-09,Non-Prime
AMA-C1117,Olivia Patel,olivia.patel628@example.com,Los Angeles,CA,US,26-Jan-2021,Prime
AMA-C3550,maria kim,maria.kim660@example.com,BOSTON,MA,US,06-Nov-2021,Prime
AMA-C8374, Olivia Lee ,olivia.lee318@example.com,Los Angeles,CA,US,2024-10-19,Prime Student
AMA-C4546,Sara Kim,sara.kim835@example.com,Miami,FL,US,2021-10-04,Non-Prime
AMA-C8249,Liam Müller,liam.müller914@example.com,Seattle,WA,US,22-May-2021,Prime Student
AMA-C3174,Li Tanaka,li.tanaka403@example.com,Atlanta,GA,US,2023-02-22,Prime
AMA-C7645,Sara Kumar,sara.kumar674@example.com,DENVER,CO,US,06/02/2021,
AMA-C10477,Ken Brown,ken.brown433@example.com,Denver,CO,US,2022-07-29,Non-Prime
AMA-C10552,Chen Lee,chen.lee561@example.com,Houston,TX,US,2025-08-30,Non-Prime
AMA-C2810,emma rossi,emma.rossi904@example.com,Boston,MA,US,2025-04-14,Prime Student
AMA-C1199,NOAH TANAKA,noah.tanaka682@example.com,Chicago,IL,US,21-Nov-2025,Non-Prime
AMA-C9135,Priya Kim,priya.kim268@example.com,Phoenix,AZ,US,2021-05-08,Prime Student
AMA-C8889,Wei Müller,wei.müller818@example.com,Chicago,IL,US,09/27/2023,Prime Student
AMA-C7314,Liam Khan,liam.khan112 at example.com,Boston,MA,US,2022-11-04,Prime
AMA-C9055, Wei Müller ,wei.müller214 at example.com,Boston,MA,US,2021-03-22,Prime
AMA-C2467,Emma Khan,emma.khan414@example.com,Boston,MA,US,2025-07-21,Prime Student
AMA-C5473,Sara Lee,sara.lee390@example.com,Seattle,WA,US,08/25/2023,
AMA-C7424,Liam Brown,liam.brown511@example.com,Miami,FL,US,08/09/2023,Prime Student
AMA-C1460,Sara Lee,sara.lee51@example.com,Los Angeles,CA,US,08/25/2022,
AMA-C2135,Vivaan Wang,vivaan.wang139@example.com,Houston,TX,US,12-Apr-2024,Prime
AMA-C2558,James Anderson,james.anderson692@example.com,boston,MA,US,04-Jul-2024,Prime
AMA-C2802,Rahul Johnson,rahul.johnson639@example.com,New York,NY,US,24-Jun-2023,Prime
AMA-C1926,John Lee,john.lee699 at example.com,Miami,FL,US,09/07/2022,Prime
AMA-C9285,Liam Garcia,liam.garcia601@example.com,Miami,FL,US,2025-03-27,Prime
AMA-C1383,Zoe Wang,zoe.wang688@example.com,Chicago,IL,US,01-Apr-2022,Prime
AMA-C8865,Ava Garcia,,Los Angeles,CA,US,08/18/2024,Prime Student
AMA-C7439,Olivia Anderson,olivia.anderson617@example.com,Denver,CO,US,11/30/2023,Prime Student
AMA-C8149,John Suzuki,john.suzuki256@example.com,Seattle,WA,US,06-Feb-2023,Prime
AMA-C7356,ben kumar,ben.kumar355 at example.com,Phoenix,AZ,US,06/20/2023,Prime Student
AMA-C3678,Liam Anderson,liam.anderson107@example.com,Atlanta,GA,US,02-Nov-2023,Non-Prime
AMA-C6795,Ken Kumar,ken.kumar117@example.com,Miami,FL,US,06/09/2021,Non-Prime
AMA-C8124,Ben Lee,ben.lee264@example.com,New York,NY,US,2024-09-04,Prime Student
AMA-C1642,Noah Garcia,noah.garcia902@example.com,new york,NY,US,13-Sep-2023,Non-Prime
AMA-C10702,Vivaan Wilson,vivaan.wilson690@example.com,Chicago,IL,US,10/05/2021,Non-Prime
AMA-C5170,sara kim,sara.kim730@example.com,Los Angeles,CA,US,2023-07-19,Prime Student
AMA-C5847,SARA SMITH,sara.smith644@example.com,Seattle,WA,US,08-Jul-2025,Prime
AMA-C4956,Aarav Khan,aarav.khan369@example.com,Atlanta,GA,US,07/22/2023,Prime Student
AMA-C9528,Mohammed Anderson,mohammed.anderson445@example.com,Los Angeles,CA,US,2022-12-04,Prime Student
AMA-C10119,David Martin,david.martin555@example.com,Los Angeles,CA,US,05/15/2025,Non-Prime
AMA-C9392,sara patel,sara.patel99@example.com,Atlanta,GA,US,19-Apr-2024,Prime
AMA-C9767,Fatima Davis,fatima.davis575@example.com,Houston,TX,US,23-Mar-2022,Prime
AMA-C5012, John Sharma ,john.sharma876@example.com,Boston,MA,US,2025-12-15,Non-Prime
AMA-C6097,Chen Khan,chen.khan105@example.com,New York,NY,US,27-Oct-2022,Prime
AMA-C2967,Wei Wilson,wei.wilson539@example.com,Atlanta,GA,US,03-Jan-2025,Non-Prime
AMA-C8781,Olivia Khan,,Miami,FL,US,10/26/2023,Prime
AMA-C5067,Ava Kim,ava.kim464@example.com,Seattle,WA,US,06/14/2025,Non-Prime
AMA-C7254,Aarav Anderson,aarav.anderson411@example.com,Chicago,IL,US,2024-01-24,Non-Prime
AMA-C2925,Liam Sharma,liam.sharma873@example.com,Miami,FL,US,02-Aug-2022,Non-Prime
AMA-C7174,Sofia Tanaka,sofia.tanaka363@example.com,Boston,MA,US,11/06/2021,
AMA-C8144,James Davis,james.davis582@example.com,Chicago,IL,US,01-Aug-2021,Non-Prime
AMA-C7826,James Rossi,james.rossi395@example.com,Atlanta,GA,US,09/23/2021,Prime
AMA-C9651,Mohammed Rossi,mohammed.rossi892@example.com,Boston,MA,US,22-May-2021,Prime Student
AMA-C4189,Liam Brown,liam.brown42@example.com,Atlanta,GA,US,02/07/2021,Non-Prime
AMA-C4910,Yuki Müller,yuki.müller990@example.com,Houston,TX,US,15-Apr-2022,Prime Student
AMA-C5551,Liam Lee,liam.lee243@example.com,Houston,TX,US,03/13/2022,Non-Prime
AMA-C2439,emma kumar,emma.kumar624@example.com,Denver,CO,US,2023-07-06,Prime
AMA-C1527,Sara Singh,sara.singh765@example.com,Los Angeles,CA,US,2025-08-27,Non-Prime
AMA-C4387,anna brown,anna.brown742@example.com,Denver,CO,US,07/26/2021,Prime
AMA-C2527,Olivia Yamada,olivia.yamada977@example.com,Atlanta,GA,US,03/11/2024,Prime
AMA-C10237,James Kim,james.kim494@example.com,Miami,FL,US,03-Oct-2025,Non-Prime
AMA-C3072,James Tanaka,james.tanaka922@example.com,Houston,TX,US,08/06/2021,Prime
AMA-C3602,Rahul Garcia,rahul.garcia20@example.com,Atlanta,GA,US,10/14/2022,Prime
AMA-C8079,SOFIA SHARMA,sofia.sharma177@example.com,Atlanta,GA,US,2023-05-07,Prime Student
AMA-C3565,Mohammed Yamada,mohammed.yamada443@example.com,Denver,CO,US,12-Apr-2024,Prime Student
AMA-C2349,Yuki Sharma,yuki.sharma745@example.com,New York,NY,US,2024-05-01,Non-Prime
AMA-C4672,John Müller,john.müller802@example.com,Boston,MA,US,2025-06-06,Prime
AMA-C7701,Zoe Suzuki,zoe.suzuki809@example.com,Los Angeles,CA,US,2025-02-02,Non-Prime
AMA-C1671,Aditya Singh,,Los Angeles,CA,US,03/18/2025,Non-Prime
AMA-C2088,WEI SINGH,wei.singh246@example.com,New York,NY,US,31-Mar-2023,Prime
AMA-C8972,Ava Rossi,ava.rossi267@example.com,boston,MA,US,2024-04-29,Prime Student
AMA-C7190,vivaan wilson,vivaan.wilson530@example.com,Denver,CO,US,03/01/2022,Prime
AMA-C4337,Li Singh,li.singh680@example.com,Boston,MA,US,2021-04-17,Prime
AMA-C4847,sara martin,sara.martin507@example.com,HOUSTON,TX,US,11/25/2024,Non-Prime
AMA-C10042,Michael Davis,michael.davis380@example.com,Boston,MA,US,2021-07-30,Prime Student
AMA-C3394,Yuki Suzuki,yuki.suzuki711@example.com,Boston,MA,US,19-Feb-2025,Prime Student
AMA-C5803,Aditya Lee,aditya.lee723@example.com,Seattle,WA,US,2023-02-26,Prime Student
AMA-C6507,Michael Yamada,michael.yamada939@example.com,Boston,MA,US,2024-06-19,
AMA-C2295,John Johnson,john.johnson92@example.com,Atlanta,GA,US,05/22/2021,Prime Student
AMA-C1981,john khan,john.khan773@example.com,Seattle,WA,US,07-Feb-2022,Prime
AMA-C2113,Liam Rossi,,Seattle,WA,US,05/18/2022,
AMA-C2060,Ben Kim,ben.kim140@example.com,Boston,MA,US,11/02/2022,Prime
AMA-C9388,Carlos Müller,carlos.müller572@example.com,Los Angeles,CA,US,2023-04-08,Prime Student
AMA-C8469,SARA SMITH,sara.smith398@example.com,Denver,CO,US,03/10/2025,Prime
AMA-C2035,Anna Lee,anna.lee367@example.com,Chicago,IL,US,12-Jul-2024,Prime Student
AMA-C1208,Aarav Chen,,Los Angeles,CA,US,12/24/2023,Prime Student
AMA-C10651,Zoe Kumar,zoe.kumar621@example.com,Chicago,IL,US,29-May-2023,Non-Prime
AMA-C4049,Maria Müller,maria.müller311@example.com,chicago,IL,US,29-Oct-2023,Prime Student
AMA-C1844,Sara Kim,sara.kim188@example.com,BOSTON,MA,US,2023-12-19,Prime Student
AMA-C1335, Zoe Lee ,zoe.lee225@example.com,New York,NY,US,15-Jul-2022,Prime Student
AMA-C10070,Sofia Kim,sofia.kim568@example.com,Phoenix,AZ,US,01-Dec-2021,Prime
AMA-C5635,Aditya Garcia,aditya.garcia446@example.com,Miami,FL,US,07-Mar-2024,
AMA-C2909,Fatima Smith,fatima.smith463@example.com,Seattle,WA,US,2022-04-27,
AMA-C8553,Vivaan Kumar,vivaan.kumar570@example.com,New York,NY,US,2025-05-25,Prime Student
AMA-C3675,Yuki Khan,yuki.khan943@example.com,Boston,MA,US,04/10/2025,Prime Student
AMA-C8308,Mohammed Yamada,mohammed.yamada989@example.com,Atlanta,GA,US,25-Jun-2022,Non-Prime
AMA-C2058,Zoe Brown,zoe.brown445@example.com,Atlanta,GA,US,17-Sep-2022,Prime
AMA-C5994,Chen Rossi,chen.rossi428@example.com,Boston,MA,US,01/17/2022,Prime
AMA-C3799,James Smith,james.smith30@example.com,Atlanta,GA,US,2023-01-16,Prime Student
AMA-C2513,David Wilson,david.wilson278@example.com,Los Angeles,CA,US,22-Oct-2023,Non-Prime
AMA-C7938,ADITYA SMITH,,Chicago,IL,US,2024-06-24,Prime Student
AMA-C7792,David Brown,david.brown152@example.com,los angeles,CA,US,18-Sep-2023,Prime
AMA-C6367,Chen Wang,chen.wang60@example.com,Boston,MA,US,06/26/2025,Prime
AMA-C2809,Chen Singh,chen.singh602@example.com,Boston,MA,US,22-May-2021,Non-Prime
AMA-C7307,Maria Brown,maria.brown826 at example.com,New York,NY,US,28-Jul-2023,Prime
AMA-C2714,Ken Chen,ken.chen359@example.com,Seattle,WA,US,01/04/2024,Prime
AMA-C3479,Sofia Tanaka,sofia.tanaka116@example.com,Denver,CO,US,01/23/2022,Prime Student
AMA-C8595,Maria Yamada,,Phoenix,AZ,US,11-Jun-2023,Prime
AMA-C10008,Noah Anderson,noah.anderson617@example.com,Atlanta,GA,US,07/23/2023,Prime
AMA-C2679,Chen Wilson,chen.wilson221@example.com,Chicago,IL,US,30-Mar-2023,Prime
AMA-C7017,John Rossi,john.rossi540@example.com,Boston,MA,US,2023-01-26,Prime
AMA-C10527,Aditya Kim,aditya.kim24@example.com,Atlanta,GA,US,10/10/2025,Non-Prime
AMA-C3316,Olivia Martin,olivia.martin783@example.com,Los Angeles,CA,US,04/29/2024,Non-Prime
AMA-C2518,carlos müller,carlos.müller541@example.com,Boston,MA,US,25-Jan-2024,Non-Prime
AMA-C9573,Yuki Wang,yuki.wang438@example.com,Boston,MA,US,12-Sep-2023,Prime Student
AMA-C3397,Vivaan Wang,vivaan.wang375@example.com,Denver,CO,US,07/22/2024,Prime Student
AMA-C6121,Rahul Garcia,rahul.garcia948@example.com,Phoenix,AZ,US,2021-06-01,Prime
AMA-C9653,Li Kumar,li.kumar126@example.com,New York,NY,US,12/24/2023,Non-Prime
AMA-C9025,Ben Rossi,ben.rossi137@example.com,Houston,TX,US,06/21/2021,
AMA-C5319,Sara Brown,sara.brown114@example.com,Denver,CO,US,2023-04-23,
AMA-C4967,Aditya Müller,aditya.müller134@example.com,Boston,MA,US,15-Dec-2022,Non-Prime
AMA-C8231,Wei Suzuki,wei.suzuki792@example.com,PHOENIX,AZ,US,2024-09-11,Prime
AMA-C8403, Yuki Khan ,yuki.khan357@example.com,Phoenix,AZ,US,21-Mar-2023,Prime
AMA-C6444,Ken Smith,ken.smith478@example.com,New York,NY,US,27-Jul-2021,Prime
AMA-C7352,Mohammed Müller,mohammed.müller925@example.com,Miami,FL,US,2024-05-04,Prime
AMA-C4640,Ben Anderson,ben.anderson157@example.com,Phoenix,AZ,US,12/22/2023,
AMA-C2951,Zoe Davis,zoe.davis727@example.com,Miami,FL,US,08/23/2021,Prime
AMA-C5577,BEN WILSON,ben.wilson879@example.com,Miami,FL,US,07-Jul-2021,Non-Prime
AMA-C4207,BEN ROSSI,ben.rossi300@example.com,Houston,TX,US,07/31/2023,Non-Prime
AMA-C3627,Aditya Yamada,aditya.yamada688@example.com,Boston,MA,US,07-Apr-2022,Non-Prime
AMA-C5910,Carlos Tanaka,carlos.tanaka82@example.com,Chicago,IL,US,06/01/2021,Non-Prime
AMA-C7268,Liam Anderson,liam.anderson712@example.com,New York,NY,US,10/20/2021,Non-Prime
AMA-C9909,Ben Smith,ben.smith124@example.com,Phoenix,AZ,US,07/12/2024,Prime
AMA-C7252,Yuki Wilson,yuki.wilson977@example.com,Denver,CO,US,02-Jul-2025,Non-Prime
AMA-C4628,John Chen,,Chicago,IL,US,2021-01-11,Prime Student
AMA-C10768,Noah Rossi,,Denver,CO,US,04/08/2025,Non-Prime
AMA-C7936,LIAM BROWN,liam.brown403@example.com,Los Angeles,CA,US,08-Mar-2023,Prime
AMA-C6809,Emma Lee,,Chicago,IL,US,20-Mar-2024,Prime
AMA-C10581,Mohammed Khan,mohammed.khan674 at example.com,Denver,CO,US,21-Sep-2024,Prime
AMA-C3441,Li Khan,li.khan849@example.com,New York,NY,US,18-Sep-2022,Non-Prime
AMA-C2662,Liam Patel,liam.patel421@example.com,Miami,FL,US,06-Jun-2025,Prime Student
AMA-C9962,Aarav Chen,aarav.chen870@example.com,Miami,FL,US,04-Feb-2022,Prime Student
AMA-C10811,James Smith,james.smith862@example.com,Boston,MA,US,22-Mar-2021,Non-Prime
AMA-C8625,David Wang,david.wang720@example.com,Houston,TX,US,01/26/2023,Prime
AMA-C1179,Sofia Smith,sofia.smith594@example.com,Houston,TX,US,2023-03-27,Prime Student
AMA-C2555, Noah Khan ,noah.khan47@example.com,Miami,FL,US,2024-02-20,Prime Student
AMA-C1962,John Davis,,Atlanta,GA,US,09/26/2023,Prime Student
AMA-C6379,Yuki Martin,yuki.martin816@example.com,Phoenix,AZ,US,06/22/2024,Prime Student
AMA-C9939,Ben Patel,ben.patel704@example.com,New York,NY,US,05/12/2022,Non-Prime
AMA-C5908,Anna Davis,anna.davis595@example.com,Los Angeles,CA,US,06/23/2022,Prime
AMA-C7509,Aarav Kim,aarav.kim263@example.com,Houston,TX,US,06/13/2025,Non-Prime
AMA-C6003,Wei Brown,wei.brown549@example.com,New York,NY,US,02/20/2021,Prime Student
AMA-C2417,Maria Kumar,maria.kumar767@example.com,Denver,CO,US,07/14/2023,Non-Prime
AMA-C6137,Olivia Yamada,olivia.yamada975@example.com,Boston,MA,US,05/03/2021,Prime
AMA-C2612,CHEN GARCIA,chen.garcia603@example.com,Chicago,IL,US,05-May-2023,Prime Student
AMA-C7157,Emma Garcia,emma.garcia835@example.com,Miami,FL,US,01/31/2024,Prime Student
AMA-C10179,NOAH MÜLLER,noah.müller13@example.com,Phoenix,AZ,US,2024-10-26,Prime
AMA-C5883,Carlos Johnson,carlos.johnson210@example.com,Miami,FL,US,07-Dec-2023,Prime
AMA-C3700,Yuki Patel,,Atlanta,GA,US,06/04/2024,Prime
AMA-C8182,Ken Patel,ken.patel819@example.com,Denver,CO,US,01/25/2024,Prime Student
AMA-C1285,Carlos Lee,carlos.lee874@example.com,Seattle,WA,US,09-Nov-2023,Prime Student
AMA-C5845,aarav lee,aarav.lee194@example.com,Boston,MA,US,11-Jan-2022,Non-Prime
AMA-C8877,Li Smith,li.smith148@example.com,Houston,TX,US,2023-07-21,Prime Student
AMA-C3341,James Kim,james.kim409@example.com,Atlanta,GA,US,2024-04-12,Prime
AMA-C4799,Ben Wilson,ben.wilson793@example.com,Houston,TX,US,06/12/2025,Non-Prime
AMA-C8155,li martin,li.martin795@example.com,Chicago,IL,US,11/09/2025,Prime Student
AMA-C10330,Emma Wang,emma.wang928@example.com,Phoenix,AZ,US,2025-07-19,Prime
AMA-C9461,DAVID ROSSI,david.rossi562@example.com,Atlanta,GA,US,2023-11-19,
AMA-C1175,Wei Kumar,wei.kumar386@example.com,MIAMI,FL,US,11/03/2024,Non-Prime
AMA-C2912,Fatima Davis,fatima.davis349@example.com,Chicago,IL,US,10/07/2025,Prime Student
AMA-C5570,Rahul Singh,rahul.singh598@example.com,New York,NY,US,22-Oct-2025,Prime
AMA-C8942,FATIMA KIM,fatima.kim354@example.com,Houston,TX,US,19-Nov-2025,Prime Student
AMA-C3770,Vivaan Singh,vivaan.singh849@example.com,Denver,CO,US,01-Sep-2023,Non-Prime
AMA-C10474,Emma Sharma,emma.sharma561@example.com,Chicago,IL,US,2022-03-13,Prime
AMA-C6984,Olivia Kumar,,Boston,MA,US,2025-11-21,Non-Prime
AMA-C10200,PRIYA BROWN,,Denver,CO,US,27-Jun-2024,Non-Prime
AMA-C10840,Rahul Suzuki,rahul.suzuki373@example.com,Chicago,IL,US,03/03/2021,Prime Student
AMA-C2694,Sofia Davis,sofia.davis745@example.com,Phoenix,AZ,US,2022-06-15,Non-Prime
AMA-C8357,Michael Anderson,michael.anderson781@example.com,Los Angeles,CA,US,10/29/2021,Prime Student
AMA-C8918,Carlos Singh,carlos.singh929@example.com,Boston,MA,US,25-Nov-2021,Prime
AMA-C2340,Carlos Anderson,carlos.anderson231@example.com,New York,NY,US,2025-06-26,Non-Prime
AMA-C6119,Michael Johnson,michael.johnson59@example.com,Phoenix,AZ,US,2023-11-18,Non-Prime
AMA-C8894, Emma Smith ,emma.smith1@example.com,HOUSTON,TX,US,28-Nov-2022,Non-Prime
AMA-C9508,John Martin,john.martin25 at example.com,Boston,MA,US,15-Feb-2024,Prime
AMA-C5503,Maria Wilson,maria.wilson726@example.com,Boston,MA,US,08/07/2024,Non-Prime
AMA-C5730,Fatima Suzuki,fatima.suzuki941@example.com,Denver,CO,US,06/29/2022,Non-Prime
AMA-C4832,zoe chen,zoe.chen288@example.com,Chicago,IL,US,10/28/2023,Prime Student
AMA-C10328,Olivia Patel,olivia.patel408@example.com,Phoenix,AZ,US,14-Sep-2022,Prime Student
AMA-C7166,CHEN KHAN,chen.khan965@example.com,Chicago,IL,US,2022-03-15,Non-Prime
AMA-C4868,Michael Johnson,michael.johnson450 at example.com,Houston,TX,US,2022-09-24,Prime
AMA-C9546,Ava Patel,ava.patel481@example.com,Houston,TX,US,14-Jul-2022,Non-Prime
AMA-C8909,James Johnson,,Boston,MA,US,2024-02-14,Prime Student
AMA-C1266,Priya Yamada,priya.yamada985@example.com,Chicago,IL,US,02-Apr-2023,Prime
AMA-C7213,Sara Singh,sara.singh330@example.com,Atlanta,GA,US,2021-01-22,Prime Student
AMA-C2800,David Smith,david.smith411@example.com,atlanta,GA,US,2021-10-27,Prime
AMA-C8585,David Rossi,david.rossi80@example.com,New York,NY,US,04/25/2022,Prime
AMA-C3365,John Yamada,john.yamada588@example.com,Phoenix,AZ,US,17-Sep-2024,Non-Prime
AMA-C7472,michael brown,michael.brown138@example.com,Boston,MA,US,19-Nov-2023,Prime Student
AMA-C4593,Vivaan Kim,vivaan.kim774@example.com,Denver,CO,US,2021-04-27,Non-Prime
AMA-C6641, Michael Khan ,michael.khan855@example.com,Miami,FL,US,03/19/2024,Non-Prime
AMA-C6038, Wei Wilson ,wei.wilson578@example.com,Miami,FL,US,06/18/2021,Prime Student
AMA-C10542,Anna Rossi,anna.rossi866@example.com,New York,NY,US,13-Nov-2022,Prime
AMA-C5062,Rahul Anderson,rahul.anderson988@example.com,Los Angeles,CA,US,31-Mar-2024,Prime
AMA-C9671,BEN KUMAR,,atlanta,GA,US,04/05/2024,Prime Student
AMA-C7004,Mohammed Khan,mohammed.khan478@example.com,Seattle,WA,US,2023-06-15,Non-Prime
AMA-C9490,Michael Khan,michael.khan304@example.com,New York,NY,US,09/25/2023,
AMA-C4168,Olivia Yamada,olivia.yamada234@example.com,Denver,CO,US,2023-12-20,Non-Prime
AMA-C3578,emma sharma,emma.sharma791@example.com,Denver,CO,US,04/26/2024,Non-Prime
AMA-C9658,Anna Suzuki,anna.suzuki341@example.com,Atlanta,GA,US,05-Sep-2023,Prime Student
AMA-C9147,LI LEE,li.lee914@example.com,Houston,TX,US,30-Sep-2021,Prime
AMA-C1889,LIAM ROSSI,liam.rossi624@example.com,Chicago,IL,US,12/14/2024,Prime
AMA-C2863,John Suzuki,john.suzuki493@example.com,Seattle,WA,US,04/16/2024,Non-Prime
AMA-C5610,FATIMA SMITH,fatima.smith626@example.com,Denver,CO,US,2021-03-23,Prime
AMA-C2037,Aarav Smith,aarav.smith581@example.com,Atlanta,GA,US,2021-09-15,Non-Prime
AMA-C6223,David Garcia,,New York,NY,US,12/11/2023,Non-Prime
AMA-C5295,Vivaan Kumar,vivaan.kumar268@example.com,denver,CO,US,2024-08-08,Prime Student
AMA-C1712, Maria Rossi ,maria.rossi850@example.com,Boston,MA,US,2025-07-11,Prime
AMA-C3305, Zoe Patel ,zoe.patel428@example.com,Los Angeles,CA,US,2022-03-12,
AMA-C6427,Rahul Sharma,rahul.sharma874@example.com,Chicago,IL,US,2022-01-28,Prime Student
AMA-C3958,DAVID TANAKA,david.tanaka24@example.com,Boston,MA,US,12/15/2023,Prime Student
AMA-C8952,Yuki Anderson,yuki.anderson267@example.com,Boston,MA,US,12/13/2025,Non-Prime
AMA-C9327,Olivia Yamada,olivia.yamada781@example.com,Los Angeles,CA,US,21-Jun-2021,Prime Student
AMA-C8173,Fatima Lee,fatima.lee940@example.com,Seattle,WA,US,2023-05-17,Prime Student
AMA-C9711,Anna Anderson,anna.anderson495@example.com,Houston,TX,US,2021-07-29,
AMA-C9299,Zoe Sharma,zoe.sharma302@example.com,Los Angeles,CA,US,28-Apr-2022,Non-Prime
AMA-C3831,Emma Kumar,emma.kumar17@example.com,Phoenix,AZ,US,03-Feb-2022,Non-Prime
AMA-C5372,Mohammed Singh,mohammed.singh256@example.com,Houston,TX,US,14-Nov-2023,Prime
AMA-C9579,Maria Sharma,maria.sharma125@example.com,Phoenix,AZ,US,13-Mar-2023,Prime
AMA-C8550,Ben Kim,ben.kim463@example.com,Phoenix,AZ,US,27-Apr-2025,Prime
AMA-C9807,James Rossi,james.rossi836@example.com,Boston,MA,US,2022-04-11,Prime
AMA-C8482,Vivaan Suzuki,vivaan.suzuki66@example.com,denver,CO,US,2021-02-28,Prime
AMA-C9932,Mohammed Garcia,mohammed.garcia25@example.com,new york,NY,US,06-Sep-2025,Prime Student
AMA-C7785,Priya Sharma,priya.sharma473@example.com,Denver,CO,US,11/23/2022,Prime
AMA-C6967,Olivia Yamada,,Boston,MA,US,2025-11-13,Prime Student
AMA-C1416,Yuki Yamada,yuki.yamada218@example.com,Los Angeles,CA,US,2024-08-19,Prime
AMA-C4556,RAHUL TANAKA,rahul.tanaka843@example.com,BOSTON,MA,US,2025-03-29,Non-Prime
AMA-C1482,MOHAMMED LEE,mohammed.lee996@example.com,Atlanta,GA,US,08-Feb-2025,Prime Student
AMA-C4048,Emma Khan,emma.khan358@example.com,Denver,CO,US,2025-06-02,Prime Student
AMA-C7388,Ava Rossi,ava.rossi218@example.com,Seattle,WA,US,22-Sep-2023,Non-Prime
AMA-C1999,Emma Anderson,emma.anderson12@example.com,New York,NY,US,05-Nov-2021,Non-Prime
AMA-C7697,Ken Martin,ken.martin981@example.com,Atlanta,GA,US,08/03/2021,Prime
AMA-C8557,David Smith,david.smith371@example.com,Atlanta,GA,US,2022-07-11,Prime
AMA-C2962,Rahul Lee,,CHICAGO,IL,US,03/16/2025,Prime Student
AMA-C6319,Maria Kim,maria.kim692 at example.com,Chicago,IL,US,19-Apr-2025,Non-Prime
AMA-C2418,James Yamada,james.yamada131@example.com,Los Angeles,CA,US,2025-05-09,Prime
AMA-C5187,Sara Sharma,sara.sharma426@example.com,Houston,TX,US,2025-08-20,Non-Prime
AMA-C9792,Vivaan Suzuki,vivaan.suzuki88@example.com,Boston,MA,US,30-Jan-2021,Prime
AMA-C4502,Ava Davis,ava.davis511@example.com,Houston,TX,US,09/12/2022,Non-Prime
AMA-C1611,MICHAEL WILSON,michael.wilson832@example.com,Houston,TX,US,2025-10-03,Non-Prime
AMA-C10926,Olivia Rossi,olivia.rossi464@example.com,Boston,MA,US,2025-09-16,Prime
AMA-C4319,carlos martin,,Chicago,IL,US,2021-01-16,Prime
AMA-C1732,JOHN KIM,john.kim28@example.com,New York,NY,US,2025-03-25,Prime
AMA-C7257,NOAH JOHNSON,noah.johnson885@example.com,Denver,CO,US,26-Dec-2024,Prime
AMA-C3868,Ben Rossi,ben.rossi114@example.com,Seattle,WA,US,11-Feb-2023,Prime
AMA-C5395, Anna Sharma ,anna.sharma311@example.com,Denver,CO,US,2023-04-06,Prime
AMA-C4918,Sofia Brown,sofia.brown208@example.com,atlanta,GA,US,2024-09-18,Non-Prime
AMA-C9611,Aarav Wang,aarav.wang896@example.com,Chicago,IL,US,2024-04-21,Prime Student
AMA-C1492,Sofia Singh,sofia.singh722@example.com,Seattle,WA,US,22-Dec-2022,
AMA-C8339,Anna Tanaka,anna.tanaka211@example.com,Houston,TX,US,02/13/2021,Prime Student
AMA-C3620,Aarav Wang,,Atlanta,GA,US,2025-04-01,Non-Prime
AMA-C10494,Rahul Müller,rahul.müller634@example.com,Phoenix,AZ,US,10/24/2023,Prime Student
AMA-C10443, Rahul Wang ,rahul.wang974@example.com,Seattle,WA,US,10/12/2023,Non-Prime
AMA-C4349,Maria Chen,maria.chen68@example.com,Houston,TX,US,2024-02-17,Non-Prime
AMA-C7191,fatima yamada,fatima.yamada374@example.com,Atlanta,GA,US,05/24/2021,Prime Student
AMA-C4964,Maria Müller,maria.müller568@example.com,NEW YORK,NY,US,28-Feb-2022,Prime
AMA-C10586,Carlos Anderson,carlos.anderson604 at example.com,Houston,TX,US,2023-04-29,
AMA-C9643,ben singh,ben.singh673@example.com,Houston,TX,US,04/21/2024,Prime
AMA-C5233,Sara Singh,sara.singh493@example.com,Seattle,WA,US,2022-01-25,Non-Prime
AMA-C4904,Li Davis,li.davis397@example.com,Houston,TX,US,30-Jun-2025,Prime
AMA-C3400,MICHAEL KIM,michael.kim264@example.com,Boston,MA,US,09/06/2024,Prime
AMA-C3579,BEN PATEL,ben.patel697@example.com,Miami,FL,US,11/06/2023,Prime
AMA-C10171,Zoe Rossi,zoe.rossi727@example.com,Phoenix,AZ,US,2022-02-26,Non-Prime
AMA-C8392,Yuki Garcia,yuki.garcia55@example.com,Boston,MA,US,03-Sep-2023,Prime
AMA-C7251,Aditya Yamada,aditya.yamada463@example.com,New York,NY,US,2023-03-21,Prime Student
AMA-C7131,Vivaan Martin,vivaan.martin822@example.com,Los Angeles,CA,US,16-Dec-2022,Non-Prime
AMA-C6147,Yuki Brown,yuki.brown869@example.com,Phoenix,AZ,US,2022-08-15,Prime
AMA-C5774,James Wilson,james.wilson391@example.com,Los Angeles,CA,US,2021-11-12,
AMA-C7048,Michael Wilson,michael.wilson212@example.com,New York,NY,US,2021-12-03,Prime
AMA-C8650,Aditya Tanaka,aditya.tanaka206@example.com,Seattle,WA,US,2025-06-19,Prime
AMA-C2554,Wei Wilson,wei.wilson459@example.com,Boston,MA,US,2021-10-11,Prime
AMA-C8605,ken brown,ken.brown640 at example.com,Miami,FL,US,2022-01-23,Non-Prime
AMA-C6581,Rahul Wilson,rahul.wilson369@example.com,Phoenix,AZ,US,07-Jul-2025,Non-Prime
AMA-C8020,Noah Rossi,noah.rossi291@example.com,Miami,FL,US,2023-03-12,Prime Student
AMA-C7471,Wei Brown,wei.brown565@example.com,Chicago,IL,US,05/07/2025,Non-Prime
AMA-C5829,John Patel,john.patel455@example.com,Houston,TX,US,16-Mar-2024,Prime
AMA-C1912, Rahul Müller ,rahul.müller495@example.com,New York,NY,US,08-Apr-2025,Non-Prime
AMA-C8816,Zoe Garcia,zoe.garcia14@example.com,Houston,TX,US,01/08/2021,Prime
AMA-C10463,Chen Davis,chen.davis641@example.com,Boston,MA,US,04/16/2025,Prime
AMA-C1741,FATIMA SUZUKI,fatima.suzuki683@example.com,New York,NY,US,16-Mar-2021,Prime
AMA-C1423,Michael Tanaka,michael.tanaka59@example.com,LOS ANGELES,CA,US,2025-09-10,Prime Student
AMA-C6741,Mohammed Singh,,Denver,CO,US,17-Dec-2025,Prime Student
AMA-C7754,Noah Rossi,noah.rossi243@example.com,Chicago,IL,US,29-Dec-2022,Non-Prime
AMA-C10517,Olivia Khan,,Atlanta,GA,US,2025-02-13,Non-Prime
AMA-C10981,ken kim,ken.kim500@example.com,Chicago,IL,US,03-Jan-2025,Prime Student
AMA-C9756,Aarav Yamada,aarav.yamada544@example.com,Seattle,WA,US,08/23/2023,Prime Student
AMA-C4004,Noah Rossi,noah.rossi363 at example.com,Houston,TX,US,2022-02-16,Non-Prime
AMA-C10408,Michael Kim,michael.kim229@example.com,New York,NY,US,01-Jun-2025,
AMA-C3684,Olivia Khan,olivia.khan522@example.com,Denver,CO,US,10/21/2021,
AMA-C5849,Sara Davis,sara.davis202@example.com,Los Angeles,CA,US,07/02/2024,
AMA-C9066, David Sharma ,david.sharma517@example.com,New York,NY,US,2023-10-26,Prime Student
AMA-C1751,sara suzuki,sara.suzuki579@example.com,Houston,TX,US,25-Jun-2024,Non-Prime
AMA-C4412,Rahul Yamada,rahul.yamada784@example.com,New York,NY,US,2025-06-02,Non-Prime
AMA-C1902,Carlos Khan,carlos.khan973@example.com,Denver,CO,US,05/07/2023,Prime
AMA-C10911,aarav anderson,aarav.anderson476@example.com,Houston,TX,US,04/19/2025,Non-Prime
AMA-C4186,MARIA DAVIS,maria.davis865@example.com,Seattle,WA,US,2022-07-24,Prime Student
AMA-C7824,Anna Müller,anna.müller392@example.com,Miami,FL,US,2025-01-14,Non-Prime
AMA-C1382, Aditya Suzuki ,aditya.suzuki588@example.com,New York,NY,US,11-Oct-2025,Non-Prime
AMA-C2947,Priya Kim,priya.kim305@example.com,Atlanta,GA,US,08/04/2025,Non-Prime
AMA-C9201,Aarav Müller,aarav.müller642@example.com,Atlanta,GA,US,2025-07-02,Prime Student
AMA-C8881,Yuki Singh,yuki.singh842@example.com,Chicago,IL,US,11/22/2022,Prime Student
AMA-C6231,Ben Singh,ben.singh77@example.com,Seattle,WA,US,2024-10-31,Prime
AMA-C1119,aarav kumar,aarav.kumar935@example.com,Miami,FL,US,03/07/2025,Non-Prime
AMA-C2252,Mohammed Lee,mohammed.lee894@example.com,Los Angeles,CA,US,2024-10-09,Prime Student
AMA-C3982,Anna Wang,anna.wang577@example.com,Miami,FL,US,10/23/2021,Prime Student
AMA-C8632,Yuki Suzuki,yuki.suzuki258@example.com,Seattle,WA,US,03/18/2021,Prime
AMA-C8414,Ben Khan,ben.khan301@example.com,Los Angeles,CA,US,2023-08-25,Prime
AMA-C5245,Emma Rossi,emma.rossi371@example.com,Miami,FL,US,01/19/2021,Non-Prime
AMA-C5246,Noah Davis,noah.davis427@example.com,Chicago,IL,US,11/13/2021,Non-Prime
AMA-C4311,Ava Rossi,ava.rossi766@example.com,Miami,FL,US,03-Jun-2022,Non-Prime
AMA-C2883,Zoe Wilson,zoe.wilson894@example.com,New York,NY,US,14-Apr-2022,Prime
AMA-C1871,Ken Patel,ken.patel435@example.com,Boston,MA,US,07/13/2021,Prime Student
AMA-C8945,Rahul Kim,rahul.kim559@example.com,Denver,CO,US,2023-12-28,Non-Prime
AMA-C3490,David Lee,david.lee335@example.com,Denver,CO,US,2025-02-05,Non-Prime
AMA-C2655,John Wang,john.wang409@example.com,PHOENIX,AZ,US,11/01/2022,Non-Prime
AMA-C9192,Liam Wang,liam.wang467@example.com,Boston,MA,US,01/24/2023,
AMA-C6988,Mohammed Martin,mohammed.martin733@example.com,Miami,FL,US,01-Oct-2023,Prime Student
AMA-C2245,Sofia Martin,,Boston,MA,US,07/18/2024,Prime Student
AMA-C1328,Chen Wang,,atlanta,GA,US,03/22/2025,Prime
AMA-C9405,Rahul Lee,,Phoenix,AZ,US,01/02/2024,
AMA-C10202,Noah Kim,noah.kim210@example.com,Boston,MA,US,08/03/2024,Non-Prime
AMA-C2201,Ava Brown,ava.brown981@example.com,Miami,FL,US,2021-07-02,Prime Student
AMA-C7774,John Lee,john.lee628@example.com,Seattle,WA,US,2022-01-23,Non-Prime
AMA-C6340,Sofia Khan,sofia.khan252@example.com,Atlanta,GA,US,28-Mar-2022,Prime Student
AMA-C8565,EMMA ROSSI,emma.rossi261@example.com,New York,NY,US,12/24/2022,Non-Prime
AMA-C9978,John Garcia,,New York,NY,US,16-May-2023,Prime
AMA-C2994,Noah Khan,noah.khan808@example.com,Atlanta,GA,US,01/25/2022,Non-Prime
AMA-C2935,Fatima Müller,fatima.müller461@example.com,Seattle,WA,US,01-Nov-2025,Non-Prime
AMA-C8257,James Johnson,james.johnson957 at example.com,phoenix,AZ,US,16-Nov-2021,Prime Student
AMA-C7073,Emma Yamada,emma.yamada645@example.com,Houston,TX,US,03/16/2022,Prime
AMA-C2858,Priya Lee,priya.lee793@example.com,PHOENIX,AZ,US,2024-12-13,Prime Student
AMA-C2872,Michael Anderson,michael.anderson889@example.com,Los Angeles,CA,US,18-May-2025,Prime Student
AMA-C10475,Priya Singh,priya.singh859@example.com,Chicago,IL,US,2021-08-04,Non-Prime
AMA-C6593,KEN SINGH,ken.singh621@example.com,Boston,MA,US,22-Dec-2024,Prime
AMA-C4169,yuki kim,yuki.kim303@example.com,Los Angeles,CA,US,16-Jun-2024,Non-Prime
AMA-C8643,Noah Rossi,noah.rossi342@example.com,Miami,FL,US,09/19/2021,Prime Student
AMA-C1758,emma martin,emma.martin908@example.com,Phoenix,AZ,US,06/05/2021,Non-Prime
AMA-C5871,james kumar,james.kumar953@example.com,Seattle,WA,US,2023-06-30,Non-Prime
AMA-C9098,wei khan,,Denver,CO,US,2023-01-15,Prime Student
AMA-C8538,EMMA KHAN,emma.khan792@example.com,Los Angeles,CA,US,10-Dec-2024,Non-Prime
AMA-C10165,emma wang,,Denver,CO,US,11/13/2025,Prime
AMA-C7523,Ken Yamada,ken.yamada96@example.com,Houston,TX,US,01/05/2021,Prime Student
AMA-C9439,VIVAAN KIM,vivaan.kim74@example.com,Phoenix,AZ,US,12/14/2022,Prime
AMA-C10148,Anna Chen,anna.chen342@example.com,Seattle,WA,US,2021-08-02,Prime
AMA-C4295,Priya Smith,priya.smith858@example.com,New York,NY,US,30-Dec-2024,Non-Prime
AMA-C7487,anna kim,anna.kim897@example.com,Denver,CO,US,13-Sep-2024,Prime
AMA-C9633, Sofia Chen ,sofia.chen801@example.com,seattle,WA,US,26-Nov-2025,Prime
AMA-C1189,Aarav Rossi,aarav.rossi37@example.com,Houston,TX,US,25-Jun-2025,Prime
AMA-C10464,PRIYA SINGH,priya.singh620@example.com,Los Angeles,CA,US,09/07/2024,Prime Student
AMA-C9027,VIVAAN SHARMA,vivaan.sharma744@example.com,New York,NY,US,31-Jul-2022,Prime Student
AMA-C8127,David Müller,david.müller362@example.com,seattle,WA,US,2021-07-16,Prime
AMA-C7793,MARIA LEE,,Miami,FL,US,2025-06-24,Prime
AMA-C8900,Aarav Kumar,,Miami,FL,US,13-May-2021,Non-Prime
AMA-C5276,Maria Martin,maria.martin360@example.com,Denver,CO,US,2021-06-18,Non-Prime
AMA-C2241,Olivia Anderson,olivia.anderson562@example.com,Chicago,IL,US,11/05/2022,Prime Student
AMA-C3534,Chen Sharma,chen.sharma657@example.com,Chicago,IL,US,17-May-2022,
AMA-C7321,emma garcia,emma.garcia59@example.com,Boston,MA,US,2025-01-18,Prime
AMA-C5487,John Müller,john.müller496@example.com,Denver,CO,US,11/02/2022,Prime Student
AMA-C1525,JOHN SHARMA,john.sharma359@example.com,Atlanta,GA,US,2023-05-02,Prime
AMA-C3813,Wei Khan,wei.khan543@example.com,Boston,MA,US,19-Jan-2022,Non-Prime
AMA-C5602,Emma Davis,emma.davis591@example.com,Miami,FL,US,2023-05-27,Non-Prime
AMA-C4592, Zoe Singh ,,Phoenix,AZ,US,06/13/2024,Non-Prime
AMA-C7740,Li Lee,li.lee335@example.com,Denver,CO,US,2025-10-11,Non-Prime
AMA-C5505,Carlos Khan,carlos.khan406@example.com,New York,NY,US,2024-02-19,Prime
AMA-C10856, Michael Müller ,michael.müller656@example.com,Los Angeles,CA,US,2022-07-21,Prime
AMA-C6305,JAMES LEE,james.lee669@example.com,NEW YORK,NY,US,23-Apr-2025,Prime
AMA-C9442,Yuki Martin,yuki.martin333@example.com,Phoenix,AZ,US,2025-05-16,Prime
AMA-C6883,Fatima Kumar,fatima.kumar189@example.com,Boston,MA,US,16-Jul-2021,Prime
AMA-C2266,John Martin,john.martin897@example.com,Boston,MA,US,02/26/2023,Non-Prime
AMA-C5255,EMMA WILSON,emma.wilson342@example.com,Atlanta,GA,US,31-Dec-2025,Prime
AMA-C9715,Emma Tanaka,emma.tanaka830@example.com,Boston,MA,US,27-Sep-2021,Prime Student
AMA-C5962,Chen Yamada,chen.yamada213@example.com,Boston,MA,US,10/28/2022,Prime
AMA-C2127,Aditya Kumar,aditya.kumar610@example.com,New York,NY,US,2021-03-16,Non-Prime
AMA-C6374,Sara Johnson,sara.johnson587@example.com,Denver,CO,US,30-Jul-2024,
AMA-C4668, Ben Davis ,ben.davis672@example.com,New York,NY,US,05-Jun-2023,Non-Prime
AMA-C9077,Olivia Kim,olivia.kim430@example.com,Boston,MA,US,07/11/2023,
AMA-C3693,John Anderson,john.anderson891@example.com,Atlanta,GA,US,28-Dec-2025,Prime
AMA-C10847,Vivaan Johnson,vivaan.johnson249@example.com,Denver,CO,US,05/26/2022,Prime Student
AMA-C9488,Aditya Wang,aditya.wang353@example.com,Los Angeles,CA,US,10/27/2021,Prime
AMA-C4976,Michael Sharma,michael.sharma167@example.com,Denver,CO,US,2021-09-14,Prime
AMA-C6298,Emma Garcia,emma.garcia843@example.com,Denver,CO,US,08-Aug-2021,Non-Prime
AMA-C10040,David Wilson,david.wilson65@example.com,Boston,MA,US,2024-05-03,Non-Prime
AMA-C3393,David Singh,david.singh777@example.com,Phoenix,AZ,US,05/20/2024,Prime Student
AMA-C4623,Sara Davis,sara.davis149@example.com,Miami,FL,US,2021-10-30,Prime Student
AMA-C3637,PRIYA ROSSI,priya.rossi993@example.com,Boston,MA,US,08/14/2024,Prime Student
AMA-C3324,Noah Rossi,noah.rossi846@example.com,ATLANTA,GA,US,2024-09-04,
AMA-C8075,WEI TANAKA,wei.tanaka864@example.com,Houston,TX,US,03/08/2022,Non-Prime
AMA-C7984,fatima khan,fatima.khan822@example.com,New York,NY,US,2025-08-06,Prime Student
AMA-C9039,Liam Wilson,liam.wilson564@example.com,Miami,FL,US,2023-04-15,Non-Prime
AMA-C10966,Vivaan Wang,vivaan.wang573@example.com,Houston,TX,US,01-Oct-2025,Prime Student
AMA-C7323,WEI ANDERSON,wei.anderson861@example.com,Seattle,WA,US,25-Jan-2024,Prime
AMA-C7486,Anna Suzuki,anna.suzuki622@example.com,Boston,MA,US,08-Jun-2024,Prime Student
AMA-C3091,ava martin,ava.martin756@example.com,seattle,WA,US,2024-09-23,Non-Prime
AMA-C1019,Emma Suzuki,,Denver,CO,US,30-Dec-2022,Non-Prime
AMA-C5830,John Anderson,john.anderson660@example.com,New York,NY,US,11-Oct-2024,Non-Prime
AMA-C6032,Sofia Tanaka,sofia.tanaka315 at example.com,Houston,TX,US,03/14/2023,
AMA-C7571,Noah Lee,noah.lee66@example.com,Houston,TX,US,2023-10-02,Prime Student
AMA-C5190,Emma Khan,emma.khan153@example.com,Atlanta,GA,US,12/20/2022,Prime
AMA-C3715,Liam Davis,liam.davis190@example.com,Los Angeles,CA,US,04-Jun-2021,Prime Student
AMA-C6092,MICHAEL SINGH,michael.singh302@example.com,Seattle,WA,US,02-Dec-2024,Prime
AMA-C3874,Yuki Khan,yuki.khan123@example.com,Phoenix,AZ,US,2025-04-27,Non-Prime
AMA-C10198,SOFIA DAVIS,sofia.davis548 at example.com,Los Angeles,CA,US,13-Jun-2022,Prime
AMA-C6628,PRIYA TANAKA,priya.tanaka30@example.com,Phoenix,AZ,US,10/11/2021,Non-Prime
AMA-C1661,David Rossi,david.rossi768@example.com,Phoenix,AZ,US,16-Apr-2025,
AMA-C5419,Anna Wilson,anna.wilson53@example.com,DENVER,CO,US,2022-11-08,Prime Student
AMA-C8729,Vivaan Davis,vivaan.davis91@example.com,Chicago,IL,US,02/07/2022,Prime Student
AMA-C4044,Noah Rossi,noah.rossi706@example.com,Miami,FL,US,21-Nov-2022,Prime Student
AMA-C10009,Ken Sharma,ken.sharma692@example.com,Houston,TX,US,2022-04-14,Prime
AMA-C3354,Li Yamada,li.yamada739@example.com,Miami,FL,US,2022-01-07,Prime Student
AMA-C6386,sara smith,sara.smith379@example.com,Houston,TX,US,29-Oct-2021,Non-Prime
AMA-C10521,Ben Suzuki,ben.suzuki62@example.com,Miami,FL,US,2023-11-04,Prime Student
AMA-C9117,Priya Wang,priya.wang558@example.com,Atlanta,GA,US,2025-09-27,Prime
AMA-C4131,Vivaan Rossi,vivaan.rossi145@example.com,atlanta,GA,US,2023-01-07,Prime
AMA-C4654,Maria Sharma,maria.sharma147@example.com,Atlanta,GA,US,2023-09-15,Non-Prime
AMA-C5756,Rahul Khan,rahul.khan98@example.com,Chicago,IL,US,2025-01-20,Non-Prime
AMA-C9255, Li Müller ,li.müller459@example.com,Phoenix,AZ,US,21-Jan-2023,Non-Prime
AMA-C7137,Chen Johnson,chen.johnson249@example.com,Chicago,IL,US,12/11/2022,Prime Student
AMA-C9165,James Suzuki,james.suzuki746@example.com,Miami,FL,US,11/11/2023,Prime
AMA-C1363,Ava Wang,ava.wang219@example.com,Seattle,WA,US,2024-01-22,Non-Prime
AMA-C8558,Anna Lee,anna.lee192@example.com,ATLANTA,GA,US,10/23/2025,Prime
AMA-C8104,Chen Anderson,chen.anderson686@example.com,Seattle,WA,US,10/04/2021,Prime Student
AMA-C1768,Ava Sharma,ava.sharma994@example.com,Atlanta,GA,US,26-Jun-2021,Non-Prime
AMA-C8054,David Patel,david.patel584 at example.com,Phoenix,AZ,US,01-Mar-2021,Non-Prime
AMA-C7418,Wei Chen,wei.chen507@example.com,Phoenix,AZ,US,2024-08-02,Prime
AMA-C3160,Rahul Garcia,rahul.garcia627@example.com,Los Angeles,CA,US,06-Apr-2025,Prime Student
AMA-C4330,Chen Chen,,HOUSTON,TX,US,09/13/2022,Prime
AMA-C4203,Ken Kumar,ken.kumar625@example.com,Denver,CO,US,2025-08-05,Prime
AMA-C6817,Sofia Yamada,sofia.yamada741@example.com,Atlanta,GA,US,11/25/2021,Non-Prime
AMA-C8011,Michael Khan,michael.khan975@example.com,Phoenix,AZ,US,30-Apr-2021,Prime
AMA-C8278,David Singh,david.singh732@example.com,Atlanta,GA,US,2025-04-16,Prime
AMA-C6577, Olivia Rossi ,olivia.rossi962@example.com,boston,MA,US,2023-03-02,Prime Student
AMA-C2609,Chen Wilson,chen.wilson606@example.com,Los Angeles,CA,US,12-Jan-2021,Non-Prime
AMA-C8515,Aarav Singh,aarav.singh68@example.com,New York,NY,US,2025-03-19,Prime Student
AMA-C1682,Yuki Suzuki,yuki.suzuki152@example.com,boston,MA,US,02/26/2024,Prime Student
AMA-C1559,Ava Müller,ava.müller180@example.com,Boston,MA,US,2024-07-03,Prime Student
AMA-C7655,Mohammed Brown,mohammed.brown322@example.com,Los Angeles,CA,US,2021-09-07,Prime Student
AMA-C5235,Aditya Yamada,aditya.yamada692@example.com,Seattle,WA,US,04/05/2023,Prime
AMA-C2206,Ben Müller,ben.müller386@example.com,Miami,FL,US,2023-08-15,Prime Student
AMA-C6845,Carlos Lee,carlos.lee751@example.com,Chicago,IL,US,20-Dec-2022,Prime Student
AMA-C5508,anna müller,anna.müller679 at example.com,Boston,MA,US,2025-09-06,
AMA-C2654,Li Rossi,li.rossi10@example.com,BOSTON,MA,US,12/11/2025,Prime
AMA-C8405,Mohammed Rossi,mohammed.rossi455@example.com,New York,NY,US,04/20/2022,Prime Student
AMA-C10002,YUKI JOHNSON,,Houston,TX,US,2021-01-23,Prime
AMA-C3372,aditya sharma,aditya.sharma836@example.com,Los Angeles,CA,US,12/11/2021,Non-Prime
AMA-C10393,CARLOS KUMAR,carlos.kumar948@example.com,Miami,FL,US,04-Apr-2023,Prime
AMA-C2816,Anna Smith,anna.smith654@example.com,ATLANTA,GA,US,2021-10-31,Prime Student
AMA-C2849,Sofia Brown,sofia.brown624@example.com,Los Angeles,CA,US,12/04/2024,Prime
AMA-C5036,Aarav Lee,,New York,NY,US,2023-03-12,Prime Student
AMA-C6383,Ken Rossi,,Chicago,IL,US,18-Apr-2023,Prime
AMA-C8866, Zoe Lee ,zoe.lee113@example.com,Chicago,IL,US,2021-07-07,Prime
AMA-C10704,Liam Kumar,liam.kumar160@example.com,Los Angeles,CA,US,2025-10-03,Prime Student
AMA-C2857,Wei Garcia,wei.garcia191@example.com,NEW YORK,NY,US,06-Feb-2025,Prime
AMA-C8406,Yuki Lee,yuki.lee449@example.com,Chicago,IL,US,11/19/2024,Prime
AMA-C4520,Noah Martin,noah.martin399@example.com,Chicago,IL,US,2022-06-29,Prime Student
AMA-C1303,Mohammed Tanaka,mohammed.tanaka810@example.com,HOUSTON,TX,US,03/12/2024,Non-Prime
AMA-C1186,Vivaan Brown,vivaan.brown925 at example.com,Seattle,WA,US,02-May-2021,Prime
AMA-C7467,Vivaan Davis,vivaan.davis854@example.com,Phoenix,AZ,US,02/25/2025,Prime Student
AMA-C8134,Olivia Johnson,olivia.johnson961@example.com,Atlanta,GA,US,05-Dec-2024,
AMA-C8667,Anna Sharma,anna.sharma947@example.com,Los Angeles,CA,US,2024-04-03,Prime
AMA-C9608,Ben Martin,ben.martin914@example.com,Phoenix,AZ,US,23-Mar-2024,Prime
AMA-C2025,John Müller,john.müller971@example.com,Miami,FL,US,08/19/2025,Prime
AMA-C2133, Wei Singh ,wei.singh438@example.com,Houston,TX,US,10/18/2021,Prime
AMA-C8698,Noah Khan,noah.khan653@example.com,Miami,FL,US,05-Jul-2025,Non-Prime
AMA-C5702,Michael Anderson,michael.anderson846@example.com,Seattle,WA,US,2023-10-31,Prime Student
AMA-C8619,Mohammed Rossi,mohammed.rossi799@example.com,Boston,MA,US,2022-11-05,Prime Student
AMA-C3945,Li Yamada,,Boston,MA,US,10/28/2025,Prime Student
AMA-C8704,Vivaan Garcia,vivaan.garcia711@example.com,New York,NY,US,2024-01-28,Prime
AMA-C3338,VIVAAN YAMADA,vivaan.yamada219@example.com,Chicago,IL,US,11/20/2025,Prime Student
AMA-C4135,Maria Sharma,maria.sharma674@example.com,Denver,CO,US,16-May-2024,Prime Student
AMA-C10960,Sofia Suzuki,sofia.suzuki923@example.com,Seattle,WA,US,05/22/2023,Prime
AMA-C4732,Fatima Sharma,fatima.sharma766@example.com,New York,NY,US,16-Dec-2025,Non-Prime
AMA-C6781,Olivia Yamada,olivia.yamada32@example.com,Chicago,IL,US,08/20/2021,Prime
AMA-C4047,DAVID BROWN,david.brown879@example.com,Phoenix,AZ,US,12-Feb-2022,Prime
AMA-C9321,Sofia Wilson,sofia.wilson362 at example.com,Boston,MA,US,08/19/2021,Prime Student
AMA-C10362,mohammed brown,mohammed.brown453@example.com,Chicago,IL,US,14-Jul-2021,Non-Prime
AMA-C9265,Carlos Sharma,carlos.sharma230@example.com,Chicago,IL,US,11/07/2023,Prime
AMA-C6323,Carlos Lee,carlos.lee117@example.com,New York,NY,US,17-Aug-2021,Non-Prime
AMA-C6303,Yuki Patel,yuki.patel350@example.com,Atlanta,GA,US,01/03/2022,Prime Student
AMA-C3243,Anna Johnson,anna.johnson473@example.com,chicago,IL,US,21-Apr-2023,Prime
AMA-C10912,James Brown,james.brown527@example.com,Boston,MA,US,2024-09-04,Prime Student
AMA-C2835,Maria Rossi,maria.rossi174@example.com,Phoenix,AZ,US,05/29/2022,Non-Prime
AMA-C10985,Olivia Suzuki,olivia.suzuki17@example.com,Houston,TX,US,22-Sep-2022,Prime Student
AMA-C6151,Maria Müller,maria.müller217@example.com,Denver,CO,US,02/23/2023,Prime
AMA-C9931,Anna Tanaka,anna.tanaka550@example.com,Houston,TX,US,09/14/2022,Prime
AMA-C1306,Michael Suzuki,michael.suzuki770@example.com,Seattle,WA,US,19-Jul-2021,Prime
AMA-C3961,John Kim,john.kim256@example.com,Boston,MA,US,10/08/2023,Prime Student
AMA-C8445,Ava Kim,ava.kim683@example.com,Chicago,IL,US,05/01/2024,Prime
AMA-C3963,Carlos Singh,carlos.singh161@example.com,Los Angeles,CA,US,01/25/2022,Prime
AMA-C2344,Ben Martin,ben.martin586@example.com,Denver,CO,US,04/08/2021,Prime
AMA-C9952,liam wang,,Los Angeles,CA,US,13-Oct-2024,Prime Student
AMA-C9805, Maria Wang ,maria.wang846@example.com,Boston,MA,US,01-Apr-2022,Prime Student
AMA-C3406,MOHAMMED MÜLLER,mohammed.müller743@example.com,Houston,TX,US,09/07/2025,Prime
AMA-C2938,Sara Wang,sara.wang266@example.com,atlanta,GA,US,06/20/2023,Non-Prime
AMA-C3483,rahul smith,rahul.smith60@example.com,denver,CO,US,12/10/2024,Prime Student
AMA-C3198,Aditya Müller,aditya.müller504@example.com,Miami,FL,US,10/31/2022,Prime
AMA-C4181,Emma Davis,,PHOENIX,AZ,US,01/13/2024,Prime Student
AMA-C2334,Emma Anderson,,Denver,CO,US,08-Sep-2022,Prime
AMA-C4575,john suzuki,john.suzuki9@example.com,Houston,TX,US,2021-10-16,Prime Student
AMA-C5725,David Tanaka,david.tanaka748@example.com,Phoenix,AZ,US,10/07/2024,Prime Student
AMA-C3225,Vivaan Kim,vivaan.kim154@example.com,Miami,FL,US,05/02/2023,
AMA-C7635,fatima müller,fatima.müller215@example.com,boston,MA,US,2024-04-30,Non-Prime
AMA-C9778,anna singh,anna.singh758@example.com,Chicago,IL,US,18-Dec-2024,Non-Prime
AMA-C3779,Mohammed Chen,mohammed.chen599@example.com,Phoenix,AZ,US,08/22/2022,Non-Prime
AMA-C5458,Zoe Lee,zoe.lee459@example.com,new york,NY,US,02/24/2023,Prime Student
AMA-C9348,Michael Rossi,michael.rossi480@example.com,Seattle,WA,US,2024-10-16,Prime Student
AMA-C5305,Liam Patel,liam.patel146@example.com,chicago,IL,US,09/01/2022,Prime Student
AMA-C7274,Fatima Patel,fatima.patel972@example.com,Houston,TX,US,2021-07-20,Non-Prime
AMA-C9635,Olivia Garcia,olivia.garcia466@example.com,Phoenix,AZ,US,10/27/2023,Prime Student
AMA-C9593,John Khan,john.khan772@example.com,Chicago,IL,US,2022-02-18,Prime
AMA-C9612,Ken Singh,ken.singh372@example.com,Seattle,WA,US,18-Jul-2025,Non-Prime
AMA-C2526,Fatima Martin,fatima.martin522@example.com,Seattle,WA,US,2025-08-07,Non-Prime
AMA-C9614,James Yamada,james.yamada201@example.com,Denver,CO,US,11/22/2022,Prime
AMA-C7611,Priya Brown,priya.brown870@example.com,Houston,TX,US,05-Jan-2022,Prime Student
AMA-C9680,li rossi,li.rossi708@example.com,Phoenix,AZ,US,01/05/2022,Prime Student
AMA-C1991,Zoe Johnson,zoe.johnson325@example.com,Boston,MA,US,23-May-2023,Non-Prime
AMA-C7985,Fatima Tanaka,fatima.tanaka558@example.com,Chicago,IL,US,2024-06-27,Prime Student
AMA-C2379,Mohammed Davis,mohammed.davis972@example.com,Seattle,WA,US,2024-09-08,Non-Prime
AMA-C1020, Ava Chen ,ava.chen226@example.com,Seattle,WA,US,14-Jun-2021,Non-Prime
AMA-C9323, Li Garcia ,li.garcia14@example.com,Phoenix,AZ,US,2022-02-21,Prime Student
AMA-C2775,ZOE SMITH,,New York,NY,US,2021-12-21,Non-Prime
AMA-C9886,Sara Martin,sara.martin965@example.com,phoenix,AZ,US,21-Aug-2024,Prime
AMA-C4842,Chen Wang,chen.wang443@example.com,Denver,CO,US,2023-12-15,Prime Student
AMA-C1929,wei tanaka,wei.tanaka941@example.com,Chicago,IL,US,09-Jul-2022,Prime Student
AMA-C4179,Vivaan Johnson,vivaan.johnson387@example.com,Boston,MA,US,07-Mar-2024,Prime
AMA-C5872,Priya Smith,priya.smith592@example.com,Houston,TX,US,31-Dec-2024,Prime Student
AMA-C4574,Aditya Garcia,aditya.garcia343@example.com,Seattle,WA,US,02-Feb-2022,Non-Prime
AMA-C5977,Ava Anderson,ava.anderson973@example.com,Denver,CO,US,24-Oct-2025,Prime Student
AMA-C1080, Ava Garcia ,ava.garcia756 at example.com,Seattle,WA,US,01/16/2023,
AMA-C6104,sara garcia,sara.garcia37@example.com,phoenix,AZ,US,08/27/2025,Prime Student
AMA-C6311,emma garcia,emma.garcia626@example.com,Seattle,WA,US,06/22/2024,Prime Student
AMA-C9114,Liam Davis,liam.davis265@example.com,Chicago,IL,US,02/23/2022,Prime Student
AMA-C6283,KEN WANG,ken.wang234@example.com,Boston,MA,US,2024-02-29,Prime
AMA-C1542,Aditya Wilson,aditya.wilson241@example.com,MIAMI,FL,US,2025-11-06,Non-Prime
AMA-C3931,David Davis,david.davis829@example.com,Phoenix,AZ,US,20-Jul-2025,Prime
AMA-C7779,Ken Lee,ken.lee870@example.com,Phoenix,AZ,US,12-Mar-2023,Prime Student
AMA-C6376,Priya Brown,priya.brown565@example.com,Boston,MA,US,04/07/2025,Prime
AMA-C3752,Vivaan Patel,vivaan.patel207@example.com,Boston,MA,US,2024-02-25,Non-Prime
AMA-C2670, Ken Khan ,ken.khan614@example.com,Chicago,IL,US,07/11/2025,Prime
AMA-C4120,Vivaan Johnson,,Houston,TX,US,2025-08-18,Non-Prime
AMA-C4561,Mohammed Martin,mohammed.martin987@example.com,Miami,FL,US,12/25/2025,Prime Student
AMA-C9004,Mohammed Rossi,mohammed.rossi426@example.com,PHOENIX,AZ,US,06/04/2022,Non-Prime
AMA-C9024,Fatima Rossi,fatima.rossi703@example.com,Atlanta,GA,US,2024-01-31,Prime Student
AMA-C9731,anna martin,anna.martin367@example.com,Boston,MA,US,2024-07-21,Prime Student
AMA-C4084,Michael Wilson,michael.wilson896@example.com,Miami,FL,US,2022-05-12,Non-Prime
AMA-C1017,Priya Sharma,priya.sharma659@example.com,Atlanta,GA,US,09/03/2022,Non-Prime
AMA-C10630,ZOE SINGH,zoe.singh318@example.com,New York,NY,US,12-Jan-2021,Non-Prime
AMA-C3599,Ken Kim,ken.kim463@example.com,Los Angeles,CA,US,04-Dec-2021,Prime Student
AMA-C4335,Anna Davis,anna.davis808@example.com,Boston,MA,US,01-Dec-2023,Prime
AMA-C9564,emma chen,,Seattle,WA,US,2021-06-29,Non-Prime
AMA-C5583,James Patel,james.patel703@example.com,Houston,TX,US,12/12/2024,Prime
AMA-C6163,John Wang,john.wang234@example.com,Los Angeles,CA,US,09/01/2021,Prime
AMA-C7125,Vivaan Sharma,,Chicago,IL,US,09/23/2025,Prime
AMA-C4356,Maria Patel,maria.patel196@example.com,Denver,CO,US,08/18/2023,Prime
AMA-C4532,Olivia Wilson,olivia.wilson590@example.com,Atlanta,GA,US,02/20/2022,Prime
AMA-C1947,Sofia Tanaka,sofia.tanaka762@example.com,Boston,MA,US,10-Aug-2024,Prime
AMA-C6440,Aarav Chen,aarav.chen129@example.com,New York,NY,US,12/25/2024,
AMA-C7152,Sara Sharma,sara.sharma246@example.com,Phoenix,AZ,US,2022-03-07,Prime
AMA-C2310,Yuki Patel,yuki.patel476@example.com,boston,MA,US,22-Aug-2022,Non-Prime
AMA-C5408,Wei Müller,wei.müller736@example.com,New York,NY,US,03-Oct-2021,Prime Student
AMA-C10156,Fatima Chen,,New York,NY,US,2025-05-07,Non-Prime
AMA-C6770,David Suzuki,david.suzuki662@example.com,Seattle,WA,US,2023-09-12,Non-Prime
AMA-C10611, Ken Wang ,ken.wang134@example.com,Miami,FL,US,04-Jun-2025,Prime Student
AMA-C1623,Rahul Lee,rahul.lee644@example.com,New York,NY,US,2023-02-25,Prime
AMA-C1019,Emma Suzuki,,Denver,CO,US,30-Dec-2022,Non-Prime
AMA-C8064,Wei Suzuki,wei.suzuki132@example.com,Chicago,IL,US,02/03/2022,Prime Student
AMA-C7954,KEN KIM,ken.kim43@example.com,Houston,TX,US,09/21/2021,Non-Prime
AMA-C1361,Maria Kumar,maria.kumar389@example.com,Seattle,WA,US,19-Aug-2025,Prime Student
AMA-C9273, Yuki Müller ,yuki.müller403@example.com,Phoenix,AZ,US,08-Jul-2022,Prime
AMA-C4938,Carlos Davis,carlos.davis422@example.com,Houston,TX,US,11-May-2023,Non-Prime
AMA-C4403,VIVAAN YAMADA,vivaan.yamada232@example.com,Denver,CO,US,12-Sep-2022,Non-Prime
AMA-C5048,James Martin,james.martin988@example.com,New York,NY,US,2021-10-13,Prime Student
AMA-C7567,PRIYA SUZUKI,priya.suzuki114@example.com,Seattle,WA,US,11/20/2021,Non-Prime
AMA-C9018,SARA MÜLLER,sara.müller229@example.com,houston,TX,US,22-Aug-2021,Prime
AMA-C4229,Sofia Chen,,Boston,MA,US,02/10/2023,Prime Student
AMA-C8201,Liam Martin,liam.martin246@example.com,Houston,TX,US,29-Jan-2023,Prime
AMA-C10982,Chen Wilson,chen.wilson63@example.com,New York,NY,US,2022-01-11,Non-Prime
AMA-C3082,Maria Garcia,maria.garcia42@example.com,Denver,CO,US,2024-09-02,Prime
AMA-C4145,li kumar,li.kumar216@example.com,Chicago,IL,US,2023-02-26,Prime Student
AMA-C9613,Liam Khan,liam.khan414@example.com,Los Angeles,CA,US,11/07/2021,Prime Student
AMA-C4182,Sofia Anderson,sofia.anderson257@example.com,New York,NY,US,2024-01-11,Non-Prime
AMA-C8732,MARIA GARCIA,maria.garcia509@example.com,Miami,FL,US,2024-01-23,Prime
AMA-C5741,Olivia Tanaka,olivia.tanaka541@example.com,Boston,MA,US,12/21/2022,Prime
AMA-C9862,Aditya Khan,aditya.khan870@example.com,Denver,CO,US,03-Apr-2025,Prime
AMA-C9859,Ken Khan,ken.khan104@example.com,Boston,MA,US,2024-12-27,Prime Student
AMA-C9986,Ken Martin,ken.martin703@example.com,Los Angeles,CA,US,2024-08-04,Non-Prime
AMA-C1782,James Tanaka,james.tanaka457@example.com,Boston,MA,US,03/09/2025,Non-Prime
AMA-C5257,liam anderson,liam.anderson474@example.com,Los Angeles,CA,US,2025-09-27,Prime Student
AMA-C6689,Mohammed Tanaka,mohammed.tanaka756@example.com,DENVER,CO,US,04-Aug-2021,Prime
AMA-C1692,Ken Wang,ken.wang719@example.com,Phoenix,AZ,US,2022-06-21,Prime
AMA-C10763,Ava Kim,ava.kim434@example.com,Miami,FL,US,2024-11-23,Non-Prime
AMA-C10248,Noah Kim,noah.kim730@example.com,Boston,MA,US,2024-08-11,Non-Prime
AMA-C2202,Emma Wilson,emma.wilson905@example.com,Atlanta,GA,US,2024-06-09,Prime Student
AMA-C4146,david patel,david.patel13@example.com,Seattle,WA,US,02/17/2022,Prime
AMA-C10481,FATIMA DAVIS,fatima.davis54@example.com,Los Angeles,CA,US,2022-11-24,Prime
AMA-C7652,Vivaan Patel,,los angeles,CA,US,28-Aug-2025,
AMA-C7207,Aditya Johnson,aditya.johnson211@example.com,Chicago,IL,US,28-Apr-2023,Prime
AMA-C3974,CARLOS KHAN,,New York,NY,US,01-Aug-2024,Non-Prime
AMA-C3502,Maria Rossi,maria.rossi880@example.com,Los Angeles,CA,US,20-Jun-2022,Non-Prime
AMA-C2752,Emma Müller,emma.müller386@example.com,Denver,CO,US,2025-12-08,Prime
AMA-C9837,Aarav Wang,aarav.wang899@example.com,New York,NY,US,08-Oct-2024,Prime
AMA-C5403,Aarav Chen,aarav.chen274@example.com,New York,NY,US,07/25/2022,Non-Prime
AMA-C8111,Mohammed Kumar,mohammed.kumar540@example.com,Houston,TX,US,08/30/2025,Prime Student
AMA-C1920,Maria Brown,maria.brown472@example.com,Chicago,IL,US,2022-11-07,Non-Prime
AMA-C3431,Noah Chen,noah.chen969@example.com,PHOENIX,AZ,US,03/01/2023,Prime Student
AMA-C10990,WEI CHEN,wei.chen564 at example.com,Atlanta,GA,US,2022-12-19,Non-Prime
AMA-C3067,Sara Patel,sara.patel268@example.com,Los Angeles,CA,US,10/14/2024,Prime Student
AMA-C10544, Chen Wang ,chen.wang277@example.com,Phoenix,AZ,US,2025-04-27,Prime
AMA-C4223,John Patel,john.patel699@example.com,Phoenix,AZ,US,12-May-2024,Prime
AMA-C6882, Yuki Singh ,yuki.singh506@example.com,New York,NY,US,09-Jun-2023,Prime
AMA-C3773,sofia rossi,sofia.rossi993@example.com,Miami,FL,US,2021-08-13,Non-Prime
AMA-C4659,Mohammed Garcia,,Atlanta,GA,US,2021-03-17,Prime Student
AMA-C9075,Chen Wang,chen.wang661@example.com,Houston,TX,US,09/03/2021,Prime
AMA-C3646,Mohammed Wilson,mohammed.wilson663@example.com,Denver,CO,US,19-Aug-2023,Non-Prime
AMA-C8718,david wang,david.wang297@example.com,Chicago,IL,US,2024-04-02,Prime
AMA-C2403,John Johnson,john.johnson577@example.com,Seattle,WA,US,11-Aug-2024,Non-Prime
AMA-C4749,Wei Brown,wei.brown326@example.com,Seattle,WA,US,06-May-2022,Non-Prime
AMA-C6840,David Kumar,,denver,CO,US,15-Mar-2022,Prime Student
AMA-C5256,liam davis,liam.davis401@example.com,Houston,TX,US,25-May-2022,Non-Prime
AMA-C1465,Maria Lee,maria.lee88@example.com,MIAMI,FL,US,01-Dec-2023,Prime Student
AMA-C1591,Zoe Garcia,zoe.garcia135@example.com,Denver,CO,US,02-Aug-2025,Prime Student
AMA-C2990,Fatima Garcia,fatima.garcia312@example.com,Houston,TX,US,24-May-2021,Non-Prime
AMA-C8162,Aarav Sharma,aarav.sharma786@example.com,New York,NY,US,03/29/2023,Non-Prime
AMA-C3111,Priya Sharma,priya.sharma625@example.com,Chicago,IL,US,08/28/2023,Prime
AMA-C5808,david anderson,david.anderson117@example.com,Boston,MA,US,17-Mar-2023,Non-Prime
AMA-C6938,Yuki Smith,yuki.smith313@example.com,Atlanta,GA,US,11-Jul-2022,
AMA-C4882,Chen Khan,chen.khan126@example.com,Atlanta,GA,US,14-Sep-2025,Non-Prime
AMA-C7067,LI KIM,li.kim932@example.com,Boston,MA,US,24-Jul-2022,Prime
AMA-C10155,Yuki Garcia,yuki.garcia692@example.com,New York,NY,US,02/12/2023,Non-Prime
AMA-C6959,YUKI MÜLLER,yuki.müller139@example.com,Phoenix,AZ,US,03-Nov-2024,Non-Prime
AMA-C7088,KEN ROSSI,ken.rossi362@example.com,boston,MA,US,04-Dec-2022,
AMA-C3955,sofia müller,sofia.müller415@example.com,New York,NY,US,2021-07-04,Prime Student
AMA-C10307,MARIA LEE,maria.lee803@example.com,Seattle,WA,US,2023-03-18,Non-Prime
AMA-C6921, Ava Kim ,ava.kim52@example.com,DENVER,CO,US,2025-12-15,Prime
AMA-C7971,MARIA JOHNSON,maria.johnson499@example.com,Denver,CO,US,16-Nov-2022,Prime
AMA-C8014,Sara Johnson,sara.johnson171@example.com,Chicago,IL,US,2025-05-20,Prime Student
AMA-C5631,Ben Sharma,ben.sharma943@example.com,Boston,MA,US,04/12/2021,Prime Student
AMA-C4953, Aditya Wilson ,,Phoenix,AZ,US,19-Dec-2023,Prime Student
AMA-C9484,Zoe Wilson,zoe.wilson506@example.com,Denver,CO,US,21-Oct-2023,Prime Student
AMA-C3211,Fatima Patel,fatima.patel84@example.com,Denver,CO,US,2024-10-01,Prime Student
AMA-C8125,FATIMA DAVIS,fatima.davis791@example.com,Houston,TX,US,2024-01-13,Non-Prime
AMA-C10121,Maria Anderson,maria.anderson778@example.com,Houston,TX,US,2021-02-05,Prime Student
AMA-C2732,PRIYA SMITH,priya.smith703@example.com,Phoenix,AZ,US,09-Apr-2021,Prime Student
AMA-C5880,Priya Garcia,priya.garcia305@example.com,Seattle,WA,US,11-May-2022,Prime
AMA-C1648,David Martin,david.martin437@example.com,ATLANTA,GA,US,17-Jan-2024,Non-Prime
AMA-C6547,Yuki Brown,yuki.brown226@example.com,Boston,MA,US,05/23/2025,Prime Student
AMA-C4072,Zoe Brown,zoe.brown888@example.com,LOS ANGELES,CA,US,24-May-2022,Prime Student
AMA-C8402,Michael Tanaka,michael.tanaka838@example.com,New York,NY,US,2022-10-11,Prime
AMA-C3938,Olivia Wang,,New York,NY,US,10/15/2024,Prime
AMA-C9811,MOHAMMED CHEN,mohammed.chen491@example.com,Chicago,IL,US,2025-01-28,Prime
AMA-C7413,Carlos Lee,carlos.lee234@example.com,Chicago,IL,US,2024-03-15,Prime Student
AMA-C3877,Yuki Anderson,yuki.anderson659@example.com,Denver,CO,US,2021-12-19,Prime Student
AMA-C5300,YUKI ANDERSON,yuki.anderson113@example.com,Los Angeles,CA,US,2025-10-10,Non-Prime
AMA-C10942,Vivaan Khan,vivaan.khan230@example.com,Boston,MA,US,05-Nov-2021,Prime
AMA-C2515, Yuki Tanaka ,yuki.tanaka122@example.com,Chicago,IL,US,17-Dec-2021,Prime
AMA-C4157,Li Johnson,li.johnson647@example.com,Los Angeles,CA,US,02-May-2023,Non-Prime
AMA-C9572,James Tanaka,james.tanaka864@example.com,Seattle,WA,US,2021-01-29,Prime Student
AMA-C8362,Emma Suzuki,emma.suzuki130@example.com,New York,NY,US,06/22/2021,Prime Student
AMA-C10132,Carlos Martin,carlos.martin270@example.com,Phoenix,AZ,US,23-Dec-2024,Prime Student
AMA-C1058,Carlos Lee,carlos.lee963@example.com,Miami,FL,US,09/03/2021,Prime Student
AMA-C7286,FATIMA SHARMA,fatima.sharma706 at example.com,Houston,TX,US,02/10/2025,Non-Prime
AMA-C2622,zoe martin,zoe.martin731@example.com,HOUSTON,TX,US,02/08/2025,Prime Student
AMA-C9352,Priya Suzuki,priya.suzuki732@example.com,Denver,CO,US,2022-05-12,Prime Student
AMA-C7647,Rahul Patel,,Boston,MA,US,17-Apr-2024,Prime Student
AMA-C9542,Aditya Lee,aditya.lee104@example.com,Los Angeles,CA,US,11-Mar-2024,Non-Prime
AMA-C2814, Anna Garcia ,anna.garcia830@example.com,Miami,FL,US,06-Nov-2024,Prime Student
AMA-C5144,Carlos Suzuki,carlos.suzuki310@example.com,Seattle,WA,US,2024-06-01,
AMA-C9226,Yuki Yamada,yuki.yamada818@example.com,Miami,FL,US,2023-02-05,Non-Prime
AMA-C6990,Ben Kumar,ben.kumar457@example.com,Miami,FL,US,07-May-2021,Prime Student
AMA-C9752,Sara Suzuki,sara.suzuki31@example.com,Los Angeles,CA,US,01-Nov-2022,Non-Prime
AMA-C8281,maria tanaka,maria.tanaka695@example.com,New York,NY,US,2025-07-05,Prime
AMA-C9755,Sofia Martin,sofia.martin484@example.com,Chicago,IL,US,2023-03-18,Prime Student
AMA-C2431,Chen Wilson,chen.wilson862@example.com,Atlanta,GA,US,08/24/2024,
AMA-C3907,Olivia Wilson,olivia.wilson578@example.com,Miami,FL,US,11-Jan-2025,Non-Prime
AMA-C6437,Olivia Garcia,olivia.garcia816@example.com,Seattle,WA,US,2024-06-15,Non-Prime
AMA-C5293,wei sharma,wei.sharma531@example.com,houston,TX,US,2023-02-09,Prime Student
AMA-C9620,noah patel,noah.patel214@example.com,phoenix,AZ,US,10/13/2022,Non-Prime
AMA-C1652,liam yamada,liam.yamada457@example.com,Phoenix,AZ,US,01/31/2023,Non-Prime
AMA-C6360,Carlos Chen,carlos.chen883@example.com,Atlanta,GA,US,23-May-2022,Non-Prime
AMA-C10229,Sara Martin,sara.martin371@example.com,BOSTON,MA,US,2022-06-13,
AMA-C10160,Yuki Rossi,yuki.rossi693@example.com,Phoenix,AZ,US,2025-12-04,Prime
AMA-C1159,Michael Patel,michael.patel426@example.com,Houston,TX,US,10-Jan-2025,Prime Student
AMA-C3244,olivia garcia,olivia.garcia828@example.com,Boston,MA,US,05-Apr-2023,Prime
AMA-C9296,Sofia Sharma,sofia.sharma512@example.com,Phoenix,AZ,US,12-Aug-2025,Non-Prime
AMA-C3561,Rahul Tanaka,rahul.tanaka520@example.com,Phoenix,AZ,US,07-Sep-2022,Non-Prime
AMA-C4947,Noah Anderson,noah.anderson764@example.com,Los Angeles,CA,US,21-Jul-2025,Non-Prime
AMA-C4594,Zoe Patel,zoe.patel659@example.com,Seattle,WA,US,2025-02-16,Prime Student
AMA-C8318,Chen Sharma,,Houston,TX,US,10-Aug-2024,Non-Prime
AMA-C5351,Mohammed Brown,mohammed.brown43 at example.com,Houston,TX,US,08/31/2023,Non-Prime
AMA-C1424,Michael Chen,michael.chen740@example.com,Seattle,WA,US,16-Jan-2024,Prime Student
AMA-C6343,AVA MARTIN,ava.martin37@example.com,New York,NY,US,25-Mar-2021,Prime
AMA-C10829,anna davis,anna.davis213@example.com,Chicago,IL,US,07/13/2024,Non-Prime
AMA-C8322,rahul lee,rahul.lee498@example.com,Atlanta,GA,US,2024-04-03,Prime
AMA-C1381,sofia kim,sofia.kim754@example.com,Chicago,IL,US,2023-12-26,Non-Prime
AMA-C2160,Priya Martin,priya.martin192@example.com,Atlanta,GA,US,05/07/2024,Prime Student
AMA-C1211,OLIVIA JOHNSON,olivia.johnson983@example.com,New York,NY,US,2024-05-02,Non-Prime
AMA-C7399,Emma Kim,emma.kim326@example.com,Atlanta,GA,US,05/27/2024,Prime
AMA-C6920,JOHN KHAN,john.khan842@example.com,Seattle,WA,US,01/10/2025,Non-Prime
AMA-C2397, Mohammed Kumar ,mohammed.kumar591@example.com,Miami,FL,US,04/05/2024,Prime
AMA-C6975,noah davis,,New York,NY,US,17-Feb-2021,Non-Prime
AMA-C2215,Zoe Smith,,Atlanta,GA,US,21-Jan-2021,Prime
AMA-C2364,Fatima Johnson,fatima.johnson595@example.com,Phoenix,AZ,US,04/06/2022,Non-Prime
AMA-C5059,Michael Wilson,michael.wilson4@example.com,Miami,FL,US,2025-11-25,Prime Student
AMA-C10033,Ava Sharma,ava.sharma664@example.com,Atlanta,GA,US,30-Oct-2021,Non-Prime
AMA-C1588,Priya Kumar,,Houston,TX,US,02-Oct-2022,Prime Student
AMA-C4333,Rahul Anderson,rahul.anderson668@example.com,Chicago,IL,US,06/26/2023,Non-Prime
AMA-C3697, Yuki Chen ,,Los Angeles,CA,US,2025-04-05,Non-Prime
AMA-C1435,Maria Kim,maria.kim972@example.com,New York,NY,US,01/08/2023,Non-Prime
AMA-C10162,Emma Davis,emma.davis212@example.com,Los Angeles,CA,US,06/26/2023,Prime
AMA-C8428,maria wilson,maria.wilson128@example.com,atlanta,GA,US,2021-05-28,Prime Student
AMA-C4602, Ben Suzuki ,ben.suzuki421@example.com,Atlanta,GA,US,09-Nov-2021,Prime
AMA-C10392,Li Chen,li.chen189@example.com,Los Angeles,CA,US,12/16/2021,Non-Prime
AMA-C5738,Olivia Chen,olivia.chen705@example.com,SEATTLE,WA,US,17-Feb-2024,Prime Student
AMA-C4102,yuki tanaka,yuki.tanaka746@example.com,Houston,TX,US,09/23/2022,Prime Student
AMA-C1802,LI YAMADA,li.yamada88@example.com,Phoenix,AZ,US,06-Aug-2021,Non-Prime
AMA-C7812,Fatima Lee,fatima.lee768@example.com,Denver,CO,US,11/02/2024,Prime Student
AMA-C2757,Ken Patel,ken.patel409@example.com,Phoenix,AZ,US,03/22/2021,Non-Prime
AMA-C4268,Emma Tanaka,emma.tanaka101@example.com,chicago,IL,US,2022-05-15,Non-Prime
AMA-C9649,Carlos Smith,carlos.smith204@example.com,Boston,MA,US,17-Feb-2025,Prime
AMA-C2886,Mohammed Kim,mohammed.kim15@example.com,Boston,MA,US,2021-08-15,Non-Prime
AMA-C9742,Ben Garcia,ben.garcia289@example.com,Miami,FL,US,10/13/2024,Prime Student
AMA-C3768,Maria Chen,maria.chen777@example.com,Atlanta,GA,US,2022-02-02,Prime Student
AMA-C1658,John Brown,john.brown705@example.com,Phoenix,AZ,US,2024-09-25,Non-Prime
AMA-C5359,Sara Wang,,Phoenix,AZ,US,2024-10-30,Non-Prime
AMA-C9808,Wei Kim,wei.kim184@example.com,los angeles,CA,US,31-Mar-2021,Non-Prime
AMA-C9761,NOAH KUMAR,noah.kumar845@example.com,Atlanta,GA,US,03/14/2021,Non-Prime
AMA-C2182,Rahul Brown,rahul.brown135@example.com,Houston,TX,US,18-Aug-2023,Non-Prime
AMA-C6982,Ken Kim,ken.kim791@example.com,Chicago,IL,US,15-Sep-2024,Prime
AMA-C9668,John Chen,john.chen46@example.com,Miami,FL,US,2023-02-12,Non-Prime
AMA-C3915,Noah Smith,noah.smith44@example.com,Los Angeles,CA,US,02/18/2022,Non-Prime
AMA-C6601,Zoe Müller,zoe.müller856@example.com,Boston,MA,US,2022-06-07,Non-Prime
AMA-C10819,Fatima Tanaka,fatima.tanaka641@example.com,Atlanta,GA,US,2025-12-20,Prime
AMA-C7028,Michael Wang,michael.wang558@example.com,Atlanta,GA,US,05/24/2025,Prime
AMA-C10639,Zoe Khan,zoe.khan318@example.com,Phoenix,AZ,US,02/20/2021,Non-Prime
AMA-C6721,Emma Brown,emma.brown820@example.com,Atlanta,GA,US,2022-11-04,Non-Prime
AMA-C6300,John Patel,john.patel991@example.com,New York,NY,US,2023-05-03,Prime
AMA-C4708,Yuki Kim,yuki.kim920@example.com,Los Angeles,CA,US,07/10/2021,Prime Student
AMA-C7629,Sara Wilson,sara.wilson546@example.com,Atlanta,GA,US,08/08/2024,
AMA-C8427,olivia suzuki,olivia.suzuki926@example.com,new york,NY,US,01-Sep-2023,Prime
AMA-C3323,Aditya Patel,aditya.patel301@example.com,Seattle,WA,US,04/19/2024,
AMA-C8749,Emma Martin,emma.martin312@example.com,Boston,MA,US,03-Feb-2025,Non-Prime
AMA-C4143,Mohammed Khan,mohammed.khan301@example.com,phoenix,AZ,US,2024-01-22,Prime Student
AMA-C6056,Li Singh,li.singh674@example.com,Houston,TX,US,2021-01-14,Prime
AMA-C1005,Aditya Martin,aditya.martin507@example.com,phoenix,AZ,US,12/12/2023,Non-Prime
AMA-C8336,Ava Patel,ava.patel686@example.com,Houston,TX,US,22-Oct-2023,Non-Prime
AMA-C6969,Li Brown,li.brown624@example.com,Houston,TX,US,2023-01-25,Prime
AMA-C6495,Emma Müller,emma.müller853@example.com,Boston,MA,US,24-Nov-2025,
AMA-C4806,Maria Sharma,maria.sharma824@example.com,Los Angeles,CA,US,03/27/2024,
AMA-C10455,Sofia Garcia,sofia.garcia14@example.com,New York,NY,US,2024-10-31,Prime
AMA-C3024,Olivia Tanaka,olivia.tanaka365@example.com,New York,NY,US,2021-02-06,Prime
AMA-C1827, Michael Wilson ,michael.wilson82@example.com,Seattle,WA,US,04/27/2021,Prime Student
AMA-C4197,Ava Wang,ava.wang210@example.com,Chicago,IL,US,03/05/2025,Prime Student
AMA-C2695,Carlos Chen,carlos.chen456@example.com,Miami,FL,US,2025-07-11,Prime
AMA-C2314,aditya patel,aditya.patel330@example.com,Miami,FL,US,2021-04-17,Prime Student
AMA-C2232,Rahul Müller,rahul.müller615@example.com,Denver,CO,US,05/25/2023,Prime Student
AMA-C5852,priya tanaka,priya.tanaka90@example.com,SEATTLE,WA,US,08/12/2023,Non-Prime
AMA-C2911,Maria Davis,maria.davis715@example.com,Denver,CO,US,2021-06-06,Prime
AMA-C10686,Yuki Garcia,yuki.garcia804@example.com,Atlanta,GA,US,05-Feb-2023,Prime Student
AMA-C9108,Olivia Suzuki,olivia.suzuki398@example.com,New York,NY,US,2024-12-05,Prime
AMA-C8143,Mohammed Johnson,mohammed.johnson543@example.com,Miami,FL,US,02/21/2024,Non-Prime
AMA-C6465,James Davis,james.davis479@example.com,Phoenix,AZ,US,08/05/2023,Non-Prime
AMA-C1554,Olivia Kumar,olivia.kumar381@example.com,New York,NY,US,2025-02-15,Prime
AMA-C3936,Wei Lee,wei.lee358@example.com,Chicago,IL,US,11/08/2025,Prime
AMA-C7888, Mohammed Chen ,mohammed.chen538@example.com,Houston,TX,US,09-Sep-2024,Non-Prime
AMA-C9246, Li Tanaka ,,Denver,CO,US,2021-12-10,Prime
AMA-C5098,Emma Davis,emma.davis588@example.com,Houston,TX,US,07-Apr-2024,
AMA-C7998,Sofia Johnson,,Houston,TX,US,31-Aug-2024,Prime
AMA-C7649,Li Smith,li.smith558@example.com,Atlanta,GA,US,11/26/2025,Non-Prime
AMA-C7505,Emma Wilson,emma.wilson311@example.com,New York,NY,US,11-Jun-2023,Prime
AMA-C1859,Ava Wang,ava.wang818@example.com,New York,NY,US,09/03/2022,Prime
AMA-C6849,ben smith,ben.smith570@example.com,Denver,CO,US,2024-09-04,Prime Student
AMA-C10634,Liam Rossi,liam.rossi806@example.com,Los Angeles,CA,US,2025-06-22,Non-Prime
AMA-C2071,Emma Tanaka,,Denver,CO,US,12/01/2021,Non-Prime
AMA-C10893,Sofia Khan,sofia.khan797@example.com,Denver,CO,US,2022-07-14,Non-Prime
AMA-C9951,anna tanaka,anna.tanaka400@example.com,Chicago,IL,US,2022-03-08,Prime
AMA-C9561,John Davis,john.davis264@example.com,Los Angeles,CA,US,04-Aug-2023,Prime Student
AMA-C5195,Sara Sharma,,Chicago,IL,US,12/03/2022,Prime Student
AMA-C9832,Maria Tanaka,maria.tanaka591@example.com,Houston,TX,US,09/13/2022,Prime
AMA-C2471,Sofia Anderson,sofia.anderson836@example.com,Phoenix,AZ,US,03/31/2023,Prime
AMA-C6736,Mohammed Suzuki,mohammed.suzuki738@example.com,Houston,TX,US,10/24/2025,Prime
AMA-C4939,fatima sharma,fatima.sharma694@example.com,Houston,TX,US,23-Jan-2021,Prime Student
AMA-C9340,Chen Lee,,Miami,FL,US,06/21/2021,Non-Prime
AMA-C2853,Li Martin,li.martin398@example.com,Atlanta,GA,US,24-Mar-2024,Non-Prime
AMA-C3395,Priya Suzuki,priya.suzuki499@example.com,Denver,CO,US,2023-06-15,Prime Student
AMA-C5006,Michael Garcia,michael.garcia274 at example.com,miami,FL,US,07/22/2024,Prime Student
AMA-C6455,Ava Suzuki,ava.suzuki755@example.com,new york,NY,US,23-Sep-2023,Prime Student
AMA-C1555, Rahul Khan ,rahul.khan238@example.com,Boston,MA,US,05-Jun-2024,Prime
AMA-C3742,Chen Johnson,chen.johnson806@example.com,Denver,CO,US,31-Jan-2023,Prime
AMA-C8101,James Sharma,james.sharma804@example.com,Denver,CO,US,2025-03-27,Prime Student
AMA-C2914,Liam Sharma,liam.sharma39@example.com,Chicago,IL,US,2021-12-13,Non-Prime
AMA-C2574,Vivaan Suzuki,vivaan.suzuki395@example.com,Los Angeles,CA,US,02/09/2022,Prime
AMA-C2582,Carlos Wang,carlos.wang623@example.com,Miami,FL,US,2024-08-12,Non-Prime
AMA-C4854,Zoe Tanaka,zoe.tanaka976@example.com,Houston,TX,US,07-Dec-2025,Prime
AMA-C5002,vivaan johnson,vivaan.johnson115@example.com,Atlanta,GA,US,2022-04-23,Prime Student
AMA-C4585,James Sharma,james.sharma647@example.com,Houston,TX,US,06/19/2022,Non-Prime
AMA-C1538,Aditya Smith,aditya.smith197@example.com,New York,NY,US,01/18/2024,Prime
AMA-C9836,Ava Suzuki,ava.suzuki70@example.com,denver,CO,US,04/11/2021,Non-Prime
AMA-C9166,Ava Chen,ava.chen556@example.com,Denver,CO,US,2024-10-14,Prime
AMA-C6027,Mohammed Tanaka,mohammed.tanaka226@example.com,Boston,MA,US,05-Oct-2025,Prime Student
AMA-C4254,yuki lee,yuki.lee33@example.com,Boston,MA,US,01/03/2022,Prime Student
AMA-C3980,NOAH GARCIA,noah.garcia580@example.com,Chicago,IL,US,03/27/2021,
AMA-C5051,John Chen,john.chen135@example.com,New York,NY,US,2024-06-15,Prime
AMA-C5922,Anna Khan,anna.khan247@example.com,Boston,MA,US,2025-10-25,Prime Student
AMA-C5525,Michael Sharma,michael.sharma233@example.com,Atlanta,GA,US,2023-10-03,Non-Prime
AMA-C7179,David Garcia,david.garcia272@example.com,Phoenix,AZ,US,27-Feb-2024,Prime
AMA-C5385,anna khan,anna.khan910@example.com,Boston,MA,US,21-Oct-2023,Prime
AMA-C3194,Aditya Singh,,Miami,FL,US,2025-11-13,
AMA-C7512,Ava Wang,ava.wang39@example.com,Seattle,WA,US,2021-05-06,Non-Prime
AMA-C8049,Aarav Kumar,aarav.kumar272@example.com,NEW YORK,NY,US,04/20/2023,Non-Prime
AMA-C5069,JOHN SUZUKI,john.suzuki726@example.com,Los Angeles,CA,US,05/27/2021,Non-Prime
AMA-C6853,Rahul Wilson,rahul.wilson80 at example.com,Los Angeles,CA,US,25-Feb-2023,Prime
AMA-C3740,yuki yamada,yuki.yamada787@example.com,Denver,CO,US,21-Mar-2021,Prime Student
AMA-C5587,Mohammed Suzuki,mohammed.suzuki553@example.com,Houston,TX,US,17-Oct-2024,Prime Student
AMA-C9474,Ava Patel,ava.patel409@example.com,Seattle,WA,US,24-Mar-2024,Prime
AMA-C3495,Anna Rossi,anna.rossi986@example.com,Los Angeles,CA,US,26-Nov-2024,Prime
AMA-C7745,priya garcia,priya.garcia484@example.com,Denver,CO,US,2021-11-05,Prime Student
AMA-C1341,Liam Patel,liam.patel160@example.com,Seattle,WA,US,2023-02-18,Prime Student
AMA-C10379,Sofia Johnson,sofia.johnson636@example.com,Phoenix,AZ,US,03/21/2022,
AMA-C2959,Mohammed Martin,mohammed.martin542@example.com,Houston,TX,US,2025-08-20,Prime Student
AMA-C4905, Vivaan Yamada ,vivaan.yamada460@example.com,Seattle,WA,US,2023-04-28,Non-Prime
AMA-C3210,Yuki Kumar,yuki.kumar938@example.com,Miami,FL,US,11-Dec-2021,Prime Student
AMA-C3985,Zoe Lee,zoe.lee127@example.com,Phoenix,AZ,US,14-Aug-2023,
AMA-C5179,Carlos Yamada,carlos.yamada944@example.com,Denver,CO,US,2021-06-23,Prime
AMA-C1244,David Wang,david.wang31@example.com,Phoenix,AZ,US,28-Dec-2021,Prime Student
AMA-C8962,fatima anderson,fatima.anderson120@example.com,Atlanta,GA,US,2025-09-15,Non-Prime
AMA-C6686,Priya Chen,priya.chen754@example.com,Chicago,IL,US,28-Nov-2024,Prime Student
AMA-C9928,Rahul Patel,rahul.patel70@example.com,Miami,FL,US,05/01/2021,Prime
AMA-C10346,Liam Müller,liam.müller960@example.com,Miami,FL,US,2025-02-09,Non-Prime
AMA-C7184,David Wang,david.wang204@example.com,denver,CO,US,2023-04-20,Non-Prime
AMA-C1472,James Müller,james.müller421@example.com,New York,NY,US,16-Oct-2024,Prime Student
AMA-C7237,Wei Davis,wei.davis994@example.com,Atlanta,GA,US,07/02/2022,Non-Prime
AMA-C5223,Fatima Martin,fatima.martin643@example.com,Los Angeles,CA,US,03/25/2023,Non-Prime
AMA-C1915,Aarav Patel,aarav.patel143@example.com,Denver,CO,US,2021-08-06,Prime
AMA-C4029,noah chen,,Denver,CO,US,29-Nov-2022,Prime Student
AMA-C10339,Noah Sharma,noah.sharma377@example.com,New York,NY,US,21-May-2021,Prime
AMA-C2408,John Smith,john.smith547@example.com,New York,NY,US,2022-04-06,Prime Student
AMA-C3439,Chen Chen,chen.chen728@example.com,New York,NY,US,10-Feb-2021,Prime Student
AMA-C1314,Aditya Anderson,aditya.anderson51@example.com,New York,NY,US,01/07/2025,Prime Student
AMA-C6220,Anna Chen,anna.chen591@example.com,Chicago,IL,US,30-May-2023,
AMA-C5251,Aarav Khan,aarav.khan897@example.com,Houston,TX,US,2022-01-26,Prime Student
AMA-C4338,Priya Tanaka,priya.tanaka338@example.com,New York,NY,US,03-May-2024,
AMA-C1305,CARLOS ROSSI,carlos.rossi885@example.com,Chicago,IL,US,2023-06-10,Prime Student
AMA-C1919,John Singh,john.singh345@example.com,Houston,TX,US,2023-01-03,
AMA-C5285,Aarav Suzuki,aarav.suzuki786@example.com,Los Angeles,CA,US,03/29/2023,Prime Student
AMA-C5698,Liam Patel,liam.patel581@example.com,Boston,MA,US,2022-10-26,Prime Student
AMA-C6108,Liam Anderson,,Denver,CO,US,07-Jun-2025,Prime
AMA-C10553,Wei Khan,wei.khan242@example.com,New York,NY,US,2024-10-04,Prime Student
AMA-C7287, Wei Rossi ,wei.rossi88@example.com,Miami,FL,US,20-Mar-2022,Prime
AMA-C8852,Anna Anderson,anna.anderson888@example.com,boston,MA,US,08-Apr-2023,Non-Prime
AMA-C1301,ANNA SHARMA,anna.sharma661@example.com,Los Angeles,CA,US,07/11/2025,Non-Prime
AMA-C10863,John Müller,john.müller847@example.com,Chicago,IL,US,2024-10-02,Non-Prime
AMA-C1331,Zoe Patel,zoe.patel343@example.com,Chicago,IL,US,10/19/2022,Prime
AMA-C8835,DAVID KUMAR,david.kumar325@example.com,Denver,CO,US,2023-02-17,Prime
AMA-C7315,liam müller,,Denver,CO,US,18-Apr-2025,Non-Prime
AMA-C4336,Noah Anderson,,New York,NY,US,24-Apr-2022,Non-Prime
AMA-C1618,olivia johnson,olivia.johnson701@example.com,Houston,TX,US,03/02/2025,Prime
AMA-C7476, Emma Yamada ,emma.yamada349@example.com,Seattle,WA,US,01-Sep-2025,Non-Prime
AMA-C4589,Liam Kumar,liam.kumar560@example.com,Chicago,IL,US,02-Oct-2025,Prime Student
AMA-C5511, Sara Lee ,sara.lee548@example.com,New York,NY,US,2021-02-21,Non-Prime
AMA-C5447,Chen Chen,chen.chen416@example.com,boston,MA,US,03/07/2025,
AMA-C7474,Yuki Sharma,yuki.sharma287@example.com,Boston,MA,US,14-Sep-2024,Non-Prime
AMA-C4035,Aditya Kim,aditya.kim364@example.com,Chicago,IL,US,02/12/2023,Prime
AMA-C3658,EMMA SMITH,,Los Angeles,CA,US,22-Apr-2025,Prime Student
AMA-C6247,Sara Smith,sara.smith806@example.com,Los Angeles,CA,US,2021-05-05,Prime
AMA-C1488, Ben Smith ,ben.smith426@example.com,Atlanta,GA,US,10/19/2024,Prime Student
AMA-C4068,Emma Kim,emma.kim632@example.com,Los Angeles,CA,US,2025-04-19,Prime Student
AMA-C5361,Aditya Davis,aditya.davis162@example.com,Houston,TX,US,19-Jul-2025,Prime Student
AMA-C8884,James Garcia,james.garcia963 at example.com,Atlanta,GA,US,25-Aug-2025,Prime Student
AMA-C2746,VIVAAN WANG,vivaan.wang678@example.com,Phoenix,AZ,US,10/29/2021,Prime Student
AMA-C4667,Aditya Martin,aditya.martin161@example.com,Chicago,IL,US,01/14/2024,Non-Prime
AMA-C7933,emma wilson,emma.wilson539@example.com,Chicago,IL,US,2022-05-18,Prime Student
AMA-C9222,Olivia Wang,olivia.wang471@example.com,Los Angeles,CA,US,26-Sep-2025,Prime Student
AMA-C2505,Fatima Tanaka,fatima.tanaka445@example.com,Denver,CO,US,03/19/2025,Non-Prime
AMA-C10667,Priya Müller,priya.müller438@example.com,Chicago,IL,US,02/18/2022,Prime Student
AMA-C3452,Carlos Khan,carlos.khan378@example.com,Phoenix,AZ,US,11/02/2025,Non-Prime
AMA-C4783,yuki singh,yuki.singh116@example.com,Houston,TX,US,2023-10-09,Non-Prime
AMA-C8547,Ava Rossi,,Seattle,WA,US,12/05/2024,Non-Prime
AMA-C8393,Carlos Rossi,carlos.rossi597@example.com,Los Angeles,CA,US,07/20/2024,Non-Prime
AMA-C1894,liam singh,,New York,NY,US,11-Jun-2021,Prime
AMA-C8040,Carlos Sharma,carlos.sharma221@example.com,Seattle,WA,US,10/05/2025,Non-Prime
AMA-C8659,liam brown,,Denver,CO,US,03-Dec-2021,Non-Prime
AMA-C3527,Zoe Chen,,Seattle,WA,US,03-May-2023,Prime
AMA-C5382,zoe anderson,zoe.anderson34 at example.com,Houston,TX,US,08-May-2024,Prime
AMA-C9428,Ken Patel,,Los Angeles,CA,US,2023-09-26,Prime Student
AMA-C4279,Maria Davis,maria.davis243@example.com,Atlanta,GA,US,02/19/2025,
AMA-C4870,Aditya Anderson,aditya.anderson213@example.com,Boston,MA,US,2023-12-19,Non-Prime
AMA-C9460,chen brown,chen.brown265@example.com,Atlanta,GA,US,2021-06-29,Prime
AMA-C4067,Yuki Rossi,yuki.rossi317@example.com,Houston,TX,US,19-Aug-2023,Prime Student
AMA-C1302, Liam Khan ,,Houston,TX,US,03/04/2021,Prime
AMA-C1695,EMMA WANG,emma.wang345@example.com,Chicago,IL,US,08/11/2024,Non-Prime
AMA-C2093,Ken Singh,ken.singh817@example.com,Los Angeles,CA,US,2022-07-23,Prime Student
AMA-C7579,RAHUL GARCIA,rahul.garcia475@example.com,Denver,CO,US,2025-05-20,Prime
AMA-C8514,Sofia Johnson,,houston,TX,US,18-Nov-2024,Non-Prime
AMA-C2451,KEN DAVIS,ken.davis760@example.com,Los Angeles,CA,US,07-Jul-2025,Prime Student
AMA-C4703,Ava Wilson,ava.wilson122@example.com,Boston,MA,US,01/30/2024,Prime
AMA-C5087,aarav müller,aarav.müller82@example.com,Seattle,WA,US,2025-01-29,Prime Student
AMA-C4755,Vivaan Smith,vivaan.smith743@example.com,Seattle,WA,US,2025-12-10,Non-Prime
AMA-C10733,OLIVIA BROWN,olivia.brown314@example.com,Seattle,WA,US,2024-05-16,Prime
AMA-C5074,FATIMA TANAKA,fatima.tanaka999@example.com,Chicago,IL,US,19-Apr-2021,Non-Prime
AMA-C4159,yuki khan,yuki.khan164@example.com,Phoenix,AZ,US,09/28/2024,Prime Student
AMA-C8036,Mohammed Khan,mohammed.khan268@example.com,Atlanta,GA,US,02/05/2021,Non-Prime
AMA-C7870,James Patel,james.patel63 at example.com,Miami,FL,US,02-Apr-2023,Prime Student
AMA-C8562,Priya Kumar,priya.kumar986@example.com,Atlanta,GA,US,15-Jun-2023,Prime Student
AMA-C6013,Sofia Singh,sofia.singh791@example.com,Denver,CO,US,12/18/2024,Non-Prime
AMA-C9059,BEN WILSON,ben.wilson425@example.com,Seattle,WA,US,2023-01-17,Prime
AMA-C7156,Wei Davis,wei.davis917@example.com,New York,NY,US,2024-06-18,Prime
AMA-C4405,Fatima Singh,fatima.singh860@example.com,Denver,CO,US,03/25/2023,Prime Student
AMA-C2617,ANNA SINGH,anna.singh386@example.com,Denver,CO,US,19-Apr-2022,Prime Student
AMA-C1925,Liam Patel,liam.patel802@example.com,Atlanta,GA,US,03/31/2022,Prime Student
AMA-C1804,Yuki Rossi,yuki.rossi394@example.com,denver,CO,US,2021-09-21,Prime Student
AMA-C5675,Aarav Davis,aarav.davis275@example.com,Denver,CO,US,08-Jan-2025,Prime
AMA-C8206,Zoe Anderson,zoe.anderson901 at example.com,Seattle,WA,US,08/29/2024,Non-Prime
AMA-C4836,Ava Yamada,ava.yamada373@example.com,Phoenix,AZ,US,23-Dec-2022,Non-Prime
AMA-C3882,Mohammed Sharma,mohammed.sharma918@example.com,denver,CO,US,08/01/2022,Prime
AMA-C6399,Liam Johnson,liam.johnson627@example.com,Miami,FL,US,11/01/2022,Non-Prime
AMA-C5550,Vivaan Singh,vivaan.singh284@example.com,Denver,CO,US,2024-06-10,Prime
AMA-C10374,Anna Kumar,anna.kumar141@example.com,Chicago,IL,US,07/03/2021,Prime
AMA-C10457,Aarav Yamada,aarav.yamada295@example.com,los angeles,CA,US,2022-02-19,Prime Student
AMA-C1425,Ben Müller,ben.müller780@example.com,Chicago,IL,US,08/08/2022,Prime
AMA-C3368,Mohammed Singh,mohammed.singh629@example.com,Boston,MA,US,19-Jul-2023,Prime Student
AMA-C9402,Yuki Rossi,yuki.rossi9@example.com,Denver,CO,US,2023-06-03,Non-Prime
AMA-C10818,MOHAMMED CHEN,mohammed.chen403@example.com,Seattle,WA,US,26-May-2023,Non-Prime
AMA-C7518,Liam Anderson,liam.anderson496@example.com,Phoenix,AZ,US,02-Mar-2024,Non-Prime
AMA-C6307,Maria Rossi,maria.rossi483@example.com,Boston,MA,US,29-Sep-2022,Prime
AMA-C8053,Liam Anderson,liam.anderson815@example.com,Atlanta,GA,US,26-Nov-2021,Non-Prime
AMA-C2693,Olivia Tanaka,olivia.tanaka344@example.com,Denver,CO,US,02-Dec-2021,Prime
AMA-C8812,Aarav Sharma,,Boston,MA,US,30-Mar-2025,Prime Student
AMA-C6099,Michael Garcia,michael.garcia97@example.com,Miami,FL,US,08-Oct-2021,Prime Student
AMA-C1718, Rahul Davis ,rahul.davis553@example.com,Atlanta,GA,US,05/19/2024,Prime Student
AMA-C3421,David Chen,david.chen406@example.com,Miami,FL,US,03/13/2024,Prime
AMA-C3824,James Wang,james.wang615@example.com,denver,CO,US,05/28/2022,Prime Student
AMA-C5842,Aarav Chen,aarav.chen565@example.com,Miami,FL,US,01/30/2022,Prime Student
AMA-C6060,Li Garcia,li.garcia520@example.com,Seattle,WA,US,03/26/2022,Non-Prime
AMA-C9320,Sara Müller,sara.müller834@example.com,Seattle,WA,US,06/26/2023,Prime
AMA-C4599,Chen Davis,chen.davis669@example.com,Atlanta,GA,US,2025-01-12,Prime
AMA-C7578,Sara Smith,sara.smith1@example.com,Chicago,IL,US,2025-04-25,Prime Student
AMA-C9687,john müller,john.müller989@example.com,Chicago,IL,US,14-Oct-2025,Prime Student
AMA-C2191,CARLOS LEE,carlos.lee353@example.com,Miami,FL,US,2025-06-14,Non-Prime
AMA-C5418,liam anderson,liam.anderson67@example.com,New York,NY,US,2024-05-17,Prime Student
AMA-C2196,LI SINGH,li.singh174@example.com,Miami,FL,US,2022-03-24,Non-Prime
AMA-C1236,Mohammed Kumar,mohammed.kumar118@example.com,Atlanta,GA,US,01/14/2023,Non-Prime
AMA-C1693,Olivia Kumar,olivia.kumar874@example.com,Phoenix,AZ,US,07-Apr-2023,Non-Prime
AMA-C6118,Maria Suzuki,maria.suzuki174@example.com,Chicago,IL,US,2022-07-12,Prime
AMA-C1174,Sara Yamada,sara.yamada891@example.com,Boston,MA,US,11/12/2022,Prime
AMA-C5049,Maria Johnson,maria.johnson663@example.com,Seattle,WA,US,22-Apr-2022,Prime
AMA-C7583,aditya singh,aditya.singh392@example.com,Atlanta,GA,US,05/29/2024,Prime
AMA-C4401,Olivia Tanaka,olivia.tanaka750@example.com,Phoenix,AZ,US,10-Jun-2025,Prime Student
AMA-C2348,Liam Müller,liam.müller119@example.com,Chicago,IL,US,04/15/2021,Prime
AMA-C1319,Maria Rossi,maria.rossi971@example.com,Chicago,IL,US,08/04/2024,Prime
AMA-C1753,rahul martin,,Atlanta,GA,US,21-Jan-2023,Prime Student
AMA-C6911, John Smith ,john.smith568@example.com,Atlanta,GA,US,01/12/2024,
AMA-C9652,Aditya Martin,aditya.martin864@example.com,chicago,IL,US,04-Apr-2024,Prime
AMA-C5772,Chen Patel,chen.patel415@example.com,Miami,FL,US,23-May-2023,Non-Prime
AMA-C3593,Emma Suzuki,emma.suzuki392@example.com,Seattle,WA,US,01/15/2024,Prime Student
AMA-C4194,Sara Smith,sara.smith763@example.com,Atlanta,GA,US,09-Nov-2022,Non-Prime
AMA-C3390,Sara Chen,sara.chen147@example.com,Los Angeles,CA,US,2022-03-02,Prime
AMA-C3056,Michael Yamada,michael.yamada2@example.com,Chicago,IL,US,2022-05-22,Non-Prime
AMA-C9229,Sara Müller,sara.müller236@example.com,Houston,TX,US,03/13/2021,Non-Prime
AMA-C8791,Sara Yamada,sara.yamada570@example.com,New York,NY,US,25-May-2024,Prime Student
AMA-C8180,Fatima Brown,fatima.brown68@example.com,boston,MA,US,01/28/2024,Prime
AMA-C1165,James Yamada,james.yamada893@example.com,New York,NY,US,2023-01-26,Prime Student
AMA-C10854,Emma Chen,emma.chen696@example.com,PHOENIX,AZ,US,14-Jul-2022,Prime Student
AMA-C1073, Maria Yamada ,maria.yamada264@example.com,MIAMI,FL,US,16-Jun-2021,Non-Prime
AMA-C6877,Chen Martin,chen.martin499@example.com,Chicago,IL,US,2022-01-29,Prime
AMA-C9741,Ken Martin,ken.martin82@example.com,Denver,CO,US,09/08/2025,Non-Prime
AMA-C10499,David Suzuki,david.suzuki227@example.com,Phoenix,AZ,US,2024-02-02,Prime Student
AMA-C5386,Aditya Kim,aditya.kim260@example.com,Denver,CO,US,07/23/2024,Non-Prime
AMA-C7674,Zoe Wang,zoe.wang808@example.com,Los Angeles,CA,US,01-Feb-2025,Non-Prime
AMA-C8069, Fatima Smith ,fatima.smith135@example.com,Denver,CO,US,2023-01-17,Non-Prime
AMA-C8095,Liam Sharma,liam.sharma546@example.com,Houston,TX,US,2023-01-04,Prime Student
AMA-C9703,aditya suzuki,aditya.suzuki305@example.com,Boston,MA,US,07/30/2023,Prime Student
AMA-C7453,carlos johnson,carlos.johnson860@example.com,Atlanta,GA,US,12/13/2025,Non-Prime
AMA-C2385,MOHAMMED KUMAR,mohammed.kumar965@example.com,chicago,IL,US,03-Aug-2022,Prime
AMA-C10865,Li Khan,li.khan43@example.com,Los Angeles,CA,US,01-Mar-2025,Prime
AMA-C9923,John Wang,john.wang202@example.com,New York,NY,US,2023-10-22,Non-Prime
AMA-C7103, Aarav Lee ,aarav.lee401 at example.com,Phoenix,AZ,US,2021-07-29,Prime
AMA-C3654,Liam Garcia,liam.garcia243@example.com,Denver,CO,US,02/07/2023,Prime Student
AMA-C9568,David Singh,david.singh827@example.com,Boston,MA,US,12/17/2024,Prime Student
AMA-C10117,Li Wang,li.wang203@example.com,Seattle,WA,US,2022-01-25,Prime
AMA-C10929, Aarav Yamada ,aarav.yamada712@example.com,Phoenix,AZ,US,2021-03-26,Prime Student
AMA-C3006,emma rossi,emma.rossi233@example.com,Denver,CO,US,2021-10-10,
AMA-C3471, Emma Smith ,emma.smith588@example.com,MIAMI,FL,US,01-Jul-2022,Prime
AMA-C4954,Yuki Yamada,yuki.yamada442@example.com,Chicago,IL,US,2025-10-26,Prime
AMA-C6261,Mohammed Johnson,mohammed.johnson474 at example.com,Atlanta,GA,US,07/06/2025,Prime Student
AMA-C10303,YUKI GARCIA,yuki.garcia645@example.com,Chicago,IL,US,2022-09-24,Non-Prime
AMA-C6429,MICHAEL SUZUKI,michael.suzuki139@example.com,Seattle,WA,US,12-May-2023,Non-Prime
AMA-C1683,Michael Lee,,Miami,FL,US,07/10/2024,Prime Student
AMA-C5621, Vivaan Müller ,vivaan.müller715@example.com,Boston,MA,US,22-Mar-2022,Prime Student
AMA-C7914,anna yamada,anna.yamada503@example.com,BOSTON,MA,US,03/06/2025,
AMA-C8629, Ken Sharma ,ken.sharma500@example.com,Seattle,WA,US,2025-12-01,Prime Student
AMA-C5844,Sofia Johnson,sofia.johnson266@example.com,Phoenix,AZ,US,2022-09-27,Non-Prime
AMA-C1717,James Tanaka,james.tanaka584@example.com,los angeles,CA,US,01-Jul-2021,Prime Student
AMA-C3648,Ben Müller,,Phoenix,AZ,US,2021-03-08,Prime
AMA-C3204,Aditya Suzuki,aditya.suzuki60@example.com,Chicago,IL,US,07-Jul-2022,Non-Prime
AMA-C6266,Zoe Wilson,zoe.wilson462@example.com,Denver,CO,US,06/23/2023,Non-Prime
AMA-C4059, Ben Chen ,ben.chen504@example.com,Boston,MA,US,2025-12-10,Prime
AMA-C3506,priya kumar,priya.kumar625@example.com,phoenix,AZ,US,28-Jan-2025,Prime Student
AMA-C10319,Ava Kim,ava.kim739@example.com,New York,NY,US,18-Aug-2024,Prime Student
AMA-C8838,Aditya Singh,aditya.singh472@example.com,Seattle,WA,US,13-Mar-2025,Prime Student
AMA-C1511,AVA YAMADA,ava.yamada37@example.com,Seattle,WA,US,07/19/2021,Prime
AMA-C1187,Chen Patel,chen.patel326@example.com,Los Angeles,CA,US,10/24/2021,Prime Student
AMA-C5166,DAVID JOHNSON,david.johnson530@example.com,Phoenix,AZ,US,01/12/2024,Prime Student
AMA-C7962,Ava Rossi,ava.rossi809@example.com,Los Angeles,CA,US,20-Jun-2023,Prime
AMA-C2607,Aarav Wilson,aarav.wilson200@example.com,Miami,FL,US,26-Apr-2023,Prime Student
AMA-C8202,David Tanaka,david.tanaka811@example.com,New York,NY,US,21-Mar-2022,Non-Prime
AMA-C4463,Michael Patel,michael.patel96@example.com,New York,NY,US,12-May-2024,Prime Student
AMA-C7122,Priya Tanaka,priya.tanaka98@example.com,Boston,MA,US,27-Oct-2025,Prime
AMA-C9594,Ben Garcia,ben.garcia138@example.com,Phoenix,AZ,US,30-Mar-2022,Prime Student
AMA-C8370,James Müller,james.müller234@example.com,Houston,TX,US,01/28/2025,Non-Prime
AMA-C3275,Fatima Tanaka,fatima.tanaka398 at example.com,Atlanta,GA,US,2022-12-11,Prime Student
AMA-C2343,Aarav Singh,aarav.singh838@example.com,Seattle,WA,US,2023-02-14,Prime Student
AMA-C7138,Yuki Johnson,,Atlanta,GA,US,15-Oct-2025,Non-Prime
AMA-C5537,Li Kumar,li.kumar139@example.com,phoenix,AZ,US,09/18/2021,Prime
AMA-C7393,Liam Anderson,,Atlanta,GA,US,26-Jan-2024,Non-Prime
AMA-C8146,WEI SINGH,wei.singh948 at example.com,Chicago,IL,US,2023-02-28,Non-Prime
AMA-C8419,Li Garcia,li.garcia360@example.com,Seattle,WA,US,01/24/2022,Prime
AMA-C10688,SOFIA CHEN,sofia.chen894@example.com,Chicago,IL,US,30-Mar-2022,Non-Prime
AMA-C5489,Wei Khan,wei.khan574@example.com,New York,NY,US,2021-02-14,Prime Student
AMA-C7355,John Wilson,john.wilson176@example.com,Denver,CO,US,13-Jun-2025,Prime Student
AMA-C7047,ADITYA SHARMA,aditya.sharma309@example.com,Seattle,WA,US,14-Oct-2021,Prime
AMA-C9943,Olivia Rossi,,Miami,FL,US,17-Jan-2024,Prime
AMA-C1905,KEN TANAKA,ken.tanaka773@example.com,Seattle,WA,US,10-Apr-2025,Prime Student
AMA-C3340,Carlos Sharma,carlos.sharma150@example.com,Los Angeles,CA,US,2024-01-12,Prime
AMA-C1937,Sara Davis,sara.davis337@example.com,Seattle,WA,US,17-Apr-2024,Non-Prime
AMA-C7217,Chen Wang,chen.wang807@example.com,PHOENIX,AZ,US,05/25/2021,Prime Student
AMA-C3569,Ken Müller,ken.müller238@example.com,Boston,MA,US,15-Mar-2024,Prime
AMA-C2250,Wei Anderson,wei.anderson110@example.com,Phoenix,AZ,US,02/04/2025,Prime Student
AMA-C4021,Olivia Brown,olivia.brown174@example.com,Boston,MA,US,09/15/2021,Non-Prime
AMA-C6408,Zoe Kim,zoe.kim892@example.com,Atlanta,GA,US,06/17/2021,Prime Student
AMA-C6816,Vivaan Rossi,vivaan.rossi533@example.com,los angeles,CA,US,2021-11-12,Prime Student
AMA-C5414,Zoe Anderson,zoe.anderson914@example.com,Denver,CO,US,2024-03-22,Prime Student
AMA-C8914,Sara Davis,sara.davis152@example.com,Miami,FL,US,07/15/2021,Non-Prime
AMA-C5642,JOHN BROWN,john.brown617@example.com,Phoenix,AZ,US,04/06/2024,Non-Prime
AMA-C5477,Yuki Kumar,yuki.kumar530@example.com,NEW YORK,NY,US,01/04/2022,Prime
AMA-C3998,Sofia Rossi,sofia.rossi267@example.com,New York,NY,US,12/02/2024,Non-Prime
AMA-C8071,Emma Wang,emma.wang837@example.com,Seattle,WA,US,02/02/2024,Non-Prime
AMA-C9634,emma rossi,emma.rossi539@example.com,Miami,FL,US,04/20/2025,Prime
AMA-C2948,Maria Yamada,maria.yamada412@example.com,HOUSTON,TX,US,12/24/2023,Prime Student
AMA-C1353,Vivaan Müller,vivaan.müller346@example.com,Los Angeles,CA,US,05/12/2024,Prime Student
AMA-C9647,Liam Singh,liam.singh157@example.com,Denver,CO,US,14-Mar-2023,
AMA-C9346,Aarav Wang,aarav.wang130 at example.com,Chicago,IL,US,23-Sep-2023,Non-Prime
AMA-C1864,Vivaan Anderson,vivaan.anderson524@example.com,Atlanta,GA,US,04-Mar-2023,Non-Prime
AMA-C9208,Ava Patel,ava.patel55@example.com,Boston,MA,US,08/20/2025,Prime
AMA-C5712,Ken Müller,ken.müller390@example.com,Seattle,WA,US,02/25/2024,Prime
AMA-C4170,Rahul Lee,rahul.lee722@example.com,Atlanta,GA,US,2024-07-31,Non-Prime
AMA-C10734,Li Davis,li.davis966@example.com,Boston,MA,US,2021-10-18,Prime
AMA-C8136,Ava Müller,ava.müller644@example.com,Denver,CO,US,2023-10-26,Prime
AMA-C9814,Ben Suzuki,ben.suzuki719@example.com,Seattle,WA,US,02/11/2021,Prime
AMA-C7066,LIAM SINGH,liam.singh609@example.com,Atlanta,GA,US,25-Oct-2022,Prime
AMA-C6873,Rahul Wilson,rahul.wilson508@example.com,Atlanta,GA,US,2021-01-27,Prime
AMA-C5307,Vivaan Yamada,vivaan.yamada49@example.com,Seattle,WA,US,2022-01-30,Non-Prime
AMA-C2320,Aarav Johnson,aarav.johnson593@example.com,boston,MA,US,04/09/2023,Prime
AMA-C3635,liam wilson,liam.wilson793@example.com,Chicago,IL,US,2021-03-28,Non-Prime
AMA-C4260,Fatima Kim,fatima.kim287@example.com,Los Angeles,CA,US,20-Dec-2021,Non-Prime
AMA-C4843,sofia wilson,sofia.wilson490@example.com,Miami,FL,US,2022-10-11,Prime Student
AMA-C5980,Priya Suzuki,priya.suzuki249@example.com,Atlanta,GA,US,04/11/2023,Prime Student
AMA-C2691,Liam Müller,liam.müller568@example.com,Miami,FL,US,2021-03-30,Prime Student
AMA-C3449,Emma Kumar,emma.kumar954@example.com,Boston,MA,US,2023-09-10,Prime
AMA-C8638,Ken Lee,ken.lee550@example.com,Los Angeles,CA,US,07-Mar-2021,Prime
AMA-C2289,john chen,john.chen892@example.com,New York,NY,US,28-Sep-2022,Non-Prime
AMA-C7341,Priya Wang,priya.wang498@example.com,Miami,FL,US,01/14/2022,Prime
AMA-C1280,Ava Kumar,ava.kumar981@example.com,Houston,TX,US,2025-11-23,Non-Prime
AMA-C5861,SOFIA SHARMA,sofia.sharma460@example.com,Boston,MA,US,2022-03-24,Prime Student
AMA-C6199,john garcia,john.garcia755@example.com,Denver,CO,US,04-Nov-2023,Prime Student
AMA-C6884,Ben Lee,ben.lee928@example.com,New York,NY,US,22-Aug-2022,Non-Prime
AMA-C1983,ADITYA KIM,aditya.kim563@example.com,Denver,CO,US,16-Oct-2021,Prime Student
AMA-C5221,Anna Tanaka,anna.tanaka821@example.com,Los Angeles,CA,US,2023-09-09,Prime Student
AMA-C10754,PRIYA YAMADA,priya.yamada462@example.com,Miami,FL,US,2024-11-10,Prime
AMA-C8103,maria yamada,maria.yamada617@example.com,Los Angeles,CA,US,21-Jul-2025,
AMA-C6375,Rahul Tanaka,rahul.tanaka810@example.com,Denver,CO,US,09-Aug-2023,Prime Student
AMA-C2255,Yuki Müller,yuki.müller544@example.com,Houston,TX,US,28-Jun-2023,Non-Prime
AMA-C10944,Wei Wang,wei.wang393@example.com,Miami,FL,US,2024-10-31,Prime Student
AMA-C4751,Zoe Lee,zoe.lee924@example.com,Seattle,WA,US,03-Nov-2025,Prime Student
AMA-C3003,Fatima Garcia,fatima.garcia29@example.com,Denver,CO,US,09/01/2021,Non-Prime
AMA-C8606,Mohammed Kim,mohammed.kim574@example.com,Houston,TX,US,27-Nov-2023,Non-Prime
AMA-C9552,Ava Chen,ava.chen994@example.com,New York,NY,US,2023-01-20,Prime
AMA-C2724,Carlos Rossi,carlos.rossi117@example.com,Denver,CO,US,22-Dec-2025,Prime Student
AMA-C8409,Rahul Singh,rahul.singh201@example.com,MIAMI,FL,US,03-Sep-2025,Non-Prime
AMA-C4202,Michael Smith,michael.smith721@example.com,Chicago,IL,US,2024-03-31,Prime
AMA-C10560,Olivia Sharma,olivia.sharma469@example.com,Los Angeles,CA,US,2023-03-17,Prime Student
AMA-C8453,Zoe Yamada,zoe.yamada598@example.com,Seattle,WA,US,04/07/2024,Prime Student
AMA-C8612,noah khan,noah.khan735@example.com,Phoenix,AZ,US,09/01/2025,Non-Prime
AMA-C3209,li patel,li.patel426@example.com,Miami,FL,US,2024-10-30,Non-Prime
AMA-C8620,Vivaan Brown,vivaan.brown244@example.com,los angeles,CA,US,2023-02-27,Prime Student
AMA-C4724,Michael Chen,michael.chen969 at example.com,atlanta,GA,US,10/25/2024,Prime Student
AMA-C9670,Maria Chen,,New York,NY,US,2022-11-18,Prime Student
AMA-C5427,OLIVIA YAMADA,olivia.yamada54@example.com,Chicago,IL,US,08-Nov-2024,Prime Student
AMA-C6826,James Tanaka,james.tanaka825@example.com,Chicago,IL,US,2025-02-15,Prime Student
AMA-C1257,carlos tanaka,carlos.tanaka735@example.com,Los Angeles,CA,US,03/11/2025,Non-Prime
AMA-C7538,fatima kumar,fatima.kumar566@example.com,Atlanta,GA,US,01-Jan-2025,Prime Student
AMA-C9885,Li Patel,li.patel967@example.com,Denver,CO,US,06/11/2023,Non-Prime
AMA-C8810,Olivia Johnson,,Phoenix,AZ,US,03-Sep-2025,Non-Prime
AMA-C3319,Rahul Brown,,Boston,MA,US,12-Oct-2023,Non-Prime
AMA-C9515,Zoe Martin,zoe.martin600@example.com,Atlanta,GA,US,13-May-2023,Prime
AMA-C3793,Carlos Anderson,carlos.anderson76@example.com,seattle,WA,US,11/14/2025,Non-Prime
AMA-C9228,Carlos Kumar,carlos.kumar440@example.com,Los Angeles,CA,US,2022-05-28,Non-Prime
AMA-C3223,Ken Smith,ken.smith587@example.com,Miami,FL,US,31-Jan-2025,Non-Prime
AMA-C4571,James Tanaka,james.tanaka687@example.com,Chicago,IL,US,01/08/2025,Non-Prime
AMA-C8703,JAMES YAMADA,,Seattle,WA,US,12/18/2025,Prime
AMA-C4071,James Khan,james.khan18@example.com,Miami,FL,US,09-May-2021,Prime
AMA-C10571,Ken Martin,ken.martin541@example.com,Seattle,WA,US,06/22/2022,Prime
AMA-C6960, Olivia Kim ,olivia.kim64@example.com,Miami,FL,US,05/01/2023,Non-Prime
AMA-C7370,Wei Wilson,wei.wilson380@example.com,Chicago,IL,US,14-Oct-2024,Non-Prime
AMA-C4917,Sofia Müller,sofia.müller155@example.com,Miami,FL,US,10/12/2024,Prime
AMA-C3922,Aarav Wang,aarav.wang12@example.com,Miami,FL,US,01/31/2025,Non-Prime
AMA-C10613,Maria Anderson,maria.anderson522@example.com,Atlanta,GA,US,08/18/2023,Prime Student
AMA-C8070,Sara Sharma,sara.sharma140@example.com,Los Angeles,CA,US,2022-09-11,Non-Prime
AMA-C7849,Liam Brown,liam.brown32@example.com,Phoenix,AZ,US,08/29/2021,
AMA-C3000,Ava Martin,ava.martin111@example.com,Denver,CO,US,2025-04-24,Prime Student
AMA-C8066,Aditya Wang,aditya.wang480@example.com,Chicago,IL,US,05/21/2021,Prime
AMA-C5316,vivaan kim,vivaan.kim437@example.com,Houston,TX,US,2024-01-26,Non-Prime
AMA-C7150,Rahul Müller,rahul.müller409@example.com,Phoenix,AZ,US,2023-03-30,Prime
AMA-C9847,Aarav Suzuki,aarav.suzuki860@example.com,Denver,CO,US,05/02/2021,Non-Prime
AMA-C2478,ADITYA WILSON,aditya.wilson373@example.com,Los Angeles,CA,US,2021-10-29,Prime Student
AMA-C4676,Olivia Martin,,Boston,MA,US,26-Apr-2021,Prime Student
AMA-C5947,Vivaan Davis,vivaan.davis240@example.com,Boston,MA,US,2023-05-17,Non-Prime
AMA-C7969,Michael Kim,michael.kim851@example.com,Miami,FL,US,04-Aug-2024,Non-Prime
AMA-C4342,Maria Anderson,maria.anderson378@example.com,Los Angeles,CA,US,2022-01-02,Prime
AMA-C6478,Vivaan Yamada,vivaan.yamada980 at example.com,Denver,CO,US,11-May-2024,Non-Prime
AMA-C5726,Anna Yamada,anna.yamada724@example.com,Chicago,IL,US,2022-01-09,Prime
AMA-C7946,Maria Müller,maria.müller580@example.com,Chicago,IL,US,2023-11-01,Prime Student
AMA-C4909,Mohammed Davis,mohammed.davis391@example.com,Atlanta,GA,US,12-Nov-2025,Non-Prime
AMA-C5347,Zoe Tanaka,zoe.tanaka900@example.com,phoenix,AZ,US,03-Nov-2021,Prime
AMA-C5186,Aarav Wang,,Los Angeles,CA,US,02/09/2022,Non-Prime
AMA-C7185,noah tanaka,noah.tanaka310@example.com,Boston,MA,US,07/14/2024,Non-Prime
AMA-C9121,ANNA MÜLLER,anna.müller300@example.com,Denver,CO,US,23-Dec-2021,Prime Student
AMA-C2008,ANNA ROSSI,anna.rossi176@example.com,Phoenix,AZ,US,2023-06-21,
AMA-C2643,James Kim,james.kim78@example.com,Phoenix,AZ,US,03-May-2022,Prime Student
AMA-C10676,Olivia Yamada,olivia.yamada69@example.com,Chicago,IL,US,2021-12-06,Prime
AMA-C6165,EMMA DAVIS,emma.davis677@example.com,chicago,IL,US,01-Nov-2024,Non-Prime
AMA-C1584,Sara Müller,sara.müller664@example.com,Boston,MA,US,12/19/2021,Prime
AMA-C3841,david patel,david.patel158@example.com,Denver,CO,US,2023-09-03,Non-Prime
AMA-C5020,Aarav Smith,aarav.smith417@example.com,Denver,CO,US,09/03/2021,Non-Prime
AMA-C5231,Emma Kumar,emma.kumar739@example.com,Houston,TX,US,04-May-2022,Non-Prime
AMA-C3021,Ken Rossi,ken.rossi389@example.com,Miami,FL,US,20-Aug-2022,Non-Prime
AMA-C4153,Ava Singh,ava.singh379@example.com,Atlanta,GA,US,10/09/2024,Prime
AMA-C3440,SARA DAVIS,sara.davis82@example.com,Los Angeles,CA,US,03/11/2024,
AMA-C5972,sara kim,sara.kim28@example.com,Houston,TX,US,2024-05-17,Prime Student
AMA-C8834,Anna Müller,anna.müller560@example.com,Phoenix,AZ,US,2021-10-24,Non-Prime
AMA-C3268,Fatima Singh,fatima.singh7@example.com,Miami,FL,US,29-Jun-2022,Non-Prime
AMA-C7576,Wei Smith,wei.smith494@example.com,Miami,FL,US,10/26/2025,Prime Student
AMA-C5988,Liam Rossi,liam.rossi276@example.com,Boston,MA,US,08/15/2021,Prime
AMA-C5172,Fatima Rossi,fatima.rossi981@example.com,Chicago,IL,US,17-Nov-2022,Prime Student
AMA-C6308,Aditya Johnson,aditya.johnson774@example.com,Phoenix,AZ,US,2022-09-13,Prime Student
AMA-C6985,Liam Kim,liam.kim964@example.com,chicago,IL,US,2025-03-07,Prime
AMA-C5337,John Sharma,john.sharma782@example.com,Seattle,WA,US,08/04/2021,Prime Student
AMA-C8017,John Kim,john.kim475@example.com,Seattle,WA,US,2025-09-29,Non-Prime
AMA-C9506,Noah Anderson,noah.anderson247@example.com,ATLANTA,GA,US,23-Mar-2022,Prime
AMA-C7585,Rahul Wilson,rahul.wilson586@example.com,Los Angeles,CA,US,2025-10-03,Prime
AMA-C4299,Carlos Brown,carlos.brown492@example.com,Boston,MA,US,06/18/2025,Non-Prime
AMA-C10403,ADITYA KHAN,aditya.khan992@example.com,Chicago,IL,US,02/04/2022,Prime
AMA-C9466,AARAV TANAKA,aarav.tanaka761@example.com,Los Angeles,CA,US,13-Jul-2025,Non-Prime
AMA-C7790,John Kim,john.kim68@example.com,New York,NY,US,08/19/2023,Prime
AMA-C4765,Mohammed Garcia,,Seattle,WA,US,12/15/2025,Prime
AMA-C2107,Sara Kumar,sara.kumar409@example.com,Denver,CO,US,06/02/2022,Non-Prime
AMA-C4366,Liam Tanaka,liam.tanaka839@example.com,miami,FL,US,2023-10-13,Non-Prime
AMA-C5987,VIVAAN MARTIN,vivaan.martin896@example.com,Los Angeles,CA,US,11/11/2022,Prime Student
AMA-C8725,Li Wilson,li.wilson176@example.com,miami,FL,US,2022-02-08,Prime Student
AMA-C5224,Aarav Khan,aarav.khan7@example.com,Phoenix,AZ,US,2021-09-12,Prime Student
AMA-C10724,ken müller,ken.müller205@example.com,Seattle,WA,US,28-Aug-2025,Prime
AMA-C7128,Fatima Anderson,fatima.anderson992@example.com,chicago,IL,US,06/28/2023,Prime Student
AMA-C8707,mohammed khan,mohammed.khan582@example.com,Houston,TX,US,09/26/2021,Prime
AMA-C2040,Wei Müller,wei.müller731@example.com,Phoenix,AZ,US,06-Sep-2024,Prime Student
AMA-C7389,David Wang,david.wang171@example.com,Houston,TX,US,2021-02-19,Non-Prime
AMA-C9669,Ava Yamada,ava.yamada928@example.com,Chicago,IL,US,11-Sep-2025,Prime Student
AMA-C6407,Zoe Tanaka,zoe.tanaka90@example.com,Atlanta,GA,US,05/31/2023,Prime Student
AMA-C3521,Ava Anderson,ava.anderson570@example.com,Boston,MA,US,03/14/2022,Prime
AMA-C10616,Wei Garcia,wei.garcia393@example.com,Phoenix,AZ,US,04/25/2024,Prime Student
AMA-C6732,Yuki Martin,yuki.martin31@example.com,Houston,TX,US,2022-09-26,Prime
AMA-C4126,NOAH WANG,noah.wang126@example.com,Miami,FL,US,06/05/2024,Prime Student
AMA-C3026,Sara Müller,sara.müller972@example.com,Atlanta,GA,US,10/01/2025,Prime
AMA-C10069,David Kim,david.kim298@example.com,Boston,MA,US,03/31/2025,Prime
AMA-C3296,OLIVIA YAMADA,olivia.yamada389@example.com,New York,NY,US,2021-12-06,Non-Prime
AMA-C8250,Emma Tanaka,emma.tanaka643@example.com,Los Angeles,CA,US,30-Aug-2025,Prime
AMA-C5710,Wei Wilson,,Atlanta,GA,US,2024-01-16,Prime Student
AMA-C3575,john sharma,john.sharma802@example.com,Atlanta,GA,US,2021-09-15,Prime Student
AMA-C10024,Michael Wilson,michael.wilson468@example.com,Denver,CO,US,2024-03-15,Non-Prime
AMA-C10881,Wei Yamada,wei.yamada720@example.com,Atlanta,GA,US,2023-02-25,Non-Prime
AMA-C3574,Wei Chen,wei.chen337@example.com,Boston,MA,US,04-Jun-2022,Prime Student
AMA-C8756,ben kim,ben.kim207@example.com,Chicago,IL,US,04-Mar-2025,Prime Student
AMA-C9884,David Garcia,david.garcia64@example.com,Houston,TX,US,02/16/2024,Prime Student
AMA-C1874,Yuki Suzuki,,Boston,MA,US,2024-12-23,Prime Student
AMA-C2054,Li Yamada,li.yamada58@example.com,Phoenix,AZ,US,20-Dec-2021,Non-Prime
AMA-C6932,John Kumar,john.kumar737@example.com,NEW YORK,NY,US,11-Dec-2023,Non-Prime
AMA-C6487, Liam Smith ,liam.smith778@example.com,Los Angeles,CA,US,04/25/2023,Non-Prime
AMA-C8663,Ken Kumar,ken.kumar324@example.com,Seattle,WA,US,11/02/2023,Prime
AMA-C1052,liam smith,liam.smith295@example.com,Denver,CO,US,11/01/2024,Prime Student
AMA-C9069,Anna Müller,anna.müller250@example.com,NEW YORK,NY,US,19-Nov-2025,Prime
AMA-C10656,Chen Lee,chen.lee708@example.com,Atlanta,GA,US,03-Jul-2022,
AMA-C1928,DAVID MARTIN,david.martin211@example.com,Los Angeles,CA,US,20-Aug-2022,Prime
AMA-C5303,Mohammed Wilson,,New York,NY,US,2024-02-04,Prime Student
AMA-C6712, Priya Singh ,priya.singh923@example.com,Chicago,IL,US,03-Oct-2022,Prime Student
AMA-C2217,Michael Kim,michael.kim211@example.com,Los Angeles,CA,US,2025-07-27,Prime
AMA-C1832,Ken Tanaka,ken.tanaka856@example.com,new york,NY,US,03/15/2022,Prime
AMA-C4845,Mohammed Rossi,mohammed.rossi766@example.com,Los Angeles,CA,US,06/24/2021,Non-Prime
AMA-C3625,aditya yamada,,Phoenix,AZ,US,06/22/2022,Prime Student
AMA-C10078,Rahul Müller,rahul.müller249@example.com,Seattle,WA,US,10/26/2024,Prime Student
AMA-C8896,AARAV MÜLLER,aarav.müller705@example.com,Chicago,IL,US,22-Jul-2022,Non-Prime
AMA-C7449,Liam Müller,liam.müller545@example.com,Atlanta,GA,US,12-Jun-2023,Prime Student
AMA-C2637,WEI SINGH,wei.singh582@example.com,Miami,FL,US,30-Jul-2022,Prime Student
AMA-C10334,SOFIA ROSSI,,Seattle,WA,US,2023-09-28,Prime Student
AMA-C1120,Vivaan Johnson,vivaan.johnson768@example.com,Seattle,WA,US,31-Dec-2025,Non-Prime
AMA-C4099,Zoe Patel,zoe.patel409@example.com,Boston,MA,US,2025-12-29,Prime Student
AMA-C3871,James Suzuki,,Boston,MA,US,2024-01-08,Prime
AMA-C3688,Yuki Tanaka,yuki.tanaka126@example.com,Atlanta,GA,US,01/23/2025,Prime
AMA-C7892,chen anderson,chen.anderson948@example.com,Chicago,IL,US,09/15/2025,Prime
AMA-C4528,Olivia Khan,olivia.khan78@example.com,Boston,MA,US,06/11/2023,Prime Student
AMA-C7958,Aditya Martin,aditya.martin226@example.com,Phoenix,AZ,US,09-Feb-2024,Prime Student
AMA-C5050,David Yamada,,Houston,TX,US,21-Feb-2021,Prime Student
AMA-C5737,Michael Martin,michael.martin219@example.com,Boston,MA,US,07/09/2022,Non-Prime
AMA-C5686,Fatima Lee,fatima.lee281@example.com,Miami,FL,US,08/05/2024,Non-Prime
AMA-C6014,Aditya Johnson,aditya.johnson118@example.com,Atlanta,GA,US,2021-01-23,Non-Prime
AMA-C3932,Zoe Kumar,zoe.kumar342@example.com,Seattle,WA,US,2021-11-18,Prime
AMA-C9339,Aarav Patel,aarav.patel572@example.com,New York,NY,US,2023-12-02,Prime
AMA-C4123,Ken Davis,ken.davis520@example.com,Denver,CO,US,2023-11-23,Prime Student
AMA-C9855,Aditya Patel,aditya.patel834 at example.com,Boston,MA,US,2025-11-22,Prime Student
AMA-C10636,Aarav Kumar,aarav.kumar31@example.com,Denver,CO,US,12/25/2021,Non-Prime
AMA-C10583,sara davis,sara.davis867@example.com,Denver,CO,US,05/18/2025,Non-Prime
AMA-C7799,David Sharma,david.sharma169@example.com,Seattle,WA,US,19-Apr-2025,Prime
AMA-C3344,ben kim,ben.kim61@example.com,Denver,CO,US,01/02/2022,
AMA-C4666,Carlos Kumar,carlos.kumar627@example.com,Houston,TX,US,2025-01-03,Prime Student
AMA-C2837,Wei Yamada,wei.yamada612@example.com,Phoenix,AZ,US,30-Jun-2025,Prime Student
AMA-C10382,Carlos Kim,carlos.kim119@example.com,Seattle,WA,US,09-Apr-2022,Non-Prime
AMA-C1649, Maria Patel ,maria.patel355@example.com,Chicago,IL,US,04/26/2021,Prime
AMA-C1776,mohammed anderson,mohammed.anderson893@example.com,New York,NY,US,28-May-2022,Prime Student
AMA-C10546,Yuki Davis,yuki.davis537@example.com,HOUSTON,TX,US,30-Mar-2022,Non-Prime
AMA-C6854,sofia lee,,Seattle,WA,US,12/21/2024,Prime Student
AMA-C6910,david rossi,david.rossi144@example.com,Los Angeles,CA,US,05/02/2021,
AMA-C3861,Ava Smith,ava.smith155@example.com,Miami,FL,US,2023-08-13,Non-Prime
AMA-C4988,Vivaan Sharma,vivaan.sharma394@example.com,Houston,TX,US,09/11/2022,Prime Student
AMA-C6848,James Singh,james.singh763@example.com,Boston,MA,US,2021-09-06,Non-Prime
AMA-C5512,SARA WANG,sara.wang31@example.com,New York,NY,US,24-Sep-2021,
AMA-C6325,RAHUL GARCIA,rahul.garcia785@example.com,Seattle,WA,US,2025-04-05,Non-Prime
AMA-C4331,John Yamada,john.yamada847@example.com,Chicago,IL,US,06-Apr-2025,Non-Prime
AMA-C1778,Ava Smith,ava.smith261@example.com,Houston,TX,US,07-Mar-2023,Prime Student
AMA-C10868,ken khan,ken.khan632@example.com,New York,NY,US,03/23/2024,Non-Prime
AMA-C10698,AVA SUZUKI,ava.suzuki429 at example.com,Boston,MA,US,2022-10-10,Prime
AMA-C5941,Anna Wilson,anna.wilson434@example.com,Seattle,WA,US,2022-10-09,Non-Prime
AMA-C3776,SOFIA ANDERSON,sofia.anderson452@example.com,Boston,MA,US,01/20/2022,Non-Prime
AMA-C9921,Ken Kumar,,Denver,CO,US,2022-01-28,Non-Prime
AMA-C10122,Emma Wilson,emma.wilson547@example.com,New York,NY,US,2024-05-16,Prime
AMA-C8959,emma davis,emma.davis888@example.com,atlanta,GA,US,05/13/2021,Non-Prime
AMA-C3754,Wei Sharma,wei.sharma494@example.com,Boston,MA,US,04/14/2023,Non-Prime
AMA-C4539,EMMA SHARMA,emma.sharma713@example.com,LOS ANGELES,CA,US,2023-03-16,Prime
AMA-C5917,carlos khan,carlos.khan70@example.com,NEW YORK,NY,US,24-Dec-2021,Non-Prime
AMA-C6380,Ava Wilson,ava.wilson166@example.com,Boston,MA,US,05/31/2021,Prime Student
AMA-C2797, Sofia Wilson ,sofia.wilson621@example.com,Phoenix,AZ,US,11/07/2023,Prime Student
AMA-C5466,Maria Wilson,,Phoenix,AZ,US,14-Oct-2022,Prime
AMA-C7976,Vivaan Yamada,vivaan.yamada504@example.com,Phoenix,AZ,US,26-Jul-2023,Prime
AMA-C2762,Yuki Khan,yuki.khan46@example.com,Seattle,WA,US,12-Jul-2025,Non-Prime
AMA-C6889,David Patel,david.patel865@example.com,Seattle,WA,US,23-Jul-2022,Prime Student
AMA-C3753,Ben Johnson,ben.johnson961@example.com,Seattle,WA,US,01/05/2025,Non-Prime
AMA-C3800,Anna Singh,anna.singh434@example.com,Chicago,IL,US,23-May-2025,Prime Student
AMA-C3508,Mohammed Garcia,,Chicago,IL,US,06/30/2024,Prime
AMA-C1097,Michael Sharma,michael.sharma146@example.com,New York,NY,US,04-Feb-2024,Prime
AMA-C7391,Mohammed Davis,mohammed.davis72@example.com,Denver,CO,US,2022-08-22,Prime Student
AMA-C8509,emma yamada,emma.yamada783 at example.com,Boston,MA,US,04-May-2024,Prime
AMA-C9845,NOAH JOHNSON,noah.johnson69@example.com,Denver,CO,US,16-Aug-2025,Prime
AMA-C6510,Priya Patel,priya.patel520@example.com,Seattle,WA,US,09-Jul-2021,Prime Student
AMA-C10080,RAHUL SHARMA,rahul.sharma498@example.com,Atlanta,GA,US,25-Nov-2024,Prime Student
AMA-C5162,Vivaan Sharma,vivaan.sharma97@example.com,Seattle,WA,US,01/06/2024,Prime
AMA-C4444,David Lee,david.lee975@example.com,boston,MA,US,11/10/2024,Prime Student
AMA-C6916, Anna Patel ,anna.patel169@example.com,Atlanta,GA,US,2021-11-24,Prime
AMA-C7463,Anna Patel,anna.patel873 at example.com,Miami,FL,US,2022-06-14,Prime
AMA-C8375,chen yamada,chen.yamada603 at example.com,Boston,MA,US,02/01/2022,Prime Student
AMA-C1500,anna kumar,anna.kumar645@example.com,Miami,FL,US,2021-07-10,Prime Student
AMA-C1093,ZOE LEE,zoe.lee381@example.com,Miami,FL,US,10/21/2024,Prime
AMA-C7121,Noah Anderson,,Seattle,WA,US,10/10/2024,Non-Prime
AMA-C1401,Carlos Smith,,Boston,MA,US,2025-01-23,Non-Prime
AMA-C6713,Li Brown,li.brown536@example.com,Atlanta,GA,US,2025-08-21,Non-Prime
AMA-C2924,Maria Martin,maria.martin474@example.com,boston,MA,US,2024-11-14,Prime
AMA-C10904,ben rossi,ben.rossi960@example.com,Miami,FL,US,2021-09-27,Prime Student
AMA-C5751,aarav patel,aarav.patel577@example.com,Chicago,IL,US,2024-04-18,
AMA-C7714,James Lee,james.lee224@example.com,Phoenix,AZ,US,01/29/2021,Prime
AMA-C6148,Fatima Johnson,fatima.johnson931 at example.com,Miami,FL,US,07/04/2025,Prime Student
AMA-C6865,ken yamada,ken.yamada672@example.com,Boston,MA,US,2022-06-12,Prime Student
AMA-C7539,sara singh,,Boston,MA,US,26-Dec-2024,Non-Prime
AMA-C1456,AVA MÜLLER,ava.müller845@example.com,Boston,MA,US,2021-07-11,Prime
AMA-C10956,Sofia Garcia,sofia.garcia257@example.com,Houston,TX,US,2023-11-16,Non-Prime
AMA-C1406,Aditya Suzuki,aditya.suzuki628@example.com,Atlanta,GA,US,23-Jun-2024,Prime
AMA-C5137,James Davis,james.davis920@example.com,LOS ANGELES,CA,US,03/16/2025,Non-Prime
AMA-C4662,Rahul Rossi,rahul.rossi692@example.com,Chicago,IL,US,2023-10-10,
AMA-C10831,Mohammed Chen,mohammed.chen788@example.com,Atlanta,GA,US,2025-10-09,Prime Student
AMA-C10936,Sofia Patel,sofia.patel409@example.com,Boston,MA,US,2024-02-25,Non-Prime
AMA-C5066,Liam Kumar,liam.kumar403@example.com,Denver,CO,US,12/20/2025,Prime Student
AMA-C5502,David Davis,david.davis243@example.com,Phoenix,AZ,US,2023-07-04,Prime Student
AMA-C6218,David Garcia,david.garcia205 at example.com,Houston,TX,US,22-Aug-2024,Non-Prime
AMA-C6294,Priya Singh,priya.singh535@example.com,Boston,MA,US,2022-09-29,Non-Prime
AMA-C5134,Michael Lee,michael.lee285@example.com,New York,NY,US,2025-05-31,Prime Student
AMA-C6347,zoe singh,zoe.singh370@example.com,Los Angeles,CA,US,2021-02-17,Prime
AMA-C9665,priya wang,,Houston,TX,US,12/29/2023,Prime
AMA-C1094,James Kumar,james.kumar655@example.com,Atlanta,GA,US,11/13/2021,Non-Prime
AMA-C7597,John Wang,john.wang927@example.com,Boston,MA,US,05-Oct-2021,Non-Prime
AMA-C10050,li kim,li.kim192@example.com,Boston,MA,US,2024-02-26,Non-Prime
AMA-C2684,Michael Smith,michael.smith346@example.com,Houston,TX,US,2025-12-07,Non-Prime
AMA-C5462,Sara Khan,sara.khan134@example.com,Houston,TX,US,23-Oct-2022,Prime
AMA-C6893,Noah Martin,noah.martin391@example.com,Atlanta,GA,US,06/02/2025,Non-Prime
AMA-C1110,Rahul Johnson,rahul.johnson645@example.com,Phoenix,AZ,US,03-Jan-2024,Non-Prime
AMA-C5380,Priya Kumar,priya.kumar136@example.com,Miami,FL,US,03/07/2022,Prime
AMA-C7596,Wei Martin,,Los Angeles,CA,US,11/25/2022,Prime Student
AMA-C1831,Liam Sharma,liam.sharma670@example.com,Chicago,IL,US,2022-04-01,Prime Student
AMA-C2593,Zoe Kim,zoe.kim784@example.com,Houston,TX,US,06/13/2022,Prime
AMA-C7178,Aditya Lee,aditya.lee656@example.com,Chicago,IL,US,2025-08-09,Prime
AMA-C5650,Fatima Brown,fatima.brown655@example.com,Los Angeles,CA,US,2023-09-07,Prime
AMA-C10395,mohammed khan,mohammed.khan254@example.com,Los Angeles,CA,US,2025-01-30,Prime Student
AMA-C4669,LIAM CHEN,liam.chen534@example.com,Boston,MA,US,03/26/2022,Prime
AMA-C3007,Wei Wilson,wei.wilson488@example.com,Los Angeles,CA,US,03-Feb-2023,Prime
AMA-C2535,David Wilson,david.wilson260 at example.com,boston,MA,US,12/26/2023,Prime Student
AMA-C9975,Wei Suzuki,wei.suzuki324@example.com,Phoenix,AZ,US,2024-07-02,
AMA-C3190,Zoe Rossi,zoe.rossi467@example.com,Denver,CO,US,18-May-2022,Prime
AMA-C7708,Rahul Yamada,rahul.yamada999@example.com,Boston,MA,US,2023-04-01,Non-Prime
AMA-C7380,Carlos Davis,carlos.davis104@example.com,Boston,MA,US,08/21/2024,Prime Student
AMA-C5013,Rahul Wang,,New York,NY,US,2025-03-31,Non-Prime
AMA-C2581,Chen Rossi,chen.rossi864@example.com,New York,NY,US,02-Apr-2021,Prime Student
AMA-C7266,BEN CHEN,ben.chen677@example.com,Atlanta,GA,US,09/01/2021,Prime Student
AMA-C9603,Wei Suzuki,wei.suzuki69@example.com,Miami,FL,US,03/19/2021,Prime
AMA-C9619,Yuki Martin,yuki.martin238@example.com,Seattle,WA,US,03-Jan-2021,Prime
AMA-C1765,John Smith,john.smith438@example.com,Denver,CO,US,30-May-2025,Non-Prime
AMA-C6740,Michael Brown,,Denver,CO,US,26-Aug-2024,Prime Student
AMA-C4591,Anna Lee,anna.lee104@example.com,Miami,FL,US,07-Jan-2025,Non-Prime
AMA-C4767,Maria Chen,maria.chen619@example.com,Miami,FL,US,04-Feb-2022,Prime
AMA-C2390,Yuki Johnson,yuki.johnson791@example.com,Boston,MA,US,17-Jan-2022,Prime
AMA-C6675,Sofia Martin,sofia.martin984@example.com,Boston,MA,US,14-Feb-2023,Prime
AMA-C3694,Ava Kumar,ava.kumar674@example.com,Phoenix,AZ,US,12/19/2023,Non-Prime
AMA-C2174,Mohammed Tanaka,mohammed.tanaka543@example.com,Atlanta,GA,US,12-Jul-2023,Prime Student
AMA-C3603,Liam Anderson,liam.anderson418@example.com,Denver,CO,US,01/31/2024,Prime Student
AMA-C4771,Zoe Patel,zoe.patel113@example.com,Denver,CO,US,2021-06-07,Prime
AMA-C5344,Sara Kim,sara.kim170@example.com,Los Angeles,CA,US,2024-11-06,Non-Prime
AMA-C8343,KEN CHEN,ken.chen837@example.com,Los Angeles,CA,US,04-Feb-2025,Prime
AMA-C6390,Sofia Garcia,sofia.garcia603@example.com,New York,NY,US,03/11/2025,Prime Student
AMA-C3559,Li Tanaka,li.tanaka423@example.com,Atlanta,GA,US,09/10/2024,Prime
AMA-C8890,Yuki Martin,yuki.martin166 at example.com,Phoenix,AZ,US,2023-04-28,Prime Student
AMA-C10626,Liam Wang,liam.wang889@example.com,New York,NY,US,24-Dec-2023,Prime
AMA-C8376,carlos lee,carlos.lee270@example.com,Houston,TX,US,16-Sep-2022,Prime
AMA-C2772,ken davis,ken.davis724@example.com,Phoenix,AZ,US,07/18/2022,Prime
AMA-C10984,zoe khan,zoe.khan841@example.com,Atlanta,GA,US,22-Dec-2021,Prime Student
AMA-C9919,Yuki Smith,yuki.smith308@example.com,Denver,CO,US,2023-10-04,Prime
AMA-C5561,fatima sharma,fatima.sharma851@example.com,Houston,TX,US,08/11/2022,Non-Prime
AMA-C9541,Carlos Wang,carlos.wang372@example.com,Los Angeles,CA,US,22-Jan-2025,Non-Prime
AMA-C7665,John Yamada,john.yamada970@example.com,Denver,CO,US,25-Dec-2025,
AMA-C6201,Maria Smith,maria.smith599@example.com,Chicago,IL,US,02/10/2021,Prime
AMA-C9037,CARLOS WILSON,carlos.wilson45@example.com,Phoenix,AZ,US,2021-03-16,Prime
AMA-C4544,Chen Patel,chen.patel429@example.com,Houston,TX,US,20-Feb-2022,Prime Student
AMA-C1529,michael kim,michael.kim153@example.com,Chicago,IL,US,07-Nov-2021,Prime
AMA-C9429,Vivaan Smith,vivaan.smith40@example.com,Denver,CO,US,12/28/2024,Non-Prime
AMA-C3839,Aarav Suzuki,aarav.suzuki659 at example.com,Seattle,WA,US,03/22/2022,Prime
AMA-C10531,Sofia Kumar,sofia.kumar499@example.com,los angeles,CA,US,2025-10-26,Non-Prime
AMA-C1459,Wei Rossi,wei.rossi721@example.com,Seattle,WA,US,08/21/2025,Non-Prime
AMA-C8031,Priya Wilson,priya.wilson74@example.com,Miami,FL,US,2024-12-09,Non-Prime
AMA-C6124,Sofia Wilson,sofia.wilson606@example.com,Denver,CO,US,04/27/2024,Prime Student
AMA-C1427,Chen Johnson,chen.johnson569@example.com,Los Angeles,CA,US,2023-07-31,Prime
AMA-C2223,zoe tanaka,zoe.tanaka202@example.com,Seattle,WA,US,18-Feb-2024,Non-Prime
AMA-C9914,Rahul Kim,rahul.kim214@example.com,Boston,MA,US,05-Dec-2023,Prime Student
AMA-C9017,Michael Wilson,michael.wilson792@example.com,Los Angeles,CA,US,26-Jan-2023,Prime
AMA-C5753,Yuki Sharma,yuki.sharma260@example.com,Houston,TX,US,02/04/2021,Prime
AMA-C3061,ben anderson,ben.anderson467@example.com,New York,NY,US,06/05/2022,Prime Student
AMA-C2704,Sofia Sharma,sofia.sharma588@example.com,Denver,CO,US,2021-06-12,Prime Student
AMA-C2562,Fatima Yamada,,Houston,TX,US,2025-10-29,Non-Prime
AMA-C4664,James Lee,james.lee680@example.com,Chicago,IL,US,10/26/2025,Prime
AMA-C9191,David Anderson,david.anderson485@example.com,Atlanta,GA,US,02-Jun-2023,Prime
AMA-C9539,Mohammed Kumar,mohammed.kumar19@example.com,Miami,FL,US,2021-08-23,Prime Student
AMA-C3763,James Anderson,james.anderson16@example.com,Chicago,IL,US,2021-01-13,Prime
AMA-C3073,Ben Tanaka,ben.tanaka149@example.com,SEATTLE,WA,US,23-May-2022,Non-Prime
AMA-C5905,Ken Martin,ken.martin425@example.com,Los Angeles,CA,US,03-Mar-2025,
AMA-C2642,SARA JOHNSON,sara.johnson557@example.com,Seattle,WA,US,2025-11-12,Prime
AMA-C7804,Li Anderson,li.anderson914@example.com,Boston,MA,US,07/17/2022,Non-Prime
AMA-C9946,Olivia Yamada,olivia.yamada541@example.com,Seattle,WA,US,07-Oct-2023,Prime
AMA-C3307,RAHUL SMITH,rahul.smith864@example.com,Seattle,WA,US,2021-07-03,
AMA-C4164,Sara Tanaka,sara.tanaka793@example.com,Los Angeles,CA,US,14-Jan-2022,Prime
AMA-C8992,Priya Patel,priya.patel266@example.com,phoenix,AZ,US,02/18/2024,Non-Prime
AMA-C6143,Olivia Sharma,olivia.sharma769@example.com,Phoenix,AZ,US,11/16/2024,Non-Prime
AMA-C9464,Wei Patel,wei.patel253@example.com,Chicago,IL,US,2022-05-02,Non-Prime
AMA-C10557,olivia kumar,olivia.kumar926@example.com,houston,TX,US,09/19/2024,Prime Student
AMA-C6809,Emma Lee,,Chicago,IL,US,20-Mar-2024,Prime
AMA-C8132,Carlos Tanaka,carlos.tanaka243@example.com,New York,NY,US,26-May-2025,Prime
AMA-C8058,Emma Khan,emma.khan986@example.com,Los Angeles,CA,US,10-Oct-2023,Non-Prime
AMA-C7504,Ava Khan,ava.khan455@example.com,Houston,TX,US,2023-12-06,
AMA-C1673,Maria Smith,maria.smith867@example.com,Atlanta,GA,US,13-Dec-2024,Prime
AMA-C9455,Mohammed Singh,mohammed.singh631@example.com,Atlanta,GA,US,2023-11-24,Prime Student
AMA-C2876,ken singh,ken.singh126@example.com,Phoenix,AZ,US,2024-06-21,Prime Student
AMA-C6120,Aditya Chen,aditya.chen800@example.com,Los Angeles,CA,US,28-Aug-2024,Prime
AMA-C6061, Vivaan Anderson ,vivaan.anderson360@example.com,Miami,FL,US,11/05/2021,Prime
AMA-C4657,Maria Kim,maria.kim778@example.com,Chicago,IL,US,2025-07-09,Prime Student
AMA-C3276,MOHAMMED MÜLLER,mohammed.müller194@example.com,Chicago,IL,US,11/30/2025,Non-Prime
AMA-C5185,Zoe Chen,zoe.chen655@example.com,Boston,MA,US,2021-12-25,Prime
AMA-C9263,AARAV KUMAR,aarav.kumar520@example.com,Seattle,WA,US,2023-04-17,Non-Prime
AMA-C4636,Maria Wang,maria.wang155@example.com,Denver,CO,US,2025-06-05,Prime
AMA-C5942,Anna Kim,,Miami,FL,US,10/28/2021,Prime
AMA-C2246,Sofia Kim,sofia.kim542@example.com,Miami,FL,US,01-Apr-2023,Non-Prime
AMA-C4531,James Khan,james.khan378@example.com,Phoenix,AZ,US,09/22/2023,Non-Prime
AMA-C4892,Ava Johnson,ava.johnson374@example.com,Seattle,WA,US,06/06/2023,Prime
AMA-C2009,Aarav Chen,aarav.chen104@example.com,DENVER,CO,US,07-Dec-2022,Non-Prime
AMA-C8093,Maria Khan,maria.khan766@example.com,Phoenix,AZ,US,20-Oct-2024,Non-Prime
AMA-C3329,Wei Rossi,wei.rossi367@example.com,Atlanta,GA,US,11/20/2025,Non-Prime
AMA-C4991,Rahul Khan,rahul.khan383@example.com,New York,NY,US,21-Oct-2023,Prime Student
AMA-C9513, Emma Brown ,emma.brown984@example.com,Denver,CO,US,08/25/2021,Prime Student
AMA-C7719, Anna Suzuki ,anna.suzuki82 at example.com,Boston,MA,US,11/22/2023,Prime Student
AMA-C2819,Sara Lee,sara.lee71@example.com,Los Angeles,CA,US,30-Oct-2021,Prime Student
AMA-C8611,Mohammed Müller,mohammed.müller680@example.com,Denver,CO,US,07/15/2025,Prime Student
AMA-C3520,Ben Lee,ben.lee362@example.com,Los Angeles,CA,US,2025-10-18,Non-Prime
AMA-C10858,Zoe Kim,zoe.kim583@example.com,New York,NY,US,2024-02-23,Prime Student
AMA-C10016,Ava Smith,ava.smith279@example.com,Los Angeles,CA,US,2022-08-24,Prime Student
AMA-C8367,Vivaan Wilson,vivaan.wilson429@example.com,Atlanta,GA,US,2024-03-08,Prime Student
AMA-C2285,EMMA WILSON,emma.wilson39@example.com,Seattle,WA,US,09/21/2023,Non-Prime
AMA-C5107,Ben Lee,ben.lee369@example.com,Chicago,IL,US,02/16/2021,Prime Student
AMA-C6569,Liam Kumar,,Boston,MA,US,04/07/2021,Prime
AMA-C10435,David Brown,david.brown345@example.com,Atlanta,GA,US,08/26/2023,Prime Student
AMA-C3710,Sara Sharma,,Boston,MA,US,02/10/2025,Prime
AMA-C3059,yuki smith,,denver,CO,US,06/10/2024,Prime
AMA-C9154,Carlos Wang,carlos.wang884@example.com,Phoenix,AZ,US,2025-03-01,Prime
AMA-C2146,Ken Wang,ken.wang687@example.com,Houston,TX,US,27-Jun-2022,Prime Student
AMA-C1089,Aditya Kumar,aditya.kumar520@example.com,Phoenix,AZ,US,2022-05-19,
AMA-C7641,Rahul Yamada,rahul.yamada139@example.com,New York,NY,US,2024-08-30,Prime Student
AMA-C6344,Noah Garcia,noah.garcia52@example.com,Chicago,IL,US,30-Jun-2021,Prime Student
AMA-C1946,Ben Kim,ben.kim43@example.com,Houston,TX,US,29-Apr-2025,Prime Student
AMA-C7592,Aditya Johnson,aditya.johnson133@example.com,Seattle,WA,US,2024-05-23,Prime
AMA-C6226,Carlos Anderson,carlos.anderson59@example.com,Chicago,IL,US,11-Jun-2023,Prime
AMA-C8949,Emma Davis,emma.davis116@example.com,Denver,CO,US,12/30/2025,Non-Prime
AMA-C3886,Maria Chen,maria.chen549@example.com,Atlanta,GA,US,14-Oct-2021,Prime
AMA-C5030,Olivia Johnson,,Atlanta,GA,US,2023-10-08,Prime
AMA-C1114,wei singh,wei.singh604@example.com,Boston,MA,US,09-Sep-2022,Non-Prime
AMA-C9585,John Kim,john.kim235@example.com,Houston,TX,US,2023-08-02,Prime Student
AMA-C10805,Sofia Brown,sofia.brown845@example.com,Denver,CO,US,25-Jan-2023,Prime Student
AMA-C7333,Ava Smith,ava.smith237@example.com,Miami,FL,US,2021-08-13,Non-Prime
AMA-C3404,Aarav Wilson,aarav.wilson917@example.com,Boston,MA,US,2021-01-15,Non-Prime
AMA-C8772,Ben Müller,ben.müller267@example.com,Seattle,WA,US,24-Aug-2021,Non-Prime
AMA-C10412,Wei Kim,wei.kim88@example.com,Seattle,WA,US,11/25/2025,Prime
AMA-C5181,Maria Müller,maria.müller196@example.com,Miami,FL,US,2024-02-25,Non-Prime
AMA-C1564,Aarav Chen,aarav.chen4@example.com,Houston,TX,US,04/04/2023,Prime Student
AMA-C8768,Emma Wilson,emma.wilson442@example.com,Atlanta,GA,US,10/04/2023,Prime Student
AMA-C4117,Vivaan Anderson,vivaan.anderson889@example.com,Houston,TX,US,2025-09-01,Non-Prime
AMA-C4987,Carlos Singh,carlos.singh269@example.com,LOS ANGELES,CA,US,2025-06-05,Prime Student
AMA-C2487,Chen Sharma,chen.sharma774 at example.com,Phoenix,AZ,US,02/18/2021,
AMA-C6354,Emma Tanaka,emma.tanaka460@example.com,Los Angeles,CA,US,2022-06-13,Prime Student
AMA-C5965,Michael Patel,michael.patel651@example.com,Atlanta,GA,US,25-Oct-2024,Non-Prime
AMA-C10595,Aarav Patel,aarav.patel345@example.com,Atlanta,GA,US,04/15/2023,Non-Prime
AMA-C4277,Rahul Wilson,rahul.wilson542@example.com,Denver,CO,US,2021-10-19,Prime Student
AMA-C2400,Yuki Tanaka,yuki.tanaka461 at example.com,Seattle,WA,US,10-Apr-2021,Prime
AMA-C5590,Carlos Müller,carlos.müller625@example.com,New York,NY,US,13-May-2025,Prime
AMA-C4828,Yuki Singh,yuki.singh977 at example.com,Boston,MA,US,03/04/2021,Prime Student
AMA-C7367,Yuki Sharma,yuki.sharma337@example.com,New York,NY,US,21-Nov-2022,Prime
AMA-C1646,Wei Davis,wei.davis425@example.com,Miami,FL,US,02/20/2022,Prime Student
AMA-C4447,LIAM KUMAR,liam.kumar394@example.com,Seattle,WA,US,24-Aug-2024,Non-Prime
AMA-C9199,Sara Singh,sara.singh415@example.com,Houston,TX,US,08/13/2024,Prime Student
AMA-C8237,chen singh,chen.singh28@example.com,Phoenix,AZ,US,2021-06-04,Prime
AMA-C7294,ZOE CHEN,zoe.chen290@example.com,Houston,TX,US,02/10/2022,Non-Prime
AMA-C9796,John Kim,john.kim540@example.com,New York,NY,US,02/12/2022,Prime
AMA-C7485,Li Rossi,li.rossi180@example.com,Atlanta,GA,US,03/28/2025,Prime
AMA-C10669,John Anderson,,Atlanta,GA,US,2025-02-04,Prime Student
AMA-C4966,MARIA SHARMA,,Chicago,IL,US,20-Mar-2022,Non-Prime
AMA-C1217,MICHAEL KHAN,michael.khan626@example.com,Houston,TX,US,06/16/2024,Prime Student
AMA-C2041, Mohammed Davis ,mohammed.davis759@example.com,Atlanta,GA,US,01/11/2022,Prime
AMA-C5390, Anna Garcia ,anna.garcia76@example.com,New York,NY,US,2023-07-24,Prime
AMA-C1006,Fatima Wang,fatima.wang41@example.com,Denver,CO,US,05/14/2023,Prime Student
AMA-C3668,Wei Kim,wei.kim909@example.com,Houston,TX,US,08/10/2021,
AMA-C10273,David Anderson,david.anderson98@example.com,Seattle,WA,US,19-Nov-2024,Non-Prime
AMA-C1395,Aarav Rossi,aarav.rossi110@example.com,LOS ANGELES,CA,US,12/04/2022,Non-Prime
AMA-C8425,WEI JOHNSON,wei.johnson791 at example.com,Miami,FL,US,26-Aug-2021,Non-Prime
AMA-C6964,Ava Khan,ava.khan768@example.com,New York,NY,US,06/03/2024,Prime Student
AMA-C2572,Wei Singh,wei.singh546@example.com,Atlanta,GA,US,05-Mar-2024,Non-Prime
AMA-C3422,Yuki Patel,yuki.patel508@example.com,Boston,MA,US,2023-10-16,Non-Prime
AMA-C6799,NOAH SHARMA,noah.sharma367@example.com,Chicago,IL,US,04/09/2023,Prime Student
AMA-C7371,Rahul Patel,rahul.patel742@example.com,Seattle,WA,US,05-May-2024,Prime Student
AMA-C4028,Yuki Yamada,yuki.yamada48@example.com,Denver,CO,US,2022-02-23,
AMA-C8502,Ava Anderson,ava.anderson207@example.com,MIAMI,FL,US,2024-10-07,Prime Student
AMA-C6702,Emma Kumar,emma.kumar291@example.com,New York,NY,US,09-Jun-2022,Prime
AMA-C10950,Yuki Davis,yuki.davis825@example.com,Denver,CO,US,2022-12-29,Prime
AMA-C1891,Li Khan,li.khan956@example.com,Boston,MA,US,06/06/2022,Prime Student
AMA-C2589,vivaan khan,vivaan.khan970@example.com,los angeles,CA,US,16-Apr-2023,Prime
AMA-C4316,Li Singh,li.singh401@example.com,Seattle,WA,US,2024-09-23,Prime
AMA-C4510,Chen Smith,chen.smith896@example.com,Denver,CO,US,25-Sep-2023,Non-Prime
AMA-C8679,Ava Sharma,ava.sharma829@example.com,Miami,FL,US,05/19/2025,Prime
AMA-C9417,James Martin,james.martin289@example.com,Chicago,IL,US,2023-04-21,Prime Student
AMA-C2751,aarav kim,aarav.kim629@example.com,Boston,MA,US,2022-11-12,
AMA-C5966,Michael Brown,michael.brown968 at example.com,Seattle,WA,US,02/12/2022,Prime
AMA-C5660,vivaan tanaka,vivaan.tanaka408@example.com,Denver,CO,US,01-Feb-2021,Non-Prime
AMA-C1858, David Martin ,,Chicago,IL,US,2024-09-26,Non-Prime
AMA-C2656,Vivaan Davis,vivaan.davis393@example.com,Phoenix,AZ,US,27-May-2024,Prime Student
AMA-C10114,Wei Smith,wei.smith60@example.com,Los Angeles,CA,US,23-May-2021,Prime
AMA-C1324,Noah Davis,noah.davis381@example.com,Boston,MA,US,05/19/2025,Non-Prime
AMA-C2674, Emma Rossi ,emma.rossi315@example.com,Phoenix,AZ,US,2024-08-30,Prime Student
AMA-C6122,Ben Garcia,ben.garcia872@example.com,Denver,CO,US,2025-11-04,Non-Prime
AMA-C1446,Wei Chen,wei.chen680@example.com,Seattle,WA,US,2023-02-18,
AMA-C7392,Noah Brown,noah.brown294@example.com,Houston,TX,US,22-Jan-2023,Prime
AMA-C1355,Maria Kim,maria.kim353@example.com,Chicago,IL,US,2025-06-22,Prime
AMA-C1230,noah anderson,noah.anderson161@example.com,Los Angeles,CA,US,25-Oct-2021,Prime
AMA-C1877,Ken Anderson,ken.anderson359@example.com,Miami,FL,US,06/18/2023,Non-Prime
AMA-C9311,Michael Sharma,michael.sharma991@example.com,Denver,CO,US,01/22/2021,
AMA-C5673,Wei Suzuki,wei.suzuki774@example.com,Houston,TX,US,2023-12-21,Non-Prime
AMA-C3345,Zoe Martin,zoe.martin803@example.com,Chicago,IL,US,04/15/2022,Non-Prime
AMA-C1374,Ken Patel,ken.patel757@example.com,Chicago,IL,US,09/23/2022,Prime
AMA-C7736,yuki anderson,yuki.anderson9@example.com,Houston,TX,US,10/22/2022,Prime Student
AMA-C7616,Maria Brown,maria.brown248@example.com,Houston,TX,US,12/29/2022,Prime
AMA-C2247,Rahul Brown,rahul.brown273@example.com,denver,CO,US,2023-12-04,Non-Prime
AMA-C2588,Liam Martin,liam.martin803@example.com,Phoenix,AZ,US,31-Aug-2025,Prime
AMA-C8122,Priya Smith,priya.smith323@example.com,Atlanta,GA,US,01/19/2022,Prime Student
AMA-C3687,Vivaan Sharma,vivaan.sharma865@example.com,Atlanta,GA,US,02-Dec-2023,Non-Prime
AMA-C9233,Ken Müller,,Houston,TX,US,2025-07-18,Prime Student
AMA-C6621,David Yamada,,Chicago,IL,US,12/18/2023,Non-Prime
AMA-C1184,John Rossi,john.rossi932@example.com,Denver,CO,US,09/28/2025,Prime Student
AMA-C3650,Liam Tanaka,liam.tanaka919@example.com,Chicago,IL,US,06-Sep-2022,Prime
AMA-C9146,Yuki Suzuki,yuki.suzuki579@example.com,Houston,TX,US,03-Jan-2025,
AMA-C6418,Liam Patel,liam.patel30@example.com,New York,NY,US,11/10/2024,Prime
AMA-C9926,Michael Davis,michael.davis918@example.com,PHOENIX,AZ,US,17-Sep-2022,Prime
AMA-C3382,Aarav Rossi,aarav.rossi369@example.com,Phoenix,AZ,US,21-May-2024,
AMA-C3141,Aditya Suzuki,aditya.suzuki610@example.com,Denver,CO,US,2025-09-20,Prime Student
AMA-C6681,Priya Tanaka,,ATLANTA,GA,US,14-Mar-2022,Non-Prime
AMA-C4683,Olivia Anderson,olivia.anderson304@example.com,Boston,MA,US,21-Feb-2023,Prime Student
AMA-C5176,Rahul Martin,rahul.martin301@example.com,Seattle,WA,US,01-Mar-2024,Prime
AMA-C3466,yuki garcia,yuki.garcia710@example.com,Atlanta,GA,US,04/24/2021,Prime Student
AMA-C7856,Sara Sharma,,New York,NY,US,2023-07-27,Non-Prime
AMA-C2806,liam wilson,liam.wilson938@example.com,Miami,FL,US,21-Oct-2021,Prime Student
AMA-C10133,Emma Martin,emma.martin972@example.com,Los Angeles,CA,US,30-Mar-2023,Non-Prime
AMA-C8671,Aditya Yamada,aditya.yamada762@example.com,Atlanta,GA,US,04-Jun-2023,Prime
AMA-C4439,FATIMA CHEN,,Phoenix,AZ,US,30-Nov-2023,Prime Student
AMA-C6981, Anna Anderson ,anna.anderson999@example.com,Denver,CO,US,20-Aug-2022,Prime
AMA-C3453,Fatima Garcia,,Phoenix,AZ,US,2022-04-05,Prime Student
AMA-C5422,James Wang,james.wang785@example.com,Boston,MA,US,2023-05-01,
AMA-C2671,Chen Yamada,chen.yamada597@example.com,Denver,CO,US,06/27/2022,Prime
AMA-C1040, Vivaan Sharma ,vivaan.sharma518@example.com,New York,NY,US,10-Feb-2025,Non-Prime
AMA-C5103,David Wilson,david.wilson270@example.com,Seattle,WA,US,01/02/2025,Prime Student
AMA-C10972,Chen Lee,chen.lee194@example.com,Houston,TX,US,13-Aug-2022,Prime Student
AMA-C8701,Ken Wilson,ken.wilson859@example.com,Denver,CO,US,04/04/2021,Prime
AMA-C6709,Liam Rossi,liam.rossi589@example.com,Boston,MA,US,2022-07-11,Prime
AMA-C8038,Vivaan Garcia,vivaan.garcia34@example.com,Boston,MA,US,01-Aug-2024,
AMA-C10687,Noah Smith,noah.smith847@example.com,Seattle,WA,US,17-Dec-2024,Prime
AMA-C2917,Vivaan Yamada,vivaan.yamada546@example.com,phoenix,AZ,US,2025-04-28,Prime
AMA-C4435,ken martin,ken.martin82@example.com,Atlanta,GA,US,26-Sep-2024,Non-Prime
AMA-C2412,Anna Brown,anna.brown595@example.com,Phoenix,AZ,US,28-Feb-2023,Prime Student
AMA-C1155,Emma Tanaka,emma.tanaka81@example.com,Houston,TX,US,2023-12-24,Prime
AMA-C3374,Anna Anderson,anna.anderson843@example.com,Houston,TX,US,02-Jan-2025,Prime
AMA-C10280,Sara Rossi,sara.rossi767@example.com,Los Angeles,CA,US,01/12/2021,Prime
AMA-C1044,Aarav Brown,aarav.brown996@example.com,Seattle,WA,US,11/05/2022,Prime
AMA-C2131,Noah Chen,noah.chen738@example.com,New York,NY,US,2025-02-12,Prime
AMA-C10700,Sara Rossi,,Miami,FL,US,2025-05-21,Non-Prime
AMA-C7675,mohammed patel,mohammed.patel880@example.com,Houston,TX,US,09/14/2022,Prime Student
AMA-C4055,Ava Martin,ava.martin484@example.com,Phoenix,AZ,US,04/02/2024,Prime Student
AMA-C7317,Emma Suzuki,emma.suzuki140@example.com,New York,NY,US,10/10/2023,Prime Student
AMA-C6072,Priya Davis,priya.davis463@example.com,Miami,FL,US,2022-06-17,Prime Student
AMA-C8841,David Sharma,david.sharma517@example.com,Seattle,WA,US,2024-07-08,Prime Student
AMA-C5019,AVA SHARMA,ava.sharma568@example.com,New York,NY,US,2023-08-08,Non-Prime
AMA-C3327,Ben Müller,ben.müller51@example.com,Boston,MA,US,07/16/2023,Non-Prime
AMA-C2661,Ben Davis,ben.davis747@example.com,Atlanta,GA,US,09-Dec-2025,Prime Student
AMA-C5520,MICHAEL GARCIA,michael.garcia732@example.com,Miami,FL,US,2023-05-09,Prime Student
AMA-C10482,KEN KUMAR,ken.kumar213@example.com,Phoenix,AZ,US,2024-05-02,Prime Student
AMA-C5692,Sara Lee,sara.lee86@example.com,Atlanta,GA,US,2023-03-10,Prime
AMA-C8506, Rahul Wilson ,rahul.wilson697@example.com,houston,TX,US,01-Jul-2024,Non-Prime
AMA-C5240,Liam Chen,liam.chen702@example.com,Denver,CO,US,07/04/2021,
AMA-C10965,Wei Yamada,wei.yamada667@example.com,Chicago,IL,US,02/03/2021,Prime
AMA-C4618,Emma Singh,emma.singh848@example.com,DENVER,CO,US,10-Oct-2022,Prime Student
AMA-C10266,Emma Müller,emma.müller995@example.com,New York,NY,US,06/25/2023,
AMA-C4092,Vivaan Singh,vivaan.singh624@example.com,Miami,FL,US,2023-02-20,Prime
AMA-C8022,vivaan khan,vivaan.khan448@example.com,CHICAGO,IL,US,28-Aug-2025,Non-Prime
AMA-C4646,SARA TANAKA,sara.tanaka723@example.com,Los Angeles,CA,US,2024-11-01,Prime Student
AMA-C4079,fatima rossi,fatima.rossi930@example.com,Boston,MA,US,02/16/2022,Non-Prime
AMA-C4269,Priya Garcia,priya.garcia141@example.com,Chicago,IL,US,04-Apr-2023,Non-Prime
AMA-C1757,James Sharma,james.sharma634@example.com,Seattle,WA,US,2022-01-13,Prime Student
AMA-C6462,Noah Anderson,,los angeles,CA,US,12/24/2024,Prime Student
AMA-C10615,Noah Suzuki,noah.suzuki98@example.com,Miami,FL,US,17-Jun-2022,Prime
AMA-C4354,Aarav Johnson,aarav.johnson340@example.com,Phoenix,AZ,US,2023-03-11,Non-Prime
AMA-C6139,Ava Chen,ava.chen543@example.com,Chicago,IL,US,09/17/2022,Prime
AMA-C1014,James Lee,,Boston,MA,US,2021-04-18,Prime
AMA-C1229,Maria Sharma,maria.sharma510@example.com,Houston,TX,US,2021-12-25,Prime Student
AMA-C8398,Ken Garcia,ken.garcia709@example.com,Seattle,WA,US,15-May-2022,Prime Student
AMA-C3803,Wei Yamada,wei.yamada624 at example.com,HOUSTON,TX,US,2021-01-01,Prime Student
AMA-C10898,Rahul Rossi,rahul.rossi450@example.com,Boston,MA,US,2021-02-10,
AMA-C3812,Priya Suzuki,priya.suzuki159@example.com,Houston,TX,US,11/28/2021,
AMA-C8077,John Chen,john.chen974@example.com,seattle,WA,US,02/22/2021,Prime Student
AMA-C1296,Rahul Lee,rahul.lee634@example.com,Houston,TX,US,26-Feb-2025,Prime
AMA-C10886,Ken Brown,ken.brown527@example.com,Chicago,IL,US,2022-09-10,Prime Student
AMA-C6519,zoe kim,zoe.kim524@example.com,Miami,FL,US,12-Nov-2025,Prime Student
AMA-C9967,aditya johnson,aditya.johnson368@example.com,Chicago,IL,US,22-Feb-2025,
AMA-C7147,Priya Tanaka,priya.tanaka102@example.com,Los Angeles,CA,US,03-Mar-2022,Non-Prime
AMA-C2273,JOHN MARTIN,john.martin327@example.com,chicago,IL,US,2023-01-08,Prime
AMA-C6643,Yuki Patel,yuki.patel669@example.com,boston,MA,US,06/27/2023,Non-Prime
AMA-C5314,Noah Brown,noah.brown767 at example.com,Miami,FL,US,2024-06-19,Non-Prime
AMA-C1975,James Kumar,james.kumar558@example.com,Los Angeles,CA,US,19-Sep-2022,Non-Prime
AMA-C9881,Liam Wilson,liam.wilson558@example.com,Atlanta,GA,US,16-Apr-2021,Prime
AMA-C9511,Ben Wilson,ben.wilson666@example.com,Miami,FL,US,2023-03-10,Prime Student
AMA-C8951,Fatima Yamada,fatima.yamada128@example.com,BOSTON,MA,US,30-Nov-2021,Prime
AMA-C1638,Ava Khan,ava.khan967@example.com,New York,NY,US,25-Nov-2025,Prime
AMA-C10004,Anna Johnson,anna.johnson159@example.com,New York,NY,US,2025-07-09,Prime
AMA-C4760,olivia müller,,Houston,TX,US,2023-12-29,Prime Student
AMA-C3355,Olivia Patel,olivia.patel235@example.com,Seattle,WA,US,2024-04-23,Prime
AMA-C4863,Priya Martin,priya.martin797@example.com,Seattle,WA,US,2021-05-05,Non-Prime
AMA-C7511,LI SMITH,li.smith172@example.com,Miami,FL,US,12/20/2024,Prime
AMA-C1200, Aarav Chen ,aarav.chen992@example.com,Atlanta,GA,US,07/02/2023,Prime Student
AMA-C8457,Olivia Sharma,olivia.sharma729@example.com,Miami,FL,US,16-Dec-2025,Prime
AMA-C7206,Fatima Patel,fatima.patel958@example.com,Los Angeles,CA,US,02/02/2023,Prime
AMA-C5619,ken suzuki,ken.suzuki529@example.com,Los Angeles,CA,US,15-Jan-2024,Prime
AMA-C1605,michael wilson,michael.wilson830@example.com,Chicago,IL,US,17-Jul-2025,Prime Student
AMA-C7557,Ken Rossi,ken.rossi472@example.com,Boston,MA,US,18-Aug-2022,Prime Student
AMA-C4345,Aditya Kumar,,Seattle,WA,US,2025-12-27,Prime
AMA-C4428, Carlos Patel ,carlos.patel139@example.com,Chicago,IL,US,2022-06-10,Non-Prime
AMA-C1816,NOAH PATEL,noah.patel958@example.com,New York,NY,US,2023-04-16,Prime Student
AMA-C2747,Ken Anderson,ken.anderson149@example.com,Atlanta,GA,US,2021-04-29,Prime Student
AMA-C1621,Noah Kumar,noah.kumar904@example.com,New York,NY,US,2024-08-15,Prime Student
AMA-C4087,Vivaan Wilson,vivaan.wilson770@example.com,Seattle,WA,US,05/19/2025,Non-Prime
AMA-C6210,PRIYA YAMADA,priya.yamada329 at example.com,New York,NY,US,2021-03-01,Prime
AMA-C2833,David Khan,david.khan194@example.com,Phoenix,AZ,US,2025-02-07,Prime Student
AMA-C7590,Emma Rossi,emma.rossi638@example.com,Chicago,IL,US,10/08/2025,Prime
AMA-C1041,Noah Khan,noah.khan855@example.com,Denver,CO,US,01/24/2024,Non-Prime
AMA-C3346,Michael Smith,michael.smith697@example.com,Los Angeles,CA,US,08/21/2025,Non-Prime
AMA-C4748,Olivia Garcia,olivia.garcia834@example.com,Houston,TX,US,2022-09-25,Non-Prime
AMA-C9977,Mohammed Wang,mohammed.wang167@example.com,Miami,FL,US,13-Oct-2022,Non-Prime
AMA-C8747,Ava Chen,ava.chen81@example.com,Los Angeles,CA,US,2023-07-04,Prime Student
AMA-C1979,Mohammed Garcia,,Atlanta,GA,US,01/23/2024,Prime Student
AMA-C9389,Sara Lee,sara.lee928@example.com,Phoenix,AZ,US,04-May-2021,Prime
AMA-C8596,Fatima Sharma,fatima.sharma45@example.com,Atlanta,GA,US,2025-11-05,Prime Student
AMA-C1490,Emma Martin,emma.martin517@example.com,Seattle,WA,US,09/12/2021,Non-Prime
AMA-C8267,Li Anderson,li.anderson103 at example.com,Boston,MA,US,2025-12-29,Non-Prime
AMA-C10762,Ken Johnson,ken.johnson227@example.com,New York,NY,US,18-Sep-2025,Prime
AMA-C4362,Rahul Kumar,rahul.kumar647@example.com,Miami,FL,US,2025-11-29,Non-Prime
AMA-C10695,Rahul Davis,rahul.davis671@example.com,miami,FL,US,07/10/2022,Prime
AMA-C5169,Chen Smith,,Houston,TX,US,2023-10-27,Prime Student
AMA-C9812,Vivaan Lee,vivaan.lee126@example.com,Denver,CO,US,07/10/2024,Non-Prime
AMA-C4881,yuki khan,yuki.khan871@example.com,Seattle,WA,US,2024-08-26,Prime
AMA-C7502,James Suzuki,james.suzuki398@example.com,phoenix,AZ,US,05/26/2024,Prime
AMA-C5207,James Kim,james.kim99@example.com,Houston,TX,US,12-Nov-2025,Non-Prime
AMA-C3919,Zoe Garcia,zoe.garcia123@example.com,Miami,FL,US,09/29/2023,Prime
AMA-C9621,Sofia Garcia,sofia.garcia753@example.com,Phoenix,AZ,US,02-Dec-2021,Prime
AMA-C7794,Zoe Johnson,zoe.johnson938@example.com,Atlanta,GA,US,2021-01-22,Prime
AMA-C4616,Anna Khan,anna.khan251@example.com,Houston,TX,US,07-Jul-2021,Non-Prime
AMA-C4715,Ken Wilson,ken.wilson324@example.com,Houston,TX,US,2022-03-29,Prime Student
AMA-C4404,Mohammed Anderson,mohammed.anderson700@example.com,miami,FL,US,07/06/2025,Non-Prime
AMA-C1688,John Martin,john.martin419@example.com,New York,NY,US,05/13/2023,Prime Student
AMA-C2943,Anna Suzuki,anna.suzuki901@example.com,New York,NY,US,04/01/2022,Non-Prime
AMA-C5017,Aditya Sharma,aditya.sharma460 at example.com,Denver,CO,US,27-Jul-2021,Prime
AMA-C2086,chen patel,chen.patel22@example.com,Atlanta,GA,US,24-Apr-2023,Prime
AMA-C9835,Michael Brown,michael.brown47@example.com,Seattle,WA,US,01/18/2021,Prime
AMA-C2854,Sara Johnson,sara.johnson580@example.com,Seattle,WA,US,2025-10-13,Non-Prime
AMA-C6475,mohammed kim,mohammed.kim588@example.com,New York,NY,US,06/21/2025,Prime
AMA-C3661,Michael Lee,,New York,NY,US,01/10/2021,Prime Student
AMA-C10189,MICHAEL SMITH,,Los Angeles,CA,US,08-Dec-2024,Non-Prime
AMA-C3569,Ken Müller,ken.müller238@example.com,Boston,MA,US,15-Mar-2024,Prime
AMA-C2248,Carlos Kumar,carlos.kumar210@example.com,Chicago,IL,US,09/03/2021,Non-Prime
AMA-C2407,Aarav Martin,aarav.martin815@example.com,Los Angeles,CA,US,2025-09-23,Prime Student
AMA-C9468,rahul tanaka,rahul.tanaka668@example.com,Seattle,WA,US,2023-05-09,Prime Student
AMA-C10548,Priya Martin,priya.martin252@example.com,Phoenix,AZ,US,08/07/2024,Non-Prime
AMA-C5926,John Suzuki,john.suzuki508@example.com,Denver,CO,US,01/03/2025,Prime
AMA-C3313,VIVAAN WILSON,vivaan.wilson736@example.com,New York,NY,US,01/22/2025,Prime
AMA-C8721,Sofia Garcia,sofia.garcia742@example.com,Seattle,WA,US,13-Sep-2023,Prime
AMA-C7429,Fatima Suzuki,fatima.suzuki288@example.com,Phoenix,AZ,US,03/30/2025,Prime
AMA-C9360,Emma Chen,emma.chen211@example.com,Atlanta,GA,US,30-Sep-2025,Prime Student
AMA-C3747,Maria Lee,maria.lee117@example.com,Boston,MA,US,2024-07-17,Prime
AMA-C10748,Fatima Suzuki,fatima.suzuki809@example.com,Denver,CO,US,2025-07-25,Non-Prime
AMA-C2522,Maria Smith,maria.smith169@example.com,Phoenix,AZ,US,01/06/2023,Prime Student
AMA-C10922,David Davis,david.davis797@example.com,Denver,CO,US,2021-09-17,Prime
AMA-C6711, Aarav Khan ,aarav.khan889@example.com,Boston,MA,US,2023-10-16,Non-Prime
AMA-C5459,Yuki Johnson,yuki.johnson429@example.com,Chicago,IL,US,03/28/2023,Prime Student
AMA-C3966,Ben Garcia,ben.garcia449@example.com,Phoenix,AZ,US,2023-08-21,Prime Student
AMA-C9646,David Davis,david.davis313@example.com,Seattle,WA,US,31-Jul-2023,Non-Prime
AMA-C4187,Ava Kim,ava.kim272 at example.com,Seattle,WA,US,22-Sep-2022,Non-Prime
AMA-C7051,Yuki Singh,yuki.singh763@example.com,Boston,MA,US,2024-11-13,Prime
AMA-C6433,Emma Davis,emma.davis238@example.com,Denver,CO,US,16-Aug-2023,Prime Student
AMA-C9563,Ben Wang,ben.wang219@example.com,Los Angeles,CA,US,02/27/2023,Prime
AMA-C2778,Zoe Martin,zoe.martin994@example.com,Boston,MA,US,01/29/2024,Prime Student
AMA-C10037,Rahul Sharma,rahul.sharma492@example.com,Atlanta,GA,US,16-Feb-2025,Prime
AMA-C9512,Olivia Tanaka,olivia.tanaka541@example.com,Houston,TX,US,07-May-2024,Prime Student
AMA-C10821,Michael Kumar,,Seattle,WA,US,03/29/2023,Prime
AMA-C5975,Vivaan Müller,vivaan.müller473@example.com,Los Angeles,CA,US,2023-07-30,
AMA-C3384,Anna Garcia,anna.garcia149@example.com,Seattle,WA,US,05-Feb-2024,Non-Prime
AMA-C10663,Liam Wilson,liam.wilson378@example.com,Miami,FL,US,05/23/2023,
AMA-C8628,Maria Smith,maria.smith821@example.com,Houston,TX,US,2023-03-22,Prime Student
AMA-C5409,CHEN WANG,chen.wang140@example.com,Houston,TX,US,11/14/2025,Non-Prime
AMA-C6154,Zoe Kim,zoe.kim151@example.com,Atlanta,GA,US,2023-06-17,Prime Student
AMA-C3631,Ben Chen,ben.chen465@example.com,Atlanta,GA,US,08/31/2021,Prime
AMA-C4694,Mohammed Chen,,Atlanta,GA,US,2024-11-30,Prime
AMA-C8526,MOHAMMED ANDERSON,mohammed.anderson874@example.com,Boston,MA,US,2023-02-23,Prime Student
AMA-C7010,Sara Tanaka,sara.tanaka151@example.com,Miami,FL,US,12/04/2024,Prime
AMA-C4944, Li Garcia ,li.garcia659@example.com,Miami,FL,US,18-Mar-2021,Non-Prime
AMA-C4844,Noah Garcia,noah.garcia625@example.com,Denver,CO,US,2021-02-04,Non-Prime
AMA-C1772,Li Kim,li.kim561@example.com,Denver,CO,US,02-Mar-2025,Prime
AMA-C1963, Li Tanaka ,li.tanaka613@example.com,Phoenix,AZ,US,2022-08-06,Prime Student
AMA-C10808,Noah Wang,noah.wang666@example.com,Boston,MA,US,2023-11-09,Prime Student
AMA-C10574,Ken Anderson,ken.anderson232@example.com,Boston,MA,US,2021-11-11,Prime
AMA-C10484,olivia rossi,olivia.rossi907@example.com,New York,NY,US,15-Mar-2021,Non-Prime
AMA-C9904,Carlos Martin,carlos.martin501@example.com,Los Angeles,CA,US,05/20/2024,Prime Student
AMA-C8982,Rahul Lee,rahul.lee936@example.com,Boston,MA,US,17-Jan-2022,Non-Prime
AMA-C8490,Yuki Rossi,yuki.rossi653@example.com,Boston,MA,US,23-Feb-2025,Prime
AMA-C7334,Ken Patel,ken.patel85@example.com,Los Angeles,CA,US,30-Aug-2025,Non-Prime
AMA-C1892,AARAV YAMADA,,Seattle,WA,US,30-Dec-2023,Prime Student
AMA-C9351,Ava Yamada,ava.yamada888@example.com,miami,FL,US,2024-03-23,Prime Student
AMA-C3759, Ava Smith ,ava.smith413@example.com,Houston,TX,US,2022-12-05,Non-Prime
AMA-C3121,Ava Tanaka,,Chicago,IL,US,07/04/2023,Prime
AMA-C5127,David Martin,david.martin840@example.com,Seattle,WA,US,2021-09-14,Non-Prime
AMA-C10603,Carlos Singh,carlos.singh522@example.com,Phoenix,AZ,US,2025-10-05,Prime Student
AMA-C8859,Ben Garcia,ben.garcia340@example.com,New York,NY,US,21-Sep-2022,Non-Prime
AMA-C8176,Chen Anderson,chen.anderson226@example.com,Houston,TX,US,11/14/2024,Prime Student
AMA-C9891,rahul wang,rahul.wang73@example.com,Miami,FL,US,2025-06-30,Prime
AMA-C9815,MARIA TANAKA,maria.tanaka12@example.com,Houston,TX,US,11/19/2022,Prime
AMA-C8185,Li Yamada,li.yamada999@example.com,Atlanta,GA,US,2025-01-02,Prime
AMA-C9094,Wei Yamada,wei.yamada927@example.com,Denver,CO,US,07/05/2022,
AMA-C5148,Anna Suzuki,anna.suzuki274@example.com,Miami,FL,US,2023-08-22,Prime
AMA-C2187,chen lee,chen.lee254@example.com,Los Angeles,CA,US,06/11/2023,Prime
AMA-C9630,Emma Khan,emma.khan412@example.com,Phoenix,AZ,US,2025-11-19,Non-Prime
AMA-C4769,fatima smith,fatima.smith898@example.com,Phoenix,AZ,US,2022-06-12,
AMA-C9028,Sara Wang,sara.wang561@example.com,Atlanta,GA,US,08/30/2025,Non-Prime
AMA-C7145,RAHUL DAVIS,,LOS ANGELES,CA,US,12-Oct-2024,Prime Student
AMA-C2734,BEN ROSSI,ben.rossi823@example.com,Phoenix,AZ,US,17-Jan-2024,Prime
AMA-C9757,Anna Smith,anna.smith511@example.com,Denver,CO,US,13-Aug-2025,Prime Student
AMA-C2895,ADITYA KIM,aditya.kim896@example.com,Houston,TX,US,10/09/2022,Prime
AMA-C10309,Fatima Rossi,fatima.rossi551@example.com,Phoenix,AZ,US,11/26/2025,
AMA-C4500,John Martin,john.martin101@example.com,Boston,MA,US,11/17/2024,Prime
AMA-C4857,KEN SMITH,,Atlanta,GA,US,07/02/2021,Prime Student
AMA-C6806,Rahul Brown,rahul.brown284@example.com,Phoenix,AZ,US,08/24/2022,Non-Prime
AMA-C1227,Zoe Suzuki,zoe.suzuki915@example.com,houston,TX,US,01-Nov-2023,Prime Student
AMA-C2715, Emma Lee ,emma.lee956@example.com,Houston,TX,US,18-Feb-2024,Non-Prime
AMA-C10263,Emma Brown,,Chicago,IL,US,2025-05-31,Prime
AMA-C4826,John Martin,,Chicago,IL,US,02-Sep-2023,Prime Student
AMA-C5396,Wei Müller,wei.müller708@example.com,Miami,FL,US,01-Nov-2025,Prime
AMA-C4478,Chen Singh,,Chicago,IL,US,2022-11-20,Prime Student
AMA-C6126,Ben Singh,,Atlanta,GA,US,06/05/2022,Prime
AMA-C6561,noah kim,noah.kim779@example.com,Houston,TX,US,05/09/2021,Prime
AMA-C10806,Ava Tanaka,ava.tanaka512@example.com,Denver,CO,US,2024-06-20,Prime Student
AMA-C2736,wei singh,wei.singh609@example.com,Los Angeles,CA,US,26-Jun-2022,Prime
AMA-C7437,Wei Chen,wei.chen660@example.com,Miami,FL,US,2021-09-16,Non-Prime
AMA-C4965,SOFIA TANAKA,sofia.tanaka911 at example.com,New York,NY,US,02/01/2022,Prime
AMA-C4053,Aditya Wilson,aditya.wilson758@example.com,Atlanta,GA,US,01/09/2025,Prime Student
AMA-C10100,James Sharma,james.sharma748@example.com,Seattle,WA,US,07/09/2024,Prime
AMA-C7952,Carlos Müller,carlos.müller352@example.com,Chicago,IL,US,07/20/2021,Prime Student
AMA-C5299,Sara Singh,sara.singh218 at example.com,los angeles,CA,US,06/09/2022,Non-Prime
AMA-C5450,Aditya Martin,aditya.martin316@example.com,Atlanta,GA,US,10/28/2022,Prime
AMA-C1293,Olivia Patel,olivia.patel47@example.com,Miami,FL,US,06/19/2025,Non-Prime
AMA-C5789,Michael Martin,michael.martin239@example.com,Los Angeles,CA,US,02/09/2022,Non-Prime
AMA-C10375,Noah Martin,noah.martin920@example.com,New York,NY,US,2025-04-11,Prime Student
AMA-C7768,Aarav Müller,aarav.müller91@example.com,Phoenix,AZ,US,2023-02-27,Prime Student
AMA-C1665, Chen Tanaka ,chen.tanaka251@example.com,Seattle,WA,US,2021-10-02,
AMA-C7798,David Wang,,Denver,CO,US,11-Nov-2023,Non-Prime
AMA-C8958,Fatima Wang,,MIAMI,FL,US,09/08/2021,
AMA-C8694,Fatima Davis,fatima.davis95@example.com,Denver,CO,US,10-Nov-2022,Prime
AMA-C2817,LI WILSON,li.wilson382@example.com,houston,TX,US,10/07/2021,Prime
AMA-C7069,olivia johnson,olivia.johnson323@example.com,Phoenix,AZ,US,17-May-2024,Non-Prime
AMA-C6050,Li Kumar,li.kumar967@example.com,Atlanta,GA,US,31-Jan-2024,Prime Student
AMA-C10567,Sofia Yamada,sofia.yamada165@example.com,Phoenix,AZ,US,10-Jan-2023,Non-Prime
AMA-C2713,emma khan,emma.khan361@example.com,New York,NY,US,03/11/2022,Prime Student
AMA-C10278,liam garcia,liam.garcia194@example.com,Boston,MA,US,2024-10-22,Non-Prime
AMA-C6469,Emma Smith,emma.smith515@example.com,Chicago,IL,US,05/03/2021,Non-Prime
AMA-C1898,LIAM SUZUKI,liam.suzuki287@example.com,Boston,MA,US,2025-03-24,Non-Prime
AMA-C7104,AVA KIM,ava.kim211@example.com,Miami,FL,US,02/02/2022,Prime Student
AMA-C4461,Zoe Wang,zoe.wang171@example.com,Miami,FL,US,01/28/2025,Prime Student
AMA-C8710,Anna Sharma,,New York,NY,US,2025-04-06,Prime Student
AMA-C4492,Sara Sharma,sara.sharma733@example.com,BOSTON,MA,US,2025-04-14,Non-Prime
AMA-C7717,BEN ANDERSON,ben.anderson900@example.com,Seattle,WA,US,04/29/2022,Prime
AMA-C4699,Olivia Martin,olivia.martin528@example.com,Miami,FL,US,2024-08-18,Prime Student
AMA-C1791,Li Wang,li.wang961@example.com,phoenix,AZ,US,10/23/2024,Prime Student
AMA-C8680,Liam Chen,liam.chen103@example.com,New York,NY,US,07/06/2024,Non-Prime
AMA-C10053,aditya wang,aditya.wang646@example.com,atlanta,GA,US,04/08/2022,Non-Prime
AMA-C3721,Carlos Brown,carlos.brown240@example.com,Chicago,IL,US,04-May-2021,Non-Prime
AMA-C10448,Ken Johnson,ken.johnson513@example.com,Atlanta,GA,US,29-Mar-2025,Prime Student
AMA-C3373,wei patel,wei.patel987@example.com,Atlanta,GA,US,02/23/2024,Prime
AMA-C7063,Vivaan Patel,vivaan.patel285@example.com,Miami,FL,US,06/16/2024,Non-Prime
AMA-C3749,Rahul Müller,rahul.müller737@example.com,Seattle,WA,US,05/31/2022,Non-Prime
AMA-C10888,Liam Kumar,liam.kumar93@example.com,CHICAGO,IL,US,30-Apr-2023,Prime Student
AMA-C2680,Sofia Martin,sofia.martin801@example.com,Seattle,WA,US,2021-04-23,Non-Prime
AMA-C6613,MOHAMMED DAVIS,mohammed.davis382@example.com,Chicago,IL,US,09/01/2021,Prime Student
AMA-C6045,Aditya Sharma,,Chicago,IL,US,29-Sep-2024,Non-Prime
AMA-C2730,Ava Khan,ava.khan812@example.com,Miami,FL,US,12/25/2022,Prime Student
AMA-C5746,David Rossi,david.rossi900@example.com,Boston,MA,US,17-Mar-2022,Prime Student
AMA-C2297,Sofia Lee,sofia.lee833@example.com,Miami,FL,US,2024-01-30,Non-Prime
AMA-C6566,wei martin,wei.martin703@example.com,Seattle,WA,US,06/27/2023,Prime Student
AMA-C5203, Li Kumar ,li.kumar520@example.com,Atlanta,GA,US,04/21/2021,Prime Student
AMA-C2847,AVA KHAN,ava.khan742@example.com,Denver,CO,US,2025-05-26,Prime
AMA-C4258,John Patel,john.patel416@example.com,Chicago,IL,US,2024-06-02,Prime Student
AMA-C4876, Noah Garcia ,noah.garcia597@example.com,miami,FL,US,2024-10-26,Non-Prime
AMA-C10859,Li Müller,li.müller319@example.com,Seattle,WA,US,07/16/2024,Non-Prime
AMA-C1161,Li Suzuki,li.suzuki671@example.com,Seattle,WA,US,21-Feb-2022,Prime
AMA-C6082,John Singh,john.singh294@example.com,Los Angeles,CA,US,07-May-2023,Non-Prime
AMA-C7087,Vivaan Suzuki,vivaan.suzuki502@example.com,NEW YORK,NY,US,2025-06-06,Non-Prime
AMA-C4321,Anna Johnson,anna.johnson806@example.com,Chicago,IL,US,2024-09-29,Non-Prime
AMA-C10387,David Smith,david.smith695@example.com,New York,NY,US,2022-10-21,Prime Student
AMA-C10604, Michael Khan ,michael.khan246@example.com,Seattle,WA,US,05-Aug-2021,Non-Prime
AMA-C10850,Emma Davis,emma.davis533@example.com,Los Angeles,CA,US,03/28/2021,Non-Prime
AMA-C9601,priya davis,priya.davis934@example.com,miami,FL,US,2022-04-05,Non-Prime
AMA-C2208,Zoe Khan,zoe.khan731@example.com,Miami,FL,US,03/31/2023,Non-Prime
AMA-C9090,vivaan yamada,vivaan.yamada793@example.com,Atlanta,GA,US,09/26/2025,Prime
AMA-C6051,Anna Smith,anna.smith33@example.com,denver,CO,US,18-Jun-2025,Prime
AMA-C9349,olivia müller,olivia.müller934@example.com,Chicago,IL,US,30-Dec-2021,Non-Prime
AMA-C6579, Yuki Chen ,yuki.chen276@example.com,Denver,CO,US,03/26/2025,Prime
AMA-C3949,Priya Lee,priya.lee901@example.com,New York,NY,US,06/03/2025,Non-Prime
AMA-C9378, Chen Brown ,chen.brown477@example.com,Boston,MA,US,05-Sep-2023,Non-Prime
AMA-C6405,Ava Johnson,ava.johnson532@example.com,New York,NY,US,11/26/2021,Prime Student
AMA-C8395,Carlos Singh,carlos.singh73@example.com,Houston,TX,US,2023-02-21,Non-Prime
AMA-C4827,Maria Müller,maria.müller520@example.com,Chicago,IL,US,2022-10-16,Prime Student
AMA-C4551,Li Patel,li.patel708@example.com,Phoenix,AZ,US,10/19/2021,Non-Prime
AMA-C6404,Vivaan Wang,vivaan.wang675@example.com,Seattle,WA,US,01/04/2025,Prime
AMA-C6430,CARLOS SMITH,carlos.smith71@example.com,Phoenix,AZ,US,12/19/2024,Non-Prime
AMA-C1024,michael wilson,,Atlanta,GA,US,2021-09-26,Prime Student
AMA-C7303,John Wilson,john.wilson432@example.com,Atlanta,GA,US,2022-04-30,Prime
AMA-C6991,Carlos Garcia,carlos.garcia302@example.com,Los Angeles,CA,US,2021-11-14,Prime Student
AMA-C5200,Zoe Rossi,zoe.rossi378@example.com,New York,NY,US,2022-04-17,Non-Prime
AMA-C10751,Ben Sharma,,Chicago,IL,US,2023-06-13,Prime
AMA-C5669,Olivia Singh,olivia.singh145@example.com,Phoenix,AZ,US,04-Feb-2021,Prime
AMA-C3727,Carlos Garcia,carlos.garcia533@example.com,CHICAGO,IL,US,2022-12-02,
AMA-C6259,Priya Johnson,priya.johnson767@example.com,Atlanta,GA,US,13-Aug-2023,Prime Student
AMA-C9060,Maria Lee,maria.lee238@example.com,Miami,FL,US,21-Aug-2023,Non-Prime
AMA-C10628,JAMES GARCIA,james.garcia744@example.com,Seattle,WA,US,2025-08-28,Prime
AMA-C7328,Zoe Suzuki,zoe.suzuki555@example.com,Phoenix,AZ,US,01/09/2022,Prime
AMA-C8211,Michael Müller,michael.müller906@example.com,Miami,FL,US,07/12/2025,Non-Prime
AMA-C1437, Olivia Lee ,,Miami,FL,US,2024-10-01,Prime
AMA-C6602,Vivaan Wilson,vivaan.wilson129@example.com,New York,NY,US,07/09/2025,Non-Prime
AMA-C6654,ben davis,ben.davis984@example.com,New York,NY,US,25-Feb-2024,Prime Student
AMA-C3896,Fatima Rossi,fatima.rossi486@example.com,Boston,MA,US,2025-10-26,Prime
AMA-C4234, Ken Rossi ,ken.rossi39@example.com,Phoenix,AZ,US,07-Jan-2025,Prime
AMA-C3794,Emma Khan,emma.khan315@example.com,Seattle,WA,US,28-Nov-2024,Non-Prime
AMA-C10969,Sofia Rossi,sofia.rossi708@example.com,Phoenix,AZ,US,2023-07-25,
AMA-C7755,Fatima Lee,fatima.lee325@example.com,Miami,FL,US,05/16/2025,Prime
AMA-C3097,Fatima Chen,fatima.chen849@example.com,Phoenix,AZ,US,2024-01-29,
AMA-C8641,Emma Davis,emma.davis554@example.com,New York,NY,US,06/30/2024,Non-Prime
AMA-C8752,Yuki Tanaka,yuki.tanaka671@example.com,Miami,FL,US,02/16/2023,Non-Prime
AMA-C3867,Aditya Brown,aditya.brown674@example.com,Seattle,WA,US,08-Nov-2025,Prime Student
AMA-C10068,Maria Johnson,maria.johnson949@example.com,Phoenix,AZ,US,05/16/2025,Prime Student
AMA-C1616,emma davis,,Boston,MA,US,30-Oct-2024,Prime Student
AMA-C7202,fatima wang,fatima.wang754@example.com,Chicago,IL,US,28-Aug-2025,Prime Student
AMA-C4344,Michael Rossi,michael.rossi667@example.com,Seattle,WA,US,2023-03-10,Prime
AMA-C9534,Yuki Kim,yuki.kim221@example.com,Miami,FL,US,22-May-2022,Non-Prime
AMA-C8976,FATIMA KIM,fatima.kim724@example.com,New York,NY,US,2023-10-07,Prime Student
AMA-C2427,Olivia Sharma,olivia.sharma836@example.com,Houston,TX,US,2024-03-11,Non-Prime
AMA-C3858,Rahul Kim,rahul.kim836@example.com,Chicago,IL,US,2023-10-04,Prime Student
AMA-C1556,James Patel,james.patel529@example.com,Boston,MA,US,10/29/2022,Prime Student
AMA-C10794,Mohammed Smith,mohammed.smith611@example.com,HOUSTON,TX,US,03/14/2025,Prime
AMA-C2359,Emma Suzuki,emma.suzuki503@example.com,Phoenix,AZ,US,02/17/2024,Non-Prime
AMA-C6776,NOAH GARCIA,,Chicago,IL,US,24-Jul-2022,Non-Prime
AMA-C5674,Rahul Wilson,,Miami,FL,US,09/30/2023,Non-Prime
AMA-C5818,Noah Patel,noah.patel841@example.com,Phoenix,AZ,US,09/02/2022,Non-Prime
AMA-C5364,james wang,james.wang537@example.com,Chicago,IL,US,04/22/2023,Prime Student
AMA-C7224,Sofia Davis,sofia.davis480@example.com,Boston,MA,US,2024-12-17,Non-Prime
AMA-C6128,Ben Chen,ben.chen989@example.com,New York,NY,US,2023-12-27,Prime
AMA-C3369,Rahul Sharma,rahul.sharma606@example.com,Boston,MA,US,2025-08-31,Prime Student
AMA-C5892,David Sharma,david.sharma276@example.com,Denver,CO,US,08/26/2021,
AMA-C2781,AVA JOHNSON,ava.johnson380@example.com,Boston,MA,US,14-Apr-2022,Prime Student
AMA-C2533,YUKI KHAN,yuki.khan830@example.com,Boston,MA,US,2024-01-28,Prime Student
AMA-C5536,Priya Johnson,priya.johnson183@example.com,Chicago,IL,US,2022-11-30,Prime
AMA-C10203,AARAV JOHNSON,,Miami,FL,US,08-Dec-2023,Prime Student
AMA-C4280,ZOE GARCIA,,CHICAGO,IL,US,12-Jul-2024,Non-Prime
AMA-C9411,Ken Yamada,ken.yamada596@example.com,Los Angeles,CA,US,2024-07-25,
AMA-C5715,David Davis,david.davis747@example.com,MIAMI,FL,US,16-Jun-2022,Non-Prime
AMA-C1526,Wei Johnson,wei.johnson274@example.com,Houston,TX,US,07-Sep-2021,
AMA-C1818,Emma Wang,emma.wang199 at example.com,Atlanta,GA,US,12/21/2022,Prime Student
AMA-C5607,Ava Smith,ava.smith19@example.com,Boston,MA,US,10/08/2025,Non-Prime
AMA-C2376,Li Martin,,New York,NY,US,13-May-2022,Prime
AMA-C10783,James Suzuki,james.suzuki624@example.com,Houston,TX,US,06/20/2021,Prime
AMA-C5271,Rahul Brown,rahul.brown666@example.com,Seattle,WA,US,07/31/2024,
AMA-C7698,Sofia Müller,sofia.müller702@example.com,Houston,TX,US,2022-07-08,Prime Student
AMA-C3084,Sara Chen,sara.chen895@example.com,Boston,MA,US,2022-06-17,
AMA-C5460,Aditya Tanaka,,New York,NY,US,08/19/2025,Prime Student
AMA-C1810,Noah Davis,noah.davis540@example.com,boston,MA,US,28-Jan-2023,Prime Student
AMA-C5559,CARLOS WILSON,carlos.wilson422@example.com,New York,NY,US,16-Oct-2022,Prime
AMA-C8934,vivaan yamada,vivaan.yamada153@example.com,Seattle,WA,US,24-Mar-2025,Prime Student
AMA-C4614,Ken Garcia,ken.garcia570@example.com,Denver,CO,US,25-Jun-2025,Prime Student
AMA-C2225, Ken Singh ,ken.singh259@example.com,Chicago,IL,US,30-Mar-2024,Non-Prime
AMA-C3585,ava yamada,ava.yamada432@example.com,los angeles,CA,US,08-Jan-2025,Prime Student
AMA-C4420,Anna Garcia,anna.garcia364@example.com,New York,NY,US,2021-03-20,Non-Prime
AMA-C3464,Maria Sharma,,Los Angeles,CA,US,2021-11-01,Prime Student
AMA-C3212,David Chen,david.chen594@example.com,Boston,MA,US,11/15/2022,Prime Student
AMA-C2117,Emma Davis,emma.davis648@example.com,Phoenix,AZ,US,16-Feb-2023,Prime Student
AMA-C7082, Chen Kim ,chen.kim554@example.com,denver,CO,US,2021-08-31,Non-Prime
AMA-C2836,Chen Wang,chen.wang968@example.com,Los Angeles,CA,US,09/21/2021,Prime
AMA-C9565,Li Lee,li.lee149@example.com,Seattle,WA,US,2024-11-24,Prime
AMA-C1887,David Suzuki,david.suzuki502@example.com,Denver,CO,US,04/24/2025,
AMA-C6820,Noah Sharma,noah.sharma652@example.com,Houston,TX,US,02/19/2023,Non-Prime
AMA-C9902,Sara Johnson,,Boston,MA,US,23-Dec-2024,Prime Student
AMA-C5961,Aditya Rossi,aditya.rossi681@example.com,New York,NY,US,2022-10-29,Prime
AMA-C8567, Wei Singh ,wei.singh20@example.com,LOS ANGELES,CA,US,22-Dec-2024,Prime
AMA-C8311,Emma Singh,emma.singh873@example.com,Boston,MA,US,11-Aug-2025,Non-Prime
AMA-C1320,Michael Brown,michael.brown374@example.com,Miami,FL,US,07/30/2021,Prime Student
AMA-C4372,chen suzuki,chen.suzuki184@example.com,Denver,CO,US,02/27/2021,Prime Student
AMA-C6240, John Brown ,john.brown960@example.com,Seattle,WA,US,03/04/2021,Prime Student
AMA-C1196,Emma Brown,emma.brown142@example.com,Boston,MA,US,2022-01-06,Prime
AMA-C10760,priya singh,priya.singh906@example.com,boston,MA,US,01/03/2022,Prime Student
AMA-C3925,Carlos Sharma,carlos.sharma90@example.com,Atlanta,GA,US,10/16/2024,Prime Student
AMA-C9959,Olivia Garcia,olivia.garcia220@example.com,New York,NY,US,02/06/2022,
AMA-C3760,Fatima Johnson,fatima.johnson805@example.com,Chicago,IL,US,16-Jul-2025,Non-Prime
AMA-C8719,DAVID JOHNSON,david.johnson124@example.com,Denver,CO,US,2022-03-20,Prime
AMA-C10918,Yuki Rossi,yuki.rossi192@example.com,Houston,TX,US,06/18/2023,Prime Student
AMA-C6489, Zoe Brown ,zoe.brown193@example.com,phoenix,AZ,US,11/02/2021,Prime Student
AMA-C1921,Michael Singh,michael.singh387@example.com,phoenix,AZ,US,26-Aug-2024,Prime Student
AMA-C1264,MOHAMMED SMITH,mohammed.smith728@example.com,New York,NY,US,2023-11-20,Non-Prime
AMA-C7618,maria wang,maria.wang521@example.com,Phoenix,AZ,US,06-Nov-2021,Prime
AMA-C1967, John Martin ,john.martin342@example.com,New York,NY,US,2021-06-05,Non-Prime
AMA-C9571,John Patel,john.patel681@example.com,Phoenix,AZ,US,05/18/2023,Prime Student
AMA-C6277,Vivaan Tanaka,vivaan.tanaka861@example.com,Denver,CO,US,12-Jun-2024,Non-Prime
AMA-C9128,Rahul Suzuki,rahul.suzuki946@example.com,Seattle,WA,US,2025-08-15,Non-Prime
AMA-C9699,SARA SINGH,sara.singh523@example.com,Los Angeles,CA,US,04-Jun-2021,Non-Prime
AMA-C9961,Olivia Tanaka,olivia.tanaka31@example.com,Seattle,WA,US,08/05/2022,Prime Student
AMA-C7917,Aarav Rossi,aarav.rossi454@example.com,Boston,MA,US,04/08/2024,Prime Student
AMA-C7332,Noah Singh,,Atlanta,GA,US,2025-08-31,Prime
AMA-C1522,chen yamada,chen.yamada982@example.com,Houston,TX,US,01/18/2024,Non-Prime
AMA-C8798,Michael Khan,michael.khan506@example.com,New York,NY,US,2021-04-21,Prime
AMA-C10991,Zoe Rossi,zoe.rossi549@example.com,Miami,FL,US,2024-11-03,Prime
AMA-C9009,james davis,james.davis231@example.com,Chicago,IL,US,2021-10-05,Prime Student
AMA-C5375,RAHUL SHARMA,rahul.sharma703@example.com,Houston,TX,US,24-Apr-2023,Non-Prime
AMA-C2136,Aditya Brown,aditya.brown708@example.com,Chicago,IL,US,11/17/2023,Non-Prime
AMA-C5404,Carlos Singh,carlos.singh88@example.com,Chicago,IL,US,01-Jan-2025,Non-Prime
AMA-C10107,Wei Tanaka,wei.tanaka826@example.com,Phoenix,AZ,US,21-Sep-2025,Prime Student
AMA-C8849,Sofia Singh,sofia.singh59@example.com,Phoenix,AZ,US,2024-10-08,Prime
AMA-C4648,Ava Brown,ava.brown968@example.com,Houston,TX,US,2021-11-24,Prime
AMA-C3164,Vivaan Johnson,vivaan.johnson733@example.com,ATLANTA,GA,US,16-Nov-2022,Non-Prime
AMA-C5563,Yuki Khan,yuki.khan407@example.com,Atlanta,GA,US,2023-10-19,Prime
AMA-C7830,David Johnson,david.johnson531@example.com,Miami,FL,US,2024-03-26,Prime
AMA-C5546,Anna Lee,anna.lee911@example.com,Denver,CO,US,2024-01-02,Non-Prime
AMA-C9367,Wei Brown,wei.brown676@example.com,Phoenix,AZ,US,02/05/2021,Non-Prime
AMA-C8368,ZOE SHARMA,zoe.sharma681@example.com,Seattle,WA,US,12-Dec-2025,Prime Student
AMA-C9852,Li Kim,li.kim61@example.com,New York,NY,US,12/29/2025,Prime
AMA-C7947,Anna Wilson,anna.wilson585@example.com,Atlanta,GA,US,12-Sep-2024,Prime
AMA-C1899,Aarav Martin,aarav.martin317@example.com,Houston,TX,US,2021-12-25,Prime
AMA-C6653,Zoe Davis,zoe.davis667@example.com,Boston,MA,US,2023-01-07,Prime Student
AMA-C3624,Ben Singh,ben.singh670@example.com,Houston,TX,US,2023-10-24,Prime Student
AMA-C2631,aditya khan,aditya.khan432@example.com,Houston,TX,US,2021-08-06,
AMA-C1557,Noah Chen,noah.chen119@example.com,New York,NY,US,13-Apr-2022,Prime Student
AMA-C2743,Sofia Brown,sofia.brown185@example.com,Los Angeles,CA,US,10/21/2025,Non-Prime
AMA-C9116,Chen Sharma,chen.sharma786@example.com,Miami,FL,US,10/10/2025,Non-Prime
AMA-C2218,KEN GARCIA,ken.garcia81@example.com,Chicago,IL,US,09-Feb-2022,Non-Prime
AMA-C2299,Emma Lee,emma.lee383 at example.com,Chicago,IL,US,30-Dec-2024,Prime Student
AMA-C5822,John Singh,,Phoenix,AZ,US,21-Oct-2025,Non-Prime
AMA-C8415,James Garcia,james.garcia921@example.com,Atlanta,GA,US,27-Nov-2025,Prime
AMA-C4253, Yuki Martin ,yuki.martin563@example.com,Houston,TX,US,05/24/2023,Prime
AMA-C8631,Maria Anderson,maria.anderson191@example.com,Miami,FL,US,09/10/2021,Prime Student
AMA-C1719, Sofia Wang ,sofia.wang942@example.com,Atlanta,GA,US,2023-05-16,Prime
AMA-C3419,Ken Rossi,ken.rossi832@example.com,Boston,MA,US,23-Jan-2021,
AMA-C10622,aditya davis,aditya.davis209@example.com,New York,NY,US,2022-03-05,Non-Prime
AMA-C6557,zoe smith,zoe.smith939@example.com,Los Angeles,CA,US,2025-03-21,Non-Prime
AMA-C10654,Sofia Sharma,sofia.sharma331@example.com,Denver,CO,US,2022-12-04,Non-Prime
AMA-C1558,David Patel,david.patel564@example.com,Atlanta,GA,US,2025-06-20,Prime Student
AMA-C1487,JAMES ROSSI,james.rossi222@example.com,Boston,MA,US,12/26/2024,Prime Student
AMA-C6850,Wei Patel,wei.patel805@example.com,Seattle,WA,US,05-Apr-2022,Prime
AMA-C2559,Maria Lee,maria.lee617@example.com,Boston,MA,US,2024-12-25,Prime Student
AMA-C6656,Olivia Smith,olivia.smith301@example.com,Atlanta,GA,US,2021-10-27,Prime
AMA-C8874,Fatima Patel,fatima.patel277@example.com,Los Angeles,CA,US,09/29/2023,Prime
AMA-C7480,Rahul Wang,rahul.wang316@example.com,Los Angeles,CA,US,12-Jun-2023,Prime Student
AMA-C1703,VIVAAN CHEN,vivaan.chen666@example.com,Los Angeles,CA,US,02/07/2021,Prime Student
AMA-C1913,JAMES DAVIS,james.davis740@example.com,Chicago,IL,US,05/16/2021,Non-Prime
AMA-C6520,Sara Brown,sara.brown567@example.com,denver,CO,US,03/05/2021,Prime
AMA-C3153,Priya Smith,priya.smith848@example.com,Seattle,WA,US,2023-11-05,Prime
AMA-C10545,Carlos Rossi,carlos.rossi502 at example.com,Chicago,IL,US,19-Apr-2024,Prime Student
AMA-C8716,Aarav Yamada,aarav.yamada474@example.com,Phoenix,AZ,US,26-Dec-2025,Non-Prime
AMA-C2838,John Davis,john.davis620@example.com,Chicago,IL,US,2021-01-30,Non-Prime
AMA-C2483,Fatima Müller,fatima.müller61@example.com,Boston,MA,US,12-May-2025,Non-Prime
AMA-C7003,Rahul Singh,rahul.singh656@example.com,Chicago,IL,US,2024-03-05,Non-Prime
AMA-C6318,James Kumar,james.kumar921@example.com,Miami,FL,US,07/31/2024,Non-Prime
AMA-C5072,Priya Suzuki,priya.suzuki860@example.com,houston,TX,US,2022-05-17,Prime Student
AMA-C1235,NOAH DAVIS,noah.davis729@example.com,Miami,FL,US,11/28/2025,Prime
AMA-C5617,Li Chen,li.chen912@example.com,Los Angeles,CA,US,28-Jul-2021,Prime Student
AMA-C6676,David Chen,david.chen111@example.com,Phoenix,AZ,US,2024-03-10,Prime
AMA-C7064,Carlos Lee,carlos.lee328@example.com,Denver,CO,US,05/04/2021,Prime Student
AMA-C1681,Sofia Wilson,sofia.wilson343@example.com,houston,TX,US,06-Jul-2025,Prime
AMA-C3144,Anna Chen,anna.chen863@example.com,Atlanta,GA,US,12-Nov-2022,Prime Student
AMA-C2475,Yuki Rossi,yuki.rossi587@example.com,New York,NY,US,12/27/2022,Non-Prime
AMA-C10758,aditya wang,aditya.wang624@example.com,Atlanta,GA,US,2024-08-11,Non-Prime
AMA-C3696,Vivaan Wang,vivaan.wang1@example.com,Chicago,IL,US,08/24/2024,
AMA-C8559, Chen Wang ,chen.wang462@example.com,Seattle,WA,US,08-Dec-2023,Prime Student
AMA-C1904,Anna Wilson,anna.wilson540@example.com,Chicago,IL,US,2025-11-22,Prime
AMA-C5665,Emma Anderson,emma.anderson331 at example.com,New York,NY,US,09-Jan-2021,Non-Prime
AMA-C1311,Priya Chen,priya.chen334@example.com,Phoenix,AZ,US,01/22/2021,Prime Student
AMA-C1541,anna brown,anna.brown713@example.com,Seattle,WA,US,2021-12-16,
AMA-C10486,Aarav Singh,aarav.singh995@example.com,Denver,CO,US,30-Nov-2021,Prime Student
AMA-C8246,Fatima Suzuki,fatima.suzuki399@example.com,Seattle,WA,US,2023-10-21,Prime
AMA-C4619,olivia smith,olivia.smith946@example.com,Los Angeles,CA,US,16-Mar-2021,Prime Student
AMA-C6284,Anna Brown,,Denver,CO,US,08/31/2021,Non-Prime
AMA-C8107,Aarav Chen,,Los Angeles,CA,US,09-Jul-2025,
AMA-C4855,John Wilson,john.wilson780@example.com,Los Angeles,CA,US,2021-09-13,Non-Prime
AMA-C5482,Fatima Chen,fatima.chen389@example.com,Denver,CO,US,09/14/2025,Prime
AMA-C8616,Fatima Anderson,fatima.anderson961@example.com,atlanta,GA,US,12/06/2022,
AMA-C4743,sofia müller,sofia.müller994@example.com,Chicago,IL,US,2025-08-01,Non-Prime
AMA-C10082,Vivaan Müller,vivaan.müller755@example.com,Denver,CO,US,2023-10-20,Non-Prime
AMA-C4978,John Wang,john.wang962@example.com,Denver,CO,US,25-Jan-2023,Prime Student
AMA-C2992,michael rossi,,Boston,MA,US,01-Feb-2022,Prime
AMA-C6039,Noah Chen,noah.chen950@example.com,Chicago,IL,US,2021-04-09,
AMA-C1325,noah yamada,noah.yamada263@example.com,Boston,MA,US,19-Jul-2025,Prime Student
AMA-C10072,Sara Wang,sara.wang931@example.com,Chicago,IL,US,05/25/2023,Prime
AMA-C3071, Wei Kim ,wei.kim937@example.com,Phoenix,AZ,US,10-Jun-2022,Non-Prime
AMA-C6324,Sofia Johnson,sofia.johnson807@example.com,Phoenix,AZ,US,2025-06-02,Prime
AMA-C4006,Anna Johnson,anna.johnson746@example.com,Boston,MA,US,06-Apr-2025,Prime
AMA-C2510,Olivia Johnson,olivia.johnson398@example.com,Atlanta,GA,US,2021-12-28,Prime
AMA-C9093,John Müller,john.müller47@example.com,Atlanta,GA,US,2024-12-24,Non-Prime
AMA-C3588,Carlos Suzuki,carlos.suzuki538@example.com,Atlanta,GA,US,2022-05-19,Prime Student
AMA-C6804,Yuki Suzuki,yuki.suzuki183@example.com,New York,NY,US,2024-04-28,Non-Prime
AMA-C5288,Sara Johnson,sara.johnson751@example.com,Phoenix,AZ,US,05/29/2024,Prime
AMA-C4121,David Anderson,david.anderson315@example.com,los angeles,CA,US,14-Jan-2025,Non-Prime
AMA-C5608, Wei Anderson ,wei.anderson589@example.com,SEATTLE,WA,US,30-Apr-2025,Prime
AMA-C10796,Sofia Suzuki,sofia.suzuki930@example.com,Houston,TX,US,2023-05-20,Prime
AMA-C3832, Noah Wang ,noah.wang890@example.com,New York,NY,US,04-Sep-2022,
AMA-C4009,Ken Brown,ken.brown992@example.com,Atlanta,GA,US,27-Jan-2023,Prime Student
AMA-C3481,Ben Brown,ben.brown240@example.com,Phoenix,AZ,US,12/31/2024,Prime
AMA-C9019,WEI WILSON,wei.wilson241@example.com,Atlanta,GA,US,05/03/2025,Prime Student
AMA-C3031,Zoe Lee,zoe.lee536@example.com,Seattle,WA,US,2024-03-02,Non-Prime
AMA-C6888,Noah Davis,noah.davis454@example.com,New York,NY,US,25-Jun-2023,Non-Prime
AMA-C4054,Aarav Wilson,aarav.wilson506@example.com,Phoenix,AZ,US,18-Aug-2022,Prime Student
AMA-C5547,maria garcia,maria.garcia475@example.com,Miami,FL,US,11-Feb-2024,Prime Student
AMA-C3557,Anna Suzuki,anna.suzuki238@example.com,Denver,CO,US,02-Jul-2021,Prime Student
AMA-C3433,Michael Kumar,michael.kumar549@example.com,Chicago,IL,US,2025-07-02,Prime
AMA-C1990,AVA BROWN,ava.brown358@example.com,Chicago,IL,US,10/25/2021,Prime Student
AMA-C1354,KEN ROSSI,ken.rossi12@example.com,Boston,MA,US,2022-01-10,Non-Prime
AMA-C7694,Ken Müller,ken.müller377@example.com,Denver,CO,US,01-Jul-2024,Prime Student
AMA-C7374,Aarav Johnson,aarav.johnson347@example.com,Atlanta,GA,US,2023-07-23,Prime Student
AMA-C8575,wei chen,wei.chen931@example.com,seattle,WA,US,11/21/2022,Prime Student
AMA-C9485,sofia rossi,sofia.rossi816@example.com,Boston,MA,US,12-Aug-2022,Non-Prime
AMA-C5934,Fatima Singh,fatima.singh898@example.com,Boston,MA,US,25-Sep-2023,Prime Student
AMA-C8244,carlos smith,carlos.smith457@example.com,Phoenix,AZ,US,2021-12-02,Non-Prime
AMA-C7219,ava tanaka,ava.tanaka516@example.com,Miami,FL,US,2025-09-29,Non-Prime
AMA-C1635,Sara Wilson,sara.wilson630@example.com,Chicago,IL,US,2021-10-05,Prime
AMA-C5434,Vivaan Patel,vivaan.patel428@example.com,Houston,TX,US,24-Feb-2022,Non-Prime
AMA-C1172,Zoe Tanaka,zoe.tanaka324@example.com,Boston,MA,US,2021-05-03,Non-Prime
AMA-C3166,VIVAAN GARCIA,vivaan.garcia42@example.com,Chicago,IL,US,29-Aug-2024,Prime Student
AMA-C8940,OLIVIA SINGH,olivia.singh466@example.com,Seattle,WA,US,2022-11-18,Non-Prime
AMA-C6155,John Patel,john.patel433@example.com,phoenix,AZ,US,09/09/2021,Prime Student
AMA-C5854,Yuki Müller,yuki.müller681@example.com,Boston,MA,US,2024-05-28,Prime
AMA-C10968,anna kim,,Los Angeles,CA,US,10/11/2025,Non-Prime
AMA-C4504,Anna Suzuki,anna.suzuki304@example.com,Boston,MA,US,29-Mar-2022,Non-Prime
AMA-C1795,Priya Tanaka,priya.tanaka781@example.com,Seattle,WA,US,27-May-2022,Non-Prime
AMA-C10715,Rahul Johnson,,DENVER,CO,US,11/11/2024,Non-Prime
AMA-C5215,BEN KUMAR,ben.kumar753@example.com,Denver,CO,US,2021-12-09,Prime
AMA-C6287,rahul anderson,rahul.anderson543@example.com,Boston,MA,US,27-Mar-2023,Non-Prime
AMA-C9617,wei singh,wei.singh779 at example.com,Denver,CO,US,17-Nov-2023,Prime Student
AMA-C5973,Ken Khan,ken.khan93@example.com,Chicago,IL,US,11/07/2021,Prime
AMA-C6835,Olivia Johnson,olivia.johnson36@example.com,BOSTON,MA,US,26-Jul-2022,Non-Prime
AMA-C5984,Sofia Tanaka,,Chicago,IL,US,01/03/2025,Prime Student
AMA-C5146,PRIYA WANG,priya.wang673@example.com,Los Angeles,CA,US,2024-07-28,Prime
AMA-C1066,RAHUL CHEN,rahul.chen516@example.com,Chicago,IL,US,11/07/2024,Prime
AMA-C7015,Rahul Smith,rahul.smith139@example.com,Denver,CO,US,15-Nov-2022,Prime
AMA-C1578,wei chen,wei.chen923@example.com,Boston,MA,US,22-Jul-2025,Prime Student
AMA-C8691,Ben Suzuki,ben.suzuki489@example.com,Boston,MA,US,08/20/2025,Prime
AMA-C6244,Anna Martin,anna.martin523@example.com,Seattle,WA,US,04/23/2024,Prime Student
AMA-C2993,Anna Müller,anna.müller180@example.com,Boston,MA,US,2025-05-25,Prime Student
AMA-C7482,ava davis,ava.davis102@example.com,Los Angeles,CA,US,2025-12-23,Non-Prime
AMA-C5024,Zoe Kim,,Denver,CO,US,03/07/2024,Non-Prime
AMA-C3825,Noah Anderson,noah.anderson365@example.com,New York,NY,US,05/15/2021,Prime
AMA-C4535,Fatima Brown,fatima.brown551@example.com,Seattle,WA,US,07-May-2023,Prime Student
AMA-C3972,Sofia Wang,sofia.wang898 at example.com,Los Angeles,CA,US,06/12/2022,Non-Prime
AMA-C10866,John Suzuki,john.suzuki587@example.com,Denver,CO,US,05-Jun-2021,Prime
AMA-C9297,Yuki Tanaka,yuki.tanaka242@example.com,Boston,MA,US,28-Jan-2022,Prime
AMA-C9113,Liam Kumar,liam.kumar788@example.com,Denver,CO,US,2021-09-09,Prime
AMA-C10787,DAVID GARCIA,david.garcia873@example.com,Los Angeles,CA,US,2025-04-10,Prime Student
AMA-C6718, Zoe Sharma ,zoe.sharma928@example.com,Boston,MA,US,13-Oct-2024,Prime
AMA-C8473,Ava Kim,ava.kim9@example.com,Phoenix,AZ,US,04-Jul-2022,Prime Student
AMA-C10096,Ben Garcia,ben.garcia316@example.com,Phoenix,AZ,US,12/10/2023,Non-Prime
AMA-C9438,Fatima Johnson,fatima.johnson315@example.com,Houston,TX,US,2023-04-08,Prime
AMA-C1065, Rahul Garcia ,rahul.garcia892@example.com,New York,NY,US,2025-03-16,Prime Student
AMA-C6132,ANNA KIM,anna.kim661@example.com,new york,NY,US,05/18/2023,Prime
AMA-C1579,Emma Lee,emma.lee2@example.com,Miami,FL,US,12-Jul-2025,Prime
AMA-C2077,NOAH SMITH,noah.smith248@example.com,Boston,MA,US,08/23/2021,Prime Student
AMA-C10953,Carlos Martin,carlos.martin570@example.com,Atlanta,GA,US,07-Jan-2021,Prime Student
AMA-C2828,Ken Brown,,Seattle,WA,US,11-Oct-2025,Prime Student
AMA-C8512,James Wang,james.wang510@example.com,Seattle,WA,US,2024-06-21,Prime Student
AMA-C10045,Ken Wilson,ken.wilson162@example.com,Phoenix,AZ,US,09/02/2023,Prime Student
AMA-C4693,Noah Patel,noah.patel411@example.com,new york,NY,US,04-Mar-2024,Prime Student
AMA-C10774,Fatima Garcia,fatima.garcia195@example.com,Chicago,IL,US,2022-03-23,Prime Student
AMA-C5586,Chen Wang,chen.wang725@example.com,Los Angeles,CA,US,2025-02-17,Non-Prime
AMA-C5153,Aditya Sharma,,Atlanta,GA,US,07/20/2022,Prime
AMA-C3352,OLIVIA TANAKA,olivia.tanaka115@example.com,Boston,MA,US,2022-03-24,Non-Prime
AMA-C10000, Ken Lee ,ken.lee663@example.com,Seattle,WA,US,2024-07-05,Prime
AMA-C4661,Vivaan Kumar,vivaan.kumar570@example.com,Los Angeles,CA,US,04/07/2023,Prime
AMA-C2578,John Kumar,john.kumar659@example.com,Atlanta,GA,US,2024-05-24,Non-Prime
AMA-C3233,Ken Müller,ken.müller174@example.com,Denver,CO,US,2025-05-28,Prime Student
AMA-C4880,Michael Patel,michael.patel30@example.com,Denver,CO,US,29-Jan-2025,Prime
AMA-C7425,vivaan müller,vivaan.müller451@example.com,Chicago,IL,US,11/06/2021,Prime
AMA-C7666,Li Brown,li.brown80@example.com,Miami,FL,US,2021-08-19,Prime
AMA-C10419,Aditya Garcia,aditya.garcia24@example.com,Los Angeles,CA,US,2024-06-05,Non-Prime
AMA-C6371,Noah Smith,noah.smith676@example.com,Los Angeles,CA,US,08/12/2021,
AMA-C4381,Michael Kim,michael.kim94@example.com,New York,NY,US,23-May-2023,Prime Student
AMA-C1756,Aarav Yamada,aarav.yamada923@example.com,houston,TX,US,06/14/2021,Non-Prime
AMA-C8891,Noah Patel,noah.patel585@example.com,Seattle,WA,US,12-Feb-2022,Non-Prime
AMA-C2421,Aditya Chen,aditya.chen667@example.com,Denver,CO,US,08-Aug-2023,Non-Prime
AMA-C4475,Yuki Davis,yuki.davis252@example.com,Miami,FL,US,01/07/2023,Prime
AMA-C4777,Ben Davis,ben.davis960@example.com,Denver,CO,US,09/18/2023,Prime
AMA-C8459,Carlos Patel,carlos.patel929@example.com,Miami,FL,US,2022-10-13,Non-Prime
AMA-C2312,JOHN ANDERSON,,Houston,TX,US,23-May-2022,Prime
AMA-C8738,Anna Yamada,anna.yamada458@example.com,Los Angeles,CA,US,2024-07-11,Prime
AMA-C3074,ZOE KUMAR,,Atlanta,GA,US,08/31/2021,
AMA-C5814,Ken Kim,ken.kim530@example.com,New York,NY,US,06/26/2024,Prime
AMA-C1146,Ava Garcia,ava.garcia527@example.com,CHICAGO,IL,US,03/15/2023,Prime Student
AMA-C10290,Fatima Garcia,fatima.garcia947@example.com,atlanta,GA,US,01/05/2025,Non-Prime
AMA-C8722,maria kim,,Seattle,WA,US,28-Jan-2021,Non-Prime
AMA-C8946,RAHUL ROSSI,rahul.rossi686 at example.com,Boston,MA,US,2024-02-20,Prime Student
AMA-C2768,Zoe Suzuki,zoe.suzuki283@example.com,Houston,TX,US,12/31/2022,Prime
AMA-C3241,Ken Martin,ken.martin465@example.com,Houston,TX,US,24-Sep-2025,Prime
AMA-C8665,Yuki Sharma,yuki.sharma810@example.com,Seattle,WA,US,2024-08-26,Non-Prime
AMA-C2254,Sara Suzuki,sara.suzuki805@example.com,Miami,FL,US,12/28/2025,Non-Prime
AMA-C9583,Wei Müller,wei.müller559@example.com,Atlanta,GA,US,31-May-2024,Non-Prime
AMA-C1878,Sofia Wang,sofia.wang206@example.com,new york,NY,US,26-Apr-2021,Prime Student
AMA-C4621,Sara Rossi,sara.rossi771@example.com,Los Angeles,CA,US,19-Feb-2023,Prime
AMA-C1421,ava lee,,Seattle,WA,US,09/01/2025,Prime
AMA-C5097,Chen Martin,chen.martin774@example.com,Seattle,WA,US,2024-06-06,Prime Student
AMA-C1841, Carlos Sharma ,carlos.sharma295@example.com,Houston,TX,US,12/15/2022,Prime
AMA-C5919,Vivaan Singh,vivaan.singh561@example.com,Miami,FL,US,01-May-2023,Non-Prime
AMA-C4136,Mohammed Lee,mohammed.lee126@example.com,Miami,FL,US,11/01/2022,Prime
AMA-C6763,sara yamada,sara.yamada505@example.com,Los Angeles,CA,US,23-Mar-2022,Prime Student
AMA-C1048,David Singh,david.singh932@example.com,Atlanta,GA,US,13-Oct-2021,Prime
AMA-C9122,Olivia Sharma,olivia.sharma569@example.com,Los Angeles,CA,US,03-Sep-2025,Non-Prime
AMA-C6947,Ben Tanaka,ben.tanaka519@example.com,Los Angeles,CA,US,2022-03-15,
AMA-C7878,Ben Chen,ben.chen690@example.com,Houston,TX,US,07/21/2025,Prime
AMA-C3544,Vivaan Rossi,vivaan.rossi656@example.com,Seattle,WA,US,2023-07-02,Non-Prime
AMA-C10508,Chen Kim,chen.kim350@example.com,Los Angeles,CA,US,2023-01-31,Prime
AMA-C9279,James Patel,james.patel416@example.com,Denver,CO,US,04/25/2024,Prime Student
AMA-C7077,Ben Suzuki,ben.suzuki159@example.com,New York,NY,US,04/12/2022,Prime Student
AMA-C6173,KEN SUZUKI,,New York,NY,US,29-Mar-2024,Prime
AMA-C7570,Rahul Chen,rahul.chen477@example.com,New York,NY,US,12/20/2022,Non-Prime
AMA-C4440,james suzuki,james.suzuki1@example.com,Chicago,IL,US,10/28/2021,Prime Student
AMA-C10470,John Tanaka,john.tanaka946@example.com,boston,MA,US,03/19/2024,Non-Prime
AMA-C4787,Michael Sharma,michael.sharma969@example.com,Boston,MA,US,2023-02-09,Non-Prime
AMA-C6251,Chen Yamada,,Atlanta,GA,US,2021-10-23,Prime Student
AMA-C9187,Ava Rossi,ava.rossi169@example.com,Houston,TX,US,15-Jun-2024,Prime
AMA-C3014,Ava Suzuki,ava.suzuki346@example.com,Atlanta,GA,US,01/22/2023,Non-Prime
AMA-C2755,john wang,john.wang955@example.com,Atlanta,GA,US,2024-09-05,Prime
AMA-C2813,Yuki Suzuki,yuki.suzuki830@example.com,Boston,MA,US,25-Jul-2024,Prime
AMA-C3057,Rahul Johnson,rahul.johnson219@example.com,Phoenix,AZ,US,2023-12-11,Prime Student
AMA-C5143,Sara Kim,sara.kim895@example.com,Chicago,IL,US,2025-02-22,Prime Student
AMA-C7922,Li Chen,li.chen687@example.com,Boston,MA,US,05/29/2022,Prime
AMA-C7522,Sofia Müller,sofia.müller437@example.com,Phoenix,AZ,US,2022-05-24,
AMA-C10138,JAMES MÜLLER,james.müller64@example.com,Boston,MA,US,2025-01-29,Prime
AMA-C4037,Carlos Suzuki,carlos.suzuki671@example.com,Chicago,IL,US,2022-06-04,Prime Student
AMA-C9140,Rahul Rossi,rahul.rossi730@example.com,Houston,TX,US,17-Dec-2023,Prime
AMA-C8904,Maria Wilson,maria.wilson68@example.com,Chicago,IL,US,2025-04-07,Non-Prime
AMA-C3246,Olivia Lee,olivia.lee633@example.com,New York,NY,US,22-Aug-2025,Non-Prime
AMA-C3265,Fatima Chen,fatima.chen765@example.com,Phoenix,AZ,US,02-Dec-2024,Prime
AMA-C6900,Noah Smith,noah.smith873@example.com,Chicago,IL,US,17-Sep-2021,Prime Student
AMA-C6996,Liam Johnson,liam.johnson736@example.com,Atlanta,GA,US,10/01/2021,Prime
AMA-C3230,David Smith,david.smith756@example.com,BOSTON,MA,US,03/20/2024,Prime Student
AMA-C10079,JAMES GARCIA,james.garcia104@example.com,Houston,TX,US,2024-01-04,Non-Prime
AMA-C8052,Maria Chen,,Phoenix,AZ,US,2025-07-13,Prime Student
AMA-C5500,Ken Sharma,ken.sharma557@example.com,New York,NY,US,03/24/2025,Prime Student
AMA-C8760,Li Suzuki,li.suzuki389@example.com,Phoenix,AZ,US,05/11/2025,Non-Prime
AMA-C1018,Priya Wilson,priya.wilson652@example.com,Atlanta,GA,US,07-Nov-2022,Prime
AMA-C7130,Sofia Tanaka,sofia.tanaka353@example.com,New York,NY,US,10/05/2025,
AMA-C5188,Priya Kumar,priya.kumar7@example.com,Los Angeles,CA,US,07/16/2022,Prime Student
AMA-C4288,Wei Yamada,,Boston,MA,US,2022-09-30,Prime
AMA-C2018,Michael Sharma,michael.sharma489@example.com,Denver,CO,US,09/07/2025,Prime
AMA-C2331,Mohammed Anderson,mohammed.anderson612@example.com,atlanta,GA,US,21-Nov-2021,Prime Student
AMA-C9167,Li Martin,li.martin494@example.com,HOUSTON,TX,US,2025-05-28,Prime
AMA-C4858,Fatima Yamada,fatima.yamada273@example.com,Seattle,WA,US,27-Feb-2023,Prime
AMA-C6936,ADITYA WANG,aditya.wang164@example.com,Houston,TX,US,13-Aug-2025,Prime Student
AMA-C6886,Chen Anderson,chen.anderson787@example.com,Houston,TX,US,09/23/2024,Non-Prime
AMA-C1291,Vivaan Wang,,Boston,MA,US,04/10/2021,Prime Student
AMA-C7747,Sofia Suzuki,sofia.suzuki935@example.com,NEW YORK,NY,US,03/10/2023,Non-Prime
AMA-C3748,Ava Sharma,ava.sharma414@example.com,Denver,CO,US,11/20/2024,Non-Prime
AMA-C10219,Wei Garcia,wei.garcia252@example.com,MIAMI,FL,US,19-Mar-2023,Prime
AMA-C1106,ken wang,ken.wang68@example.com,New York,NY,US,10/22/2025,Prime
AMA-C4899,Olivia Müller,,Chicago,IL,US,03/19/2025,Prime
AMA-C5915,Ben Garcia,ben.garcia120@example.com,New York,NY,US,06-Feb-2022,Prime Student
AMA-C4812,david müller,david.müller344@example.com,Denver,CO,US,10/17/2022,Non-Prime
AMA-C7458,JOHN BROWN,john.brown367@example.com,Phoenix,AZ,US,2022-03-28,Prime
AMA-C3581, Olivia Garcia ,olivia.garcia590 at example.com,Denver,CO,US,22-Jun-2021,Prime
AMA-C9176,Emma Smith,emma.smith127@example.com,Denver,CO,US,2022-05-17,Prime
AMA-C3956,Emma Yamada,emma.yamada704@example.com,Houston,TX,US,10/01/2024,Non-Prime
AMA-C8929,sofia johnson,sofia.johnson352@example.com,Boston,MA,US,2021-02-16,Prime
AMA-C5308,Yuki Yamada,yuki.yamada572@example.com,Miami,FL,US,2025-07-25,Non-Prime
AMA-C4256,Sofia Wilson,sofia.wilson161@example.com,Houston,TX,US,2025-09-24,Prime
AMA-C4267,Liam Suzuki,liam.suzuki88@example.com,New York,NY,US,09/29/2024,
AMA-C10106,Olivia Lee,olivia.lee952@example.com,Miami,FL,US,2022-11-09,Prime Student
AMA-C5481,Aarav Patel,aarav.patel459@example.com,Chicago,IL,US,2021-04-25,Non-Prime
AMA-C4639,Vivaan Wang,vivaan.wang584@example.com,Los Angeles,CA,US,2024-08-13,Non-Prime
AMA-C6610,carlos singh,carlos.singh55@example.com,Boston,MA,US,27-Jul-2024,
AMA-C9500,James Wang,james.wang159@example.com,Phoenix,AZ,US,2022-09-08,Prime
AMA-C7709, John Chen ,john.chen111@example.com,Los Angeles,CA,US,11-Aug-2022,Non-Prime
AMA-C5837,James Sharma,,Chicago,IL,US,08/27/2023,Non-Prime
AMA-C5802,Mohammed Patel,mohammed.patel450@example.com,Houston,TX,US,07/23/2025,Prime
AMA-C3264,MICHAEL WANG,michael.wang183@example.com,Boston,MA,US,2023-07-21,
AMA-C3189,Aditya Kumar,aditya.kumar941@example.com,Phoenix,AZ,US,12/14/2022,Non-Prime
AMA-C2901,david sharma,david.sharma896@example.com,Chicago,IL,US,22-Jan-2021,Non-Prime
AMA-C8255,YUKI JOHNSON,yuki.johnson109 at example.com,New York,NY,US,06-Feb-2021,Prime
AMA-C2336,WEI JOHNSON,wei.johnson869@example.com,Denver,CO,US,15-Nov-2023,Prime
AMA-C2561,JOHN WILSON,john.wilson863@example.com,Chicago,IL,US,2023-09-26,Non-Prime
AMA-C4393,Yuki Kumar,yuki.kumar583@example.com,Boston,MA,US,30-Aug-2022,Prime Student
AMA-C9310,Michael Lee,michael.lee668@example.com,Denver,CO,US,03/30/2024,Prime Student
AMA-C5560,Aditya Anderson,aditya.anderson922@example.com,Los Angeles,CA,US,13-Mar-2023,Non-Prime
AMA-C5497, Mohammed Lee ,mohammed.lee701@example.com,Chicago,IL,US,18-Jun-2025,Non-Prime
AMA-C9353,MOHAMMED KIM,mohammed.kim978@example.com,Houston,TX,US,2024-10-01,Prime Student
AMA-C2725,Maria Kim,maria.kim827@example.com,CHICAGO,IL,US,2023-04-29,Prime Student
AMA-C8345,Anna Singh,,Boston,MA,US,02-Nov-2023,Prime
AMA-C5261,Emma Brown,emma.brown687@example.com,Chicago,IL,US,05/16/2024,Prime Student
AMA-C1569,Rahul Wang,rahul.wang460@example.com,seattle,WA,US,08-Oct-2023,
AMA-C9551,Liam Kumar,liam.kumar801@example.com,Seattle,WA,US,02/16/2025,Prime Student
AMA-C5800,Ava Sharma,,Chicago,IL,US,2021-08-19,Prime Student
AMA-C8056,Wei Rossi,wei.rossi763@example.com,NEW YORK,NY,US,09-Nov-2024,Prime
AMA-C9170,Noah Garcia,noah.garcia94@example.com,Denver,CO,US,2021-07-19,Prime Student
AMA-C2414,Sofia Rossi,sofia.rossi741@example.com,Miami,FL,US,05/29/2022,Non-Prime
AMA-C8472,John Smith,john.smith757@example.com,Atlanta,GA,US,12/21/2025,Prime
AMA-C1141,Rahul Yamada,rahul.yamada235@example.com,Miami,FL,US,29-Sep-2025,Prime Student
AMA-C4468,Ken Chen,ken.chen204@example.com,New York,NY,US,2021-04-16,Non-Prime
AMA-C10437,Chen Rossi,chen.rossi734@example.com,Phoenix,AZ,US,10/02/2023,Non-Prime
AMA-C2360,Liam Davis,liam.davis213@example.com,Phoenix,AZ,US,25-Sep-2024,Non-Prime
AMA-C2384,Emma Lee,emma.lee506@example.com,Boston,MA,US,19-Aug-2022,Prime
AMA-C9963,olivia patel,olivia.patel932@example.com,Atlanta,GA,US,10-Oct-2025,Prime Student
AMA-C1032,David Khan,david.khan260@example.com,SEATTLE,WA,US,2021-10-20,Prime
AMA-C8857,Ben Sharma,ben.sharma193@example.com,Los Angeles,CA,US,2025-02-02,Non-Prime
AMA-C5857, Vivaan Sharma ,vivaan.sharma706@example.com,Denver,CO,US,2024-10-24,Non-Prime
AMA-C4469,emma brown,emma.brown292@example.com,Miami,FL,US,2025-04-08,Prime Student
AMA-C6491,Priya Rossi,priya.rossi520@example.com,Los Angeles,CA,US,01-Mar-2021,Non-Prime
AMA-C4946,Anna Johnson,anna.johnson159@example.com,Denver,CO,US,11/04/2023,Prime Student
AMA-C8183,Ava Rossi,ava.rossi36@example.com,Denver,CO,US,2024-11-20,Non-Prime
AMA-C6167,Anna Patel,anna.patel865@example.com,Seattle,WA,US,21-Apr-2024,Prime
AMA-C9420,Li Smith,li.smith536@example.com,new york,NY,US,2022-06-06,Prime Student
AMA-C7929,Ken Yamada,ken.yamada234@example.com,Atlanta,GA,US,09-May-2022,Prime
AMA-C6508,David Davis,david.davis804@example.com,Miami,FL,US,2021-07-26,Non-Prime
AMA-C9458, Li Singh ,li.singh577@example.com,Los Angeles,CA,US,2024-03-11,Non-Prime
AMA-C10952,PRIYA DAVIS,priya.davis38@example.com,New York,NY,US,12-Aug-2024,Prime Student
AMA-C1101,James Wang,james.wang836@example.com,Houston,TX,US,24-Jan-2025,Prime Student
AMA-C5205,Mohammed Smith,mohammed.smith345@example.com,Houston,TX,US,2022-12-14,Prime Student
AMA-C2338,Mohammed Patel,mohammed.patel735@example.com,Phoenix,AZ,US,07/24/2024,Prime Student
AMA-C2029,Liam Patel,liam.patel975@example.com,Chicago,IL,US,2025-05-26,Non-Prime
AMA-C8478,Li Rossi,li.rossi585@example.com,SEATTLE,WA,US,2025-07-12,Prime Student
AMA-C5937,WEI PATEL,wei.patel223@example.com,houston,TX,US,30-Mar-2025,
AMA-C9244,James Suzuki,james.suzuki660@example.com,chicago,IL,US,03/29/2021,Non-Prime
AMA-C1789,Rahul Tanaka,,New York,NY,US,12/31/2024,Non-Prime
AMA-C5471,Michael Wang,michael.wang522@example.com,Boston,MA,US,01-Sep-2024,Prime
AMA-C1467,Sofia Johnson,sofia.johnson996@example.com,Houston,TX,US,07/28/2023,Prime Student
AMA-C2149,ben kumar,ben.kumar986@example.com,New York,NY,US,2022-03-08,Non-Prime
AMA-C5139,Liam Suzuki,liam.suzuki615@example.com,PHOENIX,AZ,US,2025-12-01,
AMA-C3614,FATIMA WANG,fatima.wang237@example.com,Atlanta,GA,US,16-Jun-2025,
AMA-C4660,Li Chen,li.chen350@example.com,Los Angeles,CA,US,02/01/2024,Prime
AMA-C6297,John Johnson,john.johnson455@example.com,Los Angeles,CA,US,11/12/2021,Prime
AMA-C7123,Li Wilson,li.wilson646@example.com,DENVER,CO,US,03/22/2021,Non-Prime
AMA-C3504,JOHN TANAKA,,Atlanta,GA,US,18-Feb-2024,
AMA-C10934,James Lee,james.lee824@example.com,New York,NY,US,2024-05-15,Non-Prime
AMA-C8973,Chen Martin,chen.martin876@example.com,Los Angeles,CA,US,2023-08-02,Prime
AMA-C9733, Priya Chen ,priya.chen258@example.com,Seattle,WA,US,06-Sep-2025,Non-Prime
AMA-C3482,Sara Müller,sara.müller592@example.com,New York,NY,US,20-Apr-2025,Non-Prime
AMA-C7680,Anna Wang,anna.wang103@example.com,MIAMI,FL,US,11-Mar-2024,Non-Prime
AMA-C2719,Zoe Garcia,zoe.garcia50@example.com,Houston,TX,US,05/03/2025,Prime
AMA-C6180,Li Wang,li.wang46@example.com,Miami,FL,US,2024-04-14,Non-Prime
AMA-C4367,Ava Khan,ava.khan982@example.com,Chicago,IL,US,01/26/2024,Non-Prime
AMA-C2859,vivaan anderson,vivaan.anderson859@example.com,Houston,TX,US,20-May-2024,Non-Prime
AMA-C10871,vivaan müller,vivaan.müller226@example.com,Houston,TX,US,11/04/2024,Non-Prime
AMA-C10816,Chen Kim,chen.kim832@example.com,Los Angeles,CA,US,2023-05-28,Non-Prime
AMA-C3146,Yuki Khan,yuki.khan462@example.com,Miami,FL,US,03/14/2025,Prime
AMA-C4286,Ken Anderson,ken.anderson134@example.com,Atlanta,GA,US,07/08/2022,
AMA-C8217,aditya davis,,Denver,CO,US,2022-02-17,Prime
AMA-C10350,Anna Singh,anna.singh516@example.com,Chicago,IL,US,06-Mar-2025,Prime
AMA-C5083,Vivaan Johnson,vivaan.johnson85@example.com,Denver,CO,US,08/03/2025,Non-Prime
AMA-C2999,ken tanaka,ken.tanaka297@example.com,Houston,TX,US,2022-11-17,Prime Student
AMA-C5951,James Brown,james.brown336@example.com,Seattle,WA,US,01/27/2023,Non-Prime
AMA-C10757,Carlos Chen,carlos.chen254@example.com,Seattle,WA,US,06/23/2023,Prime Student
AMA-C7872,RAHUL LEE,rahul.lee349@example.com,Phoenix,AZ,US,2024-09-29,Non-Prime
AMA-C9074,Rahul Kumar,,Los Angeles,CA,US,21-Sep-2025,Prime
AMA-C3942,Li Kim,li.kim494@example.com,Denver,CO,US,09-Aug-2025,Prime Student
AMA-C8157,David Yamada,david.yamada356@example.com,Denver,CO,US,02/18/2022,Non-Prime
AMA-C7283,David Wilson,david.wilson559@example.com,Boston,MA,US,2022-08-11,Non-Prime
AMA-C7019,james johnson,james.johnson400@example.com,Boston,MA,US,10/18/2021,Prime Student
AMA-C7537,Priya Khan,priya.khan867@example.com,Boston,MA,US,2023-07-20,Non-Prime
AMA-C10030,Aarav Tanaka,aarav.tanaka524@example.com,Houston,TX,US,11/05/2021,Non-Prime
AMA-C2737,Zoe Singh,zoe.singh564@example.com,Houston,TX,US,07/24/2021,Prime Student
AMA-C5820,Olivia Chen,olivia.chen637@example.com,Miami,FL,US,2025-09-17,Prime Student
AMA-C10485,CHEN GARCIA,chen.garcia44@example.com,miami,FL,US,10/13/2021,Non-Prime
AMA-C2942,rahul rossi,rahul.rossi181@example.com,Houston,TX,US,2021-04-05,Non-Prime
AMA-C1145,Ben Martin,ben.martin210@example.com,Denver,CO,US,01/14/2024,Prime Student
AMA-C1292,Aarav Yamada,aarav.yamada218@example.com,Seattle,WA,US,26-Feb-2021,Prime
AMA-C2716,James Suzuki,,Denver,CO,US,11-Jun-2021,Non-Prime
AMA-C7065,Zoe Müller,zoe.müller745 at example.com,Houston,TX,US,12/28/2021,Non-Prime
AMA-C7907,Priya Davis,priya.davis733@example.com,Seattle,WA,US,09/18/2022,Prime
AMA-C3837,Li Rossi,li.rossi462@example.com,Los Angeles,CA,US,2023-06-12,Non-Prime
AMA-C9532,James Kumar,james.kumar317 at example.com,los angeles,CA,US,2022-06-14,Prime
AMA-C9736,Chen Lee,chen.lee233@example.com,Denver,CO,US,2021-10-24,Prime Student
AMA-C1412,JOHN WANG,john.wang308 at example.com,Phoenix,AZ,US,02-Jun-2025,Non-Prime
AMA-C7183,Aarav Khan,aarav.khan176@example.com,Chicago,IL,US,03/10/2021,Prime
AMA-C5916,Sara Martin,sara.martin683@example.com,Miami,FL,US,11/23/2021,Prime Student
AMA-C6076,aditya tanaka,aditya.tanaka499@example.com,MIAMI,FL,US,2022-09-30,Prime
AMA-C9426,Anna Brown,anna.brown544@example.com,Denver,CO,US,26-Aug-2022,Prime Student
AMA-C2789,Ken Johnson,ken.johnson740@example.com,Los Angeles,CA,US,2024-08-19,Prime Student
AMA-C8995,Sofia Wang,sofia.wang696@example.com,Miami,FL,US,02/06/2021,Prime Student
AMA-C3842,Rahul Kumar,rahul.kumar371@example.com,New York,NY,US,2021-07-19,Prime
AMA-C6632,Li Yamada,li.yamada939 at example.com,New York,NY,US,2025-07-21,Prime Student
AMA-C8621,li johnson,li.johnson873@example.com,Houston,TX,US,26-Feb-2021,Non-Prime
AMA-C4033,David Chen,david.chen301@example.com,los angeles,CA,US,22-Aug-2022,Non-Prime
AMA-C2178,CARLOS KIM,carlos.kim1@example.com,Los Angeles,CA,US,14-Dec-2024,Prime Student
AMA-C6187,Chen Müller,chen.müller671@example.com,Phoenix,AZ,US,05/13/2022,Prime Student
AMA-C10152,Carlos Kim,carlos.kim609@example.com,Los Angeles,CA,US,2022-02-01,Prime
AMA-C1112,Ben Martin,ben.martin2@example.com,Seattle,WA,US,10-Feb-2025,Non-Prime
AMA-C9535,noah lee,noah.lee892@example.com,SEATTLE,WA,US,17-Feb-2022,Prime
AMA-C2658,Ben Kim,ben.kim469@example.com,Los Angeles,CA,US,2024-11-18,Prime Student
AMA-C3909,Priya Müller,priya.müller284@example.com,Seattle,WA,US,11/28/2024,Prime
AMA-C9980,James Singh,james.singh18@example.com,Los Angeles,CA,US,2022-12-30,Non-Prime
AMA-C10424,Carlos Brown,carlos.brown645@example.com,New York,NY,US,21-Oct-2021,Non-Prime
AMA-C10394,Chen Martin,chen.martin371@example.com,New York,NY,US,2025-06-28,Non-Prime
AMA-C4101,Rahul Suzuki,,New York,NY,US,07/17/2025,Prime Student
AMA-C9110,David Sharma,,New York,NY,US,02/16/2021,Prime
AMA-C9988,Aarav Patel,aarav.patel13@example.com,Los Angeles,CA,US,05/19/2022,Non-Prime
AMA-C2051,BEN WANG,ben.wang252@example.com,Seattle,WA,US,15-Apr-2022,Prime
AMA-C5776,Noah Rossi,noah.rossi573@example.com,Phoenix,AZ,US,12-Dec-2022,
AMA-C10175,Olivia Lee,olivia.lee89@example.com,los angeles,CA,US,11/05/2022,Non-Prime
AMA-C1742,Anna Rossi,,Seattle,WA,US,2025-09-14,Prime Student
AMA-C4853,Olivia Khan,olivia.khan202@example.com,Miami,FL,US,07/05/2024,Prime
AMA-C3860,EMMA KIM,emma.kim757@example.com,Chicago,IL,US,2024-12-12,Non-Prime
AMA-C6909,Priya Wang,priya.wang422@example.com,Chicago,IL,US,2021-07-29,Prime Student
AMA-C2061,Sara Khan,sara.khan184@example.com,Miami,FL,US,18-May-2024,Prime
AMA-C3558,John Lee,john.lee522@example.com,Seattle,WA,US,2025-03-19,Prime
AMA-C3682,John Singh,john.singh424@example.com,Atlanta,GA,US,15-Jun-2025,Prime Student
AMA-C6596,James Kim,james.kim878@example.com,Atlanta,GA,US,01/04/2024,Prime
AMA-C3476,Li Johnson,li.johnson621@example.com,MIAMI,FL,US,27-Sep-2022,Non-Prime
AMA-C7368, Anna Davis ,anna.davis252@example.com,Denver,CO,US,08/23/2022,Prime Student
AMA-C6240, John Brown ,john.brown960@example.com,Seattle,WA,US,03/04/2021,Prime Student
AMA-C6761,Priya Lee,priya.lee170@example.com,Miami,FL,US,12/01/2025,Prime
AMA-C1113,Vivaan Wang,vivaan.wang628 at example.com,Denver,CO,US,11-Apr-2022,Prime
AMA-C10416,Aditya Kim,aditya.kim877@example.com,Phoenix,AZ,US,2023-05-31,Prime Student
AMA-C7991,Emma Wilson,emma.wilson736@example.com,Miami,FL,US,2024-01-19,Non-Prime
AMA-C4674,Anna Wilson,anna.wilson177@example.com,Phoenix,AZ,US,11/16/2023,Non-Prime
AMA-C9831,Noah Davis,noah.davis27@example.com,Houston,TX,US,06/29/2023,Prime Student
AMA-C1216,Yuki Kumar,yuki.kumar754@example.com,Denver,CO,US,12/27/2022,Prime Student
AMA-C1519,Fatima Kumar,fatima.kumar921@example.com,CHICAGO,IL,US,08-Oct-2021,Non-Prime
AMA-C1572,Aditya Sharma,,Boston,MA,US,2025-01-13,Prime Student
AMA-C8137,Aditya Rossi,aditya.rossi746@example.com,Houston,TX,US,08/04/2021,Prime Student
AMA-C8971,CHEN MÜLLER,chen.müller893@example.com,Seattle,WA,US,05/02/2024,
AMA-C2394,Li Singh,li.singh749@example.com,New York,NY,US,04/10/2023,Non-Prime
AMA-C3621,Ava Wilson,,Houston,TX,US,12/26/2023,Prime Student
AMA-C1781,Fatima Smith,fatima.smith398@example.com,los angeles,CA,US,2025-05-01,Prime
AMA-C4852,ken rossi,ken.rossi999@example.com,Miami,FL,US,2021-09-04,Prime
AMA-C7808,Li Rossi,li.rossi327@example.com,Seattle,WA,US,05-May-2024,Non-Prime
AMA-C8000, Wei Johnson ,wei.johnson29@example.com,Los Angeles,CA,US,2021-05-23,Prime Student
AMA-C3762,John Smith,john.smith11@example.com,Seattle,WA,US,2025-05-18,Prime Student
AMA-C4522,Rahul Anderson,rahul.anderson856@example.com,los angeles,CA,US,05/15/2021,Prime Student
AMA-C7250,Vivaan Garcia,vivaan.garcia978@example.com,Boston,MA,US,01/21/2021,Prime
AMA-C5709,Li Singh,li.singh922@example.com,Houston,TX,US,05/08/2023,Prime
AMA-C6929,Priya Davis,priya.davis121@example.com,atlanta,GA,US,18-Apr-2022,Prime Student
AMA-C1861,Maria Garcia,maria.garcia540@example.com,Seattle,WA,US,06-Sep-2025,Prime
AMA-C4734,ANNA MÜLLER,anna.müller684@example.com,New York,NY,US,26-Mar-2022,Prime
AMA-C9022,Noah Kumar,noah.kumar891@example.com,Miami,FL,US,12/24/2021,
AMA-C6152,James Kim,james.kim537 at example.com,Miami,FL,US,22-Dec-2023,Prime
AMA-C4558,David Sharma,david.sharma114@example.com,Phoenix,AZ,US,2025-05-05,Non-Prime
AMA-C6087,Sofia Wilson,sofia.wilson954@example.com,Seattle,WA,US,2021-05-14,Non-Prime
AMA-C8019,Vivaan Johnson,vivaan.johnson347@example.com,Miami,FL,US,2023-10-31,Non-Prime
AMA-C9220,Priya Kim,priya.kim298 at example.com,Chicago,IL,US,02/10/2024,Prime
AMA-C7975, Noah Singh ,noah.singh954@example.com,Seattle,WA,US,08/29/2022,
AMA-C2706,Carlos Johnson,carlos.johnson25@example.com,Phoenix,AZ,US,2023-06-24,Prime Student
AMA-C7964,Emma Chen,emma.chen706@example.com,Denver,CO,US,05/20/2024,Prime Student
AMA-C4986,Ben Brown,ben.brown758@example.com,Denver,CO,US,06-Apr-2022,Prime Student
AMA-C5488,ken martin,ken.martin11@example.com,New York,NY,US,2023-03-15,Prime Student
AMA-C9476,Aarav Tanaka,aarav.tanaka915@example.com,New York,NY,US,14-Aug-2023,Prime Student
AMA-C7721,Li Yamada,li.yamada805@example.com,Chicago,IL,US,02-Aug-2025,Prime Student
AMA-C5029,ben johnson,ben.johnson652@example.com,Chicago,IL,US,19-Dec-2021,Non-Prime
AMA-C10747,LIAM KIM,liam.kim154@example.com,Houston,TX,US,11/08/2025,Prime
AMA-C3250,Yuki Anderson,,Los Angeles,CA,US,07/23/2023,Non-Prime
AMA-C1265,olivia kumar,olivia.kumar454@example.com,PHOENIX,AZ,US,09-Jan-2021,Prime Student
AMA-C6127,Noah Khan,noah.khan723@example.com,Atlanta,GA,US,10/09/2023,Prime Student
AMA-C8979,James Wang,james.wang92@example.com,Houston,TX,US,11-Mar-2023,Prime Student
AMA-C4859,Sofia Wilson,sofia.wilson254 at example.com,New York,NY,US,2022-02-21,
AMA-C7994,John Suzuki,john.suzuki338@example.com,Miami,FL,US,2024-03-28,Prime Student
AMA-C4377,Anna Smith,anna.smith381@example.com,New York,NY,US,2024-04-06,Prime
AMA-C2875,Chen Yamada,chen.yamada882@example.com,New York,NY,US,05-Jul-2021,Prime
AMA-C3303,Ava Smith,ava.smith977@example.com,Houston,TX,US,2022-05-07,Prime
AMA-C9834,Michael Garcia,michael.garcia67@example.com,Denver,CO,US,04/28/2025,Prime Student
AMA-C4113,Aditya Tanaka,aditya.tanaka714@example.com,Los Angeles,CA,US,21-Jul-2024,Prime Student
AMA-C9207,Sara Johnson,sara.johnson477@example.com,Los Angeles,CA,US,11/22/2024,Prime
AMA-C5367,Li Anderson,li.anderson301@example.com,Phoenix,AZ,US,09/03/2023,Prime Student
AMA-C5695,Carlos Müller,carlos.müller584@example.com,Denver,CO,US,21-Nov-2021,Prime Student
AMA-C8372,RAHUL LEE,rahul.lee408@example.com,Houston,TX,US,26-Sep-2025,Non-Prime
AMA-C2685, Ben Wang ,ben.wang530@example.com,Houston,TX,US,26-Oct-2022,Non-Prime
AMA-C8110,Chen Patel,chen.patel699@example.com,Houston,TX,US,30-Apr-2023,Prime
AMA-C4846,Ken Wilson,ken.wilson141@example.com,Atlanta,GA,US,2024-05-19,Non-Prime
AMA-C1952,Emma Yamada,emma.yamada33@example.com,Miami,FL,US,07-Feb-2022,Prime Student
AMA-C10790,Li Patel,li.patel792@example.com,Boston,MA,US,2024-09-23,Non-Prime
AMA-C3347,Michael Garcia,michael.garcia861@example.com,boston,MA,US,07-Apr-2024,Prime
AMA-C7857,Maria Garcia,maria.garcia507@example.com,Seattle,WA,US,2025-06-23,Non-Prime
AMA-C9182,Anna Singh,anna.singh871@example.com,Boston,MA,US,11/17/2022,Prime
AMA-C6193,David Khan,david.khan41@example.com,Seattle,WA,US,2025-08-14,Prime Student
AMA-C9992,Noah Rossi,noah.rossi625@example.com,chicago,IL,US,05-Aug-2022,Prime Student
AMA-C6336,Mohammed Sharma,mohammed.sharma565@example.com,CHICAGO,IL,US,2024-03-19,Prime Student
AMA-C4794,Chen Wilson,chen.wilson490@example.com,Seattle,WA,US,06/25/2025,Prime Student
AMA-C5346,NOAH SUZUKI,noah.suzuki638@example.com,Seattle,WA,US,2025-07-14,Non-Prime
AMA-C6384,Ken Johnson,ken.johnson494@example.com,Atlanta,GA,US,10/03/2024,Prime Student
AMA-C5479,mohammed khan,mohammed.khan999@example.com,New York,NY,US,2025-04-18,Prime Student
AMA-C6987,Ben Suzuki,ben.suzuki63@example.com,Houston,TX,US,2025-06-22,Non-Prime
AMA-C1377,Li Wilson,li.wilson573@example.com,Denver,CO,US,09/16/2024,Prime
AMA-C5671,John Kim,john.kim150@example.com,Houston,TX,US,01/01/2022,Non-Prime
AMA-C10962,VIVAAN ANDERSON,vivaan.anderson943@example.com,New York,NY,US,07/12/2025,Prime
AMA-C1316,Ben Kumar,ben.kumar66@example.com,Seattle,WA,US,2024-12-29,Prime Student
AMA-C9770,Ben Sharma,ben.sharma696@example.com,Seattle,WA,US,29-Nov-2023,
AMA-C6020,Emma Brown,emma.brown858@example.com,Atlanta,GA,US,07/24/2024,Non-Prime
AMA-C1910,Sofia Suzuki,sofia.suzuki630@example.com,Boston,MA,US,2021-12-10,Prime
AMA-C7270,Li Kim,li.kim638@example.com,Boston,MA,US,2023-07-24,Prime Student
AMA-C7821,AVA LEE,ava.lee860@example.com,Denver,CO,US,22-Jun-2024,Prime Student
AMA-C7526,Chen Lee,chen.lee207@example.com,Miami,FL,US,2023-10-26,Non-Prime
AMA-C6168,Fatima Lee,fatima.lee209@example.com,Phoenix,AZ,US,2021-02-05,Non-Prime
AMA-C6233,EMMA CHEN,emma.chen720@example.com,Seattle,WA,US,15-Apr-2021,Prime Student
AMA-C3248,Sara Kim,sara.kim503@example.com,SEATTLE,WA,US,26-Mar-2025,Prime
AMA-C1443,Li Martin,li.martin881@example.com,Miami,FL,US,01/07/2022,Prime
AMA-C8113,Fatima Kumar,fatima.kumar173@example.com,Phoenix,AZ,US,2021-11-15,
AMA-C8147,Wei Tanaka,wei.tanaka844@example.com,Atlanta,GA,US,12/15/2025,
AMA-C6316,John Rossi,john.rossi727@example.com,Seattle,WA,US,07-Jul-2025,Non-Prime
AMA-C3704,Chen Suzuki,chen.suzuki471@example.com,Phoenix,AZ,US,05-Mar-2022,Prime Student
AMA-C5062,Rahul Anderson,rahul.anderson988@example.com,Los Angeles,CA,US,31-Mar-2024,Prime
AMA-C4677,Wei Khan,wei.khan580@example.com,Atlanta,GA,US,01/21/2025,Prime Student
AMA-C10504,Maria Sharma,maria.sharma549@example.com,Boston,MA,US,14-Dec-2022,Prime
AMA-C3407,david sharma,david.sharma282@example.com,Chicago,IL,US,2023-05-31,Prime
AMA-C1801,Noah Davis,noah.davis165@example.com,Atlanta,GA,US,04/13/2022,Prime Student
AMA-C7871,Ken Garcia,ken.garcia204@example.com,New York,NY,US,25-Aug-2025,Prime Student
AMA-C9306,Noah Johnson,noah.johnson917@example.com,Seattle,WA,US,2022-11-23,Non-Prime
AMA-C5378,Sara Garcia,sara.garcia765@example.com,Houston,TX,US,2024-05-22,Prime Student
AMA-C9483,james tanaka,james.tanaka565@example.com,Atlanta,GA,US,05/26/2021,Prime Student
AMA-C6575,Ben Kumar,ben.kumar469@example.com,Los Angeles,CA,US,06/06/2021,Prime
AMA-C8118,Yuki Kim,yuki.kim762@example.com,Seattle,WA,US,10/15/2022,Non-Prime
AMA-C8554,MARIA LEE,maria.lee105@example.com,Boston,MA,US,03/23/2024,Prime
AMA-C5478,MARIA WILSON,maria.wilson974@example.com,New York,NY,US,08/18/2021,Prime Student
AMA-C8218,Vivaan Kim,vivaan.kim626@example.com,Houston,TX,US,08/07/2021,Prime Student
AMA-C4446,sara kim,sara.kim823@example.com,Houston,TX,US,12/04/2022,Non-Prime
AMA-C7700,Michael Patel,michael.patel159 at example.com,Miami,FL,US,2022-03-03,Non-Prime
AMA-C8302,Yuki Khan,yuki.khan189@example.com,Phoenix,AZ,US,02-Nov-2024,Prime Student
AMA-C5745,Sara Suzuki,sara.suzuki544@example.com,Phoenix,AZ,US,2025-10-27,Non-Prime
AMA-C6876,Aarav Tanaka,aarav.tanaka536@example.com,Denver,CO,US,03/08/2025,Non-Prime
AMA-C6843,John Wang,john.wang384@example.com,Chicago,IL,US,2023-10-30,Non-Prime
AMA-C6239,Sara Müller,sara.müller676@example.com,Los Angeles,CA,US,05-Feb-2025,Prime Student
AMA-C9686,Vivaan Patel,vivaan.patel227@example.com,denver,CO,US,2021-02-11,Non-Prime
AMA-C3854,Chen Müller,chen.müller946@example.com,Seattle,WA,US,06-Feb-2023,Non-Prime
AMA-C2275,Olivia Wang,olivia.wang136@example.com,Houston,TX,US,2024-02-29,Non-Prime
AMA-C1310,Emma Müller,emma.müller721@example.com,Los Angeles,CA,US,2022-07-14,Prime
AMA-C2606,Michael Suzuki,michael.suzuki940@example.com,Miami,FL,US,01/23/2023,Non-Prime
AMA-C1972,Maria Müller,maria.müller531@example.com,los angeles,CA,US,06/08/2023,Non-Prime
AMA-C6861,Aarav Johnson,aarav.johnson6@example.com,Denver,CO,US,09-Aug-2025,Prime
AMA-C4611,Emma Lee,emma.lee549 at example.com,Houston,TX,US,2022-03-01,Non-Prime
AMA-C9345,David Müller,david.müller914@example.com,Seattle,WA,US,2022-08-02,Non-Prime
AMA-C1664,Ava Tanaka,ava.tanaka539@example.com,Phoenix,AZ,US,01/20/2023,Prime
AMA-C2677,Li Chen,li.chen328@example.com,Phoenix,AZ,US,04/21/2024,Prime
AMA-C7524,Mohammed Singh,mohammed.singh341@example.com,Chicago,IL,US,2024-06-19,Non-Prime
AMA-C9275,David Singh,david.singh959@example.com,Los Angeles,CA,US,05/20/2024,Prime Student
AMA-C8106,Ken Singh,ken.singh68@example.com,Boston,MA,US,2023-09-06,Prime Student
AMA-C6696,Yuki Chen,yuki.chen57@example.com,Miami,FL,US,17-Dec-2022,Prime Student
AMA-C6131,James Johnson,james.johnson276@example.com,Seattle,WA,US,07/01/2021,Non-Prime
AMA-C7297,Liam Khan,liam.khan314@example.com,chicago,IL,US,05-Nov-2023,Prime Student
AMA-C4371, Liam Kim ,liam.kim445@example.com,Houston,TX,US,09/24/2025,Prime Student
AMA-C7203,David Smith,david.smith709@example.com,Denver,CO,US,04-Jun-2023,Non-Prime
AMA-C2894,ADITYA TANAKA,,Boston,MA,US,30-Aug-2025,Non-Prime
AMA-C6684,AARAV KIM,aarav.kim252@example.com,Boston,MA,US,04-Aug-2022,Prime Student
AMA-C6904,FATIMA WILSON,fatima.wilson223@example.com,Chicago,IL,US,08/12/2023,Prime
AMA-C6831,Vivaan Suzuki,vivaan.suzuki854@example.com,Los Angeles,CA,US,25-Apr-2025,Non-Prime
AMA-C8048,Aditya Tanaka,,Los Angeles,CA,US,24-Jan-2022,Prime Student
AMA-C8131,Sofia Tanaka,sofia.tanaka707@example.com,Houston,TX,US,07/04/2021,Prime Student
AMA-C7263,JOHN SINGH,,Houston,TX,US,10/02/2023,Non-Prime
AMA-C6637,Mohammed Yamada,mohammed.yamada937@example.com,Denver,CO,US,2023-07-24,Non-Prime
AMA-C6322,Rahul Patel,rahul.patel101 at example.com,Houston,TX,US,15-Nov-2023,Non-Prime
AMA-C4262,Liam Anderson,liam.anderson781@example.com,Chicago,IL,US,2021-09-26,Prime
AMA-C6779,Liam Yamada,liam.yamada337@example.com,Denver,CO,US,31-Aug-2022,Non-Prime
AMA-C1452,James Smith,james.smith153@example.com,Los Angeles,CA,US,02/11/2022,Non-Prime
AMA-C4175,michael wilson,michael.wilson166@example.com,atlanta,GA,US,11/04/2025,Prime
AMA-C7639,Priya Wang,priya.wang860@example.com,Chicago,IL,US,2024-03-15,Non-Prime
AMA-C9714,Maria Anderson,,Miami,FL,US,2021-09-18,Prime
AMA-C4200,Wei Suzuki,wei.suzuki320@example.com,Chicago,IL,US,01-Aug-2022,Non-Prime
AMA-C7215,ADITYA DAVIS,aditya.davis851@example.com,Seattle,WA,US,06/29/2023,Prime
AMA-C7749,vivaan müller,vivaan.müller757@example.com,Chicago,IL,US,08/26/2021,Non-Prime
AMA-C3741,Fatima Johnson,fatima.johnson130@example.com,Atlanta,GA,US,04/15/2023,Prime
AMA-C4630,Sofia Müller,sofia.müller24@example.com,Los Angeles,CA,US,14-Apr-2022,Prime
AMA-C5312,Carlos Kumar,,Denver,CO,US,12/03/2025,Prime Student
AMA-C6183,Noah Lee,noah.lee437@example.com,Chicago,IL,US,07-Jun-2023,Prime
AMA-C9979,John Anderson,,Chicago,IL,US,03/14/2025,Non-Prime
AMA-C2047,Noah Chen,noah.chen227@example.com,Miami,FL,US,2024-01-14,Prime Student
AMA-C3353,Olivia Sharma,olivia.sharma980@example.com,Chicago,IL,US,07-May-2023,Prime Student
AMA-C4031,Anna Lee,anna.lee200@example.com,Chicago,IL,US,07/02/2023,Prime
AMA-C10405,Noah Smith,noah.smith20@example.com,Chicago,IL,US,10-May-2025,Non-Prime
AMA-C1376,Liam Tanaka,liam.tanaka209@example.com,Phoenix,AZ,US,08/19/2021,
AMA-C4119,Chen Kumar,chen.kumar382@example.com,Atlanta,GA,US,2021-04-21,Prime Student
AMA-C3259,WEI ANDERSON,wei.anderson155@example.com,phoenix,AZ,US,10-Jul-2023,Non-Prime
AMA-C2079,Maria Kumar,maria.kumar421@example.com,New York,NY,US,10/08/2025,Prime Student
AMA-C3515,James Brown,james.brown942@example.com,Boston,MA,US,30-Dec-2022,Non-Prime
AMA-C9918,Emma Sharma,emma.sharma766@example.com,Los Angeles,CA,US,10/13/2023,Prime
AMA-C4190,Wei Wilson,wei.wilson863@example.com,Atlanta,GA,US,2022-08-19,Prime
AMA-C1076,maria patel,maria.patel945@example.com,Boston,MA,US,2021-10-27,Prime Student
AMA-C2329, Priya Garcia ,priya.garcia697@example.com,Boston,MA,US,04/07/2022,Prime Student
AMA-C5426,Mohammed Yamada,mohammed.yamada502@example.com,Miami,FL,US,18-Apr-2023,Prime
AMA-C9083,Olivia Kumar,olivia.kumar164@example.com,Seattle,WA,US,2022-05-15,Prime
AMA-C5633,Priya Tanaka,priya.tanaka279@example.com,houston,TX,US,02-Apr-2024,Non-Prime
AMA-C1570,JOHN SUZUKI,john.suzuki826@example.com,Chicago,IL,US,2022-07-02,Prime Student
AMA-C3847,John Wang,john.wang141@example.com,Houston,TX,US,28-Jun-2024,Non-Prime
AMA-C2536,James Lee,james.lee689@example.com,Atlanta,GA,US,04/10/2021,Prime Student
AMA-C2063,John Sharma,john.sharma121@example.com,Seattle,WA,US,2024-07-30,Prime Student
AMA-C2268,David Suzuki,david.suzuki205@example.com,los angeles,CA,US,2024-07-13,Prime Student
AMA-C9729,John Singh,john.singh908@example.com,Chicago,IL,US,2025-06-28,Prime Student
AMA-C4679,Emma Khan,emma.khan85@example.com,Denver,CO,US,02-Jun-2021,Non-Prime
AMA-C9194,Vivaan Suzuki,vivaan.suzuki718@example.com,New York,NY,US,03/27/2023,Prime Student
AMA-C9689, Vivaan Müller ,vivaan.müller978@example.com,PHOENIX,AZ,US,04-Jul-2024,Non-Prime
AMA-C7438,Ava Patel,,Miami,FL,US,28-Oct-2022,Prime
AMA-C9126,JAMES LEE,james.lee709@example.com,Miami,FL,US,2024-08-06,Prime Student
AMA-C2429,FATIMA SUZUKI,fatima.suzuki870@example.com,Houston,TX,US,08-Dec-2022,Non-Prime
AMA-C9012,Liam Martin,liam.martin692@example.com,Miami,FL,US,2024-09-20,Prime Student
AMA-C4470,Rahul Yamada,rahul.yamada217@example.com,Phoenix,AZ,US,2024-06-11,Non-Prime
AMA-C7376,James Khan,james.khan730@example.com,Atlanta,GA,US,29-Sep-2024,Prime Student
AMA-C1724,Ken Sharma,ken.sharma846@example.com,Boston,MA,US,03-Oct-2025,Prime Student
AMA-C4997,Sofia Sharma,sofia.sharma222@example.com,Chicago,IL,US,01/04/2021,Non-Prime
AMA-C5121,Li Anderson,li.anderson841@example.com,Miami,FL,US,12-Aug-2024,Non-Prime
AMA-C2904,Fatima Anderson,fatima.anderson623@example.com,New York,NY,US,08/17/2022,Non-Prime
AMA-C9971,Anna Suzuki,anna.suzuki871@example.com,Denver,CO,US,08/16/2025,Non-Prime
AMA-C8789,vivaan rossi,vivaan.rossi274 at example.com,New York,NY,US,02/22/2022,Prime Student
AMA-C10765,Liam Davis,liam.davis645@example.com,Chicago,IL,US,2021-12-20,Prime Student
AMA-C2137,Chen Wang,chen.wang477@example.com,Houston,TX,US,17-Feb-2025,Non-Prime
AMA-C5437,ANNA WILSON,anna.wilson682@example.com,Phoenix,AZ,US,11/17/2021,Prime Student
AMA-C6157,Michael Brown,michael.brown972@example.com,Atlanta,GA,US,30-Mar-2023,
AMA-C8484,liam singh,liam.singh54@example.com,Phoenix,AZ,US,2021-03-28,Prime Student
AMA-C1704,Ben Johnson,ben.johnson162@example.com,Atlanta,GA,US,2024-11-06,Prime
AMA-C9331,Michael Chen,michael.chen759@example.com,Boston,MA,US,05-Apr-2025,Prime
AMA-C6149,Anna Suzuki,anna.suzuki137@example.com,Phoenix,AZ,US,09/13/2024,Prime
AMA-C8961,Li Martin,li.martin516@example.com,boston,MA,US,2022-03-14,Prime Student
AMA-C9555,Mohammed Yamada,mohammed.yamada560@example.com,Denver,CO,US,12/19/2022,Non-Prime
AMA-C8293,Anna Wilson,,Atlanta,GA,US,08-Jan-2024,
AMA-C2197,EMMA ANDERSON,emma.anderson412@example.com,Phoenix,AZ,US,2025-06-21,Prime Student
AMA-C5284,Chen Davis,chen.davis617@example.com,Atlanta,GA,US,11-Jun-2025,Prime Student
AMA-C5869,Li Tanaka,li.tanaka924@example.com,Seattle,WA,US,05/20/2025,Prime Student
AMA-C9359,Mohammed Martin,mohammed.martin989@example.com,Miami,FL,US,21-Apr-2023,Prime Student
AMA-C10467,Rahul Tanaka,rahul.tanaka868@example.com,Chicago,IL,US,19-Feb-2021,Prime
AMA-C10353,Anna Garcia,anna.garcia548@example.com,Seattle,WA,US,05/16/2023,Non-Prime
AMA-C6599,DAVID WANG,david.wang722@example.com,Los Angeles,CA,US,20-Oct-2021,Prime
AMA-C4981,Olivia Kim,olivia.kim758@example.com,Miami,FL,US,31-Jul-2024,Prime
AMA-C1062,Priya Wang,priya.wang425@example.com,Chicago,IL,US,08/26/2023,Prime Student
AMA-C10916,Aditya Smith,aditya.smith872@example.com,Phoenix,AZ,US,08/04/2023,Prime
AMA-C3477,Emma Kumar,emma.kumar141@example.com,los angeles,CA,US,22-Dec-2024,Prime Student
AMA-C8288,Noah Martin,noah.martin178@example.com,Houston,TX,US,2021-10-22,Prime
AMA-C6450,Yuki Kim,yuki.kim264@example.com,Boston,MA,US,20-Aug-2023,Prime Student
AMA-C6496,david suzuki,david.suzuki519@example.com,Seattle,WA,US,30-Jul-2024,Non-Prime
AMA-C5199,Sara Garcia,sara.garcia75@example.com,Los Angeles,CA,US,01-Dec-2025,Prime Student
AMA-C8004,Olivia Wang,,Atlanta,GA,US,13-Jul-2025,Prime
AMA-C2454,Liam Sharma,liam.sharma958@example.com,Miami,FL,US,2022-12-21,Prime
AMA-C4480,James Sharma,james.sharma107@example.com,Houston,TX,US,2025-11-17,Prime Student
AMA-C8653,Rahul Müller,rahul.müller920@example.com,Chicago,IL,US,22-Dec-2024,Prime Student
AMA-C3270,Aditya Sharma,aditya.sharma919@example.com,Los Angeles,CA,US,16-Oct-2024,Prime Student
AMA-C10404,michael garcia,michael.garcia120@example.com,Seattle,WA,US,06-Sep-2025,Prime
AMA-C10376,Aarav Sharma,aarav.sharma740@example.com,Chicago,IL,US,09/28/2025,Non-Prime
AMA-C9087,Michael Suzuki,michael.suzuki927@example.com,Seattle,WA,US,2021-09-22,Prime Student
AMA-C2615,Zoe Davis,zoe.davis626@example.com,Denver,CO,US,03/07/2025,Prime Student
AMA-C5568,Ava Kumar,,Chicago,IL,US,2025-11-09,Prime Student
AMA-C10109,Ben Brown,ben.brown544@example.com,Denver,CO,US,08/04/2022,Prime
AMA-C7987,Fatima Sharma,fatima.sharma613@example.com,Chicago,IL,US,2023-09-11,Prime Student
AMA-C8511,James Brown,,Seattle,WA,US,11-Feb-2022,Non-Prime
AMA-C6117,David Martin,david.martin300@example.com,Miami,FL,US,2022-04-26,Non-Prime
AMA-C7094,Li Patel,li.patel950@example.com,phoenix,AZ,US,31-May-2021,Prime
AMA-C1626,Carlos Anderson,carlos.anderson340@example.com,Boston,MA,US,18-Apr-2021,
AMA-C5783,Ben Lee,ben.lee324@example.com,Seattle,WA,US,05/15/2023,Non-Prime
AMA-C3576,James Smith,james.smith728@example.com,Houston,TX,US,2025-05-27,Prime
AMA-C9271,Priya Yamada,priya.yamada487@example.com,phoenix,AZ,US,03-Oct-2023,Prime
AMA-C2342,Liam Singh,liam.singh113@example.com,Boston,MA,US,2024-01-15,Non-Prime
AMA-C4278,john wang,john.wang229@example.com,Phoenix,AZ,US,01/01/2024,Prime
AMA-C2155,Li Chen,,New York,NY,US,22-Jan-2023,Prime
AMA-C5038,Maria Wilson,maria.wilson597@example.com,Phoenix,AZ,US,11/25/2023,Non-Prime
AMA-C6525,Emma Davis,emma.davis691@example.com,New York,NY,US,2021-11-14,Non-Prime
AMA-C9857,Michael Martin,michael.martin296@example.com,New York,NY,US,2024-03-27,Non-Prime
AMA-C8670,aarav khan,aarav.khan779@example.com,Miami,FL,US,03/15/2023,Prime Student
AMA-C10411,ZOE SMITH,,Seattle,WA,US,12/01/2024,Non-Prime
AMA-C5693,Rahul Anderson,rahul.anderson222@example.com,Phoenix,AZ,US,11/14/2025,Prime
AMA-C5860,olivia kumar,olivia.kumar593@example.com,Los Angeles,CA,US,2023-12-29,Prime
AMA-C1739,MARIA ROSSI,maria.rossi74@example.com,New York,NY,US,06-Apr-2023,Prime
AMA-C3176,NOAH SHARMA,noah.sharma628@example.com,Seattle,WA,US,2025-11-09,Prime
AMA-C9006,KEN LEE,ken.lee736@example.com,Denver,CO,US,11/27/2023,Non-Prime
AMA-C4025,Ken Johnson,ken.johnson89@example.com,New York,NY,US,08/24/2022,Prime
AMA-C4041,aditya brown,aditya.brown359@example.com,New York,NY,US,09/08/2025,Prime Student
AMA-C4688,Ben Martin,ben.martin535@example.com,New York,NY,US,19-May-2023,Prime
AMA-C3973,NOAH CHEN,noah.chen671@example.com,Phoenix,AZ,US,2023-01-22,Non-Prime
AMA-C1988,Vivaan Martin,vivaan.martin689@example.com,Chicago,IL,US,12/07/2024,Prime
AMA-C5353,Aditya Singh,aditya.singh737@example.com,Phoenix,AZ,US,26-Mar-2024,Prime Student
AMA-C1699,Ben Johnson,ben.johnson799@example.com,Miami,FL,US,30-Aug-2024,Non-Prime
AMA-C10283,Anna Kim,anna.kim489@example.com,Chicago,IL,US,12-Nov-2022,Prime Student
AMA-C7923,zoe johnson,zoe.johnson730@example.com,Denver,CO,US,2023-07-22,Non-Prime
AMA-C5136,Carlos Smith,carlos.smith657@example.com,Seattle,WA,US,2024-11-22,Non-Prime
AMA-C7650,Aditya Suzuki,aditya.suzuki446@example.com,Seattle,WA,US,2024-03-21,Prime Student
AMA-C8588,Zoe Patel,zoe.patel600@example.com,New York,NY,US,08/04/2023,Prime Student
AMA-C3755,Aditya Anderson,aditya.anderson921@example.com,houston,TX,US,2024-06-20,Prime Student
AMA-C9863,Ken Kumar,ken.kumar3@example.com,Chicago,IL,US,02/12/2025,Prime Student
AMA-C9148,Yuki Rossi,yuki.rossi327@example.com,Seattle,WA,US,06/30/2024,Prime
AMA-C7911,Aditya Kumar,aditya.kumar836@example.com,Chicago,IL,US,03/21/2021,Prime
AMA-C2745,JOHN BROWN,john.brown227@example.com,Seattle,WA,US,11/08/2024,Prime Student
AMA-C7046,Chen Johnson,chen.johnson32@example.com,Phoenix,AZ,US,2024-02-05,Prime Student
AMA-C6452,Olivia Tanaka,olivia.tanaka572@example.com,Los Angeles,CA,US,2025-05-27,
AMA-C10222, Ken Wang ,ken.wang772@example.com,Seattle,WA,US,06/11/2025,Prime
AMA-C3692, Emma Smith ,emma.smith680@example.com,Miami,FL,US,10/22/2022,Non-Prime
AMA-C7820,ZOE JOHNSON,,Miami,FL,US,22-Jun-2023,Prime
AMA-C3686,Li Smith,,Phoenix,AZ,US,04/05/2024,Prime
AMA-C5613,Ken Sharma,ken.sharma249@example.com,chicago,IL,US,21-Sep-2025,Prime Student
AMA-C5431,Sofia Yamada,sofia.yamada197@example.com,chicago,IL,US,2023-12-19,Prime Student
AMA-C3226, Zoe Wang ,zoe.wang26@example.com,New York,NY,US,13-Sep-2021,Prime
AMA-C6538,Olivia Wilson,olivia.wilson22@example.com,BOSTON,MA,US,2024-10-09,Non-Prime
AMA-C7126,James Kim,james.kim771@example.com,New York,NY,US,24-Nov-2021,Prime
AMA-C2170,Ava Smith,ava.smith834 at example.com,Phoenix,AZ,US,28-Mar-2022,Prime
AMA-C3891,Ava Wilson,ava.wilson31@example.com,Boston,MA,US,2025-02-12,Prime
AMA-C5706,MOHAMMED KHAN,mohammed.khan943@example.com,Miami,FL,US,02/12/2024,Non-Prime
AMA-C8528,Liam Tanaka,liam.tanaka626 at example.com,Boston,MA,US,28-Jan-2024,Prime
AMA-C8494,WEI MARTIN,wei.martin201@example.com,Boston,MA,US,2024-02-08,Non-Prime
AMA-C1531,Zoe Chen,zoe.chen95@example.com,Houston,TX,US,2025-05-04,Non-Prime
AMA-C1449,David Garcia,david.garcia607@example.com,Houston,TX,US,2024-12-14,Non-Prime
AMA-C3611,Emma Yamada,emma.yamada496@example.com,Chicago,IL,US,2023-04-02,Prime Student
AMA-C8452,Vivaan Tanaka,vivaan.tanaka250@example.com,Boston,MA,US,2023-05-11,Prime
AMA-C1414,FATIMA SHARMA,fatima.sharma351@example.com,Houston,TX,US,12/28/2025,Prime
AMA-C7869,Li Müller,li.müller886@example.com,Chicago,IL,US,21-Dec-2021,Prime
AMA-C2278,Rahul Anderson,rahul.anderson329@example.com,Houston,TX,US,2022-02-21,Prime
AMA-C5070,OLIVIA KUMAR,olivia.kumar275@example.com,Seattle,WA,US,21-Mar-2024,Non-Prime
AMA-C5317,Michael Müller,michael.müller404@example.com,Houston,TX,US,05/25/2023,Prime Student
AMA-C7765, Li Kim ,li.kim912@example.com,Denver,CO,US,2022-01-17,Prime Student
AMA-C1103,Sofia Rossi,,Atlanta,GA,US,17-Jun-2023,Non-Prime
AMA-C1617,David Brown,david.brown797@example.com,Phoenix,AZ,US,2023-05-31,Non-Prime
AMA-C2239,Sofia Kumar,sofia.kumar471@example.com,Miami,FL,US,06/21/2025,Prime Student
AMA-C1287,Ava Kumar,ava.kumar310@example.com,Boston,MA,US,01-May-2025,Prime
AMA-C6264,Olivia Smith,olivia.smith177@example.com,Boston,MA,US,03/31/2024,Non-Prime
AMA-C7690,Sofia Kumar,sofia.kumar166@example.com,LOS ANGELES,CA,US,01/09/2021,Non-Prime
AMA-C3836,EMMA SMITH,emma.smith792@example.com,SEATTLE,WA,US,11/14/2024,Non-Prime
AMA-C10192,JOHN GARCIA,john.garcia182@example.com,Phoenix,AZ,US,2025-01-07,Prime
AMA-C7039,Ken Davis,ken.davis183 at example.com,Phoenix,AZ,US,30-May-2025,Prime
AMA-C6892,Emma Brown,,denver,CO,US,04/13/2022,Non-Prime
AMA-C8927, Rahul Tanaka ,rahul.tanaka782@example.com,Los Angeles,CA,US,02/04/2025,Prime Student
AMA-C8851,MOHAMMED WANG,mohammed.wang525@example.com,Atlanta,GA,US,2023-01-20,Non-Prime
AMA-C8204,Vivaan Sharma,vivaan.sharma136@example.com,Denver,CO,US,07/15/2024,Non-Prime
AMA-C7501,Carlos Garcia,carlos.garcia378@example.com,Seattle,WA,US,2022-06-21,Non-Prime
AMA-C6288,carlos rossi,carlos.rossi223@example.com,New York,NY,US,12/11/2021,Prime Student
AMA-C1863,James Rossi,james.rossi911@example.com,Chicago,IL,US,30-Jun-2022,Prime Student
AMA-C7606,Noah Yamada,noah.yamada899@example.com,Atlanta,GA,US,2023-07-20,Prime
AMA-C9526,Li Anderson,,New York,NY,US,18-Sep-2022,Non-Prime
AMA-C1054,john suzuki,john.suzuki478@example.com,Phoenix,AZ,US,08/10/2023,
AMA-C4702,Ken Yamada,ken.yamada391@example.com,New York,NY,US,2025-05-15,Non-Prime
AMA-C2753,Wei Kim,wei.kim25@example.com,phoenix,AZ,US,2024-08-28,Non-Prime
AMA-C2396,Vivaan Garcia,vivaan.garcia683@example.com,Atlanta,GA,US,2024-08-18,Prime Student
AMA-C2031,Anna Brown,anna.brown367@example.com,Atlanta,GA,US,2023-04-18,Prime Student
AMA-C2089,Aditya Kumar,aditya.kumar405@example.com,Phoenix,AZ,US,07/29/2025,Prime
AMA-C6714,Zoe Khan,zoe.khan975@example.com,miami,FL,US,2022-10-09,Non-Prime
AMA-C2540,Olivia Kim,olivia.kim799@example.com,Houston,TX,US,10-Oct-2024,Prime
AMA-C8254, Wei Brown ,wei.brown490@example.com,Boston,MA,US,11/23/2025,Prime
AMA-C4361,Ava Anderson,ava.anderson133@example.com,Houston,TX,US,07/21/2023,Prime
AMA-C1399,FATIMA ANDERSON,fatima.anderson473@example.com,Atlanta,GA,US,12/19/2025,Prime
AMA-C6349, Sara Kim ,sara.kim318@example.com,Los Angeles,CA,US,08/19/2023,Prime
AMA-C6679,chen anderson,chen.anderson231@example.com,Chicago,IL,US,24-Sep-2022,Prime
AMA-C8314,EMMA BROWN,,MIAMI,FL,US,02-Mar-2025,Prime
AMA-C7079,olivia garcia,olivia.garcia362@example.com,Boston,MA,US,2022-10-16,Non-Prime
AMA-C1154,Michael Garcia,michael.garcia548@example.com,miami,FL,US,10-Jun-2025,Prime Student
AMA-C8618,Wei Sharma,wei.sharma240@example.com,Los Angeles,CA,US,02/22/2024,Non-Prime
AMA-C8282,Aditya Kim,,Boston,MA,US,22-Jan-2024,Non-Prime
AMA-C7059,Mohammed Tanaka,,Denver,CO,US,2024-07-17,Prime
AMA-C7858,NOAH MÜLLER,noah.müller403@example.com,Chicago,IL,US,30-Aug-2024,Prime
AMA-C5697,Emma Singh,emma.singh186@example.com,Atlanta,GA,US,15-May-2022,Non-Prime
AMA-C10288,Wei Martin,wei.martin661@example.com,Atlanta,GA,US,2024-06-15,Prime Student
AMA-C8013,Li Sharma,li.sharma48@example.com,New York,NY,US,10/05/2023,Prime
AMA-C4891,Anna Kim,anna.kim520@example.com,Denver,CO,US,04/23/2025,Non-Prime
AMA-C10809,Chen Chen,chen.chen866@example.com,Denver,CO,US,04-Mar-2021,Prime Student
AMA-C10139,Anna Patel,anna.patel471@example.com,MIAMI,FL,US,2025-10-05,Non-Prime
AMA-C3505,Vivaan Johnson,vivaan.johnson418@example.com,atlanta,GA,US,05/10/2021,Prime
AMA-C5381,Yuki Müller,yuki.müller967@example.com,New York,NY,US,2023-04-18,Non-Prime
AMA-C7105,Priya Patel,priya.patel920@example.com,Boston,MA,US,07-Sep-2022,Prime
AMA-C4214,Liam Sharma,liam.sharma245@example.com,New York,NY,US,11/11/2024,Non-Prime
AMA-C2648,Olivia Chen,olivia.chen806@example.com,Boston,MA,US,08/29/2022,Non-Prime
AMA-C3629,SARA LEE,sara.lee816@example.com,Phoenix,AZ,US,02-May-2023,Non-Prime
AMA-C5615,Anna Davis,anna.davis260@example.com,Houston,TX,US,01/24/2022,Prime
AMA-C2115,Maria Wilson,maria.wilson723@example.com,Chicago,IL,US,03/17/2023,Prime
AMA-C1343, Chen Chen ,chen.chen801@example.com,New York,NY,US,03/17/2025,Prime
AMA-C7757,Noah Patel,noah.patel136@example.com,new york,NY,US,08/30/2025,Non-Prime
AMA-C9738,Ken Sharma,ken.sharma951@example.com,Atlanta,GA,US,23-Apr-2025,Prime Student
AMA-C8043,sara chen,sara.chen833@example.com,Los Angeles,CA,US,18-May-2024,Non-Prime
AMA-C1916,Sara Tanaka,sara.tanaka106@example.com,Seattle,WA,US,09-Dec-2022,Prime Student
AMA-C7459,Maria Yamada,maria.yamada352@example.com,Miami,FL,US,2024-06-04,Non-Prime
AMA-C10051,ADITYA GARCIA,aditya.garcia886@example.com,Phoenix,AZ,US,2025-08-21,Non-Prime
AMA-C4034,Mohammed Patel,mohammed.patel147@example.com,Denver,CO,US,05-Oct-2021,Prime Student
AMA-C8271,JAMES JOHNSON,james.johnson391@example.com,Chicago,IL,US,15-Jun-2025,Prime
AMA-C4418,Fatima Garcia,fatima.garcia898@example.com,Atlanta,GA,US,12-Apr-2024,Prime
AMA-C5393, Mohammed Suzuki ,mohammed.suzuki196@example.com,Los Angeles,CA,US,20-Dec-2021,Non-Prime
AMA-C7281,Noah Johnson,noah.johnson864@example.com,Atlanta,GA,US,03-Feb-2021,Prime
AMA-C1237,SOFIA WILSON,sofia.wilson196@example.com,Houston,TX,US,03/05/2023,Non-Prime
AMA-C2090, Wei Martin ,wei.martin523@example.com,Atlanta,GA,US,25-Nov-2025,Non-Prime
AMA-C6189,Li Davis,,Chicago,IL,US,02/18/2021,Prime Student
AMA-C4303,Sofia Kumar,sofia.kumar271@example.com,Houston,TX,US,01/16/2024,Non-Prime
AMA-C8892,David Khan,david.khan2@example.com,Los Angeles,CA,US,2023-09-02,Prime Student
AMA-C1474,Fatima Khan,fatima.khan918@example.com,New York,NY,US,09-Dec-2022,Prime
AMA-C7384,PRIYA PATEL,priya.patel813@example.com,Phoenix,AZ,US,11/07/2023,Non-Prime
AMA-C10827,MOHAMMED MÜLLER,mohammed.müller756@example.com,Miami,FL,US,2022-12-04,Prime
AMA-C5328,Liam Garcia,liam.garcia457@example.com,Atlanta,GA,US,2021-08-30,Prime
AMA-C3947,Priya Chen,priya.chen44@example.com,Seattle,WA,US,06/22/2025,Prime
AMA-C5486,ANNA BROWN,anna.brown605@example.com,Phoenix,AZ,US,12/13/2024,Non-Prime
AMA-C3720,Vivaan Khan,vivaan.khan224@example.com,Los Angeles,CA,US,2022-05-23,Prime
AMA-C3552,Liam Brown,liam.brown57@example.com,Boston,MA,US,22-Sep-2021,Non-Prime
AMA-C1021,Chen Yamada,chen.yamada659@example.com,Seattle,WA,US,06/26/2025,Non-Prime
AMA-C8035,Mohammed Martin,,Chicago,IL,US,2025-03-22,Non-Prime
AMA-C1176,rahul patel,rahul.patel145@example.com,Phoenix,AZ,US,03-Sep-2025,Prime Student
AMA-C8864,Rahul Johnson,rahul.johnson402@example.com,Chicago,IL,US,2021-06-21,Non-Prime
AMA-C3140,Chen Martin,chen.martin508@example.com,Chicago,IL,US,12/02/2025,Prime Student
AMA-C6035,emma martin,,New York,NY,US,17-Apr-2023,Prime Student
AMA-C2880,Aditya Singh,aditya.singh793@example.com,Phoenix,AZ,US,25-Oct-2021,Non-Prime
AMA-C2727,Yuki Kumar,yuki.kumar833@example.com,Seattle,WA,US,2023-07-14,Non-Prime
AMA-C3247,Ken Garcia,ken.garcia752@example.com,Houston,TX,US,13-Sep-2025,Non-Prime
AMA-C8465,Vivaan Smith,,Denver,CO,US,06/01/2022,Prime Student
AMA-C1042,JOHN YAMADA,john.yamada356@example.com,Chicago,IL,US,04/09/2023,Prime
AMA-C3666,ben kim,ben.kim235@example.com,Miami,FL,US,12-Dec-2023,Prime
AMA-C5732,Michael Garcia,michael.garcia784@example.com,Phoenix,AZ,US,02-Aug-2023,Non-Prime
AMA-C10671,priya khan,priya.khan191@example.com,Miami,FL,US,2023-09-30,Prime Student
AMA-C1273,vivaan chen,vivaan.chen719@example.com,New York,NY,US,01-Feb-2021,Non-Prime
AMA-C3656,Li Martin,li.martin476@example.com,Chicago,IL,US,2025-09-19,Prime Student
AMA-C2927,ben brown,ben.brown880@example.com,Houston,TX,US,01/19/2025,Non-Prime
AMA-C8460,Priya Kumar,priya.kumar571@example.com,miami,FL,US,10-Aug-2022,Prime Student
AMA-C9996,wei smith,wei.smith982@example.com,Atlanta,GA,US,03/23/2025,Prime
AMA-C5953,FATIMA SHARMA,fatima.sharma283@example.com,Houston,TX,US,2022-08-24,Prime
AMA-C9183,Carlos Johnson,carlos.johnson525@example.com,New York,NY,US,06-Jun-2023,Non-Prime
AMA-C3237,Anna Yamada,anna.yamada573@example.com,Denver,CO,US,2025-04-20,Non-Prime
AMA-C4353,Olivia Anderson,olivia.anderson435@example.com,Denver,CO,US,19-Nov-2023,Prime
AMA-C8429,Priya Kim,priya.kim596@example.com,Atlanta,GA,US,22-Apr-2021,Prime Student
AMA-C3517,Li Kim,li.kim65@example.com,New York,NY,US,03/08/2022,Prime
AMA-C3391,Maria Singh,,New York,NY,US,08/22/2024,Non-Prime
AMA-C6760,Ken Smith,ken.smith753@example.com,Los Angeles,CA,US,18-May-2022,
AMA-C5656,Mohammed Tanaka,mohammed.tanaka218@example.com,New York,NY,US,2024-01-15,Prime Student
AMA-C3070,Aditya Patel,aditya.patel405@example.com,Seattle,WA,US,18-Nov-2022,Prime
AMA-C2594,Liam Martin,liam.martin928@example.com,ATLANTA,GA,US,2022-03-12,Prime
AMA-C2161,Vivaan Lee,vivaan.lee31@example.com,Phoenix,AZ,US,2023-08-10,Prime Student
AMA-C2825,Zoe Martin,zoe.martin355@example.com,Seattle,WA,US,2021-07-31,Prime
AMA-C1410,John Anderson,john.anderson395@example.com,Houston,TX,US,02-Dec-2023,Prime Student
AMA-C6342,Fatima Kumar,fatima.kumar381@example.com,Boston,MA,US,12-Oct-2024,Non-Prime
AMA-C8928,Aarav Johnson,aarav.johnson257@example.com,Phoenix,AZ,US,2024-08-31,Prime
AMA-C8033,Sara Johnson,sara.johnson898@example.com,Phoenix,AZ,US,12/09/2022,Non-Prime
AMA-C10061,Maria Tanaka,maria.tanaka717@example.com,Atlanta,GA,US,03-Feb-2023,Prime
AMA-C6743,Priya Müller,priya.müller336@example.com,Chicago,IL,US,06-Jan-2022,Prime
AMA-C1653,sofia wang,sofia.wang670@example.com,Boston,MA,US,03-Jan-2025,Prime
AMA-C7517,Sofia Garcia,sofia.garcia720@example.com,Seattle,WA,US,09-Oct-2024,Prime Student
AMA-C7541,Priya Chen,priya.chen464@example.com,Miami,FL,US,2023-12-08,Non-Prime
AMA-C2279,James Müller,james.müller149@example.com,Phoenix,AZ,US,10/08/2024,Prime
AMA-C7766,Sara Anderson,sara.anderson546@example.com,Phoenix,AZ,US,21-Nov-2022,Prime
AMA-C7337,Chen Brown,chen.brown180@example.com,New York,NY,US,01/07/2023,Non-Prime
AMA-C7377,Yuki Brown,yuki.brown487@example.com,Chicago,IL,US,10/26/2023,Prime Student
AMA-C5627, Li Anderson ,li.anderson624@example.com,Boston,MA,US,2025-06-15,Prime Student
AMA-C8989,Yuki Brown,yuki.brown61@example.com,Seattle,WA,US,05/25/2023,Non-Prime
AMA-C6459,MARIA SHARMA,maria.sharma473@example.com,denver,CO,US,18-Dec-2025,Prime Student
AMA-C1083,Aditya Sharma,aditya.sharma487@example.com,Houston,TX,US,08/08/2021,Non-Prime
AMA-C7544,Emma Wang,emma.wang149@example.com,Phoenix,AZ,US,09/13/2023,Non-Prime
AMA-C7508,Priya Anderson,priya.anderson792@example.com,Denver,CO,US,03-Jun-2025,Prime
AMA-C4453,Anna Wang,anna.wang709@example.com,Atlanta,GA,US,02/24/2023,
AMA-C7199,Yuki Khan,yuki.khan941@example.com,Chicago,IL,US,08-Nov-2024,Non-Prime
AMA-C5755,li rossi,li.rossi456@example.com,Denver,CO,US,08/12/2021,Non-Prime
AMA-C10685,Michael Wilson,michael.wilson519@example.com,Houston,TX,US,2023-10-09,Non-Prime
AMA-C1334,Michael Chen,michael.chen468@example.com,Seattle,WA,US,02/15/2022,Prime
AMA-C6206,Wei Patel,wei.patel459@example.com,Atlanta,GA,US,22-May-2021,Prime
AMA-C5765,Carlos Singh,carlos.singh32@example.com,Denver,CO,US,01/14/2025,Prime
AMA-C7627,Maria Patel,maria.patel17@example.com,Chicago,IL,US,03/11/2023,Prime
AMA-C2258,Priya Kumar,priya.kumar46@example.com,Atlanta,GA,US,2021-06-04,Prime Student
AMA-C8870,Maria Davis,maria.davis268@example.com,New York,NY,US,2024-05-26,Prime
AMA-C9302,Carlos Rossi,carlos.rossi419@example.com,Los Angeles,CA,US,03-Dec-2024,Prime
AMA-C9955,carlos patel,carlos.patel40@example.com,Phoenix,AZ,US,07/05/2024,Prime Student
AMA-C8296,li lee,li.lee850@example.com,Boston,MA,US,08/27/2021,Prime Student
AMA-C9447,Anna Müller,anna.müller619@example.com,Miami,FL,US,2024-08-13,Prime Student
AMA-C8488,fatima suzuki,fatima.suzuki505@example.com,New York,NY,US,01/09/2025,Prime Student
AMA-C5341,mohammed garcia,mohammed.garcia187@example.com,Seattle,WA,US,07/16/2025,Prime Student
AMA-C4290,Sara Sharma,sara.sharma406@example.com,Boston,MA,US,2025-01-16,Non-Prime
AMA-C9133,Noah Davis,noah.davis899@example.com,Chicago,IL,US,03-Jan-2023,Non-Prime
AMA-C6941,Noah Lee,noah.lee367@example.com,Los Angeles,CA,US,09/03/2021,
AMA-C1689,Rahul Lee,rahul.lee627@example.com,Los Angeles,CA,US,20-Jun-2023,Prime Student
AMA-C4563, Aarav Wilson ,aarav.wilson875@example.com,Los Angeles,CA,US,09/01/2021,Prime
AMA-C6195,Sofia Khan,sofia.khan287@example.com,Houston,TX,US,2024-09-04,Prime Student
AMA-C7072,Carlos Wilson,carlos.wilson638@example.com,Denver,CO,US,22-Mar-2025,Non-Prime
AMA-C5142,Ava Wilson,ava.wilson494@example.com,New York,NY,US,10/30/2021,Prime Student
AMA-C7742,Maria Martin,maria.martin607@example.com,Boston,MA,US,2022-04-08,Prime
AMA-C6036,Zoe Smith,zoe.smith346@example.com,Chicago,IL,US,07/02/2021,Non-Prime
AMA-C9030,sofia martin,sofia.martin942@example.com,Boston,MA,US,13-May-2021,Prime
AMA-C10862,Aarav Singh,aarav.singh958@example.com,Miami,FL,US,2025-03-21,Prime
AMA-C5879,John Patel,john.patel410@example.com,Phoenix,AZ,US,04/26/2024,
AMA-C4334,Ava Davis,ava.davis212@example.com,Chicago,IL,US,05/07/2024,Non-Prime
AMA-C10756, Li Martin ,,PHOENIX,AZ,US,04-Sep-2022,Non-Prime
AMA-C3221,Sofia Brown,sofia.brown167@example.com,Seattle,WA,US,01-Sep-2021,Prime
AMA-C9708,Mohammed Patel,mohammed.patel283@example.com,Denver,CO,US,11-Jan-2025,Non-Prime
AMA-C9774,James Patel,james.patel958@example.com,Boston,MA,US,19-May-2023,Prime Student
AMA-C1568,Michael Brown,michael.brown695@example.com,Phoenix,AZ,US,09-Sep-2022,Prime Student
AMA-C5077,Emma Müller,emma.müller33@example.com,HOUSTON,TX,US,12/02/2021,Prime
AMA-C5952,ken singh,ken.singh478@example.com,CHICAGO,IL,US,17-May-2023,Prime
AMA-C7891, Rahul Patel ,rahul.patel691 at example.com,Houston,TX,US,2023-02-27,Prime
AMA-C2099,Ken Rossi,ken.rossi718@example.com,Boston,MA,US,2025-02-18,Prime
AMA-C10418,Anna Kumar,anna.kumar347@example.com,Chicago,IL,US,2023-02-24,Non-Prime
AMA-C10998,Aarav Lee,aarav.lee790@example.com,New York,NY,US,2025-01-07,Prime Student
AMA-C9152,NOAH PATEL,noah.patel806@example.com,Miami,FL,US,04-Jul-2024,Prime Student
AMA-C2456,Noah Johnson,noah.johnson356 at example.com,Denver,CO,US,30-Jan-2024,Prime
AMA-C1455,John Sharma,,Houston,TX,US,30-Sep-2022,Prime
AMA-C6204,Chen Suzuki,chen.suzuki118@example.com,Phoenix,AZ,US,29-Nov-2023,Non-Prime
AMA-C9377,Aarav Tanaka,aarav.tanaka820@example.com,Denver,CO,US,25-Dec-2025,Prime Student
AMA-C9599,Ken Suzuki,ken.suzuki464@example.com,Los Angeles,CA,US,11/28/2025,Prime
AMA-C6924,Vivaan Suzuki,,Boston,MA,US,08/09/2022,Prime
AMA-C8886,Michael Davis,michael.davis791@example.com,Miami,FL,US,13-Apr-2023,Non-Prime
AMA-C2890,Anna Garcia,anna.garcia326@example.com,Los Angeles,CA,US,12-May-2025,Prime Student
AMA-C8397,Emma Anderson,emma.anderson418@example.com,new york,NY,US,18-Apr-2021,Prime Student
AMA-C1583,Ben Garcia,ben.garcia911@example.com,Denver,CO,US,03/20/2021,Prime Student
AMA-C5476,ben kumar,ben.kumar245@example.com,Denver,CO,US,02/22/2023,Prime
AMA-C6648,Maria Brown,maria.brown949@example.com,Chicago,IL,US,26-Jun-2023,Prime
AMA-C3929,Anna Müller,anna.müller535@example.com,Chicago,IL,US,2024-04-19,Prime
AMA-C10691,Ava Smith,ava.smith461@example.com,seattle,WA,US,03/26/2025,Prime
AMA-C4705,Fatima Smith,fatima.smith494@example.com,Miami,FL,US,07/13/2022,Prime
AMA-C4638,James Johnson,james.johnson520@example.com,Seattle,WA,US,10-Dec-2021,Prime Student
AMA-C9501,aarav wang,,Boston,MA,US,14-Mar-2023,Non-Prime
AMA-C7363,Zoe Brown,zoe.brown895@example.com,Houston,TX,US,28-Sep-2025,Non-Prime
AMA-C9130,Li Martin,li.martin331@example.com,Phoenix,AZ,US,23-Oct-2021,Prime Student
AMA-C1190,Ava Johnson,ava.johnson23@example.com,Miami,FL,US,2025-09-21,Non-Prime
AMA-C9052, Carlos Khan ,carlos.khan205@example.com,Miami,FL,US,28-Dec-2024,Non-Prime
AMA-C4727,Priya Chen,priya.chen519@example.com,Atlanta,GA,US,2025-04-27,Non-Prime
AMA-C7510,CARLOS CHEN,carlos.chen449 at example.com,Boston,MA,US,08-Mar-2021,Non-Prime
AMA-C8152,mohammed tanaka,mohammed.tanaka882@example.com,Denver,CO,US,06/06/2022,Non-Prime
AMA-C3570,Yuki Wilson,yuki.wilson406@example.com,los angeles,CA,US,06-May-2023,Prime
AMA-C4936,priya kumar,priya.kumar315@example.com,Denver,CO,US,06-Oct-2023,Non-Prime
AMA-C6989,Carlos Singh,carlos.singh573@example.com,BOSTON,MA,US,25-Jan-2022,Prime
AMA-C7092,Mohammed Müller,mohammed.müller700@example.com,Chicago,IL,US,06/27/2022,Prime Student
AMA-C5807, Ken Chen ,ken.chen434@example.com,Denver,CO,US,08/30/2025,Prime
AMA-C6064,Noah Brown,noah.brown107@example.com,Seattle,WA,US,2025-01-16,Non-Prime
AMA-C5183,John Suzuki,john.suzuki225@example.com,Los Angeles,CA,US,2022-08-15,Prime Student
AMA-C5949, Ben Wang ,ben.wang982@example.com,Seattle,WA,US,2021-11-04,Non-Prime
AMA-C8363,Noah Kim,noah.kim54@example.com,New York,NY,US,09-Jul-2024,Non-Prime
AMA-C6225,ben wang,,Los Angeles,CA,US,14-Jul-2025,Prime
AMA-C8687,Aditya Martin,aditya.martin823@example.com,Atlanta,GA,US,03/28/2022,Prime
AMA-C4314,Chen Brown,chen.brown441@example.com,Boston,MA,US,29-Aug-2024,Prime
AMA-C1669, Fatima Kumar ,,Houston,TX,US,2025-05-03,Non-Prime
AMA-C2957,Fatima Garcia,,Atlanta,GA,US,01-Jun-2024,Non-Prime
AMA-C7205,Sara Brown,sara.brown511@example.com,Boston,MA,US,18-Oct-2025,Prime
AMA-C6997,Wei Singh,wei.singh102@example.com,Atlanta,GA,US,08/14/2022,Prime
AMA-C6619,Fatima Müller,fatima.müller131@example.com,New York,NY,US,2024-05-17,Prime Student
AMA-C9734,Aditya Khan,,Phoenix,AZ,US,18-Feb-2023,Prime
AMA-C6862,michael garcia,michael.garcia383@example.com,boston,MA,US,02/01/2022,Prime Student
AMA-C3802,Rahul Singh,rahul.singh448@example.com,Denver,CO,US,2025-11-10,Non-Prime
AMA-C6517,Fatima Kim,fatima.kim752@example.com,Atlanta,GA,US,2023-02-06,Prime Student
AMA-C5504,Maria Anderson,maria.anderson724@example.com,Atlanta,GA,US,21-Dec-2025,Prime Student
AMA-C4317,Anna Khan,anna.khan364@example.com,Los Angeles,CA,US,12-Sep-2024,Non-Prime
AMA-C9051,Mohammed Suzuki,mohammed.suzuki175@example.com,Los Angeles,CA,US,03/07/2022,Prime Student
AMA-C6184,Vivaan Brown,vivaan.brown850@example.com,Miami,FL,US,02/18/2022,Prime
AMA-C1396,Zoe Wang,zoe.wang577@example.com,Los Angeles,CA,US,18-Dec-2023,Non-Prime
AMA-C10503,Aarav Singh,aarav.singh186@example.com,Denver,CO,US,07-Jan-2021,Non-Prime
AMA-C9990,Michael Singh,michael.singh928@example.com,Boston,MA,US,02/10/2021,Prime Student
AMA-C5428,Sofia Johnson,sofia.johnson525@example.com,Chicago,IL,US,04/02/2021,Prime
AMA-C3182,Priya Sharma,priya.sharma90@example.com,Phoenix,AZ,US,04/30/2023,Prime
AMA-C5527,LI MÜLLER,li.müller112@example.com,New York,NY,US,07/17/2025,Non-Prime
AMA-C1974,James Kumar,james.kumar120@example.com,Atlanta,GA,US,2024-11-16,Prime
AMA-C5133,Ava Wang,ava.wang882@example.com,Miami,FL,US,04/17/2021,
AMA-C7500, Carlos Sharma ,carlos.sharma852@example.com,Los Angeles,CA,US,27-Mar-2025,Non-Prime
AMA-C6034,NOAH ANDERSON,noah.anderson580@example.com,Houston,TX,US,10/15/2023,Non-Prime
AMA-C10732,VIVAAN LEE,vivaan.lee391@example.com,Denver,CO,US,10-Jun-2024,Prime
AMA-C3818,ava davis,ava.davis351@example.com,Chicago,IL,US,12/15/2021,Prime
AMA-C5595,ZOE ROSSI,zoe.rossi99@example.com,Miami,FL,US,09/29/2021,Prime Student
AMA-C8560,Ken Wilson,ken.wilson942@example.com,Los Angeles,CA,US,20-Dec-2024,Prime
AMA-C7716,AARAV WANG,aarav.wang131@example.com,Boston,MA,US,2023-08-17,Non-Prime
AMA-C5593,Ken Rossi,ken.rossi741@example.com,Seattle,WA,US,2023-08-03,Prime Student
AMA-C5065,Ava Suzuki,ava.suzuki717 at example.com,los angeles,CA,US,05-Dec-2025,Prime
AMA-C7839, Ben Brown ,ben.brown622@example.com,New York,NY,US,14-Jul-2021,Non-Prime
AMA-C2521,James Kumar,james.kumar825@example.com,Chicago,IL,US,2025-08-17,Prime
AMA-C10539,JOHN WILSON,john.wilson996@example.com,NEW YORK,NY,US,05/18/2025,Prime
AMA-C6213,Priya Yamada,priya.yamada477@example.com,SEATTLE,WA,US,28-Sep-2025,Prime
AMA-C5451,Emma Yamada,emma.yamada205@example.com,Seattle,WA,US,12/19/2022,Non-Prime
AMA-C7325,Yuki Singh,yuki.singh837@example.com,Houston,TX,US,2023-02-02,Prime Student
AMA-C6333,SOFIA PATEL,sofia.patel87@example.com,seattle,WA,US,2023-06-22,Prime
AMA-C2382,Olivia Khan,olivia.khan692@example.com,Los Angeles,CA,US,08/20/2024,Non-Prime
AMA-C2511,Michael Sharma,michael.sharma923@example.com,Chicago,IL,US,07/14/2021,Non-Prime
AMA-C9054,Ben Yamada,ben.yamada397@example.com,Houston,TX,US,2024-08-08,Prime Student
AMA-C3105,Maria Wilson,maria.wilson140@example.com,Seattle,WA,US,03/07/2025,Prime
AMA-C8503,Li Smith,li.smith22@example.com,Miami,FL,US,2025-07-16,Prime
AMA-C9827,Ben Sharma,ben.sharma941@example.com,New York,NY,US,01/18/2025,Prime Student
AMA-C2425,John Garcia,john.garcia649@example.com,Los Angeles,CA,US,2021-12-04,
AMA-C4392,MOHAMMED ROSSI,mohammed.rossi134@example.com,Phoenix,AZ,US,15-Feb-2023,Prime
AMA-C4391,MARIA KHAN,maria.khan571@example.com,Houston,TX,US,2021-12-16,Non-Prime
AMA-C6394,David Müller,david.müller48@example.com,Seattle,WA,US,13-Oct-2021,Prime
AMA-C4740,Zoe Anderson,zoe.anderson224@example.com,Chicago,IL,US,11/24/2022,Non-Prime
AMA-C10480,wei smith,wei.smith419@example.com,New York,NY,US,02/06/2025,Prime
AMA-C9840,Mohammed Wang,mohammed.wang353 at example.com,Phoenix,AZ,US,16-Apr-2025,Prime
AMA-C9044,Rahul Davis,rahul.davis947@example.com,Houston,TX,US,2023-04-18,Prime Student
AMA-C10652,Maria Yamada,maria.yamada302@example.com,Chicago,IL,US,08/04/2023,Non-Prime
AMA-C1744,Carlos Smith,,Denver,CO,US,2025-07-27,Prime
AMA-C8073,Liam Müller,liam.müller94@example.com,Seattle,WA,US,2022-11-30,
AMA-C2109,Maria Smith,maria.smith337@example.com,Boston,MA,US,09-Apr-2023,Prime
AMA-C9560,Ben Smith,ben.smith505@example.com,Boston,MA,US,05/27/2025,Prime
AMA-C3743,Aarav Davis,aarav.davis849@example.com,New York,NY,US,25-Dec-2022,Prime
AMA-C2056,Ava Martin,ava.martin698@example.com,New York,NY,US,2022-09-17,Prime
AMA-C6166,John Garcia,john.garcia749@example.com,Los Angeles,CA,US,03-Nov-2023,Prime Student
AMA-C6053,Maria Khan,,Houston,TX,US,29-May-2024,Non-Prime
AMA-C7349,David Wang,david.wang297@example.com,Los Angeles,CA,US,11/16/2021,Prime
AMA-C10495,Li Yamada,li.yamada441@example.com,Denver,CO,US,05/21/2022,Prime
AMA-C6945,John Brown,,New York,NY,US,04-Apr-2025,Non-Prime
AMA-C5123,Sofia Kim,sofia.kim968@example.com,Los Angeles,CA,US,05/24/2021,Prime Student
AMA-C1248,Carlos Yamada,carlos.yamada897@example.com,Phoenix,AZ,US,2021-03-29,Prime
AMA-C4302,Sofia Garcia,sofia.garcia535@example.com,Miami,FL,US,2023-09-18,Non-Prime
AMA-C10876,Ava Martin,ava.martin313@example.com,Chicago,IL,US,06/25/2023,Prime Student
AMA-C2897,Ken Tanaka,ken.tanaka40@example.com,Chicago,IL,US,10/15/2023,Non-Prime
AMA-C7966,Sara Khan,sara.khan677@example.com,Phoenix,AZ,US,2024-03-27,Prime
AMA-C9880,Anna Suzuki,anna.suzuki984@example.com,New York,NY,US,06/14/2021,Prime Student
AMA-C9108,Olivia Suzuki,olivia.suzuki398@example.com,New York,NY,US,2024-12-05,Prime
AMA-C1796,Vivaan Patel,vivaan.patel533@example.com,Miami,FL,US,2023-07-15,Prime
AMA-C6044,MARIA JOHNSON,maria.johnson312@example.com,Phoenix,AZ,US,10-Jul-2021,Prime Student
AMA-C7653,WEI KHAN,wei.khan981@example.com,New York,NY,US,10/28/2022,Prime
AMA-C3816,Wei Singh,wei.singh601@example.com,Los Angeles,CA,US,12/16/2023,Prime
AMA-C1442,Ava Müller,ava.müller544@example.com,Denver,CO,US,2024-09-09,Prime Student
AMA-C7290,Anna Wilson,anna.wilson278@example.com,miami,FL,US,10/20/2024,Prime Student
AMA-C4097,Anna Wang,,New York,NY,US,2021-12-03,Prime
AMA-C5178, Sofia Kumar ,sofia.kumar86@example.com,Denver,CO,US,01/30/2024,Prime
AMA-C1494,Anna Sharma,anna.sharma375@example.com,Chicago,IL,US,07/07/2024,Non-Prime
AMA-C9068, Zoe Brown ,zoe.brown470@example.com,Seattle,WA,US,30-Apr-2025,Prime
AMA-C1278,MICHAEL MARTIN,michael.martin707@example.com,Phoenix,AZ,US,2024-01-08,Non-Prime
AMA-C8561,Ava Müller,ava.müller319@example.com,Denver,CO,US,2023-05-21,Non-Prime
AMA-C8832,Wei Yamada,wei.yamada764@example.com,Los Angeles,CA,US,15-Feb-2023,Non-Prime
AMA-C2891,Vivaan Brown,vivaan.brown857@example.com,Houston,TX,US,21-Sep-2021,Non-Prime
AMA-C8330,Chen Singh,chen.singh471@example.com,Seattle,WA,US,05/02/2023,Non-Prime
AMA-C7841,VIVAAN SUZUKI,vivaan.suzuki688@example.com,Los Angeles,CA,US,2023-07-03,Prime Student
AMA-C6458,Maria Tanaka,maria.tanaka540@example.com,Chicago,IL,US,07/16/2025,Prime Student
AMA-C9169,Aditya Garcia,aditya.garcia176@example.com,Los Angeles,CA,US,2023-04-23,Prime Student
AMA-C9431,olivia yamada,olivia.yamada555@example.com,Denver,CO,US,2021-06-25,Prime Student
AMA-C10777,Sara Smith,sara.smith550@example.com,Boston,MA,US,09/05/2022,Prime Student
AMA-C6397,KEN KUMAR,ken.kumar988@example.com,ATLANTA,GA,US,09/03/2025,Prime Student
AMA-C10351,Sofia Anderson,sofia.anderson818@example.com,Denver,CO,US,03-Jan-2024,Prime Student
AMA-C6722,Wei Chen,wei.chen492@example.com,Denver,CO,US,12-Jul-2024,Non-Prime
AMA-C10261,James Smith,james.smith371@example.com,Denver,CO,US,17-Dec-2025,Non-Prime
AMA-C8917,LI BROWN,,Phoenix,AZ,US,06/21/2021,Prime
AMA-C6651,James Patel,james.patel461@example.com,Boston,MA,US,02/23/2023,Non-Prime
AMA-C7670,Anna Tanaka,anna.tanaka157@example.com,Houston,TX,US,05-May-2025,Prime Student
AMA-C7475,Chen Sharma,chen.sharma905@example.com,Miami,FL,US,2025-10-02,Non-Prime
AMA-C2106, Wei Singh ,wei.singh403@example.com,Boston,MA,US,11/05/2025,Non-Prime
AMA-C7160,Rahul Khan,rahul.khan216@example.com,Atlanta,GA,US,2021-09-16,Prime
AMA-C5858, Fatima Tanaka ,fatima.tanaka76@example.com,Houston,TX,US,2022-12-09,Prime Student
AMA-C2921,Aditya Smith,aditya.smith57@example.com,ATLANTA,GA,US,2023-03-17,Prime Student
AMA-C6436,Zoe Kim,zoe.kim982@example.com,Houston,TX,US,01/25/2023,Non-Prime
AMA-C2287,Anna Yamada,anna.yamada252@example.com,Chicago,IL,US,26-Feb-2022,Prime
AMA-C3035,carlos suzuki,carlos.suzuki103@example.com,Atlanta,GA,US,08-Jul-2023,Non-Prime
AMA-C10555,fatima khan,fatima.khan452@example.com,boston,MA,US,02/22/2024,Prime Student
AMA-C10830,Sofia Martin,sofia.martin572@example.com,Chicago,IL,US,2021-05-18,Non-Prime
AMA-C2210,Liam Wang,liam.wang589@example.com,Phoenix,AZ,US,16-Mar-2021,Prime Student
AMA-C10887,ken wang,ken.wang546@example.com,LOS ANGELES,CA,US,2023-03-29,Non-Prime
AMA-C4127,Liam Müller,liam.müller830@example.com,Phoenix,AZ,US,12-May-2021,
AMA-C1985,Sara Khan,sara.khan343@example.com,Houston,TX,US,07/17/2025,Prime Student
AMA-C1034,Fatima Wilson,,Denver,CO,US,2023-06-22,Prime Student
AMA-C2882,Sofia Patel,sofia.patel916@example.com,Seattle,WA,US,2024-06-08,Prime Student
AMA-C4162,Priya Brown,priya.brown912@example.com,los angeles,CA,US,10/01/2025,Prime
AMA-C10311,Anna Martin,anna.martin272@example.com,Houston,TX,US,11-Dec-2021,Prime Student
AMA-C6578,yuki brown,yuki.brown876@example.com,Atlanta,GA,US,10/01/2023,Prime
AMA-C8571,Li Singh,li.singh569@example.com,Phoenix,AZ,US,10/13/2022,Non-Prime
AMA-C2953,Aarav Singh,,Chicago,IL,US,08/13/2022,Non-Prime
AMA-C2367,Sofia Kumar,sofia.kumar593@example.com,Chicago,IL,US,12-Jul-2024,Prime Student
AMA-C3999,Mohammed Suzuki,mohammed.suzuki777@example.com,Los Angeles,CA,US,2023-03-18,Non-Prime
AMA-C6925,Liam Patel,liam.patel103@example.com,Los Angeles,CA,US,2025-11-29,Prime
AMA-C7617, David Yamada ,david.yamada202@example.com,phoenix,AZ,US,13-Sep-2025,Prime Student
AMA-C6683,Wei Khan,wei.khan852@example.com,New York,NY,US,2021-03-12,Prime Student
AMA-C5201,Liam Davis,liam.davis819@example.com,Atlanta,GA,US,2025-02-01,Prime
AMA-C6611,YUKI KIM,yuki.kim940@example.com,CHICAGO,IL,US,2023-12-18,Prime Student
AMA-C2330,Mohammed Tanaka,mohammed.tanaka383@example.com,Chicago,IL,US,2022-03-14,Prime
AMA-C4998,Li Anderson,li.anderson577@example.com,Houston,TX,US,2025-03-10,Prime Student
AMA-C10894,David Wang,david.wang322@example.com,Seattle,WA,US,30-Apr-2023,Non-Prime
AMA-C7667,Fatima Khan,fatima.khan551@example.com,Houston,TX,US,10-Apr-2023,Non-Prime
AMA-C6421,Mohammed Anderson,mohammed.anderson367@example.com,LOS ANGELES,CA,US,2023-04-28,Prime Student
AMA-C5080,Olivia Johnson,olivia.johnson395@example.com,Denver,CO,US,2022-08-11,Non-Prime
AMA-C5855,Rahul Davis,rahul.davis851@example.com,Atlanta,GA,US,10/27/2022,Prime Student
AMA-C1539,maria tanaka,maria.tanaka459@example.com,BOSTON,MA,US,2025-07-15,Non-Prime
AMA-C5716,SOFIA BROWN,sofia.brown267@example.com,Miami,FL,US,09/16/2022,Prime
AMA-C6516,Olivia Rossi,olivia.rossi121@example.com,MIAMI,FL,US,03/18/2025,Non-Prime
AMA-C6192,Sofia Khan,sofia.khan953@example.com,new york,NY,US,05-Oct-2024,Non-Prime
AMA-C7324,Emma Brown,emma.brown399@example.com,Denver,CO,US,02/16/2021,Non-Prime
AMA-C2563,ava smith,ava.smith121@example.com,Atlanta,GA,US,08/24/2025,Prime
AMA-C8442,Michael Lee,michael.lee527@example.com,Los Angeles,CA,US,01-Oct-2025,Non-Prime
AMA-C4249,Ben Garcia,ben.garcia719@example.com,Chicago,IL,US,02-Nov-2023,Prime
AMA-C7763,Vivaan Davis,vivaan.davis461@example.com,Atlanta,GA,US,06/01/2022,Prime Student
AMA-C8873,Michael Garcia,michael.garcia677@example.com,Seattle,WA,US,2023-08-17,Non-Prime
AMA-C1051, Aditya Tanaka ,aditya.tanaka77@example.com,Phoenix,AZ,US,07/16/2025,Prime
AMA-C7932,Anna Johnson,anna.johnson212@example.com,Phoenix,AZ,US,2021-05-28,Non-Prime
AMA-C4507,aarav smith,aarav.smith763@example.com,Seattle,WA,US,20-Aug-2024,Non-Prime
AMA-C4894, Priya Brown ,priya.brown207@example.com,Chicago,IL,US,2025-01-06,Prime
AMA-C4221,Ava Suzuki,ava.suzuki37@example.com,Seattle,WA,US,02-Dec-2023,Non-Prime
AMA-C10970,Vivaan Patel,vivaan.patel162@example.com,Los Angeles,CA,US,23-Nov-2024,Prime
AMA-C5032,Emma Chen,emma.chen716@example.com,Denver,CO,US,10-Aug-2021,Prime Student
AMA-C8098,emma lee,emma.lee448@example.com,Atlanta,GA,US,01/28/2025,Prime
AMA-C1436,Emma Anderson,emma.anderson854@example.com,Houston,TX,US,01/30/2022,
AMA-C8736, Maria Kim ,maria.kim493 at example.com,Phoenix,AZ,US,03/10/2025,Non-Prime
AMA-C10195,David Patel,david.patel278@example.com,Miami,FL,US,06/22/2022,Prime Student
AMA-C10239,Zoe Anderson,zoe.anderson250@example.com,Atlanta,GA,US,27-Mar-2023,Non-Prime
AMA-C1598,Maria Davis,maria.davis728@example.com,Boston,MA,US,2023-06-20,Prime
AMA-C9197,Priya Johnson,priya.johnson884@example.com,Seattle,WA,US,08/26/2022,Non-Prime
AMA-C3765,Aditya Wang,aditya.wang718@example.com,Miami,FL,US,06/01/2021,Non-Prime
AMA-C4184,Aarav Suzuki,aarav.suzuki991@example.com,Miami,FL,US,2024-02-06,Non-Prime
AMA-C1085,KEN ANDERSON,ken.anderson203@example.com,los angeles,CA,US,15-Nov-2023,Non-Prime
AMA-C9606,Sofia Wilson,sofia.wilson723@example.com,Denver,CO,US,2021-09-29,Prime Student
AMA-C9241,Fatima Patel,fatima.patel695@example.com,Seattle,WA,US,05/10/2023,Prime Student
AMA-C9436,Priya Smith,priya.smith113@example.com,New York,NY,US,2024-04-28,Prime
AMA-C9247,Noah Anderson,noah.anderson252@example.com,Seattle,WA,US,2022-04-30,Prime
AMA-C4390,Emma Rossi,emma.rossi960@example.com,Atlanta,GA,US,04/03/2025,Non-Prime
AMA-C7864,Anna Smith,anna.smith770@example.com,DENVER,CO,US,01/21/2023,Prime Student
AMA-C5290, Maria Sharma ,maria.sharma243@example.com,Los Angeles,CA,US,04/18/2021,Prime Student
AMA-C3181,Vivaan Brown,vivaan.brown749@example.com,Phoenix,AZ,US,03/15/2025,Prime
AMA-C9538,Rahul Kim,rahul.kim414@example.com,New York,NY,US,09/23/2023,Non-Prime
AMA-C3888,John Sharma,john.sharma211@example.com,Houston,TX,US,03/10/2024,Non-Prime
AMA-C3279,David Khan,david.khan318@example.com,Seattle,WA,US,09/20/2022,Non-Prime
AMA-C5996,Chen Khan,,Seattle,WA,US,22-Jun-2022,Non-Prime
AMA-C6824,Chen Rossi,chen.rossi216@example.com,Denver,CO,US,2022-09-22,Prime Student
AMA-C2531, Anna Müller ,anna.müller912@example.com,Seattle,WA,US,2022-03-02,Prime Student
AMA-C9145,Carlos Tanaka,carlos.tanaka936@example.com,Houston,TX,US,2023-02-13,Prime
AMA-C6567,Aditya Wang,aditya.wang555@example.com,Miami,FL,US,29-Feb-2024,Prime Student
AMA-C8408,Wei Anderson,wei.anderson930@example.com,Denver,CO,US,22-Apr-2023,Non-Prime
AMA-C1056,Sofia Wang,sofia.wang647@example.com,Boston,MA,US,08/07/2025,Prime Student
AMA-C4177,Sara Patel,sara.patel262@example.com,Chicago,IL,US,02-Nov-2025,Prime Student
AMA-C10279,Yuki Smith,yuki.smith228@example.com,Miami,FL,US,28-May-2022,Prime Student
AMA-C1121,Maria Suzuki,maria.suzuki658@example.com,PHOENIX,AZ,US,2022-08-29,Prime
AMA-C6859,PRIYA DAVIS,priya.davis664@example.com,Houston,TX,US,12/23/2022,Prime Student
AMA-C10449,Chen Davis,chen.davis923@example.com,Boston,MA,US,11-Oct-2022,Prime Student
AMA-C2565,Ava Anderson,ava.anderson805@example.com,Phoenix,AZ,US,09/18/2022,Prime Student
AMA-C10954,Aarav Wang,aarav.wang160@example.com,Atlanta,GA,US,02/09/2023,Prime
AMA-C5044,Vivaan Yamada,vivaan.yamada602@example.com,Houston,TX,US,11/18/2023,Prime
AMA-C10520,Olivia Johnson,olivia.johnson771@example.com,Denver,CO,US,2023-05-23,Prime
AMA-C10538,David Tanaka,david.tanaka183@example.com,Denver,CO,US,06/20/2025,Prime Student
AMA-C5415,Maria Khan,maria.khan620@example.com,ATLANTA,GA,US,31-Jul-2024,Prime
AMA-C1078,ANNA KUMAR,anna.kumar454 at example.com,Seattle,WA,US,2022-11-11,Non-Prime
AMA-C9262,Carlos Patel,carlos.patel411@example.com,miami,FL,US,2024-09-05,Prime Student
AMA-C9437,Maria Wilson,maria.wilson142@example.com,Houston,TX,US,09/06/2021,Prime Student
AMA-C1068,Chen Sharma,chen.sharma953@example.com,Los Angeles,CA,US,2023-03-13,Non-Prime
AMA-C7997,Liam Martin,liam.martin993@example.com,Houston,TX,US,07-Nov-2025,Non-Prime
AMA-C9898,Aarav Anderson,aarav.anderson424@example.com,Los Angeles,CA,US,04/08/2025,Prime
AMA-C6576,VIVAAN YAMADA,vivaan.yamada137 at example.com,Los Angeles,CA,US,13-Sep-2023,Prime Student
AMA-C3016,Maria Smith,maria.smith143@example.com,Denver,CO,US,06-Aug-2023,Prime Student
AMA-C6236,Chen Yamada,chen.yamada450@example.com,Boston,MA,US,2023-10-30,Prime Student
AMA-C5104,wei anderson,,Denver,CO,US,21-May-2021,Prime Student
AMA-C7503,james singh,james.singh378@example.com,New York,NY,US,24-Jun-2024,Prime Student
AMA-C2372,DAVID YAMADA,david.yamada35@example.com,New York,NY,US,2025-04-20,Prime
AMA-C3251,li suzuki,li.suzuki947 at example.com,LOS ANGELES,CA,US,29-Apr-2022,Prime
AMA-C2039,Priya Tanaka,priya.tanaka431@example.com,Boston,MA,US,19-Apr-2022,Prime Student
AMA-C9020,Chen Wilson,chen.wilson578@example.com,New York,NY,US,08-Jun-2022,Non-Prime
AMA-C6346,Carlos Martin,carlos.martin339@example.com,New York,NY,US,14-Dec-2023,Prime
AMA-C1177,Chen Chen,chen.chen553@example.com,Atlanta,GA,US,2021-06-24,Prime
AMA-C7677,Liam Brown,liam.brown732@example.com,Phoenix,AZ,US,2023-10-31,Non-Prime
AMA-C10511,Ben Khan,ben.khan827@example.com,Chicago,IL,US,2024-12-25,Non-Prime
AMA-C7897,Michael Johnson,michael.johnson310@example.com,Miami,FL,US,27-Apr-2022,Prime
AMA-C3598,Sofia Martin,sofia.martin377@example.com,Chicago,IL,US,08/21/2023,Non-Prime
AMA-C6170,olivia kumar,olivia.kumar755@example.com,Boston,MA,US,08/23/2025,Prime
AMA-C4326,Mohammed Kumar,mohammed.kumar233@example.com,New York,NY,US,2023-11-20,Prime Student
AMA-C9268,Anna Yamada,anna.yamada918@example.com,New York,NY,US,07/28/2021,Non-Prime
AMA-C2871,David Khan,david.khan14@example.com,Atlanta,GA,US,11-Dec-2022,Non-Prime
AMA-C1484,aarav suzuki,aarav.suzuki474@example.com,Houston,TX,US,2023-11-13,Prime
AMA-C5241,Chen Chen,chen.chen883@example.com,Phoenix,AZ,US,20-Nov-2025,Prime
AMA-C3381,Ken Kim,,Seattle,WA,US,11/19/2023,Non-Prime
AMA-C7260,David Wilson,david.wilson275 at example.com,Atlanta,GA,US,2023-12-15,Non-Prime
AMA-C1580,John Kim,john.kim884@example.com,Phoenix,AZ,US,08-Oct-2024,Non-Prime
AMA-C1011,Wei Wang,wei.wang155@example.com,Los Angeles,CA,US,12/27/2021,
AMA-C2902,Emma Wilson,emma.wilson534@example.com,Houston,TX,US,02/17/2022,
AMA-C7208,Noah Suzuki,noah.suzuki765@example.com,PHOENIX,AZ,US,2021-08-08,Prime
AMA-C6049,Vivaan Rossi,vivaan.rossi4@example.com,Phoenix,AZ,US,17-Sep-2021,Prime Student
AMA-C5722,David Johnson,david.johnson586@example.com,Phoenix,AZ,US,27-Apr-2023,Non-Prime
AMA-C6483,Michael Chen,michael.chen9@example.com,Miami,FL,US,2024-09-18,Prime
AMA-C5721,Vivaan Garcia,vivaan.garcia241@example.com,DENVER,CO,US,2021-06-07,Non-Prime
AMA-C2120,David Rossi,david.rossi52@example.com,Miami,FL,US,2022-04-03,Prime Student
AMA-C10253,Michael Davis,michael.davis26@example.com,Denver,CO,US,12/19/2022,Non-Prime
AMA-C10422,Noah Martin,noah.martin636@example.com,Denver,CO,US,2025-09-29,Non-Prime
AMA-C1706,Sara Rossi,sara.rossi770@example.com,Los Angeles,CA,US,17-Apr-2025,Prime Student
AMA-C1826,James Brown,james.brown597@example.com,Miami,FL,US,2024-03-22,Prime Student
AMA-C9622,ken rossi,ken.rossi126@example.com,Phoenix,AZ,US,06/26/2022,Prime
AMA-C2351,John Davis,john.davis240@example.com,New York,NY,US,07-Dec-2022,Prime
AMA-C1807,Ava Smith,ava.smith75@example.com,New York,NY,US,03-Jan-2023,Non-Prime
AMA-C7623,Aditya Yamada,aditya.yamada732@example.com,Chicago,IL,US,25-Aug-2025,Prime Student
AMA-C10391,chen martin,chen.martin634@example.com,NEW YORK,NY,US,09/17/2025,Prime
AMA-C3870,David Smith,david.smith353@example.com,New York,NY,US,11/07/2024,Prime
AMA-C6901,Carlos Müller,carlos.müller734@example.com,New York,NY,US,06/15/2022,Non-Prime
AMA-C4833,Liam Sharma,liam.sharma401@example.com,Denver,CO,US,2021-11-30,Prime Student
AMA-C2931,Noah Singh,noah.singh403@example.com,Boston,MA,US,2025-06-06,Prime Student
AMA-C5040,noah patel,noah.patel731 at example.com,Los Angeles,CA,US,2024-01-23,Prime
AMA-C8117,Michael Khan,michael.khan643@example.com,New York,NY,US,11/15/2021,
AMA-C4426,FATIMA LEE,fatima.lee842@example.com,Phoenix,AZ,US,02-Nov-2022,Non-Prime
AMA-C7899,David Martin,,Houston,TX,US,2024-11-17,Non-Prime
AMA-C9580,Chen Singh,chen.singh644@example.com,Boston,MA,US,2021-07-09,Non-Prime
AMA-C10614,aditya brown,aditya.brown860@example.com,Denver,CO,US,2025-03-28,
AMA-C1193,Yuki Patel,yuki.patel489@example.com,Houston,TX,US,02/21/2024,Prime
AMA-C6439,Vivaan Anderson,vivaan.anderson231@example.com,Seattle,WA,US,23-Feb-2025,Prime Student
AMA-C2623,Olivia Yamada,,New York,NY,US,11/16/2023,Non-Prime
AMA-C10487,Michael Wang,,Phoenix,AZ,US,03/24/2025,Prime Student
AMA-C3124,Chen Garcia,,Chicago,IL,US,27-Nov-2021,Non-Prime
AMA-C3866,Vivaan Wilson,vivaan.wilson909@example.com,Denver,CO,US,10-Jan-2022,Prime
AMA-C4437,Mohammed Davis,mohammed.davis155@example.com,Boston,MA,US,09/22/2022,Prime Student
AMA-C2792,priya davis,priya.davis260@example.com,Chicago,IL,US,2022-03-31,Non-Prime
AMA-C6089,Zoe Rossi,zoe.rossi778@example.com,Atlanta,GA,US,05/24/2024,Prime Student
AMA-C1129,SARA SUZUKI,sara.suzuki295 at example.com,Denver,CO,US,2025-10-10,Non-Prime
AMA-C6836,SARA GARCIA,sara.garcia133@example.com,Chicago,IL,US,23-Oct-2024,Non-Prime
AMA-C1491,CHEN SUZUKI,chen.suzuki607@example.com,Houston,TX,US,2023-08-25,Prime
AMA-C8544,Maria Johnson,,Atlanta,GA,US,19-Jul-2022,Prime Student
AMA-C10828,Ken Tanaka,ken.tanaka57@example.com,HOUSTON,TX,US,09/23/2025,Prime Student
AMA-C9545,Mohammed Yamada,mohammed.yamada830@example.com,Chicago,IL,US,23-Apr-2021,
AMA-C5439, Anna Kumar ,anna.kumar329@example.com,Los Angeles,CA,US,04/30/2025,Prime Student
AMA-C6411,Vivaan Müller,vivaan.müller862@example.com,Los Angeles,CA,US,05/29/2021,Prime Student
AMA-C4161,ZOE BROWN,zoe.brown731@example.com,New York,NY,US,2021-09-04,Prime Student
AMA-C6548,Carlos Yamada,carlos.yamada601@example.com,Los Angeles,CA,US,2023-06-20,Non-Prime
AMA-C8964,MOHAMMED CHEN,mohammed.chen112@example.com,Los Angeles,CA,US,01/03/2021,Prime Student
AMA-C3964,CHEN DAVIS,,Seattle,WA,US,06/15/2025,Prime
AMA-C2375,Sara Wilson,sara.wilson991@example.com,Houston,TX,US,2021-03-09,Prime
AMA-C6539,Yuki Khan,yuki.khan17@example.com,Houston,TX,US,2022-06-11,Prime
AMA-C5432,Yuki Lee,yuki.lee269 at example.com,Denver,CO,US,2021-04-24,Prime
AMA-C3232,Liam Khan,liam.khan922@example.com,Atlanta,GA,US,28-Nov-2025,Prime Student
AMA-C3216,Chen Sharma,chen.sharma165 at example.com,Los Angeles,CA,US,08/27/2023,Prime Student
AMA-C8047,ava johnson,,chicago,IL,US,2022-05-07,Prime
AMA-C2480,Sofia Sharma,sofia.sharma321@example.com,Boston,MA,US,2024-08-17,Prime Student
AMA-C1837,Sofia Khan,,Miami,FL,US,06/06/2025,Prime Student
AMA-C5003, Maria Chen ,maria.chen400@example.com,Atlanta,GA,US,2021-01-25,Non-Prime
AMA-C1644,Sara Wang,sara.wang656 at example.com,chicago,IL,US,06/05/2022,Prime Student
AMA-C8341,Zoe Kumar,zoe.kumar307@example.com,Boston,MA,US,2023-05-25,Non-Prime
AMA-C3731,Liam Wilson,liam.wilson939@example.com,Los Angeles,CA,US,03/18/2022,Prime Student
AMA-C1143,Li Singh,li.singh21@example.com,Denver,CO,US,22-Jul-2023,Prime Student
AMA-C5449,AARAV MÜLLER,aarav.müller865@example.com,Los Angeles,CA,US,2022-11-20,Prime Student
AMA-C1250,Noah Rossi,noah.rossi516@example.com,Seattle,WA,US,17-Nov-2024,Prime Student
AMA-C9626,Wei Patel,wei.patel864@example.com,Los Angeles,CA,US,21-Nov-2021,Non-Prime
AMA-C6409,Carlos Kim,carlos.kim284@example.com,Atlanta,GA,US,14-Dec-2022,Prime
AMA-C4235,RAHUL MÜLLER,rahul.müller808@example.com,Houston,TX,US,05/17/2025,Prime
AMA-C5291,Emma Smith,emma.smith651@example.com,Denver,CO,US,14-Jul-2023,Prime
AMA-C6614, Liam Yamada ,liam.yamada344@example.com,Atlanta,GA,US,24-Aug-2025,Prime
AMA-C10102,Priya Singh,priya.singh417@example.com,Boston,MA,US,2022-08-26,Non-Prime
AMA-C10638, Ben Wang ,ben.wang479@example.com,Chicago,IL,US,2023-12-22,Prime
AMA-C6438,Vivaan Sharma,vivaan.sharma516@example.com,PHOENIX,AZ,US,07/23/2024,Prime Student
AMA-C7009,Noah Kim,noah.kim498@example.com,Boston,MA,US,02/18/2025,Prime
AMA-C6473,Sara Johnson,sara.johnson181@example.com,Chicago,IL,US,07-Sep-2024,Prime Student
AMA-C1715,Michael Martin,michael.martin677@example.com,Boston,MA,US,07-Jul-2025,Prime
AMA-C5232,noah lee,noah.lee432@example.com,seattle,WA,US,12/30/2023,Non-Prime
AMA-C2050,ava chen,ava.chen44@example.com,New York,NY,US,27-Feb-2024,Prime
AMA-C6727, Liam Rossi ,liam.rossi495@example.com,Denver,CO,US,2021-01-01,Non-Prime
AMA-C10338,Ben Wilson,ben.wilson129@example.com,Houston,TX,US,2024-06-04,Prime
AMA-C9492,aditya singh,aditya.singh576@example.com,Chicago,IL,US,05/21/2021,
AMA-C9549,ZOE KIM,zoe.kim928@example.com,HOUSTON,TX,US,07/14/2022,Prime Student
AMA-C8412,Mohammed Brown,mohammed.brown249@example.com,Miami,FL,US,09/27/2022,Non-Prime
AMA-C5938,Rahul Smith,rahul.smith815@example.com,New York,NY,US,04/24/2024,Prime Student
AMA-C10191,Anna Sharma,anna.sharma323@example.com,Los Angeles,CA,US,2022-01-23,Prime
AMA-C8644, Liam Wilson ,liam.wilson820@example.com,Miami,FL,US,2025-02-24,Non-Prime
AMA-C8203,anna garcia,anna.garcia596@example.com,Los Angeles,CA,US,18-Jan-2023,Prime Student
AMA-C6080,sofia smith,sofia.smith167@example.com,Denver,CO,US,2022-01-03,
AMA-C4993,Fatima Johnson,fatima.johnson869@example.com,Los Angeles,CA,US,07-May-2024,Non-Prime
AMA-C3673,Yuki Müller,yuki.müller906@example.com,Houston,TX,US,2023-11-13,Prime
AMA-C2145,Vivaan Rossi,vivaan.rossi975@example.com,Phoenix,AZ,US,2024-02-05,Prime Student
AMA-C6348,Wei Yamada,wei.yamada633@example.com,Phoenix,AZ,US,02/23/2022,Prime
AMA-C2010,Chen Brown,chen.brown367@example.com,los angeles,CA,US,2022-03-05,Non-Prime
AMA-C7608,ken lee,ken.lee32@example.com,Houston,TX,US,06-Feb-2022,Prime Student
AMA-C7460,Noah Martin,noah.martin707@example.com,Denver,CO,US,07-May-2023,Prime Student
AMA-C7008,Fatima Wang,fatima.wang984@example.com,Los Angeles,CA,US,2023-09-25,Prime Student
AMA-C9604,liam smith,liam.smith320@example.com,Los Angeles,CA,US,23-May-2025,Non-Prime
AMA-C8475,fatima wilson,fatima.wilson435@example.com,Phoenix,AZ,US,2021-01-23,Prime
AMA-C6164, James Tanaka ,james.tanaka814@example.com,Seattle,WA,US,2024-07-02,
AMA-C8590,Aditya Patel,aditya.patel435@example.com,Phoenix,AZ,US,2024-01-31,Prime Student
AMA-C5821,Ben Wang,ben.wang908@example.com,Denver,CO,US,2021-01-21,Non-Prime
AMA-C9936,Aarav Singh,aarav.singh218@example.com,Los Angeles,CA,US,2022-11-06,Non-Prime
AMA-C3737,Li Garcia,li.garcia470@example.com,Seattle,WA,US,09/07/2024,Prime Student
AMA-C4329,Ken Tanaka,ken.tanaka553@example.com,Seattle,WA,US,08/31/2025,Prime Student
AMA-C3207,Ben Brown,ben.brown688@example.com,Boston,MA,US,2025-09-12,Prime
AMA-C1149,Anna Müller,anna.müller683@example.com,Chicago,IL,US,25-Dec-2022,Non-Prime
AMA-C1378,Mohammed Yamada,mohammed.yamada461@example.com,Los Angeles,CA,US,06/16/2022,Prime Student
AMA-C3085,Yuki Lee,yuki.lee669@example.com,Phoenix,AZ,US,2023-09-11,Prime Student
AMA-C6715,Ava Tanaka,,Boston,MA,US,12-Jun-2024,Prime Student
AMA-C2472,James Martin,james.martin241@example.com,Miami,FL,US,02-Sep-2021,Prime
AMA-C1181,Chen Chen,chen.chen648@example.com,Los Angeles,CA,US,01-Feb-2023,Non-Prime
AMA-C1241,Aditya Wilson,aditya.wilson791 at example.com,Phoenix,AZ,US,02/16/2025,Prime Student
AMA-C6914,Fatima Garcia,fatima.garcia724@example.com,Houston,TX,US,2025-07-02,Prime Student
AMA-C9352,Priya Suzuki,priya.suzuki732@example.com,Denver,CO,US,2022-05-12,Prime Student
AMA-C7446, Fatima Singh ,fatima.singh816@example.com,Boston,MA,US,12/29/2024,Non-Prime
AMA-C1524,Mohammed Johnson,mohammed.johnson595 at example.com,HOUSTON,TX,US,10/20/2024,Prime
AMA-C4744,RAHUL KHAN,rahul.khan531@example.com,Los Angeles,CA,US,03-Mar-2022,Non-Prime
AMA-C2647,Chen Kim,chen.kim295@example.com,New York,NY,US,12/02/2023,
AMA-C2987,Mohammed Wilson,mohammed.wilson920@example.com,Phoenix,AZ,US,2023-08-24,Non-Prime
AMA-C8817, Wei Tanaka ,wei.tanaka965@example.com,Phoenix,AZ,US,23-Oct-2022,Non-Prime
AMA-C10027,Aditya Kumar,aditya.kumar60@example.com,Denver,CO,US,07/14/2024,Non-Prime
AMA-C8923,Sofia Lee,sofia.lee414@example.com,Chicago,IL,US,26-Jan-2024,Non-Prime
AMA-C5154,fatima smith,fatima.smith195@example.com,New York,NY,US,01-Apr-2025,Prime Student
AMA-C2780,Maria Anderson,maria.anderson179@example.com,Seattle,WA,US,12/01/2023,Prime
AMA-C3197,Olivia Müller,olivia.müller450@example.com,Phoenix,AZ,US,03/07/2022,Non-Prime
AMA-C8788,Fatima Suzuki,,LOS ANGELES,CA,US,2022-06-25,Prime
AMA-C7875,Ken Smith,ken.smith71@example.com,Miami,FL,US,2025-05-01,Prime
AMA-C4992,Li Lee,li.lee66@example.com,Seattle,WA,US,2021-10-17,Prime Student
AMA-C5035, Aditya Wang ,aditya.wang989@example.com,Chicago,IL,US,2021-04-27,Prime
AMA-C2447,RAHUL SUZUKI,rahul.suzuki946@example.com,Houston,TX,US,06/27/2022,Prime
AMA-C8862,Maria Patel,maria.patel109@example.com,HOUSTON,TX,US,02/25/2025,Prime
AMA-C2804,David Lee,david.lee436@example.com,New York,NY,US,01/06/2023,Non-Prime
AMA-C8327,Sara Yamada,sara.yamada187@example.com,New York,NY,US,30-Sep-2022,Prime Student
AMA-C6912,Ben Johnson,ben.johnson487@example.com,New York,NY,US,27-Mar-2025,Prime Student
AMA-C1805,Olivia Tanaka,olivia.tanaka450@example.com,Houston,TX,US,08/03/2022,Prime Student
AMA-C2869,Carlos Johnson,carlos.johnson782@example.com,Denver,CO,US,02-Jan-2023,Non-Prime
AMA-C2650,Ava Smith,ava.smith312@example.com,New York,NY,US,2022-09-10,Prime Student
AMA-C10680,FATIMA DAVIS,,Atlanta,GA,US,2021-12-29,Non-Prime
AMA-C6331,Vivaan Rossi,,Denver,CO,US,2022-03-08,Non-Prime
AMA-C8177,Noah Brown,noah.brown892@example.com,Seattle,WA,US,06/04/2024,Non-Prime
AMA-C6432,Anna Davis,anna.davis348@example.com,Los Angeles,CA,US,2022-10-12,Non-Prime
AMA-C4963,Chen Davis,chen.davis692@example.com,Denver,CO,US,09/06/2022,Prime Student
AMA-C9846,Yuki Garcia,yuki.garcia484@example.com,Los Angeles,CA,US,05/25/2022,Non-Prime
AMA-C7406,LI TANAKA,li.tanaka733@example.com,Houston,TX,US,25-Sep-2025,Non-Prime
AMA-C2032,Maria Rossi,maria.rossi965@example.com,Atlanta,GA,US,02/25/2025,Prime
AMA-C7925,Anna Lee,anna.lee889@example.com,Atlanta,GA,US,05/27/2022,Prime
AMA-C8661,NOAH MÜLLER,noah.müller345@example.com,Houston,TX,US,29-Nov-2025,Prime
AMA-C8192,Olivia Anderson,olivia.anderson707@example.com,Atlanta,GA,US,03/07/2025,Non-Prime
AMA-C5148,Anna Suzuki,anna.suzuki274@example.com,Miami,FL,US,2023-08-22,Prime
AMA-C2718,Fatima Wang,fatima.wang683@example.com,Phoenix,AZ,US,06/25/2024,Non-Prime
AMA-C1942,Chen Martin,chen.martin754@example.com,Denver,CO,US,23-Oct-2024,Prime Student
AMA-C10289,David Müller,david.müller665@example.com,Denver,CO,US,05/02/2022,Prime
AMA-C7033,Sara Wang,sara.wang89@example.com,Atlanta,GA,US,09/11/2025,Prime Student
AMA-C6144,YUKI GARCIA,yuki.garcia459@example.com,Boston,MA,US,10/14/2024,Non-Prime
AMA-C9354,PRIYA KHAN,priya.khan730@example.com,seattle,WA,US,07/08/2025,Non-Prime
AMA-C9625,Mohammed Chen,mohammed.chen915@example.com,Boston,MA,US,2025-12-21,
AMA-C8379,Wei Müller,wei.müller17@example.com,Denver,CO,US,04-Oct-2023,Prime Student
AMA-C1023,Michael Sharma,michael.sharma927@example.com,Chicago,IL,US,24-Apr-2024,Prime Student
AMA-C10869,anna martin,anna.martin731@example.com,Chicago,IL,US,03-May-2022,Prime
AMA-C1178,Vivaan Khan,vivaan.khan726@example.com,Miami,FL,US,2023-08-11,Prime
AMA-C9559,ADITYA WANG,aditya.wang614@example.com,Phoenix,AZ,US,06/10/2024,Prime
AMA-C7496,Sofia Brown,sofia.brown523 at example.com,Miami,FL,US,06/02/2025,Non-Prime
AMA-C1857,Sara Tanaka,sara.tanaka552@example.com,Atlanta,GA,US,07-Nov-2023,Prime
AMA-C1825,Emma Chen,emma.chen276@example.com,Phoenix,AZ,US,06/15/2024,Non-Prime
AMA-C4785,Aarav Rossi,aarav.rossi621@example.com,Miami,FL,US,2023-12-12,Non-Prime
AMA-C4631,LI KIM,li.kim308@example.com,Atlanta,GA,US,01/11/2021,Prime
AMA-C10129,Emma Kim,emma.kim202@example.com,Houston,TX,US,03/09/2022,Prime
AMA-C3092,NOAH DAVIS,noah.davis576@example.com,Seattle,WA,US,29-Nov-2024,Prime
AMA-C7767,Ben Patel,ben.patel359@example.com,Boston,MA,US,02/03/2024,Prime
AMA-C4974,Olivia Davis,olivia.davis649@example.com,Phoenix,AZ,US,2023-02-15,Non-Prime
AMA-C8796,Chen Rossi,chen.rossi445@example.com,CHICAGO,IL,US,07/15/2025,Prime
AMA-C1731,Noah Singh,noah.singh440@example.com,BOSTON,MA,US,30-Aug-2022,Prime Student
AMA-C3095,Noah Davis,noah.davis211@example.com,Miami,FL,US,2025-08-07,Non-Prime
AMA-C3114,Chen Suzuki,chen.suzuki653@example.com,Atlanta,GA,US,2024-06-08,Prime Student
AMA-C9381,Priya Kim,priya.kim815@example.com,Houston,TX,US,2021-07-29,Non-Prime
AMA-C9684,Sofia Chen,sofia.chen664@example.com,Phoenix,AZ,US,2025-11-25,Prime Student
AMA-C10839,aditya tanaka,aditya.tanaka902@example.com,seattle,WA,US,2021-06-29,Non-Prime
AMA-C3683,Zoe Davis,zoe.davis571@example.com,Chicago,IL,US,2025-12-01,Prime
AMA-C4407,Maria Sharma,maria.sharma587@example.com,Chicago,IL,US,01-Feb-2022,Prime Student
AMA-C5585,ava wilson,ava.wilson174@example.com,Phoenix,AZ,US,11/29/2025,Prime Student
AMA-C1938,Ava Tanaka,ava.tanaka743@example.com,Phoenix,AZ,US,07/12/2025,Prime
AMA-C10413,James Müller,james.müller504@example.com,Boston,MA,US,28-Oct-2023,Prime Student
AMA-C3787,Ben Johnson,ben.johnson184@example.com,Atlanta,GA,US,2023-11-30,Prime
AMA-C8435,Chen Garcia,chen.garcia29@example.com,Boston,MA,US,09/09/2021,Prime
AMA-C4043,Anna Wang,anna.wang970@example.com,Miami,FL,US,2025-11-10,
AMA-C5007,Noah Patel,noah.patel549@example.com,Seattle,WA,US,2025-01-04,Non-Prime
AMA-C4653,Olivia Wang,olivia.wang742@example.com,Houston,TX,US,12-Apr-2025,Prime Student
AMA-C4840,Liam Martin,liam.martin888@example.com,New York,NY,US,08/05/2024,Prime Student
AMA-C7873,AVA JOHNSON,ava.johnson312@example.com,Boston,MA,US,07/23/2024,
AMA-C1050,David Wilson,,Houston,TX,US,2023-09-30,Prime Student
AMA-C5259,priya patel,priya.patel329@example.com,Boston,MA,US,06-Feb-2024,Prime Student
AMA-C9644,priya wang,priya.wang806@example.com,Denver,CO,US,2023-04-12,Prime Student
AMA-C2968, Chen Patel ,chen.patel273@example.com,Boston,MA,US,11-Jul-2023,Non-Prime
AMA-C3331,Vivaan Brown,vivaan.brown667@example.com,New York,NY,US,2023-09-12,Prime Student
AMA-C4761,Priya Khan,priya.khan651@example.com,New York,NY,US,2021-03-20,Prime Student
AMA-C8001,James Suzuki,,Phoenix,AZ,US,24-Jul-2023,Prime Student
AMA-C9663,James Chen,james.chen413@example.com,Chicago,IL,US,09/14/2022,Prime
AMA-C7209,Aditya Yamada,aditya.yamada103@example.com,Los Angeles,CA,US,08/02/2025,Prime Student
AMA-C4255,Aditya Garcia,aditya.garcia30@example.com,Phoenix,AZ,US,24-Feb-2025,Prime Student
AMA-C9868,JAMES PATEL,james.patel627@example.com,Seattle,WA,US,2025-09-29,Prime
AMA-C4289,Aditya Müller,aditya.müller949@example.com,Miami,FL,US,03/11/2022,Non-Prime
AMA-C6521,Anna Chen,,Miami,FL,US,2023-11-03,Non-Prime
AMA-C10564,Wei Müller,wei.müller894@example.com,houston,TX,US,19-Jul-2022,Prime
AMA-C7275,James Müller,james.müller536@example.com,Boston,MA,US,2025-07-02,Prime
AMA-C10745,Priya Garcia,,Chicago,IL,US,04/09/2021,Non-Prime
AMA-C6788,mohammed sharma,mohammed.sharma676@example.com,Los Angeles,CA,US,04/28/2023,Non-Prime
AMA-C8895,Noah Rossi,noah.rossi32@example.com,Miami,FL,US,2023-11-27,Prime Student
AMA-C4889, Aarav Patel ,aarav.patel220@example.com,New York,NY,US,11/29/2021,
AMA-C3214,VIVAAN YAMADA,vivaan.yamada621@example.com,PHOENIX,AZ,US,09/03/2021,Prime Student
AMA-C4762,Chen Kim,chen.kim194@example.com,New York,NY,US,02-Feb-2022,Non-Prime
AMA-C2220,Aditya Rossi,aditya.rossi170@example.com,Atlanta,GA,US,29-Sep-2021,Prime Student
AMA-C7365,Liam Wilson,liam.wilson614@example.com,Boston,MA,US,2021-06-10,Prime Student
AMA-C1981,john khan,john.khan773@example.com,Seattle,WA,US,07-Feb-2022,Prime
AMA-C7630,David Martin,,Denver,CO,US,08/11/2021,Non-Prime
AMA-C1866,Maria Smith,maria.smith902@example.com,los angeles,CA,US,07-Sep-2023,Non-Prime
AMA-C7762,LI WANG,li.wang108@example.com,Denver,CO,US,05/29/2023,Prime Student
AMA-C10240,Aarav Davis,aarav.davis129@example.com,Boston,MA,US,2021-09-20,Prime Student
AMA-C1998,James Martin,james.martin345@example.com,Los Angeles,CA,US,2021-02-08,Prime
AMA-C8563,Anna Sharma,anna.sharma628 at example.com,Miami,FL,US,29-Mar-2023,Prime
AMA-C1426,Wei Yamada,,Denver,CO,US,2022-06-23,Non-Prime
AMA-C8468,Mohammed Suzuki,mohammed.suzuki432@example.com,Phoenix,AZ,US,12/10/2022,Prime
AMA-C6810,Fatima Wang,fatima.wang219 at example.com,Seattle,WA,US,05/03/2024,Prime Student
AMA-C10120,Aditya Smith,aditya.smith165@example.com,Los Angeles,CA,US,03/13/2021,Prime Student
AMA-C4246,Aditya Khan,aditya.khan989@example.com,Phoenix,AZ,US,17-Feb-2022,Prime Student
AMA-C10801,Carlos Chen,carlos.chen909@example.com,miami,FL,US,21-Jan-2022,Prime
AMA-C4864,Fatima Kumar,fatima.kumar232@example.com,Phoenix,AZ,US,11-Feb-2022,Non-Prime
AMA-C2898,Carlos Suzuki,carlos.suzuki665@example.com,chicago,IL,US,05/31/2024,Prime Student
AMA-C2044,Priya Khan,priya.khan989@example.com,Houston,TX,US,01/04/2025,Prime
AMA-C2286,Chen Patel,chen.patel596@example.com,miami,FL,US,2023-10-12,Prime
AMA-C8932,Aarav Kim,aarav.kim728@example.com,Chicago,IL,US,2021-02-27,Non-Prime
AMA-C5265,Vivaan Chen,,Chicago,IL,US,2022-06-15,Prime Student
AMA-C7982,FATIMA SINGH,fatima.singh476 at example.com,NEW YORK,NY,US,17-Nov-2025,Non-Prime
AMA-C9782,aditya wang,aditya.wang666@example.com,Atlanta,GA,US,04/27/2023,Non-Prime
AMA-C2756,Maria Müller,maria.müller718@example.com,Los Angeles,CA,US,05/24/2024,Non-Prime
AMA-C8126,Aditya Singh,aditya.singh174@example.com,Phoenix,AZ,US,2023-07-17,Prime Student
AMA-C6067,Ken Chen,ken.chen474@example.com,Boston,MA,US,09/09/2023,Prime Student
AMA-C8806,Michael Garcia,michael.garcia459@example.com,Los Angeles,CA,US,01-Mar-2023,Prime
AMA-C7827,Ben Suzuki,ben.suzuki385@example.com,Denver,CO,US,2023-08-17,Prime
AMA-C5306,John Sharma,john.sharma930@example.com,SEATTLE,WA,US,06-Dec-2024,Prime Student
AMA-C8595,Maria Yamada,,Phoenix,AZ,US,11-Jun-2023,Prime
AMA-C9475, Ben Singh ,ben.singh141@example.com,CHICAGO,IL,US,2025-02-22,Prime
AMA-C2243,Olivia Wang,olivia.wang459@example.com,Denver,CO,US,2021-05-27,Prime
AMA-C5100,James Kim,james.kim907@example.com,Chicago,IL,US,2021-01-30,Prime Student
AMA-C3112,Liam Singh,liam.singh263@example.com,Seattle,WA,US,07/31/2021,Prime Student
AMA-C9547,Olivia Lee,olivia.lee962@example.com,Atlanta,GA,US,2022-11-09,Non-Prime
AMA-C7194,John Müller,john.müller973@example.com,Chicago,IL,US,09/05/2023,Prime Student
AMA-C5603,Aditya Patel,,Chicago,IL,US,11/03/2025,Prime
AMA-C1064,Ava Lee,ava.lee143@example.com,Denver,CO,US,05/26/2023,Prime
AMA-C8607,james garcia,james.garcia413@example.com,Atlanta,GA,US,2024-04-26,Prime
AMA-C9716,Sofia Lee,sofia.lee675@example.com,new york,NY,US,10/30/2021,Non-Prime
AMA-C10206, Sofia Davis ,sofia.davis586@example.com,Chicago,IL,US,2021-11-08,Non-Prime
AMA-C9889,John Sharma,john.sharma499@example.com,Houston,TX,US,30-Sep-2021,Non-Prime
AMA-C5150,ANNA TANAKA,anna.tanaka701@example.com,Atlanta,GA,US,2022-08-31,Prime Student
AMA-C1209,Carlos Rossi,carlos.rossi906@example.com,New York,NY,US,16-Jul-2025,Prime Student
AMA-C1422,Li Anderson,,New York,NY,US,09/28/2025,Prime Student
AMA-C3321,ava anderson,ava.anderson139@example.com,Boston,MA,US,11/23/2021,Prime
AMA-C5373,Sofia Tanaka,sofia.tanaka882@example.com,Chicago,IL,US,11/13/2024,Prime Student
AMA-C7986,aarav lee,aarav.lee638@example.com,Miami,FL,US,2021-05-09,Prime Student
AMA-C10241,Li Kumar,li.kumar974 at example.com,Chicago,IL,US,16-Apr-2023,Prime
AMA-C3869,Rahul Sharma,rahul.sharma534@example.com,chicago,IL,US,2024-07-03,Non-Prime
AMA-C4581,Fatima Wilson,fatima.wilson982@example.com,New York,NY,US,2022-02-27,Prime Student
AMA-C7030,Li Müller,li.müller567@example.com,Los Angeles,CA,US,26-Jul-2021,Prime Student
AMA-C7225,Li Wang,li.wang672@example.com,Los Angeles,CA,US,2021-04-16,Non-Prime
AMA-C5628,MICHAEL PATEL,michael.patel970@example.com,Miami,FL,US,08/24/2025,Non-Prime
AMA-C9213,Mohammed Yamada,mohammed.yamada60@example.com,Phoenix,AZ,US,12/26/2025,
AMA-C3979,Sofia Suzuki,sofia.suzuki924@example.com,Phoenix,AZ,US,2021-05-15,Non-Prime
AMA-C2721,anna anderson,anna.anderson788@example.com,Houston,TX,US,11-May-2023,
AMA-C9139,VIVAAN GARCIA,vivaan.garcia83@example.com,Denver,CO,US,2024-09-17,Prime
AMA-C5581, Sofia Wang ,sofia.wang368@example.com,Miami,FL,US,2024-01-21,Prime
AMA-C6299,Liam Suzuki,liam.suzuki542@example.com,Phoenix,AZ,US,2021-08-11,
AMA-C10092,Ken Sharma,ken.sharma349@example.com,NEW YORK,NY,US,16-Sep-2022,Prime Student
AMA-C5510,aarav smith,aarav.smith24@example.com,Chicago,IL,US,2024-09-06,Prime
AMA-C7056,Aditya Wilson,aditya.wilson636@example.com,New York,NY,US,09/28/2021,Prime Student
AMA-C7081,David Wilson,david.wilson95@example.com,Chicago,IL,US,18-Mar-2021,Non-Prime
AMA-C9274,James Davis,james.davis745@example.com,Boston,MA,US,16-Jul-2025,Prime
AMA-C10090, Yuki Müller ,yuki.müller479@example.com,Phoenix,AZ,US,01/26/2025,Non-Prime
AMA-C8786,Maria Johnson,maria.johnson260@example.com,Denver,CO,US,06/22/2021,Prime
AMA-C1086,Noah Johnson,noah.johnson640@example.com,Los Angeles,CA,US,2022-06-27,Non-Prime
AMA-C9175,Sofia Yamada,sofia.yamada571@example.com,Miami,FL,US,17-Jul-2024,Prime Student
AMA-C2151,LIAM ROSSI,liam.rossi592@example.com,New York,NY,US,2022-03-31,Non-Prime
AMA-C9790,John Tanaka,john.tanaka279@example.com,New York,NY,US,05/17/2025,Non-Prime
AMA-C5606,Li Wang,li.wang957@example.com,Chicago,IL,US,2023-05-25,Non-Prime
AMA-C3577,Anna Martin,,Phoenix,AZ,US,2025-02-12,Prime
AMA-C9269,Anna Johnson,anna.johnson558@example.com,Atlanta,GA,US,2021-02-04,Non-Prime
AMA-C2070,ken sharma,,Boston,MA,US,2024-02-04,Prime
AMA-C3663,Mohammed Khan,mohammed.khan743@example.com,New York,NY,US,08-Dec-2024,Prime Student
AMA-C8208,David Müller,david.müller560@example.com,Miami,FL,US,12-Mar-2021,Prime
AMA-C2156,Fatima Wang,fatima.wang282@example.com,Boston,MA,US,12/20/2025,Prime
AMA-C2848,john davis,john.davis440@example.com,Chicago,IL,US,2021-07-21,Prime
AMA-C10857,Priya Patel,priya.patel870@example.com,Miami,FL,US,06-May-2021,Prime Student
AMA-C3638,James Suzuki,james.suzuki348@example.com,Phoenix,AZ,US,2025-06-17,Prime
AMA-C4764,ANNA WILSON,anna.wilson770@example.com,Chicago,IL,US,2025-12-20,Non-Prime
AMA-C9507,mohammed yamada,mohammed.yamada223@example.com,Chicago,IL,US,2024-07-03,Prime Student
AMA-C4325,MOHAMMED WANG,mohammed.wang491@example.com,Chicago,IL,US,2022-07-31,Prime Student
AMA-C1684,Mohammed Anderson,mohammed.anderson18@example.com,Los Angeles,CA,US,06/22/2023,
AMA-C2626, Ava Yamada ,ava.yamada122@example.com,Phoenix,AZ,US,27-Jun-2023,Non-Prime
AMA-C4192,Zoe Martin,,Denver,CO,US,2022-09-03,Prime Student
AMA-C10775,Vivaan Patel,vivaan.patel986@example.com,Los Angeles,CA,US,09/16/2025,Non-Prime
AMA-C4567,Liam Kumar,liam.kumar797@example.com,Chicago,IL,US,2022-01-19,Prime Student
AMA-C6963,james chen,james.chen948@example.com,Boston,MA,US,27-Dec-2021,Prime
AMA-C1615,Ava Brown,ava.brown165@example.com,Seattle,WA,US,03/29/2023,Prime Student
AMA-C8021, Anna Singh ,anna.singh832@example.com,Los Angeles,CA,US,2023-02-04,Prime
AMA-C1836,EMMA PATEL,emma.patel476@example.com,New York,NY,US,2022-05-09,Prime
AMA-C2428,Sofia Anderson,sofia.anderson513@example.com,PHOENIX,AZ,US,07/25/2021,Non-Prime
AMA-C7464,Priya Chen,priya.chen916 at example.com,chicago,IL,US,18-Feb-2024,Non-Prime
AMA-C10282,Sara Anderson,,Miami,FL,US,06/26/2025,Non-Prime
AMA-C2975,Aditya Müller,aditya.müller697@example.com,Los Angeles,CA,US,14-May-2025,Non-Prime
AMA-C4568, Zoe Wilson ,zoe.wilson446@example.com,Denver,CO,US,14-Feb-2024,Non-Prime
AMA-C2627,Noah Suzuki,noah.suzuki408@example.com,Chicago,IL,US,08/27/2023,Prime
AMA-C7095,Noah Davis,noah.davis558@example.com,Chicago,IL,US,06/26/2021,Prime
AMA-C5900,LI CHEN,li.chen71@example.com,Phoenix,AZ,US,01/20/2025,Prime Student
AMA-C7138,Yuki Johnson,,Atlanta,GA,US,15-Oct-2025,Non-Prime
AMA-C8086,zoe sharma,zoe.sharma896@example.com,Seattle,WA,US,11-Dec-2021,Non-Prime
AMA-C9624,Wei Patel,wei.patel190@example.com,Denver,CO,US,11-Feb-2023,Prime
AMA-C9725,Ben Chen,,Boston,MA,US,12/16/2025,Non-Prime
AMA-C6494,Zoe Singh,,Atlanta,GA,US,2025-10-25,Non-Prime
AMA-C1447,Michael Kumar,,Boston,MA,US,12-May-2023,Non-Prime
AMA-C4709,Ken Anderson,ken.anderson287@example.com,New York,NY,US,2023-07-18,Prime Student
AMA-C2764,Maria Anderson,maria.anderson90@example.com,Atlanta,GA,US,28-May-2025,Non-Prime
AMA-C1879,Wei Lee,,New York,NY,US,11/03/2022,Prime Student
AMA-C7358,Zoe Smith,zoe.smith39@example.com,Seattle,WA,US,07/04/2023,Prime Student
AMA-C5605,Emma Sharma,emma.sharma457@example.com,Seattle,WA,US,30-Nov-2025,Non-Prime
AMA-C10220,Fatima Martin,fatima.martin905@example.com,Atlanta,GA,US,13-Dec-2022,Prime
AMA-C10006,ADITYA YAMADA,aditya.yamada296@example.com,Houston,TX,US,2024-08-03,Prime Student
AMA-C1737,Sofia Müller,sofia.müller835@example.com,Boston,MA,US,15-Jul-2024,Prime Student
AMA-C10410,ava rossi,ava.rossi353@example.com,Chicago,IL,US,08-Nov-2024,Prime
AMA-C6553,Carlos Singh,carlos.singh20@example.com,Los Angeles,CA,US,2025-11-13,Prime
AMA-C7489,Anna Wang,anna.wang673@example.com,Denver,CO,US,09/22/2023,Prime
AMA-C8573,Noah Khan,,Los Angeles,CA,US,13-Feb-2024,Prime Student
AMA-C4320,Ben Singh,,Atlanta,GA,US,2021-12-19,Non-Prime
AMA-C2663,Michael Patel,michael.patel780@example.com,Miami,FL,US,2021-05-16,Non-Prime
AMA-C7796,Ben Patel,ben.patel660 at example.com,Atlanta,GA,US,29-Aug-2025,Prime Student
AMA-C10083,Zoe Anderson,zoe.anderson191@example.com,Houston,TX,US,2024-07-13,Prime Student
AMA-C9076,Ken Kim,ken.kim165@example.com,Atlanta,GA,US,09/10/2022,Prime Student
AMA-C2103,Vivaan Lee,vivaan.lee404@example.com,Miami,FL,US,18-Feb-2021,Prime
AMA-C9499,Mohammed Suzuki,mohammed.suzuki993@example.com,Los Angeles,CA,US,04-Jan-2025,Prime Student
AMA-C3101,Anna Lee,anna.lee504@example.com,MIAMI,FL,US,06/16/2021,Non-Prime
AMA-C9754,Noah Anderson,noah.anderson49@example.com,Atlanta,GA,US,02/20/2025,Non-Prime
AMA-C5092,Olivia Singh,olivia.singh938@example.com,Seattle,WA,US,05/22/2021,Prime
AMA-C9556,Ben Martin,ben.martin844@example.com,Los Angeles,CA,US,10-Jan-2021,Prime Student
AMA-C10674,Ben Kumar,ben.kumar524@example.com,Denver,CO,US,03-Mar-2021,Prime
AMA-C1639,JOHN CHEN,john.chen371@example.com,Denver,CO,US,12/25/2023,Non-Prime
AMA-C7423,Carlos Kim,carlos.kim392@example.com,Chicago,IL,US,2023-05-23,Non-Prime
AMA-C10259,JOHN MARTIN,john.martin422@example.com,Chicago,IL,US,07/03/2025,Prime Student
AMA-C4306,NOAH YAMADA,noah.yamada446@example.com,New York,NY,US,18-Oct-2024,Prime
AMA-C7098,Wei Lee,,Los Angeles,CA,US,19-Oct-2023,Prime
AMA-C8295,Michael Suzuki,michael.suzuki565@example.com,New York,NY,US,2021-06-13,Non-Prime
AMA-C5173,Aarav Garcia,aarav.garcia120@example.com,Los Angeles,CA,US,2022-05-23,Prime
AMA-C1537,Mohammed Chen,mohammed.chen273@example.com,Seattle,WA,US,05/24/2022,Prime
AMA-C7903,Anna Patel,anna.patel977@example.com,Phoenix,AZ,US,25-Nov-2025,Prime
AMA-C9399,Priya Brown,priya.brown938@example.com,Los Angeles,CA,US,06/04/2021,
AMA-C1124,KEN GARCIA,,miami,FL,US,2024-06-29,Prime
AMA-C10461,Carlos Yamada,carlos.yamada368@example.com,Boston,MA,US,20-Nov-2024,Prime
AMA-C6943, Emma Garcia ,emma.garcia911@example.com,denver,CO,US,09-Nov-2021,Non-Prime
AMA-C2777, Sara Tanaka ,sara.tanaka720@example.com,Seattle,WA,US,03/03/2023,Prime
AMA-C7346,Noah Patel,noah.patel16@example.com,Houston,TX,US,2022-10-09,Non-Prime
AMA-C5661,Sofia Davis,,Miami,FL,US,2024-11-12,Prime Student
AMA-C5931,Emma Müller,emma.müller591@example.com,Los Angeles,CA,US,2024-10-19,Prime Student
AMA-C8517,Ava Martin,ava.martin277@example.com,New York,NY,US,09-Jul-2025,Prime Student
AMA-C10126,David Müller,david.müller8@example.com,miami,FL,US,2023-07-29,Prime Student
AMA-C5598,Olivia Suzuki,olivia.suzuki533@example.com,New York,NY,US,22-Aug-2022,Prime
AMA-C10019,Vivaan Suzuki,vivaan.suzuki173@example.com,Atlanta,GA,US,2021-12-29,Prime Student
AMA-C7732,Noah Wang,noah.wang122@example.com,Boston,MA,US,12/12/2022,
AMA-C7408,Liam Anderson,liam.anderson455@example.com,Phoenix,AZ,US,2021-01-22,Prime
AMA-C1219,Ben Brown,ben.brown114@example.com,Boston,MA,US,05/28/2024,Non-Prime
AMA-C10730,ZOE MARTIN,zoe.martin743@example.com,Atlanta,GA,US,10/21/2024,Non-Prime
AMA-C2316,Maria Khan,maria.khan998@example.com,Miami,FL,US,04/11/2024,Prime
AMA-C4294,Liam Martin,liam.martin234@example.com,Boston,MA,US,12/29/2024,Prime Student
AMA-C6441,Ava Sharma,ava.sharma269@example.com,Boston,MA,US,2023-07-30,Non-Prime
AMA-C1854,Anna Yamada,anna.yamada532@example.com,Los Angeles,CA,US,12/11/2024,Non-Prime
AMA-C8799,Noah Rossi,noah.rossi31@example.com,Atlanta,GA,US,2023-06-16,Non-Prime
AMA-C6377,Mohammed Kumar,mohammed.kumar541@example.com,Chicago,IL,US,11-Jun-2021,Prime Student
AMA-C4886,Maria Wang,maria.wang292@example.com,Seattle,WA,US,01/10/2025,Non-Prime
AMA-C8746,Carlos Garcia,carlos.garcia804@example.com,Los Angeles,CA,US,03/28/2023,Prime Student
AMA-C1961,FATIMA BROWN,fatima.brown739@example.com,Miami,FL,US,2023-07-26,Non-Prime
AMA-C1707,Fatima Lee,fatima.lee552@example.com,Miami,FL,US,02/08/2021,Non-Prime
AMA-C9615,AARAV ANDERSON,aarav.anderson453@example.com,Phoenix,AZ,US,11/30/2024,Non-Prime
AMA-C7935,John Johnson,john.johnson321@example.com,Los Angeles,CA,US,06-Dec-2024,Non-Prime
AMA-C6359,Fatima Wang,fatima.wang687@example.com,SEATTLE,WA,US,2022-12-08,Prime Student
AMA-C8045,Liam Anderson,liam.anderson796@example.com,HOUSTON,TX,US,14-May-2022,Prime Student
AMA-C7769,michael brown,michael.brown439@example.com,Seattle,WA,US,2024-07-23,Prime
AMA-C8569,Anna Tanaka,anna.tanaka342@example.com,Seattle,WA,US,2025-01-27,Prime
AMA-C6269,Anna Brown,anna.brown18 at example.com,Miami,FL,US,01/20/2025,Prime Student
AMA-C2449,Noah Singh,noah.singh863@example.com,Miami,FL,US,09/03/2022,Prime
AMA-C4650,Aarav Garcia,aarav.garcia457@example.com,BOSTON,MA,US,21-Jun-2022,Prime Student
AMA-C7560,Olivia Garcia,olivia.garcia573@example.com,New York,NY,US,05/16/2024,Prime
AMA-C8770,Fatima Kim,fatima.kim390@example.com,Atlanta,GA,US,17-Aug-2022,Prime
AMA-C6864,mohammed wilson,mohammed.wilson907@example.com,Miami,FL,US,03-Feb-2024,Prime
AMA-C6871,Vivaan Müller,vivaan.müller20@example.com,Houston,TX,US,2025-11-05,Non-Prime
AMA-C4241,Sofia Wang,sofia.wang708 at example.com,Phoenix,AZ,US,2023-12-14,Prime
AMA-C9706,ADITYA ANDERSON,aditya.anderson470@example.com,Miami,FL,US,2022-06-08,Prime
AMA-C7609,ANNA CHEN,anna.chen342@example.com,Seattle,WA,US,26-Apr-2023,Prime Student
AMA-C4603,Noah Lee,noah.lee774@example.com,Miami,FL,US,11/06/2023,Non-Prime
AMA-C3328,Aarav Kumar,aarav.kumar287@example.com,Boston,MA,US,31-Dec-2024,Prime
AMA-C9441,JOHN JOHNSON,,Seattle,WA,US,27-Jan-2025,Prime Student
AMA-C1128,Fatima Lee,fatima.lee22@example.com,Miami,FL,US,06/19/2022,Prime
AMA-C9454,Ben Wilson,ben.wilson106@example.com,Miami,FL,US,2025-06-23,Prime
AMA-C10994,James Rossi,james.rossi46@example.com,Seattle,WA,US,03/20/2023,Prime Student
AMA-C9294,KEN GARCIA,,Miami,FL,US,2022-08-08,Non-Prime
AMA-C6666,Aditya Lee,aditya.lee162 at example.com,Miami,FL,US,2024-01-29,Prime
AMA-C8636,olivia wang,olivia.wang27@example.com,Miami,FL,US,2024-11-04,Prime Student
AMA-C4171,Yuki Sharma,yuki.sharma195@example.com,Atlanta,GA,US,07/05/2025,Non-Prime
AMA-C5943,Priya Martin,priya.martin622@example.com,Seattle,WA,US,2025-09-27,Prime
AMA-C5441,wei müller,wei.müller282@example.com,NEW YORK,NY,US,30-Mar-2021,Prime Student
AMA-C5887,Vivaan Kumar,vivaan.kumar495@example.com,Denver,CO,US,28-Jul-2023,Non-Prime
AMA-C9414,Ken Singh,ken.singh149@example.com,Seattle,WA,US,2025-04-04,Prime Student
AMA-C7513,LIAM KHAN,liam.khan949@example.com,Seattle,WA,US,09-Jun-2025,Prime Student
AMA-C7372,Priya Patel,priya.patel806@example.com,Boston,MA,US,13-Nov-2023,Prime
AMA-C1762,yuki sharma,yuki.sharma97@example.com,New York,NY,US,12-Oct-2024,Prime
AMA-C6541,ken martin,ken.martin186@example.com,Denver,CO,US,27-Apr-2022,Prime Student
AMA-C1632,Priya Patel,priya.patel125@example.com,Boston,MA,US,2025-12-04,Prime
AMA-C7468,Aarav Kumar,aarav.kumar652@example.com,Phoenix,AZ,US,2021-03-23,Prime Student
AMA-C4979,Michael Brown,michael.brown787@example.com,Seattle,WA,US,21-Sep-2021,Prime
AMA-C4363,Sara Khan,sara.khan198@example.com,Seattle,WA,US,19-Jun-2024,Non-Prime
AMA-C5618,Vivaan Yamada,vivaan.yamada950@example.com,Houston,TX,US,04/09/2024,
AMA-C1757,James Sharma,james.sharma634@example.com,Seattle,WA,US,2022-01-13,Prime Student
AMA-C6125,Ava Garcia,ava.garcia874@example.com,Chicago,IL,US,03/30/2023,Prime
AMA-C2998,SOFIA WILSON,sofia.wilson566@example.com,MIAMI,FL,US,2024-05-02,Prime
AMA-C3487,Fatima Johnson,fatima.johnson100@example.com,Miami,FL,US,08/04/2024,Non-Prime
AMA-C9103,carlos khan,carlos.khan58@example.com,Boston,MA,US,06/18/2023,Non-Prime
AMA-C4148,DAVID GARCIA,david.garcia73@example.com,New York,NY,US,2025-01-04,Prime
AMA-C7002,Priya Yamada,priya.yamada563@example.com,Atlanta,GA,US,07/06/2022,Non-Prime
AMA-C3456,maria brown,maria.brown86@example.com,Boston,MA,US,2024-12-30,
AMA-C3293,Sofia Davis,sofia.davis999@example.com,Los Angeles,CA,US,2025-01-10,Prime
AMA-C1746,Fatima Anderson,fatima.anderson532@example.com,New York,NY,US,10-Nov-2024,Prime Student
AMA-C4803,Sara Johnson,,Seattle,WA,US,2022-10-28,Prime Student
AMA-C8060,David Suzuki,david.suzuki82@example.com,Seattle,WA,US,10/07/2022,Non-Prime
AMA-C4370,Zoe Tanaka,zoe.tanaka317@example.com,Seattle,WA,US,22-May-2022,Non-Prime
AMA-C2448,sara smith,sara.smith699@example.com,Atlanta,GA,US,2022-05-14,Non-Prime
AMA-C3811,Liam Martin,liam.martin192@example.com,Miami,FL,US,04/29/2021,Non-Prime
AMA-C7542,Li Garcia,li.garcia688@example.com,Seattle,WA,US,02-Dec-2021,Prime
AMA-C4649,Liam Singh,liam.singh7@example.com,Chicago,IL,US,10/25/2021,Prime Student
AMA-C4062,AVA KHAN,ava.khan401@example.com,Denver,CO,US,26-Aug-2025,Non-Prime
AMA-C7299,mohammed brown,,Los Angeles,CA,US,10/31/2022,Non-Prime
AMA-C6015, Maria Kim ,maria.kim962@example.com,Los Angeles,CA,US,06-Sep-2025,Prime
AMA-C4027,John Johnson,john.johnson762@example.com,Seattle,WA,US,28-Feb-2021,Prime Student
AMA-C10707,Li Garcia,li.garcia168@example.com,houston,TX,US,06-Jan-2022,Prime
AMA-C2592,Aditya Tanaka,aditya.tanaka308@example.com,Chicago,IL,US,2023-05-27,Prime Student
AMA-C3271,james garcia,james.garcia310@example.com,Atlanta,GA,US,07/14/2022,Non-Prime
AMA-C9789,Sara Müller,sara.müller978@example.com,Boston,MA,US,29-May-2023,Prime Student
AMA-C6393,Priya Brown,priya.brown904@example.com,Boston,MA,US,04-Oct-2021,
AMA-C5394,david singh,david.singh438@example.com,Phoenix,AZ,US,2021-01-27,Prime
AMA-C2440,Ben Kim,ben.kim184@example.com,Miami,FL,US,30-May-2022,Non-Prime
AMA-C1031,James Kumar,james.kumar75@example.com,Denver,CO,US,2022-10-10,Prime
AMA-C3777,Noah Chen,noah.chen370@example.com,Atlanta,GA,US,2025-05-12,Non-Prime
AMA-C6943, Emma Garcia ,emma.garcia911@example.com,denver,CO,US,09-Nov-2021,Non-Prime
AMA-C5365,Emma Lee,emma.lee3@example.com,Miami,FL,US,17-May-2025,Non-Prime
AMA-C6074,Li Lee,li.lee894@example.com,Los Angeles,CA,US,04/16/2025,Non-Prime
AMA-C7572,James Davis,james.davis185@example.com,Miami,FL,US,2022-10-26,Non-Prime
AMA-C5609, John Singh ,john.singh164 at example.com,New York,NY,US,01/31/2023,
AMA-C10563,anna khan,anna.khan352@example.com,Atlanta,GA,US,2025-02-22,Prime
AMA-C6052,Carlos Khan,carlos.khan990@example.com,Atlanta,GA,US,19-Feb-2023,Prime
AMA-C10172,Ava Johnson,ava.johnson866@example.com,New York,NY,US,2025-07-12,Non-Prime
AMA-C5254,James Lee,james.lee792@example.com,Boston,MA,US,2025-08-07,Prime
AMA-C2742,Ava Chen,ava.chen260@example.com,atlanta,GA,US,01-Apr-2021,Prime
AMA-C7331,MOHAMMED KIM,mohammed.kim871@example.com,New York,NY,US,08-Apr-2025,Non-Prime
AMA-C8502,Ava Anderson,ava.anderson207@example.com,MIAMI,FL,US,2024-10-07,Prime Student
AMA-C1601,Noah Davis,noah.davis884@example.com,Boston,MA,US,30-Apr-2021,Prime Student
AMA-C4525,Sara Anderson,sara.anderson948@example.com,Seattle,WA,US,03/12/2023,Prime Student
AMA-C6610,carlos singh,carlos.singh55@example.com,Boston,MA,US,27-Jul-2024,
AMA-C1451,Zoe Kim,,Los Angeles,CA,US,2024-11-26,
AMA-C3706,Ben Kumar,ben.kumar210@example.com,Phoenix,AZ,US,05/01/2021,Prime Student
AMA-C9007,ZOE DAVIS,zoe.davis265@example.com,Chicago,IL,US,22-Mar-2023,Non-Prime
AMA-C3472,Olivia Martin,olivia.martin525@example.com,Phoenix,AZ,US,06/10/2024,Prime Student
AMA-C10460,Sofia Johnson,sofia.johnson345@example.com,Denver,CO,US,01-Apr-2025,Prime
AMA-C4921,Noah Müller,noah.müller427@example.com,los angeles,CA,US,2022-02-04,Prime
AMA-C2000,Mohammed Yamada,mohammed.yamada516@example.com,Seattle,WA,US,2023-06-16,Non-Prime
AMA-C9759,Carlos Brown,carlos.brown616@example.com,Atlanta,GA,US,11/16/2021,Prime
AMA-C10167,Carlos Khan,carlos.khan990@example.com,Atlanta,GA,US,27-Mar-2021,Non-Prime
AMA-C7586,Michael Kumar,michael.kumar198@example.com,Atlanta,GA,US,12/03/2024,Prime
AMA-C9240,Fatima Yamada,fatima.yamada106@example.com,Houston,TX,US,01/19/2023,Prime Student
AMA-C2075,Olivia Lee,,Phoenix,AZ,US,07/23/2022,
AMA-C1133,JAMES YAMADA,james.yamada98@example.com,Seattle,WA,US,2022-12-30,Prime Student
AMA-C4224,Zoe Kumar,zoe.kumar382@example.com,Phoenix,AZ,US,2022-01-25,Non-Prime
AMA-C6081,David Patel,david.patel23@example.com,Boston,MA,US,2021-04-24,Prime
AMA-C4074,Noah Chen,noah.chen921@example.com,New York,NY,US,07-Dec-2021,Prime
AMA-C8119,Anna Singh,anna.singh718@example.com,Phoenix,AZ,US,11/01/2023,Prime
AMA-C4073,Zoe Khan,zoe.khan659@example.com,Seattle,WA,US,12-Oct-2023,Prime
AMA-C6410,Ken Chen,ken.chen794@example.com,Chicago,IL,US,05/02/2022,Non-Prime
AMA-C7061,Noah Kim,noah.kim894@example.com,New York,NY,US,2024-06-23,Prime
AMA-C1035,Ken Müller,ken.müller272@example.com,LOS ANGELES,CA,US,22-Jun-2021,Prime
AMA-C8455,Michael Johnson,michael.johnson510@example.com,phoenix,AZ,US,03/24/2021,Prime Student
AMA-C5683,KEN SINGH,ken.singh353@example.com,Boston,MA,US,2024-12-24,Non-Prime
AMA-C5678,Vivaan Yamada,vivaan.yamada464@example.com,Denver,CO,US,17-Dec-2025,Prime
AMA-C9994,Vivaan Khan,vivaan.khan307@example.com,Boston,MA,US,24-Apr-2024,Prime
AMA-C8778,Carlos Anderson,carlos.anderson59@example.com,Phoenix,AZ,US,2021-03-15,Non-Prime
AMA-C8156,RAHUL JOHNSON,,Miami,FL,US,11/21/2025,Non-Prime
AMA-C9045,Olivia Garcia,olivia.garcia324@example.com,Boston,MA,US,2021-01-11,Non-Prime
AMA-C4914,Liam Rossi,liam.rossi67@example.com,Miami,FL,US,09/03/2022,
AMA-C5723,Sofia Chen,sofia.chen713@example.com,Los Angeles,CA,US,09/25/2021,
AMA-C10208,Rahul Garcia,rahul.garcia49@example.com,Phoenix,AZ,US,17-Oct-2024,Prime Student
AMA-C4770,Olivia Yamada,olivia.yamada765@example.com,LOS ANGELES,CA,US,21-Jan-2025,Prime
AMA-C8164,Vivaan Wang,vivaan.wang953 at example.com,Houston,TX,US,07/06/2025,Prime Student
AMA-C1262,Vivaan Garcia,vivaan.garcia512@example.com,denver,CO,US,2023-05-17,Prime Student
AMA-C2229,chen tanaka,chen.tanaka56@example.com,Phoenix,AZ,US,24-Mar-2021,Prime
AMA-C1881,rahul yamada,rahul.yamada995@example.com,Los Angeles,CA,US,2025-04-28,
AMA-C9112,Ava Smith,ava.smith383@example.com,Miami,FL,US,07/23/2022,Prime
AMA-C6420,Aditya Smith,aditya.smith71@example.com,Phoenix,AZ,US,2025-01-18,Prime
AMA-C2498,Chen Tanaka,chen.tanaka173@example.com,Denver,CO,US,2024-08-22,
AMA-C10549,FATIMA SHARMA,fatima.sharma505@example.com,New York,NY,US,01/15/2025,Prime Student
AMA-C9065,John Yamada,john.yamada758@example.com,Los Angeles,CA,US,07/17/2025,Non-Prime
AMA-C7359,BEN YAMADA,ben.yamada9 at example.com,Miami,FL,US,2024-09-24,Prime
AMA-C6730,James Garcia,james.garcia138@example.com,Boston,MA,US,27-Mar-2022,Prime
AMA-C4485,Vivaan Singh,vivaan.singh668@example.com,Phoenix,AZ,US,02-Sep-2021,Prime
AMA-C8824,Noah Johnson,noah.johnson112@example.com,Miami,FL,US,2021-11-30,Non-Prime
AMA-C2322,Olivia Kim,olivia.kim312@example.com,Phoenix,AZ,US,06/15/2024,Prime Student
AMA-C3043,Priya Sharma,priya.sharma5@example.com,Phoenix,AZ,US,05/10/2024,Non-Prime
AMA-C5647,aditya johnson,aditya.johnson934@example.com,Atlanta,GA,US,10/25/2022,Prime
AMA-C8354,Maria Wang,maria.wang861@example.com,New York,NY,US,08/06/2025,Prime
AMA-C5226,Ben Smith,ben.smith215@example.com,Miami,FL,US,10/05/2021,Prime Student
AMA-C10385,Anna Patel,anna.patel544@example.com,Los Angeles,CA,US,08-Sep-2024,
AMA-C9791,Aarav Johnson,aarav.johnson886@example.com,Phoenix,AZ,US,2024-02-12,Prime Student
AMA-C10882,John Tanaka,john.tanaka177@example.com,Atlanta,GA,US,14-Jan-2024,Prime Student
AMA-C7187,Sofia Smith,sofia.smith411@example.com,Phoenix,AZ,US,2024-09-26,Prime
AMA-C4417,RAHUL WANG,rahul.wang902@example.com,Boston,MA,US,2022-06-06,Prime Student
AMA-C2308,BEN BROWN,ben.brown602 at example.com,Miami,FL,US,19-Sep-2023,Prime
AMA-C1434,Ben Patel,ben.patel999@example.com,Phoenix,AZ,US,2023-06-19,Prime Student
AMA-C2190,Maria Wilson,maria.wilson802@example.com,phoenix,AZ,US,2023-08-17,Prime Student
AMA-C3462,EMMA CHEN,,Houston,TX,US,07/01/2021,Non-Prime
AMA-C1096,Liam Kumar,liam.kumar445@example.com,Houston,TX,US,01/13/2021,Prime
AMA-C3100,James Müller,james.müller922@example.com,Denver,CO,US,09/12/2022,Prime Student
AMA-C6707,David Suzuki,david.suzuki761@example.com,Houston,TX,US,07/01/2024,Non-Prime
AMA-C7306,David Suzuki,david.suzuki417@example.com,Chicago,IL,US,05-Jan-2024,Non-Prime
AMA-C7339,Rahul Suzuki,rahul.suzuki730@example.com,Los Angeles,CA,US,2023-08-09,Prime Student
AMA-C6949,Fatima Brown,fatima.brown407@example.com,Seattle,WA,US,02/22/2024,Non-Prime
AMA-C4730,sara anderson,,Atlanta,GA,US,2022-09-27,Prime
AMA-C9111,Michael Sharma,michael.sharma790@example.com,Chicago,IL,US,2021-03-08,Prime
AMA-C4550,KEN SINGH,ken.singh260@example.com,Seattle,WA,US,01-Jan-2024,Non-Prime
AMA-C8784,Chen Patel,chen.patel359@example.com,Atlanta,GA,US,2021-02-03,Prime Student
AMA-C6401,Aditya Suzuki,aditya.suzuki875@example.com,Miami,FL,US,07/10/2022,Prime Student
AMA-C3107,Ava Kumar,ava.kumar149@example.com,new york,NY,US,2022-02-24,Prime Student
AMA-C7516,WEI DAVIS,wei.davis54@example.com,Seattle,WA,US,2022-05-08,Prime Student
AMA-C5053,Priya Wang,priya.wang100 at example.com,Chicago,IL,US,29-Mar-2024,Non-Prime
AMA-C6589,Sofia Khan,sofia.khan408 at example.com,New York,NY,US,2022-03-14,Prime
AMA-C8658,Mohammed Chen,mohammed.chen181@example.com,Los Angeles,CA,US,01/17/2024,Prime
AMA-C1993,rahul smith,rahul.smith470@example.com,Seattle,WA,US,06/15/2022,Non-Prime
AMA-C9970,Chen Khan,chen.khan916@example.com,Denver,CO,US,05/05/2022,Prime
AMA-C1743,Maria Yamada,maria.yamada585@example.com,Denver,CO,US,10/03/2022,
AMA-C6353,Li Lee,li.lee54@example.com,Seattle,WA,US,2022-08-18,Non-Prime
AMA-C8057,Vivaan Kim,vivaan.kim299@example.com,Boston,MA,US,05/01/2023,Prime
AMA-C1811,Rahul Smith,rahul.smith193@example.com,denver,CO,US,05-Jun-2021,Non-Prime
AMA-C2698, Wei Sharma ,wei.sharma892@example.com,Chicago,IL,US,05/20/2021,Prime
AMA-C2504,Michael Wilson,michael.wilson647@example.com,Houston,TX,US,04-Feb-2022,Non-Prime
AMA-C9450,Rahul Yamada,rahul.yamada205@example.com,Miami,FL,US,08/19/2025,Prime
AMA-C1260,Maria Kim,maria.kim737@example.com,Los Angeles,CA,US,05/26/2025,Non-Prime
AMA-C1308,James Sharma,james.sharma67@example.com,New York,NY,US,2022-10-11,Non-Prime
AMA-C7968, Rahul Anderson ,rahul.anderson894@example.com,Miami,FL,US,02-Feb-2025,Prime Student
AMA-C10314,Ken Wang,ken.wang678@example.com,LOS ANGELES,CA,US,11/29/2025,Prime Student
AMA-C6729,Zoe Anderson,zoe.anderson744@example.com,Los Angeles,CA,US,28-Jan-2025,Prime Student
AMA-C4600,Ken Chen,ken.chen603@example.com,Chicago,IL,US,12/29/2023,Prime Student
AMA-C6625,Ben Davis,ben.davis547@example.com,Atlanta,GA,US,2024-10-19,Prime
AMA-C6899,Ken Wilson,ken.wilson365@example.com,Miami,FL,US,11/07/2025,Prime
AMA-C7533,Noah Yamada,noah.yamada417@example.com,Atlanta,GA,US,2021-12-20,Non-Prime
AMA-C5526,Noah Johnson,noah.johnson438@example.com,Chicago,IL,US,2021-05-12,Non-Prime
AMA-C9771,Fatima Sharma,fatima.sharma883@example.com,Chicago,IL,US,20-Dec-2024,Non-Prime
AMA-C3535,James Suzuki,james.suzuki499@example.com,Houston,TX,US,08/08/2025,Non-Prime
AMA-C5875,Ben Smith,ben.smith447@example.com,Los Angeles,CA,US,11/30/2022,Prime
AMA-C3156,Ben Singh,ben.singh851@example.com,Boston,MA,US,2021-02-22,Non-Prime
AMA-C9300,John Wang,john.wang682@example.com,Houston,TX,US,2024-09-16,Prime Student
AMA-C4090,Vivaan Rossi,vivaan.rossi796@example.com,New York,NY,US,05/24/2022,Prime Student
AMA-C8994, Ken Garcia ,ken.garcia591@example.com,BOSTON,MA,US,22-Feb-2023,Non-Prime
AMA-C7688,Aditya Garcia,aditya.garcia357@example.com,Denver,CO,US,2021-09-24,Prime
AMA-C2199,Li Rossi,,Seattle,WA,US,2022-03-11,Non-Prime
AMA-C10825,li wang,li.wang792@example.com,Phoenix,AZ,US,2022-08-09,Non-Prime
AMA-C5705,Li Khan,li.khan403@example.com,Seattle,WA,US,29-Jan-2024,Non-Prime
AMA-C1418,Aditya Garcia,aditya.garcia988@example.com,Phoenix,AZ,US,20-Jun-2024,Prime
AMA-C6922,Zoe Kumar,zoe.kumar44@example.com,New York,NY,US,2024-05-21,Prime
AMA-C8916,Yuki Davis,yuki.davis424@example.com,New York,NY,US,06/25/2022,Prime
AMA-C4529,Li Yamada,,Houston,TX,US,08/23/2024,Non-Prime
AMA-C7854,OLIVIA SUZUKI,olivia.suzuki612@example.com,Phoenix,AZ,US,16-Feb-2021,Prime
AMA-C3410,James Davis,james.davis563@example.com,Phoenix,AZ,US,07/22/2023,Non-Prime
AMA-C2011,James Garcia,james.garcia877@example.com,Miami,FL,US,09/30/2024,Non-Prime
AMA-C10855,Carlos Kim,carlos.kim519@example.com,Phoenix,AZ,US,17-Apr-2024,Prime
AMA-C4756,Yuki Garcia,yuki.garcia480@example.com,Houston,TX,US,03-Nov-2022,Prime Student
AMA-C5157,Mohammed Sharma,mohammed.sharma261@example.com,Denver,CO,US,01/28/2022,Non-Prime
AMA-C5236,Rahul Suzuki,rahul.suzuki411@example.com,Houston,TX,US,2022-10-30,Prime
AMA-C3843,zoe martin,zoe.martin649@example.com,Seattle,WA,US,2021-09-21,Prime Student
AMA-C9224,AVA LEE,ava.lee880@example.com,Boston,MA,US,2023-04-12,Prime Student
AMA-C10271,Liam Wilson,liam.wilson784@example.com,boston,MA,US,19-Jan-2022,Prime
AMA-C8779,Emma Smith,emma.smith949@example.com,NEW YORK,NY,US,2025-09-04,Prime
AMA-C3497,Liam Singh,liam.singh845@example.com,miami,FL,US,21-Apr-2022,Prime Student
AMA-C1033,zoe müller,zoe.müller442@example.com,Chicago,IL,US,17-Dec-2024,Non-Prime
AMA-C8966,Emma Garcia,emma.garcia36@example.com,Chicago,IL,US,30-Jun-2021,Prime
AMA-C9303,Wei Davis,wei.davis83@example.com,Los Angeles,CA,US,2025-11-14,Prime
AMA-C4000,Zoe Brown,zoe.brown254@example.com,Atlanta,GA,US,17-Apr-2023,Prime Student
AMA-C5839,Ben Davis,ben.davis864@example.com,Phoenix,AZ,US,2022-06-13,Non-Prime
AMA-C4970,Liam Wang,liam.wang471@example.com,Boston,MA,US,2021-12-07,Prime Student
AMA-C9866,Sara Garcia,sara.garcia445@example.com,Los Angeles,CA,US,19-Nov-2022,Prime
AMA-C4583,Priya Kumar,priya.kumar491@example.com,denver,CO,US,03-May-2024,Prime Student
AMA-C2159,Priya Brown,priya.brown286@example.com,Chicago,IL,US,2022-06-01,Prime
AMA-C1677,Chen Kim,chen.kim525@example.com,Chicago,IL,US,05/12/2025,Prime Student
AMA-C10101,Priya Sharma,priya.sharma879@example.com,Houston,TX,US,2025-01-04,
AMA-C10466,maria anderson,maria.anderson573@example.com,Seattle,WA,US,29-May-2021,Prime Student
AMA-C9487,CARLOS PATEL,carlos.patel747@example.com,Denver,CO,US,06-Feb-2022,Prime Student
AMA-C10432, Anna Anderson ,anna.anderson213@example.com,Los Angeles,CA,US,03/02/2021,Prime
AMA-C3923,Sofia Kumar,sofia.kumar984@example.com,Atlanta,GA,US,02/01/2025,Non-Prime
AMA-C7893,Carlos Tanaka,carlos.tanaka896@example.com,New York,NY,US,2025-03-09,Non-Prime
AMA-C10340,Wei Yamada,wei.yamada727@example.com,Miami,FL,US,04/01/2021,Non-Prime
AMA-C5795,sara khan,sara.khan2@example.com,Chicago,IL,US,01/09/2021,Non-Prime
AMA-C3435,Vivaan Suzuki,vivaan.suzuki166@example.com,Houston,TX,US,02/15/2021,Prime
AMA-C9232,Vivaan Anderson,vivaan.anderson315@example.com,Phoenix,AZ,US,2023-06-11,Non-Prime
AMA-C8498,JOHN SMITH,john.smith589@example.com,Denver,CO,US,2025-07-05,Prime
AMA-C6477,MICHAEL BROWN,michael.brown184@example.com,Denver,CO,US,11/05/2021,Prime
AMA-C1388,Fatima Suzuki,fatima.suzuki224@example.com,Boston,MA,US,17-Apr-2022,Non-Prime
AMA-C10949,Ben Rossi,ben.rossi229@example.com,Seattle,WA,US,20-Apr-2025,Non-Prime
AMA-C5138,Vivaan Wang,,Houston,TX,US,12/28/2022,Prime Student
AMA-C5191,Priya Garcia,priya.garcia333@example.com,Los Angeles,CA,US,2021-01-16,Prime Student
AMA-C5063,Fatima Chen,,boston,MA,US,2021-07-30,Prime Student
AMA-C4601, Aditya Patel ,,Seattle,WA,US,27-Mar-2021,
AMA-C4835,Chen Müller,chen.müller97@example.com,Boston,MA,US,07-Oct-2021,Non-Prime
AMA-C8323,AARAV BROWN,aarav.brown196@example.com,Miami,FL,US,2022-02-12,Non-Prime
AMA-C3879,Zoe Wang,zoe.wang246@example.com,Seattle,WA,US,06-Aug-2022,Prime Student
AMA-C9477,Ava Smith,ava.smith732@example.com,Seattle,WA,US,08-Jul-2025,Prime
AMA-C6047,Sofia Khan,sofia.khan309@example.com,Denver,CO,US,06-Sep-2025,Prime
AMA-C2547,MICHAEL SMITH,michael.smith631@example.com,Los Angeles,CA,US,23-Apr-2021,Prime Student
AMA-C10924,sofia smith,,New York,NY,US,02/16/2023,
AMA-C7021,Rahul Garcia,rahul.garcia56@example.com,Seattle,WA,US,01/20/2025,Non-Prime
AMA-C6068,Rahul Chen,rahul.chen310@example.com,Denver,CO,US,05-Oct-2024,Prime Student
AMA-C1315,Rahul Sharma,rahul.sharma663@example.com,Denver,CO,US,09-Mar-2025,Prime Student
AMA-C8051, Emma Kim ,emma.kim131@example.com,NEW YORK,NY,US,01/24/2021,Prime
AMA-C5752,ANNA SINGH,anna.singh513@example.com,Los Angeles,CA,US,03-Feb-2023,
AMA-C3171,Aditya Suzuki,aditya.suzuki286@example.com,ATLANTA,GA,US,2023-12-10,Prime Student
AMA-C8171,Maria Wang,maria.wang935@example.com,Atlanta,GA,US,2025-01-04,Non-Prime
AMA-C8388,James Kumar,james.kumar832@example.com,Houston,TX,US,01/27/2025,Prime Student
AMA-C1633,Michael Davis,michael.davis56@example.com,Houston,TX,US,01/03/2021,Prime
AMA-C10084,Ava Johnson,,Seattle,WA,US,2023-03-10,Prime
AMA-C8200,SOFIA JOHNSON,,Denver,CO,US,01/01/2024,Prime Student
AMA-C10795,James Kim,james.kim254@example.com,Houston,TX,US,2022-09-02,Non-Prime
AMA-C8783,Chen Brown,chen.brown590@example.com,Chicago,IL,US,08-Dec-2024,Prime Student
AMA-C1468,Olivia Anderson,olivia.anderson477@example.com,Phoenix,AZ,US,04/03/2025,Prime
AMA-C4514,John Patel,john.patel111@example.com,Boston,MA,US,08/22/2021,Prime
AMA-C3278,Michael Brown,michael.brown169@example.com,Los Angeles,CA,US,18-Feb-2023,Prime Student
AMA-C4850,Rahul Tanaka,rahul.tanaka490@example.com,Houston,TX,US,29-Aug-2023,Prime Student
AMA-C5865,Li Johnson,li.johnson608@example.com,Chicago,IL,US,30-May-2025,Non-Prime
AMA-C2291,vivaan wilson,vivaan.wilson135@example.com,Los Angeles,CA,US,12/13/2025,Prime Student
AMA-C10606,BEN YAMADA,ben.yamada422@example.com,Chicago,IL,US,2022-10-25,Prime Student
AMA-C5681,ADITYA KHAN,aditya.khan867@example.com,Houston,TX,US,03-Oct-2022,Non-Prime
AMA-C9040,carlos brown,carlos.brown10@example.com,Boston,MA,US,2024-04-05,Prime Student
AMA-C1202,Michael Sharma,michael.sharma230@example.com,Houston,TX,US,2021-07-01,
AMA-C4165, Priya Chen ,priya.chen781@example.com,New York,NY,US,07/30/2025,Prime Student
AMA-C7802,Olivia Davis,olivia.davis297@example.com,Phoenix,AZ,US,2021-05-25,Non-Prime
AMA-C3270,Aditya Sharma,aditya.sharma919@example.com,Los Angeles,CA,US,16-Oct-2024,Prime Student
AMA-C8236,Aarav Patel,aarav.patel749@example.com,Los Angeles,CA,US,08/09/2022,Prime Student
AMA-C1723,Sofia Kumar,sofia.kumar116@example.com,Boston,MA,US,03/20/2025,Non-Prime
AMA-C4663,Zoe Anderson,zoe.anderson185 at example.com,Miami,FL,US,09-Aug-2023,Prime Student
AMA-C9514,david brown,david.brown278@example.com,Chicago,IL,US,09/29/2022,Non-Prime
AMA-C9272,Liam Yamada,liam.yamada511@example.com,Houston,TX,US,03-Jan-2021,Prime
AMA-C1829,Liam Wilson,liam.wilson709@example.com,New York,NY,US,05/11/2023,Prime Student
AMA-C4951,Liam Davis,liam.davis898@example.com,Atlanta,GA,US,26-Feb-2025,Prime
AMA-C1408,Anna Garcia,anna.garcia628@example.com,Miami,FL,US,2021-08-15,Non-Prime
AMA-C10181,Liam Kim,liam.kim539@example.com,Miami,FL,US,11-Mar-2022,Non-Prime
AMA-C8449,Mohammed Chen,mohammed.chen843@example.com,Los Angeles,CA,US,06/26/2022,Non-Prime
AMA-C8926,Anna Tanaka,anna.tanaka872@example.com,Chicago,IL,US,10/04/2021,Prime
AMA-C10525,Anna Singh,anna.singh250@example.com,Los Angeles,CA,US,12/14/2022,Non-Prime
AMA-C2249,Liam Sharma,liam.sharma666@example.com,Seattle,WA,US,11-Jul-2023,Prime Student
AMA-C2332,Li Brown,li.brown847@example.com,Boston,MA,US,2025-01-15,Prime Student
AMA-C9743, Anna Tanaka ,anna.tanaka552@example.com,los angeles,CA,US,2025-05-12,Prime Student
AMA-C5046,mohammed davis,mohammed.davis98@example.com,Boston,MA,US,2022-08-16,Prime Student
AMA-C7730,John Smith,john.smith958@example.com,Houston,TX,US,2022-06-26,Non-Prime
AMA-C10507,Vivaan Patel,vivaan.patel560@example.com,Atlanta,GA,US,2025-02-11,
AMA-C5145,Olivia Tanaka,olivia.tanaka94@example.com,Seattle,WA,US,2021-12-22,Prime Student
AMA-C1300,Carlos Müller,carlos.müller511@example.com,Denver,CO,US,2025-10-27,Non-Prime
AMA-C3052,Aditya Anderson,aditya.anderson757@example.com,Miami,FL,US,2022-09-22,Prime Student
AMA-C9993,Olivia Kim,olivia.kim828@example.com,Denver,CO,US,2025-12-03,Non-Prime
AMA-C5614,Sofia Kim,sofia.kim654@example.com,New York,NY,US,08/24/2025,Non-Prime
AMA-C10414,AARAV WANG,aarav.wang692@example.com,Los Angeles,CA,US,23-Jul-2025,Prime
AMA-C8652,OLIVIA MÜLLER,olivia.müller240@example.com,CHICAGO,IL,US,03/15/2022,Prime
AMA-C6505,Noah Garcia,noah.garcia649@example.com,Phoenix,AZ,US,2021-06-02,Prime Student
AMA-C3430,John Anderson,john.anderson913@example.com,Phoenix,AZ,US,2021-03-02,Non-Prime
AMA-C1933,Wei Kumar,wei.kumar456@example.com,Chicago,IL,US,2023-10-28,Prime Student
AMA-C7442,Ken Khan,ken.khan683@example.com,Seattle,WA,US,12-May-2024,Prime
AMA-C8102,John Lee,john.lee804@example.com,Chicago,IL,US,09-May-2021,Non-Prime
AMA-C4778,li chen,,Miami,FL,US,29-Aug-2024,Prime
AMA-C3106,Ava Wilson,ava.wilson634@example.com,Houston,TX,US,2025-03-24,Non-Prime
AMA-C2703,Aarav Müller,aarav.müller588@example.com,Atlanta,GA,US,2022-06-24,Prime
AMA-C5903,Anna Tanaka,anna.tanaka820@example.com,Seattle,WA,US,20-Mar-2021,Prime Student
AMA-C6534,KEN TANAKA,ken.tanaka813@example.com,Boston,MA,US,05/12/2025,Non-Prime
AMA-C9287,Li Yamada,li.yamada113@example.com,Atlanta,GA,US,11-Feb-2022,Non-Prime
AMA-C4779,Anna Patel,anna.patel709@example.com,Denver,CO,US,04-May-2022,Prime Student
AMA-C10144,James Singh,james.singh979@example.com,Houston,TX,US,2024-08-05,Non-Prime
AMA-C9038,Sofia Müller,sofia.müller721@example.com,Miami,FL,US,09/30/2024,Non-Prime
AMA-C5629,Liam Kumar,liam.kumar63@example.com,Denver,CO,US,2024-05-14,Prime Student
AMA-C9838,Priya Sharma,priya.sharma650@example.com,PHOENIX,AZ,US,03/29/2024,Non-Prime
AMA-C2374,Chen Kumar,chen.kumar28@example.com,Boston,MA,US,2023-06-11,Prime
AMA-C5759,Anna Anderson,anna.anderson462@example.com,Miami,FL,US,02-Sep-2024,
AMA-C1702,James Wilson,james.wilson248@example.com,Chicago,IL,US,04-Mar-2021,Prime
AMA-C7494,Ken Chen,ken.chen936@example.com,Boston,MA,US,2021-12-14,Non-Prime
AMA-C7575,Aditya Garcia,aditya.garcia339@example.com,Seattle,WA,US,2023-06-01,Non-Prime
AMA-C5946,James Khan,james.khan656@example.com,Phoenix,AZ,US,27-Dec-2023,Prime Student
AMA-C6685,Vivaan Lee,vivaan.lee69@example.com,Houston,TX,US,03-Apr-2024,Non-Prime
AMA-C6219,Chen Khan,chen.khan237@example.com,Chicago,IL,US,09/04/2024,Prime
AMA-C2960,David Garcia,david.garcia731@example.com,Atlanta,GA,US,2021-09-08,
AMA-C9576,Mohammed Singh,mohammed.singh829@example.com,Phoenix,AZ,US,09-Apr-2022,Prime Student
AMA-C2180,wei sharma,wei.sharma255@example.com,Phoenix,AZ,US,30-Oct-2022,Prime
AMA-C4178,Ava Patel,ava.patel667@example.com,Los Angeles,CA,US,2024-05-25,Prime
AMA-C1253,maria tanaka,maria.tanaka723@example.com,Denver,CO,US,03-May-2022,Non-Prime
AMA-C2524,Sofia Wang,sofia.wang464@example.com,Atlanta,GA,US,26-Dec-2025,Prime
AMA-C6454,Wei Johnson,wei.johnson913@example.com,New York,NY,US,13-May-2024,Prime
AMA-C3784,Ken Sharma,ken.sharma988@example.com,Boston,MA,US,2021-11-09,Non-Prime
AMA-C7801,Ken Singh,ken.singh241@example.com,Miami,FL,US,03/07/2025,Prime Student
AMA-C4227,Aarav Garcia,aarav.garcia525@example.com,Boston,MA,US,03/24/2021,Prime
AMA-C7227,Emma Smith,emma.smith176 at example.com,Atlanta,GA,US,20-Dec-2024,Non-Prime
AMA-C10358, Mohammed Rossi ,mohammed.rossi131@example.com,Chicago,IL,US,2023-03-21,Non-Prime
AMA-C8965,Carlos Martin,carlos.martin198@example.com,Phoenix,AZ,US,12/03/2023,Prime Student
AMA-C2815,PRIYA YAMADA,priya.yamada55@example.com,Seattle,WA,US,08/21/2021,Non-Prime
AMA-C3249,Li Johnson,li.johnson212@example.com,ATLANTA,GA,US,01/20/2023,Prime Student
AMA-C1553,Michael Chen,michael.chen115@example.com,Atlanta,GA,US,2021-09-02,Non-Prime
AMA-C2139,Zoe Müller,zoe.müller908@example.com,Miami,FL,US,10/12/2024,Prime
AMA-C9284,Vivaan Khan,vivaan.khan167@example.com,Chicago,IL,US,12/10/2025,Prime Student
AMA-C7759,Sara Chen,sara.chen413@example.com,Seattle,WA,US,26-Aug-2021,Non-Prime
AMA-C10971,Olivia Patel,olivia.patel357@example.com,Atlanta,GA,US,22-Aug-2022,Prime
AMA-C2842,david davis,david.davis867@example.com,Miami,FL,US,15-Mar-2025,Prime Student
AMA-C2629,maria kumar,maria.kumar800@example.com,Boston,MA,US,07/23/2025,Prime
AMA-C10056, Ken Patel ,ken.patel216 at example.com,New York,NY,US,11/15/2021,
AMA-C6464,emma wang,emma.wang386@example.com,Seattle,WA,US,07/31/2021,Prime
AMA-C1800,Fatima Kim,fatima.kim924@example.com,Atlanta,GA,US,02/04/2025,Non-Prime
AMA-C6130,Ken Brown,ken.brown349@example.com,Phoenix,AZ,US,2024-12-09,Prime Student
AMA-C7781,Fatima Kumar,fatima.kumar157@example.com,Phoenix,AZ,US,07/21/2024,Prime Student
AMA-C5091,Ken Garcia,ken.garcia870@example.com,Boston,MA,US,2025-10-06,Prime
AMA-C9266,anna davis,anna.davis904@example.com,Houston,TX,US,2022-08-29,Prime Student
AMA-C3549,David Davis,,Houston,TX,US,2023-09-12,Prime Student
AMA-C3845,Carlos Wilson,carlos.wilson968@example.com,Denver,CO,US,13-Mar-2021,Non-Prime
AMA-C10052,Li Wilson,li.wilson224@example.com,Los Angeles,CA,US,2023-08-07,Prime
AMA-C8433,JOHN WILSON,john.wilson13@example.com,Chicago,IL,US,2023-12-31,Non-Prime
AMA-C7760,Zoe Suzuki,zoe.suzuki246@example.com,Phoenix,AZ,US,07/10/2025,Prime Student
AMA-C9036, Chen Wilson ,chen.wilson147@example.com,Miami,FL,US,03/28/2023,Non-Prime
AMA-C9242,ava brown,ava.brown980 at example.com,Los Angeles,CA,US,23-Oct-2023,Non-Prime
AMA-C9080, Sofia Suzuki ,sofia.suzuki241 at example.com,Miami,FL,US,2025-01-15,Non-Prime
AMA-C9286,Ken Patel,ken.patel824@example.com,New York,NY,US,22-Apr-2022,Prime
AMA-C1995,maria smith,,Denver,CO,US,11/07/2022,Non-Prime
AMA-C8301,SOFIA BROWN,sofia.brown707@example.com,Seattle,WA,US,2025-08-06,Non-Prime
AMA-C10452,Mohammed Davis,mohammed.davis563@example.com,New York,NY,US,29-Oct-2025,Prime
AMA-C2977,Ken Kumar,ken.kumar721@example.com,Boston,MA,US,2023-07-20,Prime Student
AMA-C3183,Aarav Chen,aarav.chen782@example.com,Houston,TX,US,01-Jan-2021,Non-Prime
AMA-C9723,SARA CHEN,sara.chen270@example.com,denver,CO,US,20-Aug-2024,Non-Prime
AMA-C3054,wei anderson,wei.anderson597@example.com,Miami,FL,US,01-Mar-2023,Prime
AMA-C5998,Yuki Tanaka,yuki.tanaka581@example.com,Houston,TX,US,03/19/2022,Non-Prime
AMA-C6069,Mohammed Sharma,mohammed.sharma143@example.com,Denver,CO,US,06-Dec-2025,Non-Prime
AMA-C3413,Ben Tanaka,ben.tanaka311@example.com,CHICAGO,IL,US,2022-05-14,Prime Student
AMA-C9276,WEI YAMADA,wei.yamada449@example.com,Seattle,WA,US,03-Aug-2021,Prime
AMA-C7728,Anna Kim,anna.kim660@example.com,Boston,MA,US,2022-01-14,Prime
AMA-C3903,Maria Sharma,maria.sharma216@example.com,Houston,TX,US,07/03/2021,Prime
AMA-C9930,John Khan,john.khan402@example.com,Los Angeles,CA,US,01/31/2024,Prime
AMA-C2171,AARAV PATEL,aarav.patel778@example.com,HOUSTON,TX,US,2023-02-07,Prime Student
AMA-C4994,Zoe Wang,zoe.wang202@example.com,Boston,MA,US,30-Oct-2024,Prime Student
AMA-C2270,Wei Tanaka,wei.tanaka301@example.com,Atlanta,GA,US,14-Nov-2021,Non-Prime
AMA-C7549,Rahul Patel,rahul.patel332@example.com,Phoenix,AZ,US,23-Aug-2022,Prime Student
AMA-C8344,Emma Kim,,Houston,TX,US,2024-11-12,Prime
AMA-C9032,Liam Rossi,liam.rossi769@example.com,NEW YORK,NY,US,2022-08-18,Non-Prime
AMA-C6066,Aarav Wang,aarav.wang759@example.com,Phoenix,AZ,US,05-Oct-2022,Prime Student
AMA-C3359,Anna Lee,anna.lee88@example.com,Atlanta,GA,US,2025-01-28,
AMA-C1840,Noah Davis,noah.davis14@example.com,Denver,CO,US,14-Mar-2023,Non-Prime
AMA-C2259,ANNA MÜLLER,anna.müller654@example.com,Atlanta,GA,US,2025-06-24,Prime Student
AMA-C2598,Li Kumar,li.kumar170@example.com,Miami,FL,US,12/13/2024,Non-Prime
AMA-C10589,mohammed müller,mohammed.müller21@example.com,Boston,MA,US,14-Nov-2022,Prime
AMA-C8385, Emma Garcia ,emma.garcia5@example.com,Miami,FL,US,2025-12-11,Prime
AMA-C4139,JAMES SHARMA,james.sharma346@example.com,Atlanta,GA,US,26-Jun-2021,Non-Prime
AMA-C4422,Olivia Chen,olivia.chen988@example.com,Houston,TX,US,04-Apr-2024,Non-Prime
AMA-C10943,ANNA SUZUKI,anna.suzuki319@example.com,Houston,TX,US,2022-03-06,Non-Prime
AMA-C10997,Zoe Chen,zoe.chen736@example.com,Seattle,WA,US,2025-10-16,Non-Prime
AMA-C9282,Ava Sharma,ava.sharma121@example.com,Seattle,WA,US,08/09/2023,Prime
AMA-C1860,Maria Wilson,maria.wilson11 at example.com,Seattle,WA,US,26-Oct-2024,Non-Prime
AMA-C7309,Sara Patel,sara.patel994@example.com,Boston,MA,US,07/21/2025,Non-Prime
AMA-C10867,MOHAMMED GARCIA,mohammed.garcia467@example.com,Chicago,IL,US,25-Jul-2021,Prime Student
AMA-C6952,Wei Wang,wei.wang981@example.com,Atlanta,GA,US,10-Oct-2022,Prime Student
AMA-C10996,Anna Rossi,anna.rossi652@example.com,Seattle,WA,US,2022-11-03,Non-Prime
AMA-C2688,David Johnson,david.johnson261@example.com,Seattle,WA,US,04/11/2023,Prime
AMA-C9502,SOFIA WANG,sofia.wang148@example.com,Atlanta,GA,US,2023-02-08,Prime Student
AMA-C10041,Aditya Kim,aditya.kim638 at example.com,Chicago,IL,US,27-Jun-2025,Prime Student
AMA-C3068,Yuki Brown,yuki.brown954@example.com,Los Angeles,CA,US,31-Mar-2024,Prime
AMA-C3239,Vivaan Khan,vivaan.khan19@example.com,Phoenix,AZ,US,03-Jan-2021,Prime Student
AMA-C10479,David Martin,david.martin99@example.com,LOS ANGELES,CA,US,29-May-2023,Prime Student
AMA-C2644,Priya Wang,priya.wang599@example.com,New York,NY,US,01/11/2025,Non-Prime
AMA-C9267,Yuki Wang,yuki.wang447@example.com,SEATTLE,WA,US,05/05/2025,
AMA-C4697,Rahul Martin,rahul.martin89@example.com,Seattle,WA,US,2021-12-24,Non-Prime
AMA-C1404,Vivaan Wilson,,boston,MA,US,2023-04-28,Non-Prime
AMA-C1153,Aarav Garcia,aarav.garcia301@example.com,Los Angeles,CA,US,09/05/2024,Prime
AMA-C6030,chen davis,chen.davis667@example.com,Atlanta,GA,US,17-Dec-2022,Non-Prime
AMA-C4927, Chen Chen ,chen.chen295@example.com,Atlanta,GA,US,2022-09-02,Non-Prime
AMA-C5827,Ken Khan,ken.khan942@example.com,Atlanta,GA,US,12/30/2025,Prime
AMA-C6363,sara davis,sara.davis782@example.com,Houston,TX,US,2023-12-15,Prime
AMA-C3940, Chen Sharma ,chen.sharma652@example.com,Seattle,WA,US,06-Aug-2025,Prime
AMA-C4358,Fatima Yamada,fatima.yamada197@example.com,Houston,TX,US,2025-11-27,Prime
AMA-C3604,ben kumar,,Miami,FL,US,2024-05-12,Prime
AMA-C4142,Ben Wilson,ben.wilson835@example.com,Denver,CO,US,2025-01-29,Prime Student
AMA-C5025,Ava Rossi,ava.rossi970@example.com,Seattle,WA,US,09/03/2022,Prime
AMA-C2748,David Kim,david.kim967@example.com,Miami,FL,US,11/28/2024,Prime
AMA-C8858,KEN MÜLLER,,Boston,MA,US,09/13/2023,Non-Prime
AMA-C9361,Liam Smith,,Los Angeles,CA,US,11/07/2025,Non-Prime
AMA-C8067, Sara Martin ,sara.martin333@example.com,ATLANTA,GA,US,2025-01-01,Non-Prime
AMA-C3371,James Suzuki,james.suzuki781@example.com,Miami,FL,US,07/24/2023,Prime
AMA-C3716,MOHAMMED YAMADA,mohammed.yamada822@example.com,New York,NY,US,07/10/2023,Non-Prime
AMA-C5779,David Johnson,david.johnson108@example.com,denver,CO,US,2025-03-01,Prime
AMA-C10824,Fatima Suzuki,fatima.suzuki934@example.com,Boston,MA,US,2022-02-04,Prime Student
AMA-C10874,Rahul Davis,rahul.davis456@example.com,Phoenix,AZ,US,06/29/2025,
AMA-C3856,Olivia Chen,olivia.chen235@example.com,Boston,MA,US,07/10/2025,Prime Student
AMA-C5643,James Khan,james.khan914@example.com,Los Angeles,CA,US,09-May-2024,Prime Student
AMA-C1140,David Davis,david.davis146@example.com,Denver,CO,US,02/15/2021,Prime
AMA-C6927,Olivia Lee,olivia.lee395@example.com,Los Angeles,CA,US,24-Aug-2022,
AMA-C10822,JAMES WILSON,james.wilson244@example.com,Atlanta,GA,US,07/28/2024,Prime Student
AMA-C6649,Chen Müller,chen.müller922@example.com,Houston,TX,US,22-Jul-2023,Prime Student
AMA-C10292,olivia patel,olivia.patel834@example.com,Denver,CO,US,04/24/2021,Prime Student
AMA-C1168,ADITYA YAMADA,aditya.yamada918 at example.com,Denver,CO,US,2022-03-11,Prime
AMA-C2546,Noah Sharma,noah.sharma424@example.com,Boston,MA,US,08-Nov-2022,Prime Student
AMA-C6934,Carlos Kim,carlos.kim348@example.com,New York,NY,US,2021-02-12,Non-Prime
AMA-C2919,Mohammed Tanaka,mohammed.tanaka402@example.com,Boston,MA,US,2025-06-28,Prime Student
AMA-C4490,yuki khan,yuki.khan124@example.com,Houston,TX,US,24-Jul-2022,Prime
AMA-C7682,James Wilson,james.wilson714@example.com,Boston,MA,US,2022-02-10,Prime Student
AMA-C1473,Anna Kim,anna.kim315@example.com,Chicago,IL,US,2025-07-24,Non-Prime
AMA-C7411,david lee,david.lee640@example.com,Phoenix,AZ,US,05-Jul-2022,Prime Student
AMA-C9690,chen sharma,chen.sharma538@example.com,Seattle,WA,US,28-Jun-2022,Prime
AMA-C1606,liam rossi,liam.rossi667@example.com,Chicago,IL,US,01-Jan-2025,Prime
AMA-C4228,Aarav Davis,aarav.davis232@example.com,Atlanta,GA,US,14-Apr-2021,Non-Prime
AMA-C10885,Carlos Singh,carlos.singh911@example.com,Boston,MA,US,20-Dec-2022,Prime
AMA-C5929,Li Chen,,Atlanta,GA,US,10/08/2021,Prime
AMA-C8082,Sofia Johnson,sofia.johnson436@example.com,Seattle,WA,US,21-Oct-2025,Prime Student
AMA-C3772,Mohammed Singh,mohammed.singh930@example.com,New York,NY,US,28-Jul-2025,Non-Prime
AMA-C7362, Aditya Anderson ,aditya.anderson577@example.com,Miami,FL,US,18-Oct-2024,Non-Prime
AMA-C9704,SARA SINGH,sara.singh338@example.com,Houston,TX,US,2021-09-18,Prime Student
AMA-C9777,Rahul Patel,rahul.patel548@example.com,Seattle,WA,US,15-Jun-2022,
AMA-C3115,Liam Suzuki,liam.suzuki136@example.com,MIAMI,FL,US,16-Jul-2025,Prime
AMA-C6623,Ava Smith,,Seattle,WA,US,01/11/2024,Prime Student
AMA-C8901,Olivia Anderson,olivia.anderson115@example.com,Chicago,IL,US,2021-05-11,Prime
AMA-C5263,John Kim,john.kim395@example.com,Boston,MA,US,12-Nov-2022,Prime
AMA-C2628,Wei Rossi,wei.rossi97@example.com,Atlanta,GA,US,2023-12-11,Non-Prime
AMA-C2539,Zoe Yamada,zoe.yamada997@example.com,Atlanta,GA,US,29-Dec-2023,Prime Student
AMA-C9650,Carlos Brown,carlos.brown892@example.com,Denver,CO,US,09/30/2023,Prime
AMA-C8142,anna khan,anna.khan910@example.com,New York,NY,US,01/11/2025,Non-Prime
AMA-C6546,Michael Lee,michael.lee867@example.com,Denver,CO,US,19-Sep-2023,Prime Student
AMA-C10235,Zoe Patel,zoe.patel490@example.com,Los Angeles,CA,US,09/28/2025,Non-Prime
AMA-C5989,Sara Singh,sara.singh521@example.com,New York,NY,US,2025-10-04,Non-Prime
AMA-C8441,Olivia Chen,olivia.chen310@example.com,Houston,TX,US,2021-12-14,Prime Student
AMA-C5014,SOFIA YAMADA,sofia.yamada653@example.com,New York,NY,US,01-Aug-2024,Prime Student
AMA-C4030,Emma Sharma,emma.sharma612@example.com,Atlanta,GA,US,2022-05-09,Prime Student
AMA-C5921,Sara Johnson,sara.johnson191@example.com,Phoenix,AZ,US,2023-01-03,Prime Student
AMA-C5682,Anna Müller,,Los Angeles,CA,US,11-Nov-2021,Non-Prime
AMA-C10833, Carlos Patel ,,Phoenix,AZ,US,09/23/2024,Non-Prime
AMA-C4379,ava yamada,ava.yamada761@example.com,Houston,TX,US,12/19/2023,Non-Prime
AMA-C2893,anna müller,anna.müller304@example.com,Los Angeles,CA,US,03/25/2023,
AMA-C4707,chen patel,chen.patel214@example.com,Houston,TX,US,01/09/2021,Prime
AMA-C6584,sofia tanaka,sofia.tanaka836@example.com,SEATTLE,WA,US,08-Nov-2025,Prime Student
AMA-C5071,Michael Müller,michael.müller427@example.com,Atlanta,GA,US,2025-06-29,Non-Prime
AMA-C9744,Sara Yamada,sara.yamada253@example.com,Miami,FL,US,2022-09-27,Prime
AMA-C7212,Rahul Chen,rahul.chen470@example.com,ATLANTA,GA,US,13-Oct-2022,Non-Prime
AMA-C6086,ava rossi,ava.rossi15@example.com,New York,NY,US,05/28/2024,Prime
AMA-C7764,Aarav Chen,aarav.chen612@example.com,Los Angeles,CA,US,19-Feb-2025,Prime Student
AMA-C2398,Aditya Davis,aditya.davis415@example.com,Seattle,WA,US,05/19/2023,Non-Prime
AMA-C7141,Li Sharma,li.sharma779@example.com,Chicago,IL,US,08/11/2024,Non-Prime
AMA-C8836,Aarav Müller,aarav.müller317@example.com,Denver,CO,US,2024-11-09,Non-Prime
AMA-C10917,Ben Brown,,Chicago,IL,US,2023-09-24,Prime
AMA-C5405,ANNA LEE,anna.lee163@example.com,New York,NY,US,2021-06-19,Non-Prime
AMA-C9104,Sara Kim,,Miami,FL,US,2025-08-05,Prime
AMA-C2062,Liam Chen,liam.chen709@example.com,Phoenix,AZ,US,2024-04-01,Non-Prime
AMA-C1415,Sofia Smith,sofia.smith989@example.com,Atlanta,GA,US,09/07/2021,Prime
AMA-C2585, James Lee ,james.lee784@example.com,Chicago,IL,US,31-Dec-2023,Non-Prime
AMA-C2046,John Kumar,john.kumar490@example.com,Phoenix,AZ,US,03/31/2023,Prime
AMA-C6678,James Yamada,james.yamada567@example.com,Atlanta,GA,US,11/06/2024,Prime
AMA-C4078,Li Brown,li.brown224@example.com,Phoenix,AZ,US,2023-01-14,Prime Student
AMA-C1824,Ben Wang,ben.wang906@example.com,Los Angeles,CA,US,2024-11-08,Non-Prime
AMA-C9726,Priya Martin,,Denver,CO,US,04/12/2022,Non-Prime
AMA-C8264,Rahul Rossi,rahul.rossi446@example.com,Chicago,IL,US,2022-11-01,Non-Prime
AMA-C9190,Michael Singh,michael.singh734@example.com,Boston,MA,US,2024-03-01,Non-Prime
AMA-C4869,Emma Davis,emma.davis590@example.com,Phoenix,AZ,US,05/18/2025,Prime Student
AMA-C8466,Aarav Garcia,aarav.garcia922@example.com,Denver,CO,US,16-Aug-2024,Prime Student
AMA-C6093,Rahul Suzuki,rahul.suzuki209@example.com,New York,NY,US,03-May-2024,Prime
AMA-C8283,Sofia Garcia,sofia.garcia592@example.com,Chicago,IL,US,2021-11-05,Prime Student
AMA-C4527,Carlos Lee,carlos.lee219@example.com,ATLANTA,GA,US,10-Nov-2024,Prime
AMA-C10032,Zoe Martin,zoe.martin541@example.com,Houston,TX,US,12-Nov-2024,Non-Prime
AMA-C2884, Vivaan Smith ,vivaan.smith403@example.com,New York,NY,US,05-Dec-2022,Prime Student
AMA-C9081,Ken Chen,ken.chen621@example.com,Seattle,WA,US,08/22/2021,Non-Prime
AMA-C4193,Wei Martin,wei.martin166@example.com,Los Angeles,CA,US,06-Sep-2025,Prime Student
AMA-C4144, Ava Johnson ,ava.johnson346@example.com,Houston,TX,US,05/31/2021,Prime Student
AMA-C9609,ava patel,ava.patel827@example.com,Seattle,WA,US,2025-03-09,Prime
AMA-C5760,Ken Chen,ken.chen316@example.com,Chicago,IL,US,05-Jul-2023,Prime
AMA-C4718,Sofia Chen,,Miami,FL,US,23-Apr-2021,Prime Student
AMA-C6595,Olivia Lee,olivia.lee169@example.com,Denver,CO,US,2023-04-25,Prime
AMA-C6973,ava wang,,Boston,MA,US,07/20/2021,Prime
AMA-C2383,David Anderson,david.anderson350@example.com,houston,TX,US,01-Jan-2023,Non-Prime
AMA-C8340,Maria Brown,maria.brown150@example.com,Denver,CO,US,04/01/2025,
AMA-C3266,Yuki Smith,yuki.smith266@example.com,Los Angeles,CA,US,2023-07-15,Non-Prime
AMA-C9860,Olivia Singh,,Los Angeles,CA,US,03/28/2022,Prime
AMA-C10910, Noah Suzuki ,noah.suzuki324 at example.com,Miami,FL,US,04-Dec-2022,Prime
AMA-C5082,Ben Anderson,ben.anderson208@example.com,boston,MA,US,01/30/2021,Prime
AMA-C9664,Anna Tanaka,anna.tanaka728@example.com,Los Angeles,CA,US,23-May-2022,Non-Prime
AMA-C4340,Emma Martin,emma.martin246@example.com,Houston,TX,US,10/17/2021,Non-Prime
AMA-C1464,Li Wang,li.wang967@example.com,new york,NY,US,2025-10-24,Non-Prime
AMA-C2992,michael rossi,,Boston,MA,US,01-Feb-2022,Prime
AMA-C4147,OLIVIA PATEL,olivia.patel469@example.com,Denver,CO,US,2022-02-12,Prime Student
AMA-C10776,John Johnson,john.johnson642@example.com,Phoenix,AZ,US,28-Jan-2023,Prime Student
AMA-C7569,Aditya Garcia,aditya.garcia771@example.com,Boston,MA,US,09/26/2024,Prime
AMA-C10097,John Singh,,Atlanta,GA,US,2021-09-19,Prime
AMA-C7016,Rahul Yamada,rahul.yamada32@example.com,Miami,FL,US,2023-07-31,Prime Student
AMA-C6682,Li Yamada,li.yamada825@example.com,Houston,TX,US,03/29/2024,Prime
AMA-C3703,Vivaan Anderson,vivaan.anderson870@example.com,Houston,TX,US,04/15/2021,Non-Prime
AMA-C6169,Ava Rossi,ava.rossi535@example.com,PHOENIX,AZ,US,31-Jul-2025,
AMA-C9156,Priya Khan,priya.khan161@example.com,Denver,CO,US,15-Feb-2022,Non-Prime
AMA-C8880, Fatima Kim ,fatima.kim776@example.com,Denver,CO,US,2025-01-24,Prime Student
AMA-C5272,Rahul Singh,rahul.singh597@example.com,Los Angeles,CA,US,05-Sep-2025,Prime Student
AMA-C3834,Mohammed Sharma,mohammed.sharma128@example.com,Boston,MA,US,02/01/2022,Prime
AMA-C8299,Li Martin,li.martin450@example.com,Phoenix,AZ,US,22-Sep-2024,Prime Student
AMA-C3848,Fatima Anderson,fatima.anderson420@example.com,Seattle,WA,US,12/10/2024,Prime
AMA-C4163,Sara Singh,sara.singh574@example.com,atlanta,GA,US,11/24/2023,Non-Prime
AMA-C8005, Chen Lee ,chen.lee323@example.com,Miami,FL,US,06/16/2024,Prime Student
AMA-C7344,Ben Sharma,ben.sharma682@example.com,Phoenix,AZ,US,10/07/2024,Prime
AMA-C9370,Sofia Martin,sofia.martin177@example.com,New York,NY,US,2021-10-30,Prime Student
AMA-C7972,Emma Chen,emma.chen641@example.com,New York,NY,US,2022-05-22,Prime
AMA-C7845,Olivia Kim,olivia.kim32@example.com,New York,NY,US,2021-07-24,Prime Student
AMA-C9088,Zoe Kim,zoe.kim319@example.com,Boston,MA,US,26-Feb-2022,Prime
AMA-C3078,Sara Brown,sara.brown593@example.com,Boston,MA,US,04/29/2022,Non-Prime
AMA-C3655,wei wilson,wei.wilson81@example.com,Houston,TX,US,21-Nov-2025,Non-Prime
AMA-C10696,sofia kim,sofia.kim719@example.com,DENVER,CO,US,2021-06-30,Non-Prime
AMA-C5076,David Patel,david.patel657@example.com,Houston,TX,US,16-Feb-2021,Prime
AMA-C2673,Emma Kumar,emma.kumar358@example.com,Miami,FL,US,2021-07-08,Prime Student
AMA-C8761,Ken Kim,ken.kim244@example.com,Houston,TX,US,05/15/2024,Non-Prime
AMA-C5034,Fatima Johnson,fatima.johnson256@example.com,Atlanta,GA,US,2022-03-25,Prime Student
AMA-C1523,Wei Martin,wei.martin11@example.com,Los Angeles,CA,US,12-May-2023,Prime Student
AMA-C4434,Rahul Brown,rahul.brown854@example.com,New York,NY,US,2022-11-22,Prime
AMA-C4580,John Davis,john.davis108@example.com,Seattle,WA,US,2022-04-22,Non-Prime
AMA-C1809,Carlos Müller,carlos.müller876@example.com,seattle,WA,US,20-Jul-2022,Prime Student
AMA-C7884,Chen Tanaka,chen.tanaka973@example.com,Atlanta,GA,US,2024-08-10,Prime
AMA-C4243,Chen Yamada,chen.yamada991@example.com,Denver,CO,US,2021-05-12,Non-Prime
AMA-C10909,Rahul Khan,rahul.khan857@example.com,Denver,CO,US,05/30/2021,
AMA-C1667,yuki tanaka,yuki.tanaka729@example.com,houston,TX,US,2021-04-03,Non-Prime
AMA-C1659,CHEN ANDERSON,chen.anderson930@example.com,Chicago,IL,US,01-Feb-2025,Non-Prime
AMA-C1061,Priya Wilson,,HOUSTON,TX,US,01/13/2025,
AMA-C1232,Vivaan Brown,vivaan.brown926@example.com,Los Angeles,CA,US,2025-10-26,Prime
AMA-C7778,Rahul Anderson,rahul.anderson213@example.com,Boston,MA,US,06-Oct-2022,Prime Student
AMA-C8766,Aditya Smith,aditya.smith573@example.com,Boston,MA,US,08/30/2022,Prime Student
AMA-C6042,Wei Anderson,wei.anderson312@example.com,Chicago,IL,US,2023-10-06,Non-Prime
AMA-C8614,Emma Wilson,emma.wilson931@example.com,Chicago,IL,US,23-Feb-2021,
AMA-C7265,Wei Rossi,,Seattle,WA,US,09/14/2023,Prime
AMA-C10906,Olivia Patel,olivia.patel258@example.com,New York,NY,US,27-Apr-2021,Non-Prime
AMA-C8947,john martin,john.martin630@example.com,Atlanta,GA,US,2022-04-23,Non-Prime
AMA-C10648,Rahul Smith,rahul.smith589@example.com,Los Angeles,CA,US,11/21/2023,Prime Student
AMA-C10438,Noah Martin,noah.martin126@example.com,Phoenix,AZ,US,29-Sep-2025,Prime
AMA-C5594, Ben Tanaka ,ben.tanaka66@example.com,Phoenix,AZ,US,09/26/2024,Non-Prime
AMA-C8666,MICHAEL PATEL,michael.patel456@example.com,Seattle,WA,US,2025-12-14,Prime
AMA-C1228,Vivaan Singh,vivaan.singh3@example.com,New York,NY,US,2025-06-02,Prime
AMA-C9180,Aarav Martin,aarav.martin134@example.com,Denver,CO,US,09/12/2025,Non-Prime
AMA-C2469,Sara Smith,sara.smith133@example.com,Denver,CO,US,2021-01-29,Prime
AMA-C7816,BEN DAVIS,ben.davis626@example.com,Chicago,IL,US,08/04/2024,Prime Student
AMA-C7241,Maria Patel,,Houston,TX,US,2021-05-27,Prime Student
AMA-C2004,John Yamada,john.yamada807@example.com,Denver,CO,US,11/06/2023,Prime Student
AMA-C10031,VIVAAN SMITH,vivaan.smith519@example.com,Phoenix,AZ,US,2024-12-26,Prime
AMA-C5552,maria johnson,maria.johnson483@example.com,Denver,CO,US,10/16/2025,Prime Student
AMA-C8076,Liam Smith,liam.smith620@example.com,Phoenix,AZ,US,2025-11-19,Non-Prime
AMA-C4308,Fatima Wilson,fatima.wilson787@example.com,Atlanta,GA,US,22-Jan-2022,Non-Prime
AMA-C9897,John Patel,john.patel214@example.com,Boston,MA,US,12/30/2022,Prime Student
AMA-C6402,James Wang,,Miami,FL,US,20-Oct-2022,Non-Prime
AMA-C5836,Anna Wang,anna.wang62@example.com,Miami,FL,US,12/24/2022,
AMA-C10286,david kumar,david.kumar78@example.com,Miami,FL,US,11/21/2021,Prime Student
AMA-C9184, David Garcia ,david.garcia876@example.com,New York,NY,US,08/05/2022,Prime Student
AMA-C2668,John Brown,john.brown195@example.com,Los Angeles,CA,US,2025-09-22,Prime
AMA-C2192,Yuki Patel,yuki.patel98 at example.com,Boston,MA,US,02/19/2023,Prime
AMA-C4436,chen smith,chen.smith390@example.com,Seattle,WA,US,23-Oct-2024,Prime
AMA-C10842,John Suzuki,john.suzuki244@example.com,CHICAGO,IL,US,22-Aug-2025,Prime
AMA-C10516,wei johnson,wei.johnson260@example.com,Boston,MA,US,08/02/2025,Prime Student
AMA-C7330,Priya Khan,priya.khan96@example.com,Atlanta,GA,US,25-Apr-2024,
AMA-C10770, Li Kumar ,li.kumar707@example.com,Phoenix,AZ,US,26-Jun-2024,Non-Prime
AMA-C7651, Rahul Rossi ,,Los Angeles,CA,US,2021-09-17,Non-Prime
AMA-C4933,Ava Anderson,ava.anderson286@example.com,Phoenix,AZ,US,2024-10-19,Non-Prime
AMA-C3820,Zoe Rossi,zoe.rossi997@example.com,Seattle,WA,US,2023-12-12,Non-Prime
AMA-C2491,Liam Müller,liam.müller618@example.com,Seattle,WA,US,03-Jul-2022,Non-Prime
AMA-C10653,Aarav Rossi,aarav.rossi944@example.com,Seattle,WA,US,07/07/2024,Prime Student
AMA-C10632,Aditya Kim,,Houston,TX,US,2023-07-10,Prime Student
AMA-C3926,Emma Patel,emma.patel976@example.com,Atlanta,GA,US,01/30/2024,Non-Prime
AMA-C6545,Maria Wilson,maria.wilson122@example.com,Atlanta,GA,US,05-May-2023,Prime
AMA-C10433,Ava Patel,ava.patel748@example.com,Boston,MA,US,2023-02-01,
AMA-C6597,yuki smith,yuki.smith204@example.com,seattle,WA,US,2024-12-13,Prime Student
AMA-C8140,Sofia Garcia,sofia.garcia552@example.com,Houston,TX,US,10/11/2025,Non-Prime
AMA-C10618,Mohammed Rossi,mohammed.rossi72@example.com,MIAMI,FL,US,19-Jun-2022,Prime
AMA-C4695,Yuki Smith,yuki.smith683@example.com,Boston,MA,US,06-Apr-2023,Non-Prime
AMA-C6842,Anna Lee,anna.lee575@example.com,Los Angeles,CA,US,31-Dec-2024,Prime Student
AMA-C10728,Carlos Davis,carlos.davis905@example.com,Atlanta,GA,US,24-Jun-2022,Prime Student
AMA-C5105,John Anderson,john.anderson928@example.com,Phoenix,AZ,US,15-Dec-2023,Prime Student
AMA-C5893,Ben Johnson,,Phoenix,AZ,US,2024-09-04,Non-Prime
AMA-C6194,Ava Suzuki,ava.suzuki593@example.com,miami,FL,US,04/04/2025,Prime
AMA-C7848,Sara Anderson,sara.anderson860@example.com,Houston,TX,US,2023-10-08,Prime
AMA-C2389,Priya Anderson,priya.anderson947@example.com,Houston,TX,US,30-Apr-2024,Non-Prime
AMA-C1150,Carlos Tanaka,carlos.tanaka872@example.com,Seattle,WA,US,2025-05-24,Prime Student
AMA-C4416,Yuki Kim,yuki.kim985@example.com,Chicago,IL,US,07/03/2022,Non-Prime
AMA-C4584,Chen Garcia,,Los Angeles,CA,US,2023-08-30,Non-Prime
AMA-C3170,Carlos Kumar,carlos.kumar612@example.com,Denver,CO,US,20-Aug-2021,Prime
AMA-C9107,James Johnson,james.johnson982 at example.com,Seattle,WA,US,05/12/2022,Prime Student
AMA-C1144,Aarav Kumar,aarav.kumar40@example.com,Denver,CO,US,06-Aug-2021,Prime Student
AMA-C5655,Rahul Smith,rahul.smith374@example.com,phoenix,AZ,US,04/11/2023,Prime Student
AMA-C7695,David Chen,david.chen578@example.com,Los Angeles,CA,US,10/29/2022,Prime
AMA-C4081,Anna Rossi,anna.rossi70@example.com,Chicago,IL,US,09-Nov-2024,Prime Student
AMA-C3539,Olivia Yamada,olivia.yamada254@example.com,New York,NY,US,2024-09-26,Non-Prime
AMA-C3218,Yuki Müller,yuki.müller206@example.com,Houston,TX,US,08/08/2022,Prime
AMA-C1029,Aarav Smith,aarav.smith628@example.com,Denver,CO,US,29-Oct-2022,Prime
AMA-C9151,Yuki Martin,,denver,CO,US,02/24/2024,Prime
AMA-C1215,fatima tanaka,fatima.tanaka900@example.com,PHOENIX,AZ,US,08/07/2022,Prime
AMA-C8166,Ava Rossi,ava.rossi227@example.com,Phoenix,AZ,US,2023-06-06,Prime Student
AMA-C2976,Emma Smith,emma.smith436@example.com,atlanta,GA,US,25-Aug-2024,Prime
AMA-C6549,YUKI MARTIN,yuki.martin134@example.com,Los Angeles,CA,US,2024-08-19,Prime
AMA-C9138,JAMES SHARMA,james.sharma225@example.com,New York,NY,US,26-Aug-2025,Non-Prime
AMA-C9793,Yuki Tanaka,yuki.tanaka495@example.com,new york,NY,US,2021-04-05,Prime Student
AMA-C8656,Maria Davis,maria.davis234@example.com,Miami,FL,US,12/12/2025,Prime
AMA-C6903,Carlos Sharma,carlos.sharma400@example.com,seattle,WA,US,2024-05-14,Prime
AMA-C9676,Maria Suzuki,maria.suzuki475@example.com,Seattle,WA,US,16-Nov-2024,Prime
AMA-C7780,Maria Sharma,maria.sharma548@example.com,Phoenix,AZ,US,2023-08-25,Prime
AMA-C2818,Aditya Singh,aditya.singh100@example.com,Chicago,IL,US,11-Mar-2025,Prime Student
AMA-C2905,Anna Smith,anna.smith802@example.com,Boston,MA,US,10/15/2022,Non-Prime
AMA-C8214,Yuki Martin,yuki.martin580@example.com,Atlanta,GA,US,2022-12-31,Non-Prime
AMA-C5355,David Kumar,david.kumar164@example.com,Atlanta,GA,US,10/30/2021,Prime Student
AMA-C1151,Ken Brown,ken.brown671@example.com,SEATTLE,WA,US,2022-05-17,Non-Prime
AMA-C7431,Yuki Lee,yuki.lee538@example.com,DENVER,CO,US,2021-04-25,Prime Student
AMA-C7642,vivaan brown,vivaan.brown736@example.com,New York,NY,US,2023-02-04,Prime
AMA-C3034,James Kim,james.kim186@example.com,Seattle,WA,US,2024-04-15,Non-Prime
AMA-C7139,Michael Davis,michael.davis740@example.com,New York,NY,US,2023-01-26,Prime Student
AMA-C4788,Priya Lee,priya.lee105@example.com,Atlanta,GA,US,03/27/2023,Prime Student
AMA-C7574,David Rossi,david.rossi842@example.com,Boston,MA,US,2023-06-17,Non-Prime
AMA-C6329,Liam Yamada,liam.yamada714@example.com,Atlanta,GA,US,10-Jun-2025,Prime
AMA-C9956, Vivaan Smith ,vivaan.smith894@example.com,New York,NY,US,07-Aug-2022,Prime
AMA-C9842,ANNA ROSSI,anna.rossi750@example.com,New York,NY,US,28-May-2024,Prime Student
AMA-C8988,Zoe Tanaka,zoe.tanaka993@example.com,Atlanta,GA,US,11/11/2022,Non-Prime
AMA-C2319,Olivia Singh,olivia.singh202@example.com,Atlanta,GA,US,10-May-2024,Non-Prime
AMA-C6256,Priya Davis,,Phoenix,AZ,US,05-Apr-2023,Non-Prime
AMA-C10155,Yuki Garcia,yuki.garcia692@example.com,New York,NY,US,02/12/2023,Non-Prime
AMA-C5672,Ken Yamada,,Chicago,IL,US,2022-11-06,Prime Student
AMA-C2577,Zoe Singh,,Denver,CO,US,24-Nov-2023,Prime Student
AMA-C2861,John Smith,,Denver,CO,US,05/16/2025,Non-Prime
AMA-C9486,Noah Yamada,noah.yamada578@example.com,Denver,CO,US,2021-12-05,Prime Student
AMA-C10462,James Wilson,james.wilson182@example.com,Boston,MA,US,2021-05-08,Prime
AMA-C5846,rahul chen,rahul.chen68@example.com,Denver,CO,US,2024-11-16,Non-Prime
AMA-C4065,Olivia Lee,olivia.lee373@example.com,Miami,FL,US,04-Mar-2023,Prime Student
AMA-C7196,Sara Brown,,Phoenix,AZ,US,15-Apr-2024,
AMA-C5677,AVA LEE,ava.lee73@example.com,Miami,FL,US,10/20/2025,Non-Prime
AMA-C9867,James Müller,james.müller627@example.com,Los Angeles,CA,US,2025-06-07,Prime Student
AMA-C5575,Zoe Anderson,zoe.anderson511@example.com,Los Angeles,CA,US,10-May-2021,Prime Student
AMA-C2152,anna wang,anna.wang524 at example.com,Boston,MA,US,03/07/2025,Prime Student
AMA-C6457,Priya Wilson,priya.wilson685@example.com,Seattle,WA,US,18-Aug-2021,Prime Student
AMA-C6509,Vivaan Patel,vivaan.patel874@example.com,Seattle,WA,US,2023-12-25,Prime Student
AMA-C4948,Michael Suzuki,michael.suzuki671@example.com,Phoenix,AZ,US,08-Jul-2021,Prime Student
AMA-C3927,Li Kim,li.kim735@example.com,Chicago,IL,US,2024-05-15,Non-Prime
AMA-C5762,Olivia Müller,olivia.müller912@example.com,Denver,CO,US,28-Jan-2021,Prime
AMA-C5651,Sofia Smith,sofia.smith990@example.com,Atlanta,GA,US,2023-09-14,
AMA-C10089,Ava Suzuki,ava.suzuki301@example.com,New York,NY,US,08/30/2022,Prime Student
AMA-C2991,mohammed sharma,,Phoenix,AZ,US,21-Sep-2023,Prime Student
AMA-C7176,YUKI KIM,,Boston,MA,US,11/22/2025,Prime
AMA-C8256,Anna Khan,anna.khan968@example.com,Houston,TX,US,13-Dec-2024,Prime Student
AMA-C2600,Sara Lee,sara.lee432@example.com,chicago,IL,US,2022-08-01,Prime Student
AMA-C3840, James Brown ,james.brown64@example.com,Phoenix,AZ,US,2024-08-14,Non-Prime
AMA-C1726,Sofia Smith,sofia.smith957@example.com,Boston,MA,US,2024-02-13,Prime Student
AMA-C9324,Liam Wang,liam.wang326@example.com,BOSTON,MA,US,08-Nov-2021,Prime
AMA-C1867,mohammed davis,mohammed.davis652@example.com,Phoenix,AZ,US,13-Jan-2022,Prime
AMA-C2034,Ken Suzuki,ken.suzuki455@example.com,miami,FL,US,26-Nov-2023,
AMA-C8649,Noah Wang,noah.wang625@example.com,Denver,CO,US,2021-03-01,Prime Student
AMA-C1047,sara kumar,sara.kumar507@example.com,Seattle,WA,US,15-Jan-2025,Prime Student
AMA-C9396,Anna Tanaka,anna.tanaka905@example.com,Miami,FL,US,2021-02-03,Prime
AMA-C10481,FATIMA DAVIS,fatima.davis54@example.com,Los Angeles,CA,US,2022-11-24,Prime
AMA-C5218,Li Davis,li.davis407@example.com,New York,NY,US,2025-05-11,Non-Prime
AMA-C4176,Rahul Kumar,rahul.kumar486@example.com,Miami,FL,US,2024-12-23,Prime Student
AMA-C9243,Ava Lee,ava.lee437@example.com,MIAMI,FL,US,01/14/2024,Prime
AMA-C10406,michael sharma,michael.sharma446@example.com,Atlanta,GA,US,08-Sep-2025,Prime
AMA-C5004,Carlos Suzuki,carlos.suzuki833@example.com,Atlanta,GA,US,2021-10-03,Prime
AMA-C8731,Li Tanaka,li.tanaka495@example.com,Miami,FL,US,04/27/2023,Prime
AMA-C5442,Carlos Garcia,carlos.garcia808@example.com,Los Angeles,CA,US,10/20/2022,Prime Student
AMA-C9632,LI CHEN,li.chen326@example.com,Houston,TX,US,2021-05-16,Non-Prime
AMA-C9386,Carlos Patel,carlos.patel823@example.com,Houston,TX,US,2021-02-19,Prime
AMA-C7530,Mohammed Smith,,Seattle,WA,US,2024-09-19,Non-Prime
AMA-C2852,Mohammed Martin,mohammed.martin733@example.com,Seattle,WA,US,10/23/2023,Prime
AMA-C1956,Priya Wang,priya.wang435@example.com,Phoenix,AZ,US,03/31/2021,Prime
AMA-C8689,Emma Singh,emma.singh201@example.com,Denver,CO,US,07/06/2023,Prime Student
AMA-C2785,Liam Müller,liam.müller582@example.com,Denver,CO,US,12/22/2021,
AMA-C10761,Chen Tanaka,chen.tanaka206@example.com,chicago,IL,US,20-Sep-2024,Prime Student
AMA-C9533,Maria Chen,maria.chen245 at example.com,Houston,TX,US,2022-06-06,Non-Prime
AMA-C10782,Vivaan Suzuki,vivaan.suzuki609@example.com,BOSTON,MA,US,2022-06-28,Non-Prime
AMA-C9809,noah rossi,noah.rossi781@example.com,Los Angeles,CA,US,2023-09-03,Non-Prime
AMA-C6471,John Sharma,john.sharma499@example.com,Houston,TX,US,09-Jan-2025,Non-Prime
AMA-C8767, Li Martin ,li.martin593@example.com,BOSTON,MA,US,2023-11-23,Non-Prime
AMA-C5904,James Sharma,james.sharma961@example.com,Seattle,WA,US,2023-06-20,Prime Student
AMA-C9735,Priya Smith,priya.smith9@example.com,Miami,FL,US,20-Jul-2021,Non-Prime
AMA-C7711,Vivaan Yamada,vivaan.yamada211@example.com,Los Angeles,CA,US,2024-08-03,Non-Prime
AMA-C1838,OLIVIA JOHNSON,olivia.johnson780@example.com,denver,CO,US,08-Jul-2024,Non-Prime
AMA-C6586,Ken Anderson,ken.anderson606 at example.com,Seattle,WA,US,11/10/2022,Non-Prime
AMA-C6555,Ben Tanaka,ben.tanaka794@example.com,New York,NY,US,09-Mar-2024,Non-Prime
AMA-C7165,Wei Suzuki,wei.suzuki47@example.com,Phoenix,AZ,US,25-Nov-2022,Non-Prime
AMA-C2085,Michael Brown,michael.brown588@example.com,Denver,CO,US,2024-02-25,
AMA-C4089,James Chen,james.chen772 at example.com,Denver,CO,US,2025-08-12,Prime
AMA-C3288,Rahul Müller,rahul.müller926@example.com,Seattle,WA,US,09-Jan-2022,Prime
AMA-C7387,FATIMA SUZUKI,fatima.suzuki413@example.com,Boston,MA,US,2022-11-04,Non-Prime
AMA-C4753,Li Müller,li.müller440@example.com,Seattle,WA,US,04/05/2021,Prime Student
AMA-C5940,LIAM MÜLLER,liam.müller199@example.com,Denver,CO,US,27-Jan-2021,Prime Student
AMA-C4419,aarav wilson,aarav.wilson151@example.com,Atlanta,GA,US,30-Sep-2023,Prime
AMA-C10439,NOAH KHAN,noah.khan287@example.com,Atlanta,GA,US,21-Feb-2024,Prime Student
AMA-C5333,Anna Chen,anna.chen496@example.com,Seattle,WA,US,11-Nov-2023,Non-Prime
AMA-C2262,Rahul Singh,rahul.singh790@example.com,Atlanta,GA,US,2024-03-07,Non-Prime
AMA-C2130, Aditya Kumar ,aditya.kumar415@example.com,Los Angeles,CA,US,25-Mar-2022,Prime Student
AMA-C8489,rahul brown,rahul.brown442@example.com,New York,NY,US,06/01/2023,Prime Student
AMA-C6326,Fatima Tanaka,fatima.tanaka89@example.com,Phoenix,AZ,US,09/21/2023,Prime Student
AMA-C1893,James Yamada,james.yamada540@example.com,ATLANTA,GA,US,03-Dec-2022,Prime
AMA-C8003,Michael Tanaka,,Chicago,IL,US,12-Dec-2025,Prime Student
AMA-C4315,Carlos Lee,carlos.lee927@example.com,New York,NY,US,2024-05-11,Prime Student
AMA-C8501,Wei Brown,wei.brown727@example.com,Atlanta,GA,US,12-Mar-2024,Non-Prime
AMA-C9899,Anna Sharma,anna.sharma592@example.com,Boston,MA,US,2024-08-23,Prime Student
AMA-C8673,Ken Kim,ken.kim434@example.com,Boston,MA,US,2023-12-17,Prime
AMA-C9253,Emma Sharma,emma.sharma850@example.com,New York,NY,US,2025-04-06,Non-Prime
AMA-C3634,Rahul Wang,rahul.wang381@example.com,New York,NY,US,08/06/2021,Non-Prime
AMA-C1461,Fatima Johnson,fatima.johnson534@example.com,Atlanta,GA,US,2025-01-11,Non-Prime
AMA-C2940,James Wilson,james.wilson534@example.com,Phoenix,AZ,US,01/13/2025,
AMA-C9227,Fatima Sharma,fatima.sharma321@example.com,Seattle,WA,US,15-Aug-2021,Prime
AMA-C7083, Rahul Singh ,rahul.singh337@example.com,Boston,MA,US,2024-03-17,Prime
AMA-C1848,Sofia Lee,sofia.lee483@example.com,Los Angeles,CA,US,2023-11-01,Prime
AMA-C1104,AVA KIM,,Denver,CO,US,31-Mar-2023,Non-Prime
AMA-C7926,Emma Davis,emma.davis10 at example.com,Seattle,WA,US,03/18/2025,Prime Student
AMA-C10177,Noah Müller,noah.müller724@example.com,Chicago,IL,US,06-Jan-2024,Prime
AMA-C4943,Maria Sharma,,phoenix,AZ,US,23-Sep-2025,Prime Student
AMA-C1195,Yuki Lee,,Atlanta,GA,US,2021-10-15,Prime Student
AMA-C5089,Anna Tanaka,anna.tanaka631@example.com,DENVER,CO,US,05-Mar-2023,Prime Student
AMA-C10709,Chen Rossi,chen.rossi212@example.com,Chicago,IL,US,08/25/2023,Prime Student
AMA-C10735,Priya Khan,priya.khan779@example.com,Houston,TX,US,2024-06-14,Prime
AMA-C1740,Carlos Chen,carlos.chen983@example.com,Miami,FL,US,2022-10-29,Prime
AMA-C4950,Aarav Davis,aarav.davis879@example.com,Miami,FL,US,12-Dec-2024,Non-Prime
AMA-C7148,Li Patel,li.patel260@example.com,Miami,FL,US,13-Jun-2021,
AMA-C7335,Vivaan Müller,vivaan.müller665@example.com,Boston,MA,US,2024-05-23,Non-Prime
AMA-C9638,David Garcia,david.garcia567@example.com,Chicago,IL,US,2021-10-19,Prime
AMA-C3920, Ben Wilson ,,Atlanta,GA,US,09/30/2024,Prime Student
AMA-C7999,Rahul Anderson,rahul.anderson292@example.com,CHICAGO,IL,US,08-Jul-2021,Prime Student
AMA-C3491,Olivia Martin,olivia.martin774@example.com,New York,NY,US,05/24/2022,Prime
AMA-C9095,ANNA ROSSI,anna.rossi938@example.com,Houston,TX,US,13-Jul-2023,Non-Prime
AMA-C4237,Fatima Lee,fatima.lee716@example.com,Miami,FL,US,28-Mar-2025,
AMA-C9453,Sara Lee,sara.lee352@example.com,Los Angeles,CA,US,07/12/2022,Non-Prime
AMA-C5641,wei rossi,wei.rossi150@example.com,Miami,FL,US,18-May-2021,Prime
AMA-C6481,ADITYA DAVIS,aditya.davis932@example.com,Denver,CO,US,07/24/2022,Prime Student
AMA-C10708,Ken Sharma,ken.sharma195@example.com,Denver,CO,US,2022-05-22,Prime
AMA-C2761,Vivaan Suzuki,vivaan.suzuki370@example.com,boston,MA,US,08/02/2021,Prime Student
AMA-C3725,Zoe Müller,zoe.müller280@example.com,New York,NY,US,2024-08-07,Non-Prime
AMA-C4465,Liam Müller,liam.müller370@example.com,Seattle,WA,US,02/26/2022,Non-Prime
AMA-C1367,sofia khan,sofia.khan753@example.com,Los Angeles,CA,US,02/06/2024,Non-Prime
AMA-C10884,Ava Wang,ava.wang746@example.com,Miami,FL,US,23-Mar-2022,Non-Prime
AMA-C3667,John Johnson,john.johnson897@example.com,Seattle,WA,US,02/13/2023,
AMA-C8331,Fatima Sharma,fatima.sharma485@example.com,Phoenix,AZ,US,07-Dec-2025,Non-Prime
AMA-C8495,Fatima Singh,fatima.singh340@example.com,Atlanta,GA,US,07/08/2023,Non-Prime
AMA-C9739,Fatima Tanaka,fatima.tanaka868@example.com,Boston,MA,US,2022-06-14,Prime Student
AMA-C1027,Ava Kim,ava.kim795@example.com,Boston,MA,US,01/09/2021,Non-Prime
AMA-C6243, James Wang ,james.wang780@example.com,Atlanta,GA,US,11/12/2023,Prime
AMA-C1002,Vivaan Martin,vivaan.martin51@example.com,Boston,MA,US,24-Mar-2023,Prime
AMA-C3808,Carlos Anderson,carlos.anderson42@example.com,Miami,FL,US,2021-07-18,Prime
AMA-C1896, Aditya Smith ,aditya.smith565@example.com,Boston,MA,US,02/03/2024,Prime
AMA-C1481,Sara Patel,sara.patel905@example.com,Houston,TX,US,01/22/2023,Prime
AMA-C6304,David Garcia,david.garcia20@example.com,Seattle,WA,US,06-Aug-2021,Prime Student
AMA-C1169,James Wang,james.wang283@example.com,Denver,CO,US,02/06/2021,Prime Student
AMA-C8662,Carlos Rossi,carlos.rossi790@example.com,phoenix,AZ,US,2022-02-26,Prime Student
AMA-C3613,Chen Davis,chen.davis547@example.com,Los Angeles,CA,US,17-Feb-2025,Prime Student
AMA-C1406,Aditya Suzuki,aditya.suzuki628@example.com,Atlanta,GA,US,23-Jun-2024,Prime
AMA-C9372,Michael Rossi,,Boston,MA,US,09/12/2022,Non-Prime
AMA-C3761,Wei Wang,wei.wang329@example.com,Denver,CO,US,01/31/2022,Prime Student
AMA-C9566,Zoe Lee,zoe.lee149@example.com,Atlanta,GA,US,15-Jul-2025,Prime Student
AMA-C5630,Sara Suzuki,sara.suzuki297@example.com,Houston,TX,US,21-Jun-2021,Prime Student
AMA-C9673,Michael Johnson,michael.johnson389@example.com,Miami,FL,US,11/20/2024,Prime
AMA-C7818,MICHAEL MÜLLER,michael.müller876@example.com,Seattle,WA,US,2023-09-08,Non-Prime
AMA-C8876,Fatima Tanaka,,Los Angeles,CA,US,17-Mar-2025,Prime Student
AMA-C8805,Chen Patel,chen.patel49@example.com,Boston,MA,US,2025-03-10,Prime
AMA-C3044,SARA KIM,,Denver,CO,US,2024-04-13,Prime Student
AMA-C7644,Olivia Wang,olivia.wang319@example.com,Chicago,IL,US,02/02/2024,Prime Student
AMA-C2452,AVA SUZUKI,ava.suzuki110@example.com,Phoenix,AZ,US,07/05/2022,Prime
AMA-C6425,Ben Anderson,ben.anderson372@example.com,Phoenix,AZ,US,25-Feb-2024,Non-Prime
AMA-C6258,Ken Brown,ken.brown78@example.com,Atlanta,GA,US,2021-05-20,Non-Prime
AMA-C10444, Wei Martin ,wei.martin997@example.com,Phoenix,AZ,US,02/06/2025,Prime
AMA-C5811,Olivia Yamada,olivia.yamada60@example.com,Atlanta,GA,US,2023-09-22,Prime Student
AMA-C4723,olivia anderson,olivia.anderson568@example.com,Houston,TX,US,06/09/2021,Non-Prime
AMA-C3213,Rahul Müller,rahul.müller332@example.com,Los Angeles,CA,US,2022-04-15,Prime
AMA-C1339,ava khan,,Miami,FL,US,2021-11-14,Prime
AMA-C1994,Michael Kim,,Chicago,IL,US,19-Aug-2022,Prime Student
AMA-C3750,Emma Kumar,emma.kumar426@example.com,Houston,TX,US,2025-05-13,Prime
AMA-C4766,Liam Kumar,liam.kumar26 at example.com,New York,NY,US,08/13/2021,Prime Student
AMA-C5269,John Smith,john.smith714@example.com,miami,FL,US,2022-12-16,Non-Prime
AMA-C5591,WEI SHARMA,wei.sharma301@example.com,Los Angeles,CA,US,23-Nov-2021,Prime
AMA-C9398,Yuki Garcia,yuki.garcia531@example.com,Denver,CO,US,06-Feb-2025,Prime
AMA-C10803,Ava Chen,ava.chen802@example.com,Phoenix,AZ,US,04/13/2022,Non-Prime
AMA-C2899,James Wilson,james.wilson821@example.com,Denver,CO,US,15-Jul-2023,Prime Student
AMA-C7305,James Tanaka,,Chicago,IL,US,27-Jul-2021,Prime Student
AMA-C8921,AVA SMITH,ava.smith512@example.com,Seattle,WA,US,05-Nov-2023,Prime
AMA-C8802,Noah Lee,noah.lee876@example.com,Denver,CO,US,2023-10-29,Prime
AMA-C4002,KEN MARTIN,ken.martin621@example.com,Denver,CO,US,03-Jul-2021,Prime
AMA-C9249,EMMA WILSON,emma.wilson981 at example.com,Miami,FL,US,07/09/2025,Prime
AMA-C3284,Anna Khan,anna.khan677@example.com,LOS ANGELES,CA,US,09/02/2024,Prime Student
AMA-C3888,John Sharma,john.sharma211@example.com,Houston,TX,US,03/10/2024,Non-Prime
AMA-C3028,Fatima Müller,fatima.müller344@example.com,Miami,FL,US,27-Jun-2023,Non-Prime
AMA-C2163,AARAV GARCIA,aarav.garcia597@example.com,Los Angeles,CA,US,22-Sep-2021,Non-Prime
AMA-C10421,Vivaan Singh,vivaan.singh775@example.com,Atlanta,GA,US,07/06/2022,Prime Student
AMA-C4884,ava wilson,ava.wilson550@example.com,seattle,WA,US,2021-08-03,Prime
AMA-C3943, Priya Davis ,,Chicago,IL,US,12-Jul-2022,Non-Prime
AMA-C6830,rahul lee,rahul.lee558@example.com,Atlanta,GA,US,10/14/2023,Prime
AMA-C3376,Yuki Yamada,yuki.yamada136@example.com,Los Angeles,CA,US,27-Nov-2025,
AMA-C5711,James Tanaka,james.tanaka348@example.com,Seattle,WA,US,08-Apr-2024,Prime
AMA-C2176,Maria Johnson,maria.johnson416@example.com,Miami,FL,US,06-Dec-2023,Prime
AMA-C8105,Vivaan Patel,vivaan.patel162@example.com,Houston,TX,US,2021-04-06,Prime
AMA-C1932,Li Kumar,li.kumar487@example.com,Boston,MA,US,08/03/2022,Non-Prime
AMA-C4296,Rahul Sharma,rahul.sharma263@example.com,Phoenix,AZ,US,29-Sep-2022,Prime Student
AMA-C2823,Priya Martin,priya.martin323@example.com,Los Angeles,CA,US,03/06/2021,Non-Prime
AMA-C9760,Liam Patel,liam.patel785@example.com,Houston,TX,US,07-Aug-2025,Non-Prime
AMA-C10913,Sofia Wilson,sofia.wilson546@example.com,NEW YORK,NY,US,14-Jun-2025,Prime Student
AMA-C7316,Wei Garcia,wei.garcia815@example.com,Seattle,WA,US,10/22/2025,Prime
AMA-C6742,Fatima Kim,fatima.kim166@example.com,New York,NY,US,07/22/2025,Non-Prime
AMA-C2214,James Wilson,james.wilson969 at example.com,Seattle,WA,US,18-Mar-2022,Prime Student
AMA-C9976,Aarav Davis,aarav.davis435@example.com,Boston,MA,US,10/31/2022,Prime
AMA-C4714,Michael Müller,michael.müller346@example.com,Houston,TX,US,03/15/2022,Prime Student
AMA-C2461,JAMES WILSON,james.wilson144@example.com,Miami,FL,US,2024-02-04,Prime
AMA-C10727,Aditya Wang,aditya.wang999@example.com,Chicago,IL,US,03/15/2024,Non-Prime
AMA-C7940,Zoe Chen,zoe.chen241@example.com,Boston,MA,US,09-Nov-2025,Prime
AMA-C9335,Sara Martin,sara.martin858@example.com,Denver,CO,US,02/02/2023,Prime
AMA-C8525,Emma Johnson,emma.johnson987@example.com,New York,NY,US,12/20/2024,Prime Student
AMA-C8800,Emma Davis,emma.davis557@example.com,Chicago,IL,US,2025-05-03,
AMA-C4045,Ben Rossi,ben.rossi898@example.com,Houston,TX,US,04-Sep-2023,Prime Student
AMA-C9747,john tanaka,john.tanaka369@example.com,Houston,TX,US,06-Jan-2025,Non-Prime
AMA-C2509, Wei Wang ,wei.wang117@example.com,atlanta,GA,US,27-Oct-2022,Non-Prime
AMA-C9865,Noah Chen,noah.chen205@example.com,Los Angeles,CA,US,05/26/2025,Prime Student
AMA-C5571,Sara Rossi,sara.rossi818@example.com,Houston,TX,US,09-Aug-2024,Non-Prime
AMA-C3528,Fatima Martin,,Boston,MA,US,2021-01-24,Prime Student
AMA-C10736,Emma Wang,emma.wang771@example.com,New York,NY,US,04/03/2021,Non-Prime
AMA-C9337,Carlos Yamada,,Seattle,WA,US,05/04/2022,Prime Student
AMA-C7312,Chen Rossi,chen.rossi271@example.com,Boston,MA,US,2025-05-28,
AMA-C6752,noah rossi,noah.rossi409 at example.com,Houston,TX,US,30-Jul-2025,Prime
AMA-C7993,Vivaan Martin,vivaan.martin306@example.com,Phoenix,AZ,US,07-Mar-2022,Prime
AMA-C2380,SOFIA SINGH,sofia.singh382@example.com,New York,NY,US,2021-10-03,Prime
AMA-C5163,John Tanaka,john.tanaka736@example.com,Boston,MA,US,06/22/2022,Prime Student
AMA-C3977,Priya Singh,,New York,NY,US,31-Jan-2022,Prime
AMA-C3660,Li Johnson,li.johnson538@example.com,Seattle,WA,US,28-Apr-2024,Non-Prime
AMA-C7020,Ben Wang,ben.wang718@example.com,Houston,TX,US,2021-03-16,Non-Prime
AMA-C2036,Liam Garcia,liam.garcia373@example.com,Chicago,IL,US,10/09/2022,Non-Prime
AMA-C1773,Ken Smith,ken.smith912@example.com,Los Angeles,CA,US,04/18/2025,Prime
AMA-C10287,Aditya Rossi,aditya.rossi307@example.com,Chicago,IL,US,2023-05-08,Non-Prime
AMA-C10188,Sofia Khan,sofia.khan815@example.com,Miami,FL,US,2025-05-28,Prime
AMA-C7301,LI SMITH,li.smith710@example.com,Houston,TX,US,30-Oct-2021,Non-Prime
AMA-C1970,Zoe Khan,zoe.khan151@example.com,Denver,CO,US,12/30/2025,
AMA-C7379,li garcia,li.garcia717@example.com,Houston,TX,US,07/27/2021,Prime
AMA-C2595,aarav martin,aarav.martin92@example.com,Denver,CO,US,06/07/2022,Prime Student
AMA-C1274,Emma Martin,emma.martin892@example.com,Los Angeles,CA,US,2025-01-31,Non-Prime
AMA-C10281, Anna Yamada ,anna.yamada225@example.com,Denver,CO,US,2023-08-06,Non-Prime
AMA-C9033,CHEN KUMAR,chen.kumar929@example.com,Phoenix,AZ,US,03/08/2023,
AMA-C1783,Li Anderson,li.anderson993@example.com,Atlanta,GA,US,04/07/2021,Prime Student
AMA-C9574,Noah Lee,noah.lee503@example.com,Houston,TX,US,2023-12-15,Non-Prime
AMA-C5429,Zoe Tanaka,zoe.tanaka883@example.com,Houston,TX,US,26-Feb-2021,Prime Student
AMA-C5168,LIAM CHEN,liam.chen148@example.com,Miami,FL,US,12-May-2021,Non-Prime
AMA-C10594,chen brown,chen.brown714@example.com,boston,MA,US,2021-01-02,Prime
AMA-C4670,Carlos Khan,carlos.khan948@example.com,Boston,MA,US,14-Aug-2021,
AMA-C10605,James Davis,james.davis736@example.com,New York,NY,US,24-Oct-2023,Prime Student
AMA-C10940,Yuki Yamada,yuki.yamada106@example.com,Atlanta,GA,US,19-Nov-2022,Prime Student
AMA-C6063,Noah Tanaka,noah.tanaka977@example.com,DENVER,CO,US,2021-10-21,Prime Student
AMA-C7521,Zoe Kumar,zoe.kumar553@example.com,Chicago,IL,US,01/18/2021,Prime Student
AMA-C5515,Chen Wang,chen.wang330@example.com,Chicago,IL,US,2023-09-26,Prime Student
AMA-C1608,Rahul Kumar,rahul.kumar193@example.com,Atlanta,GA,US,03/22/2023,
AMA-C5867,Vivaan Singh,vivaan.singh505@example.com,New York,NY,US,02/19/2024,Prime Student
AMA-C7904,Rahul Brown,rahul.brown218 at example.com,HOUSTON,TX,US,2023-11-28,Prime Student
AMA-C4792,Chen Yamada,chen.yamada45@example.com,Atlanta,GA,US,07/05/2023,Prime Student
AMA-C6114,James Singh,james.singh96@example.com,Atlanta,GA,US,08/21/2021,Prime Student
AMA-C8486,Vivaan Wang,vivaan.wang387 at example.com,Miami,FL,US,2023-06-16,Prime
AMA-C2705,Fatima Yamada,fatima.yamada493@example.com,Atlanta,GA,US,27-Oct-2024,
AMA-C3273,james tanaka,,New York,NY,US,2023-12-10,Prime
AMA-C10274,Noah Chen,noah.chen678@example.com,Boston,MA,US,2021-03-04,Non-Prime
AMA-C5155,Vivaan Johnson,,Atlanta,GA,US,12/23/2024,Prime Student
AMA-C10247,James Sharma,james.sharma337@example.com,Miami,FL,US,28-Feb-2022,Prime Student
AMA-C9258,Maria Rossi,maria.rossi330@example.com,Chicago,IL,US,2023-12-04,
AMA-C10556,Mohammed Kumar,mohammed.kumar369@example.com,Phoenix,AZ,US,07/25/2023,Prime Student
AMA-C4051,Carlos Brown,carlos.brown209@example.com,Atlanta,GA,US,24-Mar-2025,Non-Prime
AMA-C1070,Wei Martin,wei.martin733@example.com,New York,NY,US,2024-08-14,Non-Prime
AMA-C1351,vivaan tanaka,vivaan.tanaka706@example.com,Boston,MA,US,2022-03-08,Prime
AMA-C2986,zoe chen,zoe.chen529@example.com,Houston,TX,US,2022-12-07,Prime
AMA-C6175,Sara Wilson,sara.wilson220@example.com,Atlanta,GA,US,05/19/2025,Prime Student
AMA-C1039,mohammed yamada,mohammed.yamada778@example.com,Phoenix,AZ,US,2023-12-24,Prime Student
AMA-C5311,Zoe Singh,zoe.singh134@example.com,Los Angeles,CA,US,2021-03-20,Prime Student
AMA-C9602,Michael Smith,michael.smith894@example.com,New York,NY,US,2021-12-23,Prime Student
AMA-C5509,anna kim,,Denver,CO,US,20-Nov-2022,Prime
AMA-C4217,OLIVIA MÜLLER,olivia.müller426@example.com,Chicago,IL,US,11/06/2021,Non-Prime
AMA-C8655,James Patel,james.patel653@example.com,New York,NY,US,15-Jan-2021,Prime Student
AMA-C4116,priya davis,priya.davis735@example.com,Denver,CO,US,11/02/2021,Prime Student
AMA-C2213,Liam Martin,liam.martin545@example.com,Atlanta,GA,US,24-Nov-2025,Prime Student
AMA-C9219,CARLOS BROWN,carlos.brown39@example.com,Miami,FL,US,2022-01-15,Prime Student
AMA-C3192,Fatima Johnson,fatima.johnson261@example.com,Los Angeles,CA,US,2024-01-25,Prime
AMA-C5081,John Lee,john.lee712@example.com,Atlanta,GA,US,06-Jul-2022,Prime Student
AMA-C9445,Sara Kumar,sara.kumar905@example.com,ATLANTA,GA,US,02/14/2023,Prime Student
AMA-C7520,Vivaan Kim,vivaan.kim354@example.com,Chicago,IL,US,2023-05-20,Prime Student
AMA-C5212,Wei Smith,wei.smith503@example.com,Houston,TX,US,30-Dec-2025,Prime
AMA-C6986,Liam Wilson,liam.wilson190 at example.com,Denver,CO,US,2023-09-14,Prime
AMA-C10834,ZOE KUMAR,zoe.kumar145 at example.com,Seattle,WA,US,11-Feb-2024,Prime
AMA-C7956,Ben Davis,,Boston,MA,US,2024-02-20,Prime Student
AMA-C7201,Chen Wang,chen.wang135@example.com,Los Angeles,CA,US,03/22/2023,Prime Student
AMA-C6629,Fatima Garcia,fatima.garcia62@example.com,Boston,MA,US,2025-03-15,Non-Prime
AMA-C7550,John Brown,john.brown904@example.com,Chicago,IL,US,2024-06-08,Prime
AMA-C3562, Priya Suzuki ,priya.suzuki901@example.com,Miami,FL,US,2023-12-23,Prime Student
AMA-C7478,Carlos Suzuki,carlos.suzuki897@example.com,Phoenix,AZ,US,20-Sep-2023,Prime Student
AMA-C6428,Liam Müller,liam.müller464@example.com,Los Angeles,CA,US,2022-10-21,Non-Prime
AMA-C1978,Sara Brown,sara.brown609@example.com,Miami,FL,US,09/23/2023,Non-Prime
AMA-C6738,sara kim,sara.kim11@example.com,Boston,MA,US,02-May-2022,Non-Prime
AMA-C8230,Li Davis,li.davis293@example.com,MIAMI,FL,US,2025-01-27,Non-Prime
AMA-C1197,Sara Tanaka,sara.tanaka211@example.com,Phoenix,AZ,US,2021-12-26,
AMA-C2126,Sara Rossi,,Phoenix,AZ,US,2024-12-30,Prime
AMA-C5273,david chen,david.chen732@example.com,Denver,CO,US,19-Sep-2022,Prime Student
AMA-C6744,Aarav Wang,aarav.wang844@example.com,Denver,CO,US,2025-03-29,Prime Student
AMA-C8505,Emma Tanaka,emma.tanaka967@example.com,Los Angeles,CA,US,2025-07-18,Prime
AMA-C3971,Olivia Wang,,Phoenix,AZ,US,2023-02-13,Prime Student
AMA-C10670,Carlos Suzuki,carlos.suzuki4@example.com,Los Angeles,CA,US,08-Sep-2021,Prime
AMA-C9162,Ken Patel,ken.patel970@example.com,Seattle,WA,US,11/04/2023,Non-Prime
AMA-C7452,anna patel,anna.patel222@example.com,New York,NY,US,2022-02-15,Prime Student
AMA-C2354, Aditya Yamada ,aditya.yamada429@example.com,Los Angeles,CA,US,08-Mar-2021,Prime
AMA-C5455,Mohammed Smith,mohammed.smith893@example.com,New York,NY,US,22-Nov-2023,Prime
AMA-C4759,Aditya Suzuki,aditya.suzuki476@example.com,Houston,TX,US,14-Nov-2023,Prime
AMA-C9765,SARA SUZUKI,sara.suzuki946@example.com,Chicago,IL,US,2025-09-09,Prime
AMA-C1698,Rahul Singh,rahul.singh501@example.com,Houston,TX,US,05/11/2022,Non-Prime
AMA-C3191,Olivia Johnson,olivia.johnson203@example.com,Houston,TX,US,09-Nov-2021,Prime Student
AMA-C8898,Ava Patel,ava.patel959@example.com,LOS ANGELES,CA,US,2022-09-21,Prime
AMA-C1012,Noah Wilson,noah.wilson580@example.com,Seattle,WA,US,02-Jun-2024,Prime Student
AMA-C1142, James Rossi ,james.rossi267@example.com,Miami,FL,US,04-Oct-2022,Non-Prime
AMA-C6667,Carlos Rossi,carlos.rossi487@example.com,phoenix,AZ,US,04/06/2025,Prime
AMA-C4704,SOFIA WANG,sofia.wang785@example.com,BOSTON,MA,US,06-Jan-2023,Non-Prime
AMA-C2568,Olivia Wilson,olivia.wilson773@example.com,Seattle,WA,US,2021-01-03,Prime
AMA-C7895, Zoe Rossi ,zoe.rossi366@example.com,Boston,MA,US,09/23/2025,
AMA-C10658,Mohammed Sharma,mohammed.sharma249@example.com,new york,NY,US,2021-02-26,Prime
AMA-C9770,Ben Sharma,ben.sharma696@example.com,Seattle,WA,US,29-Nov-2023,
AMA-C3865,Priya Lee,priya.lee393@example.com,Denver,CO,US,06-Jul-2025,Prime Student
AMA-C5253,vivaan lee,vivaan.lee201@example.com,Los Angeles,CA,US,01/16/2024,Prime
AMA-C8438, Olivia Lee ,olivia.lee539@example.com,Chicago,IL,US,05/24/2021,Non-Prime
AMA-C2195,EMMA MÜLLER,emma.müller650@example.com,Atlanta,GA,US,2021-10-20,Non-Prime
AMA-C3222,Noah Anderson,noah.anderson942@example.com,Denver,CO,US,23-Dec-2022,Non-Prime
AMA-C8418,Liam Anderson,liam.anderson823@example.com,denver,CO,US,03/24/2021,Prime
AMA-C10864,Rahul Anderson,rahul.anderson408@example.com,Phoenix,AZ,US,03-Nov-2024,Prime Student
AMA-C3698,Sara Johnson,sara.johnson927@example.com,Seattle,WA,US,2025-01-13,Prime Student
AMA-C5632,john kumar,john.kumar660@example.com,Miami,FL,US,2023-03-16,Prime
AMA-C3589,chen rossi,chen.rossi143@example.com,Boston,MA,US,07-Aug-2025,Non-Prime
AMA-C8029,FATIMA SINGH,fatima.singh973@example.com,Phoenix,AZ,US,2021-02-15,Non-Prime
AMA-C2653, Noah Tanaka ,noah.tanaka980@example.com,Miami,FL,US,2022-09-15,Prime Student
AMA-C5373,Sofia Tanaka,sofia.tanaka882@example.com,Chicago,IL,US,11/13/2024,Prime Student
AMA-C6558,James Yamada,james.yamada209@example.com,Denver,CO,US,08/04/2025,Prime
AMA-C9764,Rahul Davis,,Chicago,IL,US,2023-11-15,Prime Student
AMA-C5815,Emma Martin,emma.martin649@example.com,Chicago,IL,US,07-Jul-2023,Prime Student
AMA-C2358,Sara Wilson,sara.wilson737@example.com,Seattle,WA,US,2022-12-24,Prime
AMA-C10785,carlos suzuki,carlos.suzuki900@example.com,New York,NY,US,22-Aug-2022,Non-Prime
AMA-C2377,Noah Rossi,noah.rossi697@example.com,Atlanta,GA,US,05-Nov-2021,Prime
AMA-C2611,Anna Anderson,anna.anderson132@example.com,chicago,IL,US,09/11/2025,Prime
AMA-C6463,EMMA BROWN,emma.brown223@example.com,Denver,CO,US,2025-11-04,Prime
AMA-C8675,Mohammed Davis,mohammed.davis80@example.com,Chicago,IL,US,03-Mar-2025,Prime
AMA-C9682,John Kim,john.kim241@example.com,Houston,TX,US,03-May-2021,Prime
AMA-C7775,chen davis,,Houston,TX,US,2024-09-23,Non-Prime
AMA-C8531,Sara Wang,sara.wang566@example.com,New York,NY,US,19-Feb-2021,Prime Student
AMA-C10497,John Johnson,john.johnson775@example.com,Boston,MA,US,2025-11-23,Non-Prime
AMA-C7668,Olivia Tanaka,olivia.tanaka265@example.com,Houston,TX,US,12/29/2022,Prime Student
AMA-C9746,Aditya Davis,aditya.davis446@example.com,Chicago,IL,US,2022-12-27,Prime
AMA-C1450,Ben Khan,ben.khan204@example.com,Boston,MA,US,2021-04-04,Non-Prime
AMA-C7479,Zoe Sharma,zoe.sharma710@example.com,Houston,TX,US,11/27/2023,Prime Student
AMA-C2341,Michael Sharma,michael.sharma596@example.com,Phoenix,AZ,US,04/28/2021,Non-Prime
AMA-C8899,Aditya Johnson,aditya.johnson300@example.com,Chicago,IL,US,19-Dec-2022,Prime
AMA-C10684,NOAH ROSSI,noah.rossi181@example.com,Miami,FL,US,2021-11-11,Prime
AMA-C2839,Sara Tanaka,sara.tanaka7@example.com,Boston,MA,US,10/22/2023,Prime Student
AMA-C3351,LI KUMAR,li.kumar178@example.com,Chicago,IL,US,04/18/2022,Prime Student
AMA-C6472,aditya brown,aditya.brown360@example.com,Miami,FL,US,2024-12-25,
AMA-C5639,Carlos Sharma,carlos.sharma407@example.com,Los Angeles,CA,US,04/04/2023,Prime Student
AMA-C2723,James Yamada,james.yamada21@example.com,Atlanta,GA,US,2025-07-02,Prime Student
AMA-C7744,Noah Martin,noah.martin322@example.com,Boston,MA,US,30-Oct-2022,Prime Student
AMA-C10741,Liam Kim,liam.kim486@example.com,Los Angeles,CA,US,2023-11-03,Prime
AMA-C5281,ZOE YAMADA,zoe.yamada519@example.com,Seattle,WA,US,03/26/2022,Prime Student
AMA-C2438,Fatima Garcia,fatima.garcia303@example.com,Denver,CO,US,02/05/2021,Non-Prime
AMA-C7882,Zoe Chen,zoe.chen603 at example.com,Atlanta,GA,US,28-Nov-2021,Prime
AMA-C9779,Wei Garcia,wei.garcia623@example.com,Seattle,WA,US,2025-06-14,Prime Student
AMA-C10799,Emma Patel,emma.patel901@example.com,Boston,MA,US,01/18/2023,Prime
AMA-C6215,MICHAEL SINGH,michael.singh583@example.com,Atlanta,GA,US,12/08/2024,Prime
AMA-C5562,Priya Müller,priya.müller531@example.com,boston,MA,US,09/10/2021,Non-Prime
AMA-C3563,Zoe Johnson,zoe.johnson913@example.com,Los Angeles,CA,US,2023-10-27,Prime
AMA-C8883,yuki tanaka,yuki.tanaka853@example.com,New York,NY,US,06/11/2021,Prime
AMA-C1321,ava johnson,ava.johnson490@example.com,Denver,CO,US,07/23/2024,Prime Student
AMA-C5524,Vivaan Lee,vivaan.lee356@example.com,Phoenix,AZ,US,08-Dec-2025,Non-Prime
AMA-C3817, Anna Johnson ,anna.johnson65@example.com,Los Angeles,CA,US,06-Jul-2025,Prime
AMA-C8993,Li Martin,li.martin238@example.com,Los Angeles,CA,US,10/18/2023,Prime Student
AMA-C3450,Noah Khan,,Seattle,WA,US,03/12/2021,Prime
AMA-C6267,Vivaan Johnson,vivaan.johnson182@example.com,Denver,CO,US,05/28/2021,Prime Student
AMA-C9043,ava johnson,ava.johnson116@example.com,Denver,CO,US,28-Aug-2021,Non-Prime
AMA-C10923,Chen Yamada,,Phoenix,AZ,US,03/19/2025,Non-Prime
AMA-C10781,PRIYA WILSON,priya.wilson728@example.com,Miami,FL,US,01/10/2022,Non-Prime
AMA-C10778,Emma Sharma,emma.sharma426 at example.com,Chicago,IL,US,08/19/2024,Non-Prime
AMA-C8610,MICHAEL SUZUKI,michael.suzuki95@example.com,Denver,CO,US,12/28/2022,Prime
AMA-C8240,Noah Lee,noah.lee41@example.com,New York,NY,US,08-Jul-2022,
AMA-C5743,Priya Martin,priya.martin665@example.com,ATLANTA,GA,US,2024-10-09,Prime
AMA-C9748,Ava Sharma,ava.sharma525@example.com,Houston,TX,US,2022-06-02,Prime Student
AMA-C6821,Fatima Suzuki,,Atlanta,GA,US,15-Nov-2022,Non-Prime
AMA-C10213,Ava Anderson,ava.anderson533@example.com,Boston,MA,US,26-Jan-2023,Prime Student
AMA-C6046,Olivia Lee,olivia.lee225@example.com,Atlanta,GA,US,12/10/2023,Non-Prime
AMA-C7588,Aditya Sharma,,Miami,FL,US,2021-02-07,Non-Prime
AMA-C4052,Aarav Wilson,aarav.wilson22@example.com,Chicago,IL,US,05-Oct-2022,Non-Prime
AMA-C6777,Maria Tanaka,maria.tanaka372@example.com,Denver,CO,US,05-Mar-2021,Prime Student
AMA-C5548,Priya Brown,priya.brown444@example.com,Boston,MA,US,2022-11-12,Prime
AMA-C5955, Chen Kumar ,chen.kumar494@example.com,Seattle,WA,US,2022-04-02,Prime
AMA-C9000,Ava Garcia,ava.garcia838@example.com,Los Angeles,CA,US,02-Dec-2021,Prime
AMA-C10705,Zoe Suzuki,zoe.suzuki180@example.com,Los Angeles,CA,US,12-Jul-2023,Prime Student
AMA-C8401,Priya Lee,priya.lee370@example.com,Boston,MA,US,27-Apr-2023,Non-Prime
AMA-C1218,David Yamada,david.yamada892@example.com,Chicago,IL,US,26-Apr-2023,Prime Student
AMA-C10113,Ava Sharma,ava.sharma110@example.com,Seattle,WA,US,2025-06-09,Prime
AMA-C1640,Emma Singh,emma.singh290@example.com,Seattle,WA,US,2023-06-30,Non-Prime
AMA-C1359,ben suzuki,ben.suzuki984@example.com,Phoenix,AZ,US,03/12/2025,Prime Student
AMA-C9839,Aarav Smith,aarav.smith747@example.com,Houston,TX,US,09/04/2023,Prime
AMA-C2095,Wei Chen,wei.chen899@example.com,Chicago,IL,US,2023-01-02,Prime
AMA-C6700,Sofia Sharma,sofia.sharma395@example.com,Miami,FL,US,09/11/2024,Prime Student
AMA-C6355,Sofia Wilson,sofia.wilson575@example.com,Houston,TX,US,2024-12-25,Prime
AMA-C3969,Sofia Rossi,sofia.rossi604@example.com,Phoenix,AZ,US,12/05/2022,Prime
AMA-C5230,Vivaan Davis,vivaan.davis807@example.com,Seattle,WA,US,2022-09-16,Non-Prime
AMA-C1088, Rahul Brown ,rahul.brown756@example.com,Seattle,WA,US,05-Jun-2022,Prime
AMA-C10256,Yuki Singh,yuki.singh668@example.com,New York,NY,US,06/19/2022,Prime
AMA-C1010,Liam Wilson,liam.wilson141@example.com,Phoenix,AZ,US,15-Dec-2025,Non-Prime
AMA-C3038, Carlos Smith ,carlos.smith355@example.com,Houston,TX,US,09-Aug-2023,Prime Student
AMA-C10231,Emma Tanaka,,Los Angeles,CA,US,02-Jan-2025,Non-Prime
AMA-C8168,James Rossi,james.rossi297@example.com,Atlanta,GA,US,05/06/2025,Prime Student
AMA-C5416,Rahul Martin,rahul.martin194@example.com,DENVER,CO,US,10/26/2025,Prime Student
AMA-C2477, Fatima Wilson ,,Seattle,WA,US,2021-10-12,Non-Prime
AMA-C7887,Sofia Davis,sofia.davis729@example.com,Phoenix,AZ,US,2021-02-11,Non-Prime
AMA-C6026,Yuki Smith,yuki.smith634@example.com,Chicago,IL,US,07/12/2025,
AMA-C7660,Aarav Patel,aarav.patel981@example.com,Miami,FL,US,11/13/2023,Prime Student
AMA-C10446,Liam Sharma,liam.sharma664@example.com,Atlanta,GA,US,02/04/2023,Non-Prime
AMA-C3798,Wei Tanaka,wei.tanaka883 at example.com,Chicago,IL,US,2024-09-06,Prime
AMA-C4597,Anna Kim,anna.kim199@example.com,NEW YORK,NY,US,2024-03-22,Prime
AMA-C6844,Anna Garcia,anna.garcia341@example.com,Miami,FL,US,01/08/2024,Non-Prime
AMA-C3269,Mohammed Martin,mohammed.martin304@example.com,Chicago,IL,US,2022-07-28,Prime Student
AMA-C9662,Carlos Wilson,carlos.wilson278@example.com,Miami,FL,US,2021-02-16,Non-Prime
AMA-C5859,Emma Tanaka,emma.tanaka603@example.com,Seattle,WA,US,02/14/2024,Prime
AMA-C9942, James Patel ,james.patel173@example.com,ATLANTA,GA,US,2021-08-09,Prime
AMA-C3993,Ava Anderson,,Phoenix,AZ,US,08/21/2021,Prime Student
AMA-C6260,John Singh,john.singh438@example.com,Seattle,WA,US,10/21/2021,Prime Student
AMA-C10294,Vivaan Brown,vivaan.brown123@example.com,Denver,CO,US,10/28/2021,Prime Student
AMA-C2059,Sofia Chen,sofia.chen437@example.com,New York,NY,US,04-Mar-2024,Prime
AMA-C7420,Aarav Tanaka,aarav.tanaka533@example.com,Houston,TX,US,15-Jan-2022,Prime
AMA-C3526,Zoe Khan,zoe.khan247@example.com,Houston,TX,US,20-May-2023,Non-Prime
AMA-C10087,Ben Wang,ben.wang169@example.com,Atlanta,GA,US,29-Apr-2025,Prime Student
AMA-C9640,James Tanaka,james.tanaka7@example.com,Houston,TX,US,2021-11-11,Prime Student
AMA-C8121,Emma Johnson,emma.johnson830@example.com,Houston,TX,US,11-Jul-2025,Prime
AMA-C5495,Ken Anderson,ken.anderson38@example.com,Atlanta,GA,US,21-Dec-2023,Non-Prime
AMA-C8451,Ben Garcia,ben.garcia81@example.com,Miami,FL,US,08-Aug-2025,Non-Prime
AMA-C10907,Ben Kim,ben.kim486@example.com,Denver,CO,US,03/23/2024,
AMA-C3290,Emma Singh,emma.singh860@example.com,Miami,FL,US,2022-07-27,Prime Student
AMA-C6111,Maria Sharma,maria.sharma949@example.com,Houston,TX,US,05/31/2022,
AMA-C8089,Ken Lee,ken.lee817@example.com,MIAMI,FL,US,07/14/2025,Prime
AMA-C10788,Priya Davis,priya.davis148@example.com,Chicago,IL,US,2024-09-16,Prime
AMA-C1122,Emma Kim,emma.kim902@example.com,Seattle,WA,US,29-Jan-2022,Non-Prime
AMA-C3447,Aditya Brown,aditya.brown422@example.com,PHOENIX,AZ,US,06-Aug-2021,Prime Student
AMA-C8999,Chen Anderson,chen.anderson103@example.com,Phoenix,AZ,US,09/29/2021,Prime
AMA-C3962,Sofia Garcia,sofia.garcia671@example.com,Chicago,IL,US,08/20/2024,Prime Student
AMA-C3255, Sara Brown ,sara.brown707@example.com,Miami,FL,US,11/25/2023,Non-Prime
AMA-C3339,Chen Tanaka,chen.tanaka514@example.com,Phoenix,AZ,US,29-Mar-2025,Non-Prime
AMA-C1835,Aarav Khan,aarav.khan637@example.com,Denver,CO,US,16-Sep-2025,Non-Prime
AMA-C3695,Liam Tanaka,,Los Angeles,CA,US,05/21/2025,Non-Prime
AMA-C10137,LI DAVIS,li.davis973@example.com,Denver,CO,US,2024-02-29,Non-Prime
AMA-C6574,Emma Wang,emma.wang44@example.com,Seattle,WA,US,24-Jul-2025,Non-Prime
AMA-C10505,rahul yamada,rahul.yamada277@example.com,Boston,MA,US,02-Dec-2021,Prime Student
AMA-C7855,Ava Müller,ava.müller378@example.com,Chicago,IL,US,06/04/2021,Non-Prime
AMA-C3937,Sofia Davis,sofia.davis769@example.com,Los Angeles,CA,US,04/27/2022,Prime Student
AMA-C8530,Sara Lee,sara.lee889@example.com,Miami,FL,US,04/04/2023,Non-Prime
AMA-C4448,Ken Rossi,ken.rossi592@example.com,Houston,TX,US,11/27/2023,Prime
AMA-C3723,PRIYA PATEL,priya.patel68@example.com,Seattle,WA,US,2022-03-22,Prime Student
AMA-C1457,David Rossi,david.rossi265@example.com,houston,TX,US,2025-03-18,Non-Prime
AMA-C10318,BEN DAVIS,ben.davis34@example.com,Denver,CO,US,05/03/2024,Non-Prime
AMA-C8138,Aarav Johnson,aarav.johnson642@example.com,Miami,FL,US,05/17/2021,Prime Student
AMA-C9607,Carlos Müller,carlos.müller695@example.com,Chicago,IL,US,29-Oct-2021,Non-Prime
AMA-C8120,Zoe Anderson,zoe.anderson298@example.com,Phoenix,AZ,US,06/20/2022,Prime Student
AMA-C3012,Michael Kim,michael.kim910@example.com,Boston,MA,US,2021-07-02,
AMA-C9457,Michael Sharma,michael.sharma885@example.com,New York,NY,US,10/09/2021,Non-Prime
AMA-C10928,Ava Davis,ava.davis5@example.com,Chicago,IL,US,05/13/2024,Prime Student
AMA-C9193,Sara Khan,sara.khan735@example.com,Atlanta,GA,US,09-Jul-2023,Prime Student
AMA-C1784,wei anderson,wei.anderson220@example.com,Denver,CO,US,31-Aug-2021,
AMA-C2236,Sara Johnson,sara.johnson964 at example.com,Houston,TX,US,03/10/2025,Non-Prime
AMA-C8674,Ava Kim,ava.kim41@example.com,Boston,MA,US,06/20/2022,Non-Prime
AMA-C5055,Zoe Garcia,zoe.garcia97@example.com,Seattle,WA,US,2025-11-24,Non-Prime
AMA-C5132,Ava Kumar,ava.kumar610@example.com,Miami,FL,US,29-Apr-2025,Prime
AMA-C8091,Olivia Lee,olivia.lee857@example.com,Chicago,IL,US,13-Dec-2024,Non-Prime
AMA-C7042,Ken Wang,ken.wang615@example.com,Los Angeles,CA,US,24-Jul-2025,Non-Prime
AMA-C3081,Olivia Davis,olivia.davis185@example.com,Denver,CO,US,20-Oct-2024,Non-Prime
AMA-C3184,Michael Johnson,michael.johnson530@example.com,Miami,FL,US,04-Oct-2023,Non-Prime
AMA-C9587, David Khan ,david.khan215@example.com,Seattle,WA,US,28-Jul-2022,Prime Student
AMA-C10343,Chen Anderson,,New York,NY,US,12/12/2021,Prime
AMA-C10223,Sofia Tanaka,sofia.tanaka220@example.com,Boston,MA,US,10/03/2025,Prime
AMA-C7226,James Kumar,james.kumar947@example.com,Miami,FL,US,23-Oct-2021,Prime
AMA-C6043,wei yamada,wei.yamada85@example.com,Phoenix,AZ,US,2025-11-20,Prime
AMA-C6023,Sara Patel,sara.patel989@example.com,Atlanta,GA,US,2021-12-08,Prime Student
AMA-C1137,Zoe Anderson,zoe.anderson160@example.com,Chicago,IL,US,01/21/2025,Prime Student
AMA-C10873,Chen Suzuki,chen.suzuki921@example.com,Chicago,IL,US,14-Apr-2021,Non-Prime
AMA-C3766,David Anderson,david.anderson689@example.com,Atlanta,GA,US,2025-01-02,Non-Prime
AMA-C8647,Vivaan Patel,vivaan.patel892@example.com,Miami,FL,US,2021-01-12,
AMA-C2913,Sara Müller,sara.müller895@example.com,MIAMI,FL,US,2024-07-13,Non-Prime
AMA-C1495,Olivia Wilson,olivia.wilson667@example.com,Atlanta,GA,US,04/05/2023,Prime
AMA-C6498,Vivaan Kim,vivaan.kim766@example.com,Miami,FL,US,19-Nov-2021,Prime
AMA-C1277,Ken Sharma,ken.sharma76@example.com,Denver,CO,US,15-Aug-2021,Prime Student
AMA-C2696,Priya Tanaka,priya.tanaka977@example.com,Atlanta,GA,US,06/04/2024,Prime
AMA-C8688,Vivaan Garcia,vivaan.garcia50@example.com,Atlanta,GA,US,2024-02-23,
AMA-C3256,CARLOS JOHNSON,carlos.johnson333@example.com,New York,NY,US,2025-05-28,Prime
AMA-C10530,Aarav Wilson,aarav.wilson967@example.com,Miami,FL,US,04-Apr-2023,Non-Prime
AMA-C5151,li kim,li.kim215@example.com,Los Angeles,CA,US,2021-10-04,Prime
AMA-C7211,MARIA LEE,maria.lee158@example.com,Houston,TX,US,27-Jan-2022,Prime
AMA-C5761,PRIYA DAVIS,priya.davis578@example.com,Boston,MA,US,01/07/2023,Non-Prime
AMA-C6620,WEI SUZUKI,wei.suzuki134@example.com,Los Angeles,CA,US,08/22/2023,Non-Prime
AMA-C8735,David Kumar,david.kumar991@example.com,Los Angeles,CA,US,2022-08-06,Non-Prime
AMA-C10150,Chen Davis,chen.davis955@example.com,Phoenix,AZ,US,04-Aug-2023,Prime
AMA-C8879,Carlos Wilson,carlos.wilson359 at example.com,Denver,CO,US,09/02/2024,Non-Prime
AMA-C2983,Ava Khan,ava.khan817@example.com,ATLANTA,GA,US,2025-10-17,Prime
AMA-C1625,Noah Khan,noah.khan685@example.com,Boston,MA,US,2022-07-21,Prime
AMA-C4586,Mohammed Rossi,mohammed.rossi341@example.com,Boston,MA,US,20-Jan-2025,Prime Student
AMA-C3175,yuki müller,yuki.müller242@example.com,Seattle,WA,US,15-Dec-2025,Non-Prime
AMA-C8321,emma wang,emma.wang565@example.com,Phoenix,AZ,US,03/22/2021,Prime Student
AMA-C1987,Fatima Wang,fatima.wang326@example.com,Los Angeles,CA,US,16-Jun-2022,Prime Student
AMA-C8463,Ben Sharma,ben.sharma750@example.com,Boston,MA,US,13-Sep-2021,Prime Student
AMA-C8775,Ben Wang,ben.wang143@example.com,Seattle,WA,US,2022-03-28,Prime
AMA-C2445,Chen Müller,chen.müller254@example.com,Chicago,IL,US,08/09/2024,Prime
AMA-C10617,Liam Wang,liam.wang195@example.com,Miami,FL,US,03-Mar-2025,Prime Student
AMA-C4063,Chen Brown,chen.brown339@example.com,Phoenix,AZ,US,2024-04-02,Non-Prime
AMA-C4211,Aarav Müller,aarav.müller718@example.com,los angeles,CA,US,2025-01-26,Prime
AMA-C10935,Wei Kumar,wei.kumar248@example.com,Atlanta,GA,US,2022-04-03,Prime
AMA-C6506,David Brown,,atlanta,GA,US,2024-04-02,
AMA-C8906,Ben Brown,ben.brown945@example.com,Boston,MA,US,08/27/2023,Prime
AMA-C5180,Liam Kumar,liam.kumar970@example.com,Seattle,WA,US,06/01/2022,Prime Student
AMA-C1480,Noah Sharma,noah.sharma95@example.com,Chicago,IL,US,2023-05-30,Prime Student
AMA-C6048,Yuki Yamada,yuki.yamada864@example.com,Los Angeles,CA,US,31-Dec-2025,Prime Student
AMA-C3612,James Smith,james.smith548@example.com,Atlanta,GA,US,01/13/2021,Prime Student
AMA-C1655,Anna Chen,anna.chen238@example.com,Phoenix,AZ,US,10/20/2023,Prime
AMA-C6631,David Kumar,david.kumar879@example.com,Boston,MA,US,24-Jan-2024,Prime Student
AMA-C3639,Yuki Rossi,yuki.rossi135@example.com,BOSTON,MA,US,06-Apr-2022,Non-Prime
AMA-C10664,Zoe Müller,zoe.müller699@example.com,NEW YORK,NY,US,2024-11-11,Prime
AMA-C2256,Aditya Patel,aditya.patel954@example.com,Houston,TX,US,2021-09-21,Prime
AMA-C4698,Liam Kumar,liam.kumar534@example.com,New York,NY,US,2023-03-26,Non-Prime
AMA-C5493,Priya Wang,priya.wang895@example.com,Atlanta,GA,US,03-Jul-2024,Non-Prime
AMA-C8423,SARA WANG,sara.wang7@example.com,Boston,MA,US,22-May-2025,
AMA-C8520,John Wang,john.wang118@example.com,denver,CO,US,2021-06-09,Prime
AMA-C8241,anna suzuki,anna.suzuki199@example.com,Denver,CO,US,02-Dec-2023,Prime
AMA-C10740,RAHUL WILSON,rahul.wilson105@example.com,Boston,MA,US,2021-09-24,Prime
AMA-C7532,Carlos Smith,carlos.smith657@example.com,Seattle,WA,US,21-Aug-2023,Prime Student
AMA-C1984,David Suzuki,david.suzuki781@example.com,Houston,TX,US,02/12/2022,Prime Student
AMA-C9590,James Singh,james.singh354@example.com,Denver,CO,US,2023-01-13,Prime Student
AMA-C10022,Chen Sharma,,Chicago,IL,US,30-Jun-2023,Prime
AMA-C3948,rahul khan,rahul.khan627@example.com,Atlanta,GA,US,07/24/2023,Prime
AMA-C4180,DAVID GARCIA,david.garcia216@example.com,Houston,TX,US,01-Jul-2022,Non-Prime
AMA-C2616,michael lee,michael.lee875@example.com,Phoenix,AZ,US,2024-02-22,Prime Student
AMA-C2651,Vivaan Brown,vivaan.brown634@example.com,Seattle,WA,US,2021-02-09,Non-Prime
AMA-C10657, Fatima Patel ,fatima.patel132@example.com,Boston,MA,US,12/18/2022,Prime
AMA-C1170,John Wang,john.wang644@example.com,Los Angeles,CA,US,2022-08-24,Prime Student
AMA-C2523,Olivia Garcia,olivia.garcia789@example.com,Denver,CO,US,11-Jul-2024,Prime Student
AMA-C8018,Carlos Brown,carlos.brown926@example.com,Boston,MA,US,06/24/2025,Non-Prime
AMA-C9893,DAVID SMITH,david.smith458@example.com,New York,NY,US,01-Sep-2022,Prime Student
AMA-C6739,Priya Anderson,priya.anderson452@example.com,Denver,CO,US,2024-10-17,Non-Prime
AMA-C5997,Chen Müller,chen.müller188@example.com,Chicago,IL,US,2024-06-28,Prime Student
AMA-C7361,Aditya Anderson,aditya.anderson486@example.com,Seattle,WA,US,2022-06-15,Non-Prime
AMA-C5391,Rahul Kim,rahul.kim836@example.com,Boston,MA,US,01-Apr-2022,Prime
AMA-C6146,David Smith,david.smith820@example.com,PHOENIX,AZ,US,02-Jul-2023,Prime
AMA-C9642,Zoe Patel,zoe.patel770@example.com,LOS ANGELES,CA,US,26-Jun-2022,Prime Student
AMA-C2078,JAMES WILSON,james.wilson765@example.com,Phoenix,AZ,US,2021-10-12,Non-Prime
AMA-C9390,Sofia Garcia,sofia.garcia969@example.com,Chicago,IL,US,15-Apr-2025,Prime
AMA-C1243,John Davis,john.davis296@example.com,Los Angeles,CA,US,04/09/2022,Non-Prime
AMA-C4348,WEI SUZUKI,wei.suzuki532@example.com,Miami,FL,US,08-Jul-2021,Non-Prime
AMA-C5027,Aarav Davis,aarav.davis811@example.com,Seattle,WA,US,02-Apr-2025,Non-Prime
AMA-C9118,YUKI KIM,yuki.kim978@example.com,Miami,FL,US,02-May-2025,Prime Student
AMA-C3129,Ava Sharma,ava.sharma697@example.com,Miami,FL,US,2022-08-13,Prime Student
AMA-C4838,Aditya Martin,aditya.martin26@example.com,Houston,TX,US,04-Dec-2022,Prime
AMA-C10908,Priya Davis,priya.davis916@example.com,Los Angeles,CA,US,2025-06-25,Non-Prime
AMA-C8499,Li Patel,li.patel437@example.com,Houston,TX,US,18-Aug-2024,
AMA-C8027,Carlos Suzuki,carlos.suzuki570@example.com,seattle,WA,US,2021-11-05,Prime
AMA-C5368,Mohammed Davis,mohammed.davis274@example.com,New York,NY,US,2024-07-24,Prime Student
AMA-C7555,Vivaan Smith,vivaan.smith809@example.com,Houston,TX,US,01/29/2021,Prime
AMA-C7828,Sofia Brown,sofia.brown52@example.com,Seattle,WA,US,2022-01-27,Prime
AMA-C6733,David Müller,david.müller683 at example.com,Chicago,IL,US,19-Jul-2024,Non-Prime
AMA-C6841,Liam Wilson,liam.wilson703@example.com,Phoenix,AZ,US,09/03/2022,Non-Prime
AMA-C8365,Ben Davis,ben.davis673@example.com,Houston,TX,US,2023-01-20,Prime Student
AMA-C3830,Olivia Lee,olivia.lee44@example.com,Atlanta,GA,US,07/26/2023,Non-Prime
AMA-C4281,John Tanaka,john.tanaka252@example.com,Atlanta,GA,US,11/14/2023,Prime Student
AMA-C8476,Zoe Wilson,zoe.wilson111 at example.com,Atlanta,GA,US,28-Oct-2024,Non-Prime
AMA-C6071, Mohammed Martin ,mohammed.martin179@example.com,Atlanta,GA,US,07-Sep-2025,
AMA-C2052,Noah Singh,noah.singh97@example.com,Miami,FL,US,13-Nov-2022,Prime
AMA-C8844,Sara Johnson,sara.johnson384@example.com,Houston,TX,US,07/19/2021,Prime Student
AMA-C9178,Anna Patel,anna.patel592@example.com,Phoenix,AZ,US,2021-12-31,Prime Student
AMA-C10326,li wang,li.wang61@example.com,Houston,TX,US,18-Oct-2023,Prime
AMA-C8421,Carlos Sharma,,Denver,CO,US,23-Mar-2023,Prime Student
AMA-C7023,David Martin,david.martin928@example.com,Denver,CO,US,2025-02-15,Prime Student
AMA-C5781,Ava Lee,ava.lee1@example.com,Los Angeles,CA,US,21-May-2023,Prime
AMA-C3125,Ava Garcia,ava.garcia323@example.com,Los Angeles,CA,US,2021-10-11,
AMA-C2660,LI MÜLLER,li.müller946@example.com,Miami,FL,US,12/10/2024,Non-Prime
AMA-C5918,Li Davis,li.davis910@example.com,atlanta,GA,US,12-Aug-2024,Non-Prime
AMA-C6059,Fatima Johnson,fatima.johnson326@example.com,Miami,FL,US,2022-03-03,
AMA-C5329,Sofia Johnson,sofia.johnson367@example.com,CHICAGO,IL,US,2024-12-28,Prime
AMA-C2489, Maria Brown ,maria.brown747@example.com,Miami,FL,US,01/23/2023,Prime Student
AMA-C9825,Anna Smith,anna.smith405@example.com,New York,NY,US,2021-04-17,Non-Prime
AMA-C2601,Anna Chen,anna.chen795@example.com,Miami,FL,US,07/23/2021,Prime Student
AMA-C3775,Aarav Johnson,aarav.johnson619@example.com,Miami,FL,US,23-Oct-2023,
AMA-C8024,Wei Sharma,wei.sharma199@example.com,Phoenix,AZ,US,24-Dec-2024,
AMA-C1851,rahul martin,rahul.martin231@example.com,Phoenix,AZ,US,10/15/2021,Prime
AMA-C8300,Sofia Martin,sofia.martin239@example.com,Atlanta,GA,US,2025-05-12,Prime Student
AMA-C8769,rahul kim,rahul.kim464@example.com,New York,NY,US,2024-03-31,Prime Student
AMA-C8737,Olivia Suzuki,olivia.suzuki879@example.com,Phoenix,AZ,US,2021-07-20,Prime Student
AMA-C3705,Anna Davis,,New York,NY,US,01/11/2025,Non-Prime
AMA-C7559,zoe wang,zoe.wang408@example.com,Chicago,IL,US,23-May-2022,Non-Prime
AMA-C10065,John Rossi,john.rossi210@example.com,Seattle,WA,US,10/20/2025,Non-Prime
AMA-C6250,Carlos Smith,carlos.smith261@example.com,Seattle,WA,US,08/20/2025,Prime
AMA-C6077, Li Chen ,li.chen26@example.com,Chicago,IL,US,24-Sep-2022,Non-Prime
AMA-C7866,Yuki Anderson,yuki.anderson919@example.com,Houston,TX,US,30-Nov-2025,Prime Student
AMA-C1931,Olivia Rossi,olivia.rossi740@example.com,Boston,MA,US,07/21/2023,Prime
AMA-C2366,Aarav Khan,aarav.khan598@example.com,Chicago,IL,US,24-May-2021,Non-Prime
AMA-C10620,DAVID TANAKA,david.tanaka933@example.com,atlanta,GA,US,07/31/2021,Non-Prime
AMA-C4861,Ava Davis,ava.davis475@example.com,LOS ANGELES,CA,US,2023-04-14,Non-Prime
AMA-C2235,Noah Lee,noah.lee501@example.com,Seattle,WA,US,11/01/2024,Non-Prime
AMA-C4867,Vivaan Tanaka,vivaan.tanaka331@example.com,Phoenix,AZ,US,08/12/2025,Prime Student
AMA-C10668,Olivia Kim,olivia.kim996@example.com,Phoenix,AZ,US,2025-03-07,Prime
AMA-C6317,Aarav Wilson,aarav.wilson515@example.com,Atlanta,GA,US,15-May-2023,Prime
AMA-C7621,Chen Singh,chen.singh124@example.com,Boston,MA,US,2022-04-10,Prime
AMA-C10236,Vivaan Anderson,vivaan.anderson205@example.com,Seattle,WA,US,17-Jul-2021,Non-Prime
AMA-C1188,james tanaka,james.tanaka264@example.com,Seattle,WA,US,2023-02-01,Non-Prime
AMA-C1845,Ava Suzuki,ava.suzuki22@example.com,Atlanta,GA,US,2025-03-05,Prime Student
AMA-C2361, Aarav Johnson ,,Atlanta,GA,US,11/21/2025,Non-Prime
AMA-C10584,Maria Yamada,maria.yamada650@example.com,Houston,TX,US,10/01/2022,Prime Student
AMA-C10052,Li Wilson,li.wilson224@example.com,Los Angeles,CA,US,2023-08-07,Prime
AMA-C1111,Fatima Smith,fatima.smith181@example.com,Denver,CO,US,17-Apr-2022,Non-Prime
AMA-C5659,Fatima Lee,fatima.lee393@example.com,Seattle,WA,US,02/01/2021,
AMA-C5657,ava johnson,ava.johnson393@example.com,Boston,MA,US,2024-11-17,Prime Student
AMA-C8931,Michael Patel,,Los Angeles,CA,US,11/07/2021,Prime Student
AMA-C3883,RAHUL DAVIS,rahul.davis15@example.com,Atlanta,GA,US,2022-08-10,Non-Prime
AMA-C1417,Olivia Anderson,olivia.anderson704@example.com,Denver,CO,US,06/12/2024,Non-Prime
AMA-C10285,Anna Johnson,anna.johnson610@example.com,Phoenix,AZ,US,22-Aug-2025,Prime
AMA-C7018,ANNA SUZUKI,anna.suzuki816@example.com,Seattle,WA,US,2024-09-28,Prime
AMA-C4239,Rahul Singh,rahul.singh792@example.com,Boston,MA,US,2022-01-17,Prime Student
AMA-C4236,VIVAAN MÜLLER,vivaan.müller325@example.com,Boston,MA,US,01/21/2023,Prime
AMA-C8055,Michael Tanaka,michael.tanaka989@example.com,Denver,CO,US,2024-10-15,Non-Prime
AMA-C5578,Olivia Kumar,olivia.kumar669@example.com,Miami,FL,US,02-Oct-2025,Prime
AMA-C5058,Aarav Lee,aarav.lee7 at example.com,Atlanta,GA,US,30-Jul-2022,Prime Student
AMA-C5790,EMMA SHARMA,emma.sharma369@example.com,New York,NY,US,04-Mar-2021,Non-Prime
AMA-C1360,Ben Müller,ben.müller602@example.com,Houston,TX,US,10-Feb-2022,Non-Prime
AMA-C1880,Liam Wang,,New York,NY,US,22-Dec-2025,Prime
AMA-C4968,Olivia Khan,olivia.khan705@example.com,Houston,TX,US,02/10/2021,Prime
AMA-C6588,Li Smith,li.smith597@example.com,Houston,TX,US,03/06/2024,Non-Prime
AMA-C7597,John Wang,john.wang927@example.com,Boston,MA,US,05-Oct-2021,Non-Prime
AMA-C1609,Aditya Müller,aditya.müller572@example.com,Los Angeles,CA,US,01/04/2025,Non-Prime
AMA-C8754,BEN CHEN,ben.chen988@example.com,Phoenix,AZ,US,07/12/2022,Prime
AMA-C9818,Emma Chen,emma.chen551@example.com,denver,CO,US,2023-01-01,Non-Prime
AMA-C1327,Aarav Johnson,aarav.johnson474@example.com,Boston,MA,US,2024-02-29,Non-Prime
AMA-C4464,John Johnson,john.johnson789@example.com,Los Angeles,CA,US,2025-02-27,Prime
AMA-C6364, Wei Kim ,wei.kim729@example.com,Seattle,WA,US,03/26/2024,Non-Prime
AMA-C1581, Noah Garcia ,noah.garcia422@example.com,Los Angeles,CA,US,11/16/2021,Non-Prime
AMA-C3185,Sara Martin,sara.martin246@example.com,Chicago,IL,US,2022-04-02,Prime Student
AMA-C4878,Olivia Yamada,olivia.yamada642@example.com,Houston,TX,US,2025-12-29,Prime Student
AMA-C5411,NOAH SHARMA,noah.sharma339@example.com,New York,NY,US,04/13/2023,Non-Prime
AMA-C4046,John Johnson,john.johnson523@example.com,Phoenix,AZ,US,2021-10-02,Prime
AMA-C1959,Noah Kumar,noah.kumar364@example.com,Houston,TX,US,19-Jun-2021,Prime Student
AMA-C3196,MOHAMMED WANG,mohammed.wang479 at example.com,Miami,FL,US,07/15/2022,Prime Student
AMA-C6085,ken tanaka,,Seattle,WA,US,06/06/2021,Prime
AMA-C5925,AVA PATEL,ava.patel356@example.com,Atlanta,GA,US,2024-05-26,Prime
AMA-C8439,Rahul Johnson,rahul.johnson215@example.com,Atlanta,GA,US,02/24/2022,Prime
AMA-C6906, Priya Yamada ,priya.yamada341@example.com,Houston,TX,US,2022-10-04,Prime Student
AMA-C2242,Aditya Sharma,aditya.sharma175@example.com,Denver,CO,US,10/13/2025,Prime
AMA-C6358,olivia wang,olivia.wang525@example.com,Los Angeles,CA,US,04/24/2025,Prime
AMA-C10383,Yuki Wang,yuki.wang228@example.com,Houston,TX,US,2023-12-05,Prime
AMA-C4413,WEI ANDERSON,wei.anderson504@example.com,Seattle,WA,US,10/27/2025,Non-Prime
AMA-C3567,Priya Martin,priya.martin422@example.com,SEATTLE,WA,US,2021-07-13,Non-Prime
AMA-C6522, Wei Patel ,wei.patel953@example.com,Houston,TX,US,08/27/2021,Non-Prime
AMA-C7850,Ben Lee,ben.lee523@example.com,New York,NY,US,2023-06-05,Prime Student
AMA-C1016,mohammed smith,mohammed.smith768@example.com,chicago,IL,US,07/29/2021,Prime Student
AMA-C5800,Ava Sharma,,Chicago,IL,US,2021-08-19,Prime Student
AMA-C2878,Wei Wang,,Phoenix,AZ,US,27-Aug-2021,Prime Student
AMA-C1822,Aditya Smith,aditya.smith888@example.com,Denver,CO,US,05/28/2023,Non-Prime
AMA-C5553,Maria Davis,maria.davis369@example.com,Houston,TX,US,03-Feb-2023,Prime
AMA-C6701,Rahul Johnson,rahul.johnson612@example.com,HOUSTON,TX,US,2023-12-18,Prime Student
AMA-C3564,David Sharma,david.sharma838@example.com,Boston,MA,US,06/27/2021,Prime
AMA-C3677,Olivia Davis,,Atlanta,GA,US,2025-10-31,Non-Prime
AMA-C3827,CHEN SUZUKI,chen.suzuki81@example.com,Boston,MA,US,2022-07-01,Prime Student
AMA-C8648,James Rossi,james.rossi694@example.com,Los Angeles,CA,US,01/26/2023,Non-Prime
AMA-C3619,Yuki Sharma,yuki.sharma452@example.com,Houston,TX,US,04/25/2024,Non-Prime
AMA-C1379,wei smith,wei.smith772@example.com,Atlanta,GA,US,17-Jul-2021,Prime Student
AMA-C6983,Noah Smith,noah.smith528@example.com,Phoenix,AZ,US,02/08/2025,Prime Student
AMA-C8426,Olivia Yamada,olivia.yamada233@example.com,Chicago,IL,US,11-May-2021,Prime
AMA-C4524,Noah Singh,noah.singh503@example.com,Phoenix,AZ,US,29-Oct-2024,
AMA-C2664,Priya Yamada,priya.yamada541@example.com,Houston,TX,US,2025-06-16,
AMA-C2614,Anna Tanaka,anna.tanaka128@example.com,Atlanta,GA,US,03/17/2024,Prime Student
AMA-C5853,Anna Kim,anna.kim525@example.com,Miami,FL,US,10/29/2023,Prime
AMA-C8099,Li Brown,li.brown136@example.com,Los Angeles,CA,US,2021-03-27,Prime
AMA-C7948,VIVAAN YAMADA,vivaan.yamada150@example.com,New York,NY,US,2022-05-19,Non-Prime
AMA-C7253,Vivaan Kim,vivaan.kim699@example.com,Phoenix,AZ,US,07-May-2023,Prime Student
AMA-C3582,fatima anderson,fatima.anderson957@example.com,Los Angeles,CA,US,2021-05-20,Prime
AMA-C7077,Ben Suzuki,ben.suzuki159@example.com,New York,NY,US,04/12/2022,Prime Student
AMA-C2411,Emma Singh,emma.singh609@example.com,Houston,TX,US,06/15/2021,Prime Student
AMA-C10903,Priya Chen,priya.chen226@example.com,Miami,FL,US,03/15/2025,Non-Prime
AMA-C4042,Sofia Yamada,sofia.yamada27@example.com,Seattle,WA,US,03/04/2025,Prime Student
AMA-C4860,wei lee,wei.lee269@example.com,Seattle,WA,US,05-Jul-2021,Non-Prime
AMA-C8740,Emma Rossi,,Atlanta,GA,US,2023-12-05,Prime
AMA-C1251,NOAH KHAN,noah.khan951@example.com,Atlanta,GA,US,30-Sep-2025,Prime
AMA-C10665,Rahul Davis,rahul.davis522@example.com,Seattle,WA,US,05/22/2021,Prime
AMA-C1439,yuki wang,yuki.wang908@example.com,Boston,MA,US,10/20/2022,Non-Prime
AMA-C5796,Aarav Müller,aarav.müller902@example.com,New York,NY,US,10-Dec-2023,Prime
AMA-C5567,EMMA KHAN,emma.khan719@example.com,Houston,TX,US,2024-11-21,Prime Student
AMA-C4104,Chen Wang,chen.wang875@example.com,Denver,CO,US,10-Jul-2021,Prime Student
AMA-C1574,Sara Wang,sara.wang556@example.com,Miami,FL,US,2024-12-03,Non-Prime
AMA-C10750,david anderson,david.anderson959@example.com,Boston,MA,US,2021-12-17,Non-Prime
AMA-C6136,Priya Rossi,priya.rossi144@example.com,Denver,CO,US,25-Oct-2022,Prime Student
AMA-C9407,Chen Garcia,chen.garcia404@example.com,Los Angeles,CA,US,2024-08-09,Prime
AMA-C2980,Chen Smith,chen.smith1@example.com,Seattle,WA,US,07-Jan-2024,Non-Prime
AMA-C4129,Fatima Brown,fatima.brown734@example.com,Seattle,WA,US,2023-08-22,Prime
AMA-C8282,Aditya Kim,,Boston,MA,US,22-Jan-2024,Non-Prime
AMA-C2027,Maria Smith,maria.smith49@example.com,Chicago,IL,US,2022-03-29,Prime
AMA-C7910,David Lee,david.lee646@example.com,Miami,FL,US,01-Jun-2023,Prime Student
AMA-C1071,MOHAMMED SUZUKI,mohammed.suzuki398@example.com,Boston,MA,US,01/28/2022,Prime
AMA-C2094,David Davis,david.davis328@example.com,Atlanta,GA,US,08-Aug-2025,Prime Student
AMA-C9357,Sara Smith,sara.smith821@example.com,Chicago,IL,US,05-Feb-2025,Non-Prime
AMA-C7619,Vivaan Sharma,vivaan.sharma232@example.com,Boston,MA,US,09/04/2022,Non-Prime
AMA-C7492,Carlos Kim,carlos.kim525@example.com,Denver,CO,US,09/07/2022,Prime Student
AMA-C6633,Yuki Müller,yuki.müller674@example.com,Houston,TX,US,14-Apr-2023,Prime
AMA-C7587,Liam Chen,,Chicago,IL,US,08/06/2022,Prime Student
AMA-C7383,Noah Smith,noah.smith63 at example.com,Chicago,IL,US,2022-08-31,Prime
AMA-C3967,li yamada,li.yamada825@example.com,Houston,TX,US,01-Jun-2023,Prime
AMA-C6270,Aditya Wang,aditya.wang755@example.com,Miami,FL,US,24-Jul-2022,Prime
AMA-C9799,Sara Patel,sara.patel2@example.com,Phoenix,AZ,US,2023-04-10,Prime
AMA-C8905,ava chen,,New York,NY,US,21-Mar-2024,Non-Prime
AMA-C3547,Maria Wilson,maria.wilson879@example.com,New York,NY,US,18-Dec-2023,Prime
AMA-C3669,Michael Suzuki,michael.suzuki173@example.com,Los Angeles,CA,US,2021-08-11,Prime Student
AMA-C6856,Vivaan Suzuki,vivaan.suzuki846@example.com,Denver,CO,US,03-Oct-2022,Prime Student
AMA-C5160,Fatima Rossi,fatima.rossi80@example.com,Atlanta,GA,US,2023-09-12,Non-Prime
AMA-C3356,YUKI MÜLLER,,Seattle,WA,US,2023-10-05,Prime Student
AMA-C10601,John Suzuki,john.suzuki166@example.com,New York,NY,US,05/19/2025,Prime
AMA-C3583,CARLOS SINGH,carlos.singh672@example.com,New York,NY,US,02-Jun-2022,Non-Prime
AMA-C7751,OLIVIA KIM,olivia.kim286@example.com,Atlanta,GA,US,2025-12-05,Non-Prime
AMA-C7005,Yuki Yamada,,Phoenix,AZ,US,2025-02-19,Prime
AMA-C8015,Wei Wilson,wei.wilson504@example.com,Houston,TX,US,12/28/2023,Prime
AMA-C1678,james rossi,james.rossi101@example.com,Seattle,WA,US,2024-03-13,
AMA-C9355,Sara Kim,,Houston,TX,US,11/27/2022,Prime
AMA-C7259,John Suzuki,john.suzuki757@example.com,Denver,CO,US,01/29/2021,Prime
AMA-C9056, John Tanaka ,john.tanaka8@example.com,DENVER,CO,US,2024-11-02,Non-Prime
AMA-C6957,mohammed patel,mohammed.patel628@example.com,Phoenix,AZ,US,17-May-2024,Prime Student
AMA-C10978,David Kim,david.kim504@example.com,Los Angeles,CA,US,2025-07-07,Prime Student
AMA-C5612, Yuki Garcia ,yuki.garcia137@example.com,Houston,TX,US,08/22/2023,Non-Prime
AMA-C6009,Liam Sharma,liam.sharma930@example.com,Denver,CO,US,07/20/2021,Prime
AMA-C6228, David Garcia ,david.garcia56 at example.com,Miami,FL,US,2024-03-30,Prime
AMA-C3001,ava martin,ava.martin353 at example.com,Phoenix,AZ,US,03-Jun-2024,Non-Prime
AMA-C10017,Aditya Suzuki,aditya.suzuki730@example.com,Seattle,WA,US,04/07/2025,Non-Prime
AMA-C6930,Sara Tanaka,sara.tanaka846@example.com,Denver,CO,US,2025-11-12,Non-Prime
AMA-C5140, Ken Wilson ,ken.wilson741@example.com,Houston,TX,US,26-Mar-2023,Prime
AMA-C3291,Chen Martin,,Houston,TX,US,20-Dec-2024,Prime Student
AMA-C7739,DAVID WILSON,david.wilson115@example.com,Miami,FL,US,30-Oct-2025,Prime
AMA-C4814,Wei Wang,wei.wang804@example.com,PHOENIX,AZ,US,06/29/2023,Non-Prime
AMA-C8361,Michael Singh,michael.singh909@example.com,Denver,CO,US,2021-09-19,Non-Prime
AMA-C8477,Mohammed Khan,mohammed.khan971@example.com,Los Angeles,CA,US,11-Nov-2023,Prime
AMA-C8195,Vivaan Tanaka,vivaan.tanaka412@example.com,Miami,FL,US,04/24/2023,Prime Student
AMA-C1060,Michael Müller,michael.müller524@example.com,Phoenix,AZ,US,13-Jun-2023,Non-Prime
AMA-C3364,Rahul Brown,rahul.brown63@example.com,Phoenix,AZ,US,2023-08-30,Prime Student
AMA-C3981,olivia wilson,olivia.wilson786@example.com,Miami,FL,US,2023-02-23,Prime Student
AMA-C9944,John Chen,john.chen761@example.com,Miami,FL,US,14-Jul-2025,Prime Student
AMA-C2272,Ava Sharma,ava.sharma245@example.com,Boston,MA,US,05-Feb-2025,Prime
AMA-C2105,Fatima Johnson,fatima.johnson105@example.com,Miami,FL,US,09-Nov-2021,Non-Prime
AMA-C7800,Aditya Singh,aditya.singh394@example.com,New York,NY,US,2025-09-05,Prime
AMA-C6262,Aditya Lee,aditya.lee947@example.com,Seattle,WA,US,18-May-2024,Prime
AMA-C3914,noah rossi,noah.rossi801@example.com,Denver,CO,US,11/16/2024,Prime Student
AMA-C10161,AARAV MARTIN,aarav.martin677 at example.com,Los Angeles,CA,US,06-Feb-2024,Non-Prime
AMA-C10430,Rahul Yamada,,Seattle,WA,US,08/01/2021,Prime Student
AMA-C9195,Fatima Rossi,fatima.rossi810@example.com,chicago,IL,US,12/19/2024,Prime
AMA-C10559,Mohammed Anderson,mohammed.anderson203@example.com,Phoenix,AZ,US,2024-05-03,Prime
AMA-C8811,Chen Johnson,chen.johnson973@example.com,Denver,CO,US,04/28/2024,Prime
AMA-C7285, Chen Davis ,chen.davis889@example.com,Atlanta,GA,US,06/29/2025,Non-Prime
AMA-C10187,James Yamada,james.yamada707@example.com,Phoenix,AZ,US,09/11/2024,Non-Prime
AMA-C8933,Emma Chen,emma.chen70@example.com,CHICAGO,IL,US,01/06/2023,Non-Prime
AMA-C10064,ken davis,ken.davis933@example.com,Atlanta,GA,US,2023-02-15,Prime
AMA-C3358,olivia kim,olivia.kim449@example.com,New York,NY,US,2022-01-29,Prime
AMA-C8396,Sara Smith,sara.smith640@example.com,Boston,MA,US,2021-11-29,Non-Prime
AMA-C1365,Fatima Wang,fatima.wang230@example.com,Seattle,WA,US,09-Dec-2021,Non-Prime
AMA-C7327,Carlos Chen,carlos.chen775@example.com,Boston,MA,US,06/22/2025,Prime Student
AMA-C10533,Priya Johnson,priya.johnson690@example.com,Houston,TX,US,08/06/2021,Non-Prime
AMA-C3872,sofia wilson,sofia.wilson786@example.com,Denver,CO,US,20-Sep-2021,Prime
AMA-C7172,Yuki Davis,yuki.davis125@example.com,Chicago,IL,US,02/06/2025,Non-Prime
AMA-C1115,James Smith,james.smith682@example.com,chicago,IL,US,11/20/2025,Non-Prime
AMA-C10368,Olivia Sharma,,miami,FL,US,04-Aug-2023,Non-Prime
AMA-C3130,yuki lee,yuki.lee293@example.com,Seattle,WA,US,11-Mar-2022,Non-Prime
AMA-C10049,Emma Chen,emma.chen300@example.com,Los Angeles,CA,US,2022-07-04,Prime
AMA-C7546,Sara Garcia,sara.garcia360@example.com,seattle,WA,US,04-Feb-2024,Non-Prime
AMA-C10710,Sofia Chen,sofia.chen490@example.com,New York,NY,US,29-Jun-2025,Prime Student
AMA-C10295,vivaan smith,vivaan.smith43@example.com,Houston,TX,US,01-Dec-2024,Prime
AMA-C7054,Yuki Lee,yuki.lee158@example.com,Seattle,WA,US,22-Dec-2023,Prime
AMA-C7143,Ben Kumar,ben.kumar962@example.com,Boston,MA,US,20-Jun-2021,Prime
AMA-C2357,Sofia Singh,sofia.singh513@example.com,Atlanta,GA,US,2025-03-02,Prime Student
AMA-C4472,Anna Tanaka,,Denver,CO,US,04/16/2022,Prime
AMA-C3086,Maria Anderson,maria.anderson906@example.com,Phoenix,AZ,US,02/13/2021,Non-Prime
AMA-C2023,Michael Suzuki,michael.suzuki838@example.com,Denver,CO,US,31-Oct-2024,
AMA-C3532,Anna Tanaka,anna.tanaka312@example.com,Phoenix,AZ,US,01/16/2023,Prime
AMA-C3584,James Rossi,james.rossi656@example.com,Miami,FL,US,2025-02-07,Prime Student
AMA-C7220,Chen Smith,chen.smith648@example.com,Miami,FL,US,14-Sep-2021,Non-Prime
AMA-C5954,Chen Davis,,Los Angeles,CA,US,2022-03-15,
AMA-C5005,james singh,,Miami,FL,US,2025-12-16,Prime
AMA-C5252, Yuki Kim ,yuki.kim291@example.com,Seattle,WA,US,23-Feb-2024,Prime
AMA-C10832,Maria Brown,maria.brown435@example.com,Phoenix,AZ,US,10/13/2021,Prime
AMA-C8310,Maria Singh,maria.singh97@example.com,Phoenix,AZ,US,23-Dec-2022,Prime
AMA-C4132,Ben Khan,ben.khan523@example.com,Los Angeles,CA,US,2025-02-08,Non-Prime
AMA-C10551, Michael Martin ,michael.martin299@example.com,New York,NY,US,2021-05-30,Non-Prime
AMA-C4018,Ben Smith,ben.smith890@example.com,Los Angeles,CA,US,2021-05-27,Prime
AMA-C4995,John Johnson,,Los Angeles,CA,US,2021-06-18,Prime
AMA-C3913,John Rossi,john.rossi767@example.com,new york,NY,US,2023-01-03,Prime Student
AMA-C7169,yuki chen,yuki.chen21@example.com,Miami,FL,US,2021-10-09,Non-Prime
AMA-C1134, Mohammed Brown ,mohammed.brown514@example.com,Miami,FL,US,22-Jan-2024,Prime Student
AMA-C7419,zoe khan,zoe.khan77@example.com,Chicago,IL,US,2023-04-03,Prime Student
AMA-C10397,Ava Sharma,ava.sharma708@example.com,los angeles,CA,US,2024-04-06,Prime Student
AMA-C9278,Michael Suzuki,michael.suzuki213@example.com,Boston,MA,US,2022-09-20,Prime Student
AMA-C5182,Ben Khan,ben.khan76@example.com,Boston,MA,US,2025-07-15,Prime
AMA-C9540,Aditya Johnson,aditya.johnson703@example.com,Los Angeles,CA,US,25-Jul-2022,Prime Student
AMA-C3388,Sofia Patel,,Los Angeles,CA,US,2021-03-26,Prime
AMA-C3297,SARA DAVIS,sara.davis137@example.com,Chicago,IL,US,2024-11-27,Prime
AMA-C8238,Wei Sharma,wei.sharma290@example.com,new york,NY,US,2022-02-15,Non-Prime
AMA-C10063,Michael Khan,michael.khan572@example.com,Houston,TX,US,17-May-2022,Prime
AMA-C6939,Ben Anderson,ben.anderson130@example.com,Boston,MA,US,10/29/2025,Prime Student
AMA-C5141,Michael Müller,michael.müller533@example.com,miami,FL,US,07-Jun-2023,Prime
AMA-C4553,Sara Singh,,Miami,FL,US,2025-09-17,Non-Prime
AMA-C9471,Liam Singh,,Los Angeles,CA,US,17-Sep-2023,Prime Student
AMA-C7390,li garcia,li.garcia811@example.com,Seattle,WA,US,01-May-2022,Non-Prime
AMA-C5498,YUKI DAVIS,yuki.davis326@example.com,Miami,FL,US,10-Mar-2025,Prime Student
AMA-C2140,Li Anderson,li.anderson339@example.com,Denver,CO,US,2021-05-18,Prime
AMA-C3983,Michael Sharma,michael.sharma400@example.com,New York,NY,US,07/08/2024,Non-Prime
AMA-C9598,Wei Rossi,wei.rossi612@example.com,Seattle,WA,US,30-Apr-2022,Non-Prime
AMA-C6907,Wei Smith,wei.smith673@example.com,Seattle,WA,US,09/07/2023,
AMA-C2298,Ben Kumar,,Boston,MA,US,11/20/2023,Non-Prime
AMA-C4715,Ken Wilson,ken.wilson324@example.com,Houston,TX,US,2022-03-29,Prime Student
AMA-C8272,John Brown,john.brown90@example.com,Boston,MA,US,2022-12-23,Non-Prime
AMA-C5243, Aarav Suzuki ,aarav.suzuki701@example.com,Denver,CO,US,2024-02-25,Prime Student
AMA-C8985,Aarav Yamada,aarav.yamada968@example.com,MIAMI,FL,US,25-Jun-2025,Non-Prime
AMA-C9238,Vivaan Suzuki,vivaan.suzuki191@example.com,Phoenix,AZ,US,2022-01-20,Non-Prime
AMA-C9582,Vivaan Wilson,vivaan.wilson143@example.com,Los Angeles,CA,US,2021-01-27,Prime Student
AMA-C8389,Liam Rossi,liam.rossi504@example.com,New York,NY,US,22-Aug-2022,Prime Student
AMA-C4975,wei kumar,wei.kumar905@example.com,Denver,CO,US,04/03/2022,Prime Student
AMA-C5120,Ava Lee,ava.lee434@example.com,Phoenix,AZ,US,03-Sep-2021,Prime
AMA-C7222,James Wang,james.wang50@example.com,Boston,MA,US,2021-06-03,Non-Prime
AMA-C3126,Ben Yamada,ben.yamada375@example.com,New York,NY,US,09/14/2023,Prime Student
AMA-C2416,Wei Sharma,wei.sharma322@example.com,New York,NY,US,2022-04-13,Prime
AMA-C7329,ava chen,ava.chen731@example.com,Los Angeles,CA,US,03/16/2024,Prime
AMA-C1711,Vivaan Patel,vivaan.patel568@example.com,Atlanta,GA,US,2022-08-03,Prime Student
AMA-C5911,Chen Yamada,chen.yamada768@example.com,Atlanta,GA,US,16-Sep-2025,Prime Student
AMA-C6078,Fatima Singh,fatima.singh61 at example.com,Houston,TX,US,2025-07-03,Prime Student
AMA-C6674,Maria Kumar,maria.kumar132@example.com,Atlanta,GA,US,2021-01-28,Non-Prime
AMA-C5985,Liam Garcia,liam.garcia377@example.com,Miami,FL,US,06/01/2021,
AMA-C5440,John Sharma,john.sharma815@example.com,Boston,MA,US,2023-06-21,
AMA-C2788,Ben Yamada,ben.yamada209@example.com,Boston,MA,US,29-Apr-2022,Prime Student
AMA-C4011,Wei Lee,wei.lee972@example.com,Los Angeles,CA,US,12/20/2022,Prime Student
AMA-C10596,Fatima Suzuki,fatima.suzuki831@example.com,Denver,CO,US,18-Nov-2021,Prime Student
AMA-C5005,james singh,,Miami,FL,US,2025-12-16,Prime
AMA-C7037,Ken Kim,ken.kim686@example.com,Seattle,WA,US,22-May-2025,Non-Prime
AMA-C4726,Carlos Johnson,carlos.johnson464 at example.com,Boston,MA,US,2024-08-15,Non-Prime
AMA-C10543,Fatima Müller,fatima.müller4@example.com,Seattle,WA,US,21-Mar-2023,Prime Student
AMA-C5824,Aditya Patel,aditya.patel818@example.com,Los Angeles,CA,US,07/27/2025,Non-Prime
AMA-C3437,Vivaan Suzuki,vivaan.suzuki25@example.com,Atlanta,GA,US,02/01/2025,
AMA-C3215,Sofia Sharma,sofia.sharma870@example.com,Miami,FL,US,2021-11-22,Prime Student
AMA-C3173,Michael Wang,,Chicago,IL,US,18-Feb-2021,Prime Student
AMA-C6041,Olivia Suzuki,olivia.suzuki338@example.com,Denver,CO,US,11/18/2022,Prime
AMA-C6221,Olivia Garcia,olivia.garcia742@example.com,NEW YORK,NY,US,2021-11-07,Prime
AMA-C3699,Aditya Rossi,aditya.rossi151@example.com,denver,CO,US,2022-05-10,Prime
AMA-C1713,Carlos Wang,carlos.wang541@example.com,Chicago,IL,US,10/11/2025,
AMA-C7834,Noah Davis,,Phoenix,AZ,US,2022-01-16,Prime Student
AMA-C5539,Carlos Davis,carlos.davis808@example.com,Los Angeles,CA,US,03/01/2025,Non-Prime
AMA-C6940,James Smith,james.smith339@example.com,HOUSTON,TX,US,2025-01-13,Prime
AMA-C3522,Li Kumar,li.kumar178@example.com,Los Angeles,CA,US,05/08/2025,Prime Student
AMA-C8443,Noah Suzuki,noah.suzuki323@example.com,Atlanta,GA,US,01/03/2022,Prime Student
AMA-C8008,Michael Müller,michael.müller287@example.com,Boston,MA,US,01-Oct-2022,Prime
AMA-C3829,Wei Lee,wei.lee437@example.com,Chicago,IL,US,2022-11-07,Non-Prime
AMA-C2355,Chen Tanaka,chen.tanaka419@example.com,Chicago,IL,US,02-Sep-2022,Prime
AMA-C1813,Priya Rossi,priya.rossi889@example.com,Atlanta,GA,US,01-Jan-2022,Prime Student
AMA-C6378,Aditya Garcia,aditya.garcia140@example.com,Seattle,WA,US,2025-04-16,Prime
AMA-C3350,Ken Johnson,,Boston,MA,US,2024-06-25,Non-Prime
AMA-C8334,James Lee,james.lee960@example.com,Phoenix,AZ,US,04/07/2023,Prime Student
AMA-C9554,Li Chen,li.chen283@example.com,PHOENIX,AZ,US,2022-09-25,Prime Student
AMA-C7880,Sofia Wilson,sofia.wilson148 at example.com,boston,MA,US,09/22/2025,Non-Prime
AMA-C6416,Aarav Singh,aarav.singh901@example.com,Seattle,WA,US,2022-01-21,Prime
AMA-C7662,Aarav Müller,aarav.müller111@example.com,Miami,FL,US,25-Jul-2022,Prime Student
AMA-C2779,Ava Kim,,Miami,FL,US,25-Dec-2025,Prime Student
AMA-C3108,Carlos Yamada,carlos.yamada892@example.com,Phoenix,AZ,US,05/25/2021,Prime Student
AMA-C2365,chen singh,chen.singh143@example.com,New York,NY,US,2023-08-30,Prime
AMA-C2787,Michael Wilson,michael.wilson694@example.com,Atlanta,GA,US,2023-09-19,Non-Prime
AMA-C9732,Li Davis,li.davis130@example.com,New York,NY,US,2021-01-12,Prime Student
AMA-C5735,carlos müller,carlos.müller342@example.com,New York,NY,US,06/15/2021,Prime
AMA-C4298,Zoe Wang,zoe.wang190@example.com,Atlanta,GA,US,2022-08-04,Prime Student
AMA-C9223,Wei Sharma,wei.sharma572@example.com,Los Angeles,CA,US,19-May-2022,Prime Student
AMA-C10789,Chen Martin,chen.martin953@example.com,Miami,FL,US,2022-02-25,Prime Student
AMA-C5472,AVA YAMADA,ava.yamada406 at example.com,Los Angeles,CA,US,22-Jun-2023,Prime Student
AMA-C8773,Vivaan Sharma,,Atlanta,GA,US,25-Jul-2025,Non-Prime
AMA-C7435,Aarav Kumar,aarav.kumar237@example.com,new york,NY,US,29-Dec-2021,Prime Student
AMA-C6594,Liam Wang,liam.wang561@example.com,New York,NY,US,2023-03-15,Non-Prime
AMA-C7348,Carlos Johnson,carlos.johnson699@example.com,Boston,MA,US,2022-06-24,Non-Prime
AMA-C4397,David Lee,david.lee934@example.com,Los Angeles,CA,US,2023-10-03,Prime Student
AMA-C8825,Mohammed Davis,mohammed.davis151@example.com,Los Angeles,CA,US,01-Feb-2022,Non-Prime
AMA-C5332,Olivia Johnson,olivia.johnson601@example.com,Atlanta,GA,US,2025-09-15,Prime
AMA-C8129,Liam Brown,liam.brown562@example.com,Atlanta,GA,US,09/01/2021,Prime Student
AMA-C5279,Aarav Davis,aarav.davis812@example.com,new york,NY,US,2024-10-31,Prime
AMA-C5362,vivaan davis,vivaan.davis211 at example.com,Miami,FL,US,06/11/2022,
AMA-C10931,carlos tanaka,carlos.tanaka519@example.com,Denver,CO,US,02/21/2022,Prime
AMA-C6887,Sara Martin,sara.martin595@example.com,Seattle,WA,US,16-Aug-2025,Non-Prime
AMA-C1543,Aarav Wang,aarav.wang363@example.com,New York,NY,US,26-Nov-2025,Prime Student
AMA-C6879,Ben Khan,ben.khan86@example.com,Phoenix,AZ,US,2025-12-24,Prime Student
AMA-C6381,Carlos Khan,,Chicago,IL,US,06/05/2024,Prime
AMA-C3133, Ava Martin ,ava.martin596@example.com,Miami,FL,US,2023-02-08,Prime Student
AMA-C4213,Emma Garcia,emma.garcia214@example.com,Miami,FL,US,12/07/2025,Non-Prime
AMA-C2363, Ben Tanaka ,ben.tanaka491@example.com,Seattle,WA,US,21-May-2024,Prime Student
AMA-C6735,Ken Chen,ken.chen339@example.com,Atlanta,GA,US,07/06/2024,Prime
AMA-C4108,Sofia Brown,,Denver,CO,US,04/23/2022,Prime
AMA-C7773,emma johnson,emma.johnson608@example.com,Seattle,WA,US,06/09/2024,Prime
AMA-C7684,Fatima Johnson,fatima.johnson191@example.com,Houston,TX,US,23-Jan-2025,Non-Prime
AMA-C5888, Ava Garcia ,ava.garcia992@example.com,denver,CO,US,27-Mar-2023,Prime Student
AMA-C4521,Li Sharma,li.sharma656@example.com,Seattle,WA,US,2023-02-02,Prime
AMA-C7070,Liam Yamada,liam.yamada561 at example.com,Phoenix,AZ,US,02-Jun-2022,Non-Prime
AMA-C2676,Yuki Davis,yuki.davis218@example.com,Houston,TX,US,2022-08-22,Prime
AMA-C5193,Sofia Martin,sofia.martin203@example.com,Los Angeles,CA,US,21-Apr-2022,Prime Student
AMA-C8956,Noah Brown,noah.brown262@example.com,Los Angeles,CA,US,02-Jul-2021,Prime
AMA-C5222,Fatima Patel,fatima.patel69@example.com,PHOENIX,AZ,US,2024-09-27,Prime
AMA-C2434,David Yamada,david.yamada98@example.com,Chicago,IL,US,18-Feb-2023,Prime
AMA-C9639,YUKI GARCIA,yuki.garcia359@example.com,Chicago,IL,US,2023-08-27,Prime Student
AMA-C3905,chen suzuki,chen.suzuki285@example.com,Chicago,IL,US,29-Mar-2024,Prime Student
AMA-C5501,David Suzuki,david.suzuki149@example.com,Miami,FL,US,2023-07-21,Non-Prime
AMA-C10489,Michael Yamada,michael.yamada925@example.com,Miami,FL,US,2022-12-09,Non-Prime
AMA-C3136,Ava Suzuki,ava.suzuki2@example.com,Phoenix,AZ,US,07/12/2021,Prime Student
AMA-C9350,Fatima Wilson,fatima.wilson801@example.com,boston,MA,US,11/20/2024,Prime Student
AMA-C10853,David Suzuki,david.suzuki141@example.com,Houston,TX,US,11-Jan-2022,Prime
AMA-C4487,Noah Singh,noah.singh413@example.com,Phoenix,AZ,US,02-Aug-2021,Prime Student
AMA-C6717,Sofia Wilson,sofia.wilson558@example.com,Boston,MA,US,09-Sep-2025,Non-Prime
AMA-C9949,Ava Anderson,ava.anderson41@example.com,Chicago,IL,US,10/12/2021,
AMA-C2193,Priya Sharma,priya.sharma701@example.com,Seattle,WA,US,11/16/2024,Prime
AMA-C5338,Sara Wang,sara.wang720@example.com,New York,NY,US,22-Jun-2024,Non-Prime
AMA-C10306,Ben Patel,ben.patel221@example.com,Miami,FL,US,2022-05-01,Prime Student
AMA-C7506,Carlos Müller,carlos.müller695@example.com,Chicago,IL,US,05/06/2024,Non-Prime
AMA-C10642,Ken Rossi,ken.rossi498 at example.com,Miami,FL,US,09-Jan-2021,Prime Student
AMA-C3423,Li Tanaka,li.tanaka47@example.com,Boston,MA,US,2025-09-05,Non-Prime
AMA-C9042, Rahul Anderson ,rahul.anderson111@example.com,Seattle,WA,US,11/13/2024,Prime Student
AMA-C8910,Noah Brown,noah.brown901@example.com,Boston,MA,US,2023-01-28,Non-Prime
AMA-C6413,John Brown,john.brown65@example.com,Phoenix,AZ,US,2024-01-07,Prime Student
AMA-C8527,Sara Singh,sara.singh268@example.com,Boston,MA,US,06/29/2023,Prime Student
AMA-C8867,Li Davis,li.davis698@example.com,Seattle,WA,US,09-Oct-2025,
AMA-C9449,AARAV PATEL,aarav.patel554@example.com,Miami,FL,US,08/22/2022,Prime
AMA-C1271,Maria Smith,maria.smith885@example.com,Denver,CO,US,03-Oct-2021,Prime
AMA-C3149,Fatima Müller,fatima.müller885 at example.com,Seattle,WA,US,12/25/2022,Non-Prime
AMA-C2906,olivia martin,olivia.martin456@example.com,New York,NY,US,07/15/2022,Prime Student
AMA-C6606,Liam Anderson,liam.anderson795@example.com,MIAMI,FL,US,18-Jun-2024,Non-Prime
AMA-C8170,Michael Lee,michael.lee749@example.com,Denver,CO,US,06-Oct-2023,Prime
AMA-C2708,anna patel,anna.patel62@example.com,Los Angeles,CA,US,29-Sep-2021,Prime
AMA-C9063,Fatima Müller,fatima.müller443 at example.com,Denver,CO,US,01/17/2021,Prime
AMA-C8831,Li Patel,li.patel61@example.com,Phoenix,AZ,US,2024-01-07,Prime
AMA-C3597,Ken Wang,ken.wang609@example.com,los angeles,CA,US,25-Aug-2021,Non-Prime
AMA-C2567,Fatima Singh,fatima.singh257@example.com,Houston,TX,US,07/20/2024,Non-Prime
AMA-C4890,priya wilson,priya.wilson4@example.com,Phoenix,AZ,US,29-Sep-2023,Prime
AMA-C3894,DAVID ANDERSON,david.anderson818@example.com,Atlanta,GA,US,08/08/2022,Prime
AMA-C7112,Carlos Brown,carlos.brown71@example.com,Los Angeles,CA,US,21-Jan-2022,Prime Student
AMA-C3310,Olivia Sharma,olivia.sharma252@example.com,Seattle,WA,US,2025-06-17,Prime Student
AMA-C10308,James Suzuki,james.suzuki244@example.com,new york,NY,US,13-Jul-2023,Prime
AMA-C4188,Priya Yamada,priya.yamada804@example.com,Seattle,WA,US,2023-07-12,Non-Prime
AMA-C1317,Priya Khan,priya.khan784@example.com,Houston,TX,US,08-Jun-2024,Non-Prime
AMA-C4757,Michael Smith,michael.smith450@example.com,Los Angeles,CA,US,12-Jul-2023,Prime
AMA-C2843,wei sharma,wei.sharma227@example.com,Phoenix,AZ,US,07/25/2025,Prime
AMA-C2143,EMMA WANG,emma.wang168@example.com,HOUSTON,TX,US,13-Oct-2024,Prime Student
AMA-C6265,ken yamada,ken.yamada781@example.com,Phoenix,AZ,US,05/17/2021,Non-Prime
AMA-C4554,Fatima Yamada,fatima.yamada732@example.com,Houston,TX,US,03/27/2023,Non-Prime
AMA-C9814,Ben Suzuki,ben.suzuki719@example.com,Seattle,WA,US,02/11/2021,Prime
AMA-C5377,Fatima Lee,fatima.lee915@example.com,Denver,CO,US,2025-04-28,Prime
AMA-C3507,james anderson,james.anderson418@example.com,Chicago,IL,US,03/04/2025,Prime
AMA-C6768,LI LEE,li.lee943@example.com,Denver,CO,US,15-Apr-2021,Prime
AMA-C3267,david singh,david.singh744@example.com,Chicago,IL,US,24-Feb-2021,Non-Prime
AMA-C1364,Olivia Rossi,olivia.rossi552@example.com,Miami,FL,US,2024-09-15,Prime Student
AMA-C9786,Michael Kumar,michael.kumar647@example.com,Miami,FL,US,2025-05-01,Prime
AMA-C8807,BEN MARTIN,ben.martin303@example.com,New York,NY,US,09-Feb-2025,Non-Prime
AMA-C4874,ava müller,ava.müller896@example.com,los angeles,CA,US,10/28/2025,Prime
AMA-C2681,Chen Khan,chen.khan190@example.com,Los Angeles,CA,US,11-Dec-2023,Non-Prime
AMA-C8919,Aarav Johnson,aarav.johnson874@example.com,New York,NY,US,21-Feb-2022,Prime
AMA-C3443,Aarav Chen,aarav.chen801 at example.com,Los Angeles,CA,US,04-Apr-2024,Prime
AMA-C7943,Ken Sharma,ken.sharma137@example.com,Los Angeles,CA,US,07/20/2022,
AMA-C8050,Aditya Patel,aditya.patel712@example.com,Denver,CO,US,2022-07-02,Prime Student
AMA-C9364,John Suzuki,,Atlanta,GA,US,06/23/2025,Prime Student
AMA-C4540,Aarav Anderson,aarav.anderson9@example.com,Phoenix,AZ,US,07/13/2023,Non-Prime
AMA-C8329,aditya suzuki,aditya.suzuki154@example.com,Boston,MA,US,05/26/2025,Prime Student
AMA-C1485,SARA BROWN,sara.brown240@example.com,Boston,MA,US,07/20/2022,Non-Prime
AMA-C6745,Michael Smith,michael.smith757@example.com,Los Angeles,CA,US,19-Jul-2024,Prime Student
AMA-C6759,Vivaan Khan,vivaan.khan816@example.com,Atlanta,GA,US,29-Feb-2024,Non-Prime
AMA-C8215,John Yamada,john.yamada902@example.com,Seattle,WA,US,18-Feb-2024,Non-Prime
AMA-C3934,Anna Yamada,anna.yamada766@example.com,Chicago,IL,US,2021-12-20,Non-Prime
AMA-C1429,Rahul Anderson,rahul.anderson62@example.com,Miami,FL,US,08/14/2021,Prime
AMA-C6460,Olivia Patel,olivia.patel380 at example.com,Los Angeles,CA,US,05/23/2021,Non-Prime
AMA-C10334,SOFIA ROSSI,,Seattle,WA,US,2023-09-28,Prime Student
AMA-C7831, Ben Martin ,ben.martin898@example.com,Los Angeles,CA,US,2023-01-23,Non-Prime
AMA-C3997,Maria Kim,maria.kim496@example.com,Denver,CO,US,11/04/2024,Prime
AMA-C6182,Vivaan Kumar,,Miami,FL,US,11/30/2024,Prime Student
AMA-C9356,Fatima Patel,fatima.patel877@example.com,Chicago,IL,US,2021-06-15,Prime Student
AMA-C7566,Fatima Suzuki,fatima.suzuki182@example.com,Seattle,WA,US,28-Nov-2021,Prime
AMA-C2484,Olivia Tanaka,olivia.tanaka219@example.com,Phoenix,AZ,US,2022-10-22,Prime
AMA-C5369, Anna Yamada ,anna.yamada325@example.com,Los Angeles,CA,US,01/17/2025,Non-Prime
AMA-C6132,ANNA KIM,anna.kim661@example.com,new york,NY,US,05/18/2023,Prime
AMA-C4754,Li Yamada,,Chicago,IL,US,2025-11-05,
AMA-C5793,Sofia Müller,sofia.müller660@example.com,Seattle,WA,US,2022-07-11,Non-Prime
AMA-C8148,Michael Tanaka,michael.tanaka183@example.com,Chicago,IL,US,2023-02-13,Non-Prime
AMA-C2181,Olivia Patel,olivia.patel251@example.com,seattle,WA,US,08/26/2022,Prime Student
AMA-C7022,John Garcia,john.garcia175@example.com,Los Angeles,CA,US,2025-04-11,Prime
AMA-C10848, Li Sharma ,li.sharma803@example.com,New York,NY,US,17-May-2025,Prime Student
AMA-C9958,Michael Müller,michael.müller690@example.com,Denver,CO,US,03-Dec-2023,
AMA-C3939,Sofia Smith,sofia.smith177@example.com,ATLANTA,GA,US,13-Feb-2025,
AMA-C6766,yuki davis,yuki.davis642@example.com,Seattle,WA,US,10/14/2025,Prime
AMA-C9362,Aditya Singh,aditya.singh396 at example.com,Miami,FL,US,08/26/2022,Prime Student
AMA-C6529,Maria Sharma,maria.sharma447@example.com,Chicago,IL,US,15-Feb-2022,Non-Prime
AMA-C6306,ADITYA YAMADA,aditya.yamada883 at example.com,Seattle,WA,US,17-Feb-2024,
AMA-C1777,Michael Tanaka,michael.tanaka215@example.com,New York,NY,US,2021-10-16,Non-Prime
AMA-C2866,noah suzuki,noah.suzuki641@example.com,Chicago,IL,US,2025-04-19,Prime Student
AMA-C2543,Li Garcia,li.garcia903@example.com,Denver,CO,US,26-Sep-2023,Non-Prime
AMA-C5528,Emma Singh,emma.singh331 at example.com,Boston,MA,US,05-Nov-2025,Prime
AMA-C7865,Li Tanaka,li.tanaka994@example.com,Houston,TX,US,01/04/2024,Prime
AMA-C5131,Yuki Johnson,yuki.johnson890@example.com,Seattle,WA,US,08-Mar-2024,Non-Prime
AMA-C2087,John Martin,john.martin266@example.com,Denver,CO,US,2024-11-30,Prime Student
AMA-C9344,Carlos Singh,carlos.singh623@example.com,Chicago,IL,US,2023-09-11,Prime
AMA-C6554,VIVAAN WANG,vivaan.wang539@example.com,Chicago,IL,US,06-Jun-2025,Non-Prime
AMA-C6330,Sofia Johnson,sofia.johnson660@example.com,Houston,TX,US,07/21/2023,Prime Student
AMA-C4318,Noah Tanaka,noah.tanaka587@example.com,Seattle,WA,US,08/28/2025,Non-Prime
AMA-C10835,Aditya Johnson,aditya.johnson660@example.com,houston,TX,US,03/31/2022,Non-Prime
AMA-C2108,maria wang,maria.wang225@example.com,Denver,CO,US,26-Aug-2023,Non-Prime
AMA-C1258,Ken Wilson,ken.wilson368@example.com,Seattle,WA,US,18-Jan-2021,Prime Student
AMA-C5878,john sharma,john.sharma929@example.com,Phoenix,AZ,US,2024-12-11,Non-Prime
AMA-C4629,Noah Davis,noah.davis377@example.com,Houston,TX,US,06/01/2022,Prime
AMA-C1720,Mohammed Patel,mohammed.patel429@example.com,New York,NY,US,18-Dec-2023,Prime Student
AMA-C2910,maria martin,maria.martin212@example.com,New York,NY,US,2023-01-09,Prime Student
AMA-C5935,Yuki Sharma,yuki.sharma134@example.com,Denver,CO,US,25-Nov-2023,Prime Student
AMA-C4633, Michael Davis ,michael.davis408@example.com,Los Angeles,CA,US,05-Nov-2021,Prime Student
AMA-C8657,emma suzuki,emma.suzuki800 at example.com,New York,NY,US,2024-01-02,
AMA-C1463,JOHN CHEN,john.chen799@example.com,Atlanta,GA,US,2023-07-05,Prime Student
AMA-C10373,Rahul Sharma,rahul.sharma808@example.com,seattle,WA,US,03-Dec-2022,Non-Prime
AMA-C5084,Rahul Tanaka,rahul.tanaka140@example.com,Denver,CO,US,09-Feb-2023,Prime
AMA-C9134,Vivaan Smith,vivaan.smith853@example.com,Chicago,IL,US,10/26/2022,Non-Prime
AMA-C5963,Ken Kim,ken.kim208@example.com,Denver,CO,US,2024-10-19,Prime Student
AMA-C9010,Priya Lee,priya.lee563@example.com,Seattle,WA,US,2023-09-07,Prime
AMA-C9937,Anna Tanaka,anna.tanaka343@example.com,Chicago,IL,US,2022-10-17,Prime Student
AMA-C6285,chen sharma,chen.sharma32@example.com,Atlanta,GA,US,2023-08-05,Prime Student
AMA-C10711,FATIMA TANAKA,fatima.tanaka444@example.com,Boston,MA,US,05/03/2024,Prime Student
AMA-C2640,David Khan,david.khan376@example.com,New York,NY,US,2024-04-18,Prime
AMA-C3572,Carlos Kumar,carlos.kumar767@example.com,Chicago,IL,US,2022-09-29,Prime
AMA-C3796, Rahul Martin ,rahul.martin150@example.com,Chicago,IL,US,01-Sep-2024,Prime
AMA-C7604,Michael Khan,michael.khan594@example.com,Seattle,WA,US,2021-02-12,Non-Prime
AMA-C6550,Yuki Smith,,Boston,MA,US,09-Apr-2021,Prime
AMA-C8771,EMMA GARCIA,emma.garcia416@example.com,Chicago,IL,US,2023-02-11,Non-Prime
AMA-C6185,Vivaan Chen,vivaan.chen497@example.com,Chicago,IL,US,05/25/2022,Prime Student
AMA-C9794,olivia patel,olivia.patel354@example.com,Seattle,WA,US,2021-01-19,Non-Prime
AMA-C3791,Anna Johnson,anna.johnson327@example.com,Seattle,WA,US,18-Sep-2021,Prime
AMA-C6527,DAVID GARCIA,david.garcia531@example.com,Houston,TX,US,10-Oct-2022,Prime Student
AMA-C4093, Michael Khan ,michael.khan884@example.com,SEATTLE,WA,US,06-Apr-2022,Prime
AMA-C6634,mohammed brown,mohammed.brown236@example.com,Houston,TX,US,19-Apr-2022,Prime Student
AMA-C2413,LIAM SMITH,liam.smith826@example.com,Los Angeles,CA,US,04/10/2024,
AMA-C3019,james martin,james.martin800 at example.com,Phoenix,AZ,US,25-Nov-2025,Prime Student
AMA-C8555,Michael Suzuki,michael.suzuki442@example.com,Seattle,WA,US,02/09/2022,
AMA-C6255,michael chen,michael.chen210@example.com,Boston,MA,US,05/24/2021,Prime
AMA-C4590, Vivaan Smith ,vivaan.smith400@example.com,Denver,CO,US,05-Sep-2025,Non-Prime
AMA-C7345,Carlos Müller,carlos.müller773@example.com,Phoenix,AZ,US,04-Jun-2022,Non-Prime
AMA-C4339,Maria Wang,maria.wang267@example.com,Los Angeles,CA,US,2022-03-30,Non-Prime
AMA-C4462,Maria Yamada,maria.yamada463@example.com,Chicago,IL,US,20-Dec-2023,Non-Prime
AMA-C2198,Noah Lee,noah.lee631@example.com,Miami,FL,US,30-Jul-2021,Non-Prime
AMA-C10738,Liam Müller,liam.müller263@example.com,Seattle,WA,US,05/29/2023,Non-Prime
AMA-C7342,PRIYA SINGH,,Denver,CO,US,2021-11-11,Non-Prime
AMA-C8793,Zoe Sharma,zoe.sharma536@example.com,New York,NY,US,07-Nov-2024,Prime
AMA-C7058,Liam Johnson,liam.johnson931@example.com,Miami,FL,US,05/29/2021,Prime Student
AMA-C8269,Liam Patel,liam.patel312@example.com,Seattle,WA,US,05/28/2024,Non-Prime
AMA-C2128,Yuki Lee,yuki.lee731@example.com,Boston,MA,US,2024-10-25,Prime Student
AMA-C7188, Li Lee ,li.lee532@example.com,Seattle,WA,US,12/12/2025,Prime Student
AMA-C5538,Rahul Martin,rahul.martin659@example.com,Seattle,WA,US,08/29/2021,Prime Student
AMA-C5039,Vivaan Garcia,,Los Angeles,CA,US,29-Nov-2025,Prime
AMA-C9751,AVA TANAKA,ava.tanaka492@example.com,Atlanta,GA,US,04-Sep-2024,Non-Prime
AMA-C2426,Ken Brown,,New York,NY,US,2022-08-28,Prime Student
AMA-C2918,Aarav Rossi,aarav.rossi374@example.com,Chicago,IL,US,08/27/2021,Prime Student
AMA-C1780, Sara Tanaka ,sara.tanaka769@example.com,Los Angeles,CA,US,2021-05-14,Prime
AMA-C1595,Liam Johnson,liam.johnson390@example.com,Miami,FL,US,13-Apr-2022,Prime Student
AMA-C3501,Liam Suzuki,liam.suzuki893@example.com,New York,NY,US,28-Jul-2023,Non-Prime
AMA-C8925,Li Wang,li.wang833@example.com,Denver,CO,US,2021-12-21,
AMA-C5768,James Yamada,james.yamada985@example.com,Chicago,IL,US,07/04/2025,Non-Prime
AMA-C4822,Ken Anderson,ken.anderson186@example.com,new york,NY,US,05-Jul-2025,Prime Student
AMA-C9637,Carlos Yamada,carlos.yamada116@example.com,Los Angeles,CA,US,2025-04-29,Non-Prime
AMA-C4394,Olivia Khan,olivia.khan232@example.com,Seattle,WA,US,14-Apr-2022,Non-Prime
AMA-C8751,James Müller,james.müller438@example.com,Boston,MA,US,2025-01-21,Prime Student
AMA-C4925,james johnson,james.johnson843@example.com,Seattle,WA,US,09/23/2024,Non-Prime
AMA-C4935,Liam Garcia,liam.garcia929@example.com,Denver,CO,US,2023-07-30,Prime
AMA-C5421,Aditya Garcia,aditya.garcia409@example.com,Atlanta,GA,US,2024-03-27,
AMA-C2888,Vivaan Anderson,vivaan.anderson717@example.com,Houston,TX,US,08/10/2022,Non-Prime
AMA-C1680,Anna Garcia,anna.garcia769@example.com,Miami,FL,US,09/10/2022,Prime Student
AMA-C8776, Mohammed Davis ,mohammed.davis650@example.com,atlanta,GA,US,22-May-2021,Prime Student
AMA-C4990,sara kumar,sara.kumar432@example.com,Seattle,WA,US,06/17/2022,Prime Student
AMA-C2739,Anna Lee,anna.lee284@example.com,Phoenix,AZ,US,2022-09-21,Prime
AMA-C3587,Ben Martin,,Miami,FL,US,20-Nov-2025,Prime Student
AMA-C5086,ADITYA MARTIN,aditya.martin658@example.com,Denver,CO,US,03/21/2021,Non-Prime
AMA-C1074, Maria Kumar ,maria.kumar817@example.com,Houston,TX,US,01/14/2021,Prime
AMA-C7915,Fatima Sharma,fatima.sharma531@example.com,Atlanta,GA,US,2025-05-01,Prime Student
AMA-C10044,Olivia Martin,olivia.martin394@example.com,Chicago,IL,US,03/06/2024,Prime Student
AMA-C9013,Michael Lee,michael.lee929@example.com,Atlanta,GA,US,01/30/2022,Non-Prime
AMA-C4383,Aarav Brown,aarav.brown161@example.com,Miami,FL,US,2023-06-27,Prime
AMA-C1562,Ben Wilson,ben.wilson899@example.com,Houston,TX,US,03/28/2022,Prime Student
AMA-C6813,David Smith,david.smith582@example.com,Seattle,WA,US,28-Jun-2021,Non-Prime
AMA-C8848,carlos johnson,carlos.johnson122@example.com,Boston,MA,US,08/31/2024,Non-Prime
AMA-C4582, David Yamada ,david.yamada87@example.com,New York,NY,US,08-Jan-2025,Non-Prime
AMA-C1471,Vivaan Lee,vivaan.lee326@example.com,Houston,TX,US,10/04/2025,Non-Prime
AMA-C1167,Liam Rossi,liam.rossi697@example.com,Los Angeles,CA,US,01/29/2021,Prime Student
AMA-C7445,liam kumar,liam.kumar344@example.com,Boston,MA,US,08/01/2021,Non-Prime
AMA-C9459,Vivaan Sharma,vivaan.sharma985@example.com,Miami,FL,US,06-Dec-2022,Prime
AMA-C9469,Anna Patel,anna.patel141@example.com,Miami,FL,US,26-Oct-2023,Prime
AMA-C3702,Rahul Kumar,rahul.kumar323@example.com,Denver,CO,US,12/06/2022,Prime
AMA-C9524,Liam Patel,liam.patel874@example.com,Los Angeles,CA,US,20-Jan-2025,Prime Student
AMA-C3240,Emma Kumar,emma.kumar684@example.com,Atlanta,GA,US,01/02/2022,Prime Student
AMA-C3010,Michael Garcia,michael.garcia98@example.com,Boston,MA,US,2024-12-08,Prime Student
AMA-C7722,Michael Chen,michael.chen533@example.com,Miami,FL,US,01-Oct-2022,Prime Student
AMA-C7584,Anna Yamada,anna.yamada139@example.com,Seattle,WA,US,12-Aug-2023,Prime Student
AMA-C3337, Liam Chen ,liam.chen401@example.com,Phoenix,AZ,US,10-May-2023,Non-Prime
AMA-C3594,OLIVIA YAMADA,,Chicago,IL,US,2025-02-17,Prime Student
AMA-C3771,Olivia Martin,olivia.martin238@example.com,Boston,MA,US,08-Oct-2024,Non-Prime
AMA-C2877,sofia lee,sofia.lee627@example.com,Atlanta,GA,US,28-Jun-2024,Non-Prime
AMA-C10011,michael wilson,michael.wilson733@example.com,Los Angeles,CA,US,2025-12-05,Prime Student
AMA-C4824,Aarav Sharma,aarav.sharma158@example.com,Boston,MA,US,2021-10-18,Non-Prime
AMA-C2391,EMMA SMITH,emma.smith231@example.com,Seattle,WA,US,04-Aug-2024,Prime Student
AMA-C9149,James Martin,james.martin353@example.com,Miami,FL,US,11/06/2021,Prime Student
AMA-C8845,Chen Singh,,Los Angeles,CA,US,2022-04-15,Prime
AMA-C10689, Yuki Wang ,yuki.wang100@example.com,Seattle,WA,US,2025-02-12,Prime
AMA-C3555,BEN KIM,ben.kim962@example.com,Denver,CO,US,03/08/2021,Non-Prime
AMA-C3767,rahul anderson,rahul.anderson475@example.com,los angeles,CA,US,28-Feb-2022,Prime
AMA-C2915,carlos smith,carlos.smith898@example.com,Atlanta,GA,US,10/27/2022,Prime Student
AMA-C9482,Maria Davis,maria.davis713@example.com,Los Angeles,CA,US,2022-10-04,Prime
AMA-C10607,Zoe Garcia,zoe.garcia613@example.com,New York,NY,US,2023-10-07,Non-Prime
AMA-C6563,Olivia Brown,,Miami,FL,US,22-May-2022,Prime Student
AMA-C9582,Vivaan Wilson,vivaan.wilson143@example.com,Los Angeles,CA,US,2021-01-27,Prime Student
AMA-C8277,Ken Tanaka,ken.tanaka906@example.com,New York,NY,US,11/01/2021,Non-Prime
AMA-C7044,Zoe Wilson,,New York,NY,US,2025-07-26,Prime
AMA-C1906,Vivaan Smith,vivaan.smith732@example.com,Chicago,IL,US,18-Feb-2023,Prime
AMA-C3473,Li Lee,li.lee778@example.com,Houston,TX,US,2023-05-05,Prime
AMA-C2972,Priya Khan,priya.khan236@example.com,New York,NY,US,12/24/2024,Non-Prime
AMA-C4160,Ben Kumar,ben.kumar321@example.com,Chicago,IL,US,2021-10-13,Prime
AMA-C7381,carlos davis,carlos.davis377@example.com,Boston,MA,US,11-Aug-2022,Prime
AMA-C3080,Ken Sharma,ken.sharma62@example.com,Atlanta,GA,US,2023-06-04,Non-Prime
AMA-C8173,Fatima Lee,fatima.lee940@example.com,Seattle,WA,US,2023-05-17,Prime Student
AMA-C4473,carlos brown,carlos.brown464@example.com,Boston,MA,US,09/13/2021,Prime Student
AMA-C7454,Sara Kumar,sara.kumar278@example.com,Chicago,IL,US,06/23/2023,Non-Prime
AMA-C9102,Rahul Davis,,SEATTLE,WA,US,05/15/2021,Non-Prime
AMA-C6499,james patel,james.patel677@example.com,Seattle,WA,US,19-May-2022,Prime
AMA-C8411,Maria Kim,,seattle,WA,US,09/03/2025,
AMA-C8682,Ava Brown,ava.brown975@example.com,Miami,FL,US,22-Dec-2023,Prime Student
AMA-C5430,OLIVIA SMITH,,Houston,TX,US,22-May-2025,Non-Prime
AMA-C4301,Emma Rossi,emma.rossi697@example.com,Phoenix,AZ,US,05/17/2024,Prime
AMA-C3201, Ava Martin ,ava.martin782@example.com,Atlanta,GA,US,21-Feb-2022,Non-Prime
AMA-C5813,chen davis,chen.davis634@example.com,Boston,MA,US,2024-10-19,Non-Prime
AMA-C2465,David Brown,david.brown791@example.com,Houston,TX,US,04/29/2021,Prime Student
AMA-C6560, Vivaan Brown ,vivaan.brown819@example.com,Miami,FL,US,12/05/2023,Prime Student
AMA-C4682,rahul kim,rahul.kim595@example.com,Atlanta,GA,US,10-Aug-2023,Non-Prime
AMA-C4206,BEN SUZUKI,ben.suzuki5@example.com,New York,NY,US,04/28/2025,Prime Student
AMA-C8197, James Rossi ,james.rossi349@example.com,Houston,TX,US,19-May-2023,Non-Prime
AMA-C4183,Ava Davis,,Miami,FL,US,07/18/2024,Non-Prime
AMA-C2172,Wei Patel,wei.patel633@example.com,Chicago,IL,US,03-Apr-2022,Non-Prime
AMA-C2928,Aarav Anderson,aarav.anderson599@example.com,los angeles,CA,US,11/28/2022,Prime Student
AMA-C9766,Maria Martin,maria.martin737@example.com,Miami,FL,US,11/12/2022,Prime Student
AMA-C8522,Michael Davis,michael.davis433@example.com,denver,CO,US,24-Jan-2023,Prime Student
AMA-C9826,Zoe Singh,zoe.singh306@example.com,Los Angeles,CA,US,16-Sep-2021,Non-Prime
AMA-C10426,Emma Davis,emma.davis113@example.com,Boston,MA,US,20-Dec-2021,Non-Prime
AMA-C8820, Michael Chen ,michael.chen213@example.com,Atlanta,GA,US,12/19/2023,Non-Prime
AMA-C8009,Vivaan Garcia,vivaan.garcia860@example.com,Los Angeles,CA,US,12-Aug-2023,Prime
AMA-C3674,Anna Singh,anna.singh921@example.com,Los Angeles,CA,US,08/11/2025,Prime
AMA-C10587,Aditya Kim,aditya.kim828@example.com,Miami,FL,US,2024-02-04,Prime Student
AMA-C3152,Maria Rossi,maria.rossi794@example.com,Atlanta,GA,US,18-Nov-2024,Prime
AMA-C7844,Yuki Chen,yuki.chen579@example.com,Miami,FL,US,02/12/2021,Non-Prime
AMA-C2587,Michael Lee,michael.lee791@example.com,Phoenix,AZ,US,06-Jan-2022,Prime
AMA-C5799,Ken Sharma,ken.sharma692@example.com,Houston,TX,US,24-Feb-2024,Prime
AMA-C2955,carlos kumar,carlos.kumar41 at example.com,New York,NY,US,2021-04-23,Prime Student
AMA-C2803,EMMA WANG,emma.wang323@example.com,HOUSTON,TX,US,08-Aug-2025,
AMA-C2770,Ken Wilson,ken.wilson316@example.com,seattle,WA,US,2022-08-01,Prime Student
AMA-C5113,Mohammed Chen,mohammed.chen127@example.com,Denver,CO,US,14-Aug-2023,Prime
AMA-C5278,Mohammed Wilson,,Seattle,WA,US,08-Mar-2021,Prime Student
AMA-C4896,priya kumar,priya.kumar911@example.com,Miami,FL,US,03/13/2024,Prime Student
AMA-C9132,Wei Sharma,wei.sharma266@example.com,Chicago,IL,US,09-Nov-2023,
AMA-C5128,Anna Müller,anna.müller486@example.com,SEATTLE,WA,US,13-Feb-2025,Prime Student
AMA-C8317,David Sharma,david.sharma54@example.com,Seattle,WA,US,10/30/2021,Prime Student
AMA-C2840,noah müller,noah.müller690@example.com,Denver,CO,US,01/14/2022,Prime
AMA-C10333,Carlos Tanaka,carlos.tanaka501@example.com,Chicago,IL,US,2024-05-11,Prime
AMA-C10731,Zoe Martin,zoe.martin339@example.com,Seattle,WA,US,06/11/2024,Non-Prime
AMA-C8400,AARAV WANG,aarav.wang934@example.com,Boston,MA,US,2021-11-17,Non-Prime
AMA-C8416,Priya Khan,priya.khan545@example.com,New York,NY,US,2025-04-17,Prime
AMA-C9525,Mohammed Brown,,CHICAGO,IL,US,2025-07-31,Prime
AMA-C7308,Zoe Kim,zoe.kim668@example.com,Seattle,WA,US,06/13/2021,Prime Student
AMA-C1139,James Yamada,james.yamada212@example.com,Los Angeles,CA,US,30-Jul-2022,Prime
AMA-C9968,BEN MARTIN,ben.martin693@example.com,Boston,MA,US,10/13/2021,Non-Prime
AMA-C8193,ben kumar,ben.kumar125@example.com,Atlanta,GA,US,28-Sep-2025,Prime
AMA-C2073,Yuki Garcia,yuki.garcia274@example.com,Boston,MA,US,09/15/2025,Prime
AMA-C2466,Ben Garcia,ben.garcia746@example.com,Chicago,IL,US,02-Jul-2022,Non-Prime
AMA-C3538,PRIYA PATEL,priya.patel586@example.com,Houston,TX,US,2023-01-09,Non-Prime
AMA-C10492,Sara Brown,sara.brown335@example.com,Chicago,IL,US,01-Oct-2023,Non-Prime
AMA-C2728,Noah Brown,noah.brown288 at example.com,Chicago,IL,US,2022-01-15,Prime
AMA-C10366,Olivia Garcia,olivia.garcia570@example.com,Los Angeles,CA,US,2023-07-05,Prime
AMA-C6747,PRIYA MARTIN,priya.martin841@example.com,Boston,MA,US,10/13/2021,Prime Student
AMA-C8623,Zoe Davis,zoe.davis844@example.com,Atlanta,GA,US,05-Jul-2021,Prime
AMA-C5864,Ken Tanaka,ken.tanaka339@example.com,New York,NY,US,2023-12-05,Prime Student
AMA-C9500,James Wang,james.wang159@example.com,Phoenix,AZ,US,2022-09-08,Prime
AMA-C4577,Maria Kim,maria.kim310@example.com,Houston,TX,US,2025-03-10,Prime Student
AMA-C6434, Li Singh ,li.singh569@example.com,DENVER,CO,US,18-Mar-2024,Prime
AMA-C2231,Chen Patel,chen.patel694@example.com,houston,TX,US,2023-01-02,Prime
AMA-C9119,Aarav Singh,aarav.singh627@example.com,Chicago,IL,US,10-Mar-2021,Non-Prime
AMA-C10354,Li Wang,,New York,NY,US,09-Jul-2025,Non-Prime
AMA-C4374,mohammed kumar,mohammed.kumar247@example.com,Houston,TX,US,09/02/2022,Prime
AMA-C9470,MICHAEL KUMAR,michael.kumar470@example.com,Miami,FL,US,28-Nov-2024,Prime
AMA-C7050,Noah Johnson,noah.johnson834@example.com,Atlanta,GA,US,03/24/2024,Non-Prime
AMA-C4064,ADITYA GARCIA,aditya.garcia395@example.com,ATLANTA,GA,US,2022-07-08,Non-Prime
AMA-C4983,JAMES SINGH,james.singh945@example.com,Chicago,IL,US,01/27/2023,Prime Student
AMA-C1843,Zoe Anderson,zoe.anderson677@example.com,Los Angeles,CA,US,19-Aug-2021,Prime
AMA-C7032,SARA SUZUKI,sara.suzuki262 at example.com,Houston,TX,US,08-Mar-2021,Non-Prime
AMA-C10185,Ben Smith,ben.smith67@example.com,Phoenix,AZ,US,12/01/2024,Non-Prime
AMA-C7192,OLIVIA KHAN,olivia.khan627@example.com,Denver,CO,US,21-Sep-2025,Prime Student
AMA-C10690,Vivaan Singh,,New York,NY,US,10/03/2022,Prime
AMA-C3064,Li Khan,li.khan22@example.com,Seattle,WA,US,21-Oct-2025,Non-Prime
AMA-C4471,olivia chen,olivia.chen195@example.com,Atlanta,GA,US,2023-03-23,Prime
AMA-C1593,Vivaan Davis,vivaan.davis559@example.com,PHOENIX,AZ,US,2025-06-18,Prime
AMA-C4533,Priya Singh,,New York,NY,US,16-Oct-2022,Prime
AMA-C10712,Emma Wilson,emma.wilson201@example.com,Phoenix,AZ,US,07/05/2023,Prime
AMA-C9330,MICHAEL PATEL,michael.patel452@example.com,Denver,CO,US,11/08/2024,Non-Prime
AMA-C9830,Sara Khan,sara.khan950@example.com,Miami,FL,US,28-Jun-2025,Non-Prime
AMA-C4942,Ken Brown,ken.brown811@example.com,New York,NY,US,2022-02-01,Non-Prime
AMA-C1774,Ben Wang,ben.wang52@example.com,Denver,CO,US,2021-09-16,Prime
AMA-C2552,Zoe Martin,zoe.martin731@example.com,New York,NY,US,04/13/2025,Prime Student
AMA-C8448,John Patel,john.patel252@example.com,Seattle,WA,US,09/15/2023,Prime Student
AMA-C8578,Aditya Johnson,aditya.johnson191@example.com,Phoenix,AZ,US,2025-08-24,Prime Student
AMA-C1745,James Brown,james.brown96@example.com,New York,NY,US,2023-03-09,Prime Student
AMA-C8924,Emma Garcia,emma.garcia184@example.com,Miami,FL,US,04-Apr-2022,Non-Prime
AMA-C8350,Chen Johnson,chen.johnson965@example.com,Houston,TX,US,2024-12-22,Non-Prime
AMA-C6442,Rahul Chen,,Houston,TX,US,2023-04-04,Non-Prime
AMA-C8386,Ava Suzuki,ava.suzuki106@example.com,Atlanta,GA,US,2023-04-07,Non-Prime
AMA-C2922,Aditya Suzuki,aditya.suzuki480@example.com,Los Angeles,CA,US,2024-11-23,Prime Student
AMA-C9177,Carlos Müller,carlos.müller810@example.com,New York,NY,US,17-Dec-2025,Prime Student
AMA-C1312,Ben Brown,ben.brown326@example.com,Miami,FL,US,05/15/2023,Prime
AMA-C1750,Mohammed Wilson,mohammed.wilson50@example.com,Los Angeles,CA,US,23-Sep-2023,Prime Student
AMA-C4655,James Lee,james.lee811@example.com,BOSTON,MA,US,25-Jun-2024,Prime Student
AMA-C5413,Sofia Martin,sofia.martin946@example.com,Seattle,WA,US,2022-09-06,Non-Prime
AMA-C3540,Maria Khan,maria.khan672@example.com,Miami,FL,US,2023-06-25,Prime
AMA-C10588,John Rossi,john.rossi696@example.com,New York,NY,US,10/16/2021,Non-Prime
AMA-C10055,Chen Rossi,chen.rossi744@example.com,Chicago,IL,US,10-May-2021,Prime
AMA-C6537,Carlos Smith,carlos.smith324@example.com,Chicago,IL,US,2023-12-29,Prime
AMA-C10218,Li Davis,li.davis443@example.com,BOSTON,MA,US,2021-04-23,
AMA-C5425, Liam Chen ,liam.chen631@example.com,Seattle,WA,US,2024-07-30,Prime
AMA-C6672,Zoe Kumar,zoe.kumar110@example.com,Chicago,IL,US,06-Sep-2025,Prime
AMA-C8782,LI KIM,li.kim941@example.com,Miami,FL,US,2024-06-07,Prime
AMA-C4215,liam wilson,liam.wilson492@example.com,Miami,FL,US,01-Jul-2022,Prime
AMA-C9342,Rahul Martin,rahul.martin550@example.com,Boston,MA,US,03/07/2024,
AMA-C4350,OLIVIA GARCIA,olivia.garcia546@example.com,Los Angeles,CA,US,11/03/2023,Non-Prime
AMA-C9780,Sofia Kim,sofia.kim25@example.com,New York,NY,US,13-Mar-2021,Non-Prime
AMA-C5670,BEN ROSSI,ben.rossi649@example.com,Los Angeles,CA,US,24-Oct-2022,Prime
AMA-C7710,Carlos Kim,carlos.kim808@example.com,Houston,TX,US,30-Jan-2021,Prime
AMA-C3137,NOAH SMITH,noah.smith549 at example.com,New York,NY,US,02/08/2024,Prime
AMA-C3116,vivaan wilson,vivaan.wilson178@example.com,Chicago,IL,US,2025-09-11,Prime Student
AMA-C2970,Priya Tanaka,priya.tanaka737@example.com,New York,NY,US,06/02/2025,Prime
AMA-C5654,Maria Kumar,maria.kumar461@example.com,Denver,CO,US,2022-07-12,Prime
AMA-C8828,priya khan,priya.khan873@example.com,Atlanta,GA,US,2021-01-30,Prime
AMA-C3157,Ben Yamada,ben.yamada463@example.com,Los Angeles,CA,US,2021-02-16,Prime Student
AMA-C9283,zoe khan,zoe.khan124@example.com,New York,NY,US,2022-01-15,Prime Student
AMA-C2294,emma lee,emma.lee344@example.com,Denver,CO,US,2024-02-22,Prime Student
AMA-C7602,Aarav Sharma,aarav.sharma778@example.com,New York,NY,US,06/05/2022,Prime
AMA-C4061,James Rossi,,Atlanta,GA,US,10/03/2024,Prime Student
AMA-C6783,Sara Lee,sara.lee187@example.com,MIAMI,FL,US,05/04/2024,Non-Prime
AMA-C7375,Emma Brown,emma.brown485@example.com,Miami,FL,US,03/04/2022,Prime Student
AMA-C3162,EMMA ANDERSON,emma.anderson934 at example.com,Chicago,IL,US,07/12/2022,Prime Student
AMA-C10349, Carlos Anderson ,carlos.anderson33@example.com,Denver,CO,US,04-Aug-2023,Prime Student
AMA-C10600,zoe suzuki,zoe.suzuki580@example.com,New York,NY,US,12-Sep-2021,Prime
AMA-C9698,chen garcia,chen.garcia303@example.com,New York,NY,US,24-Nov-2025,Non-Prime
AMA-C8960,John Singh,john.singh200@example.com,Houston,TX,US,16-Apr-2021,Non-Prime
AMA-C3553,Li Brown,,Phoenix,AZ,US,2023-12-29,Prime Student
AMA-C6772,Vivaan Smith,,Denver,CO,US,2023-04-05,Prime Student
AMA-C2776,Carlos Wang,carlos.wang346@example.com,Houston,TX,US,18-May-2025,Prime
AMA-C6590,Sofia Smith,sofia.smith353@example.com,New York,NY,US,05/27/2022,Prime
AMA-C6851,Yuki Rossi,yuki.rossi977 at example.com,Denver,CO,US,10-Feb-2025,Prime Student
AMA-C8922, Anna Yamada ,anna.yamada378@example.com,New York,NY,US,01/26/2022,Prime
AMA-C6431,FATIMA SMITH,fatima.smith278@example.com,Los Angeles,CA,US,09-Mar-2021,Prime
AMA-C9347,Aarav Martin,,Los Angeles,CA,US,08/16/2024,Prime Student
AMA-C1545,Wei Anderson,wei.anderson515 at example.com,Phoenix,AZ,US,12-Sep-2024,Non-Prime
AMA-C6140,Maria Brown,maria.brown293@example.com,Houston,TX,US,2023-09-13,Prime Student
AMA-C4700,JAMES LEE,james.lee387@example.com,Chicago,IL,US,2025-03-04,Non-Prime
AMA-C10524,emma chen,emma.chen434@example.com,Atlanta,GA,US,2022-09-01,Prime
AMA-C2339,Liam Wilson,liam.wilson712@example.com,New York,NY,US,10-Jul-2022,
AMA-C1212,Yuki Wang,yuki.wang592@example.com,Phoenix,AZ,US,04/13/2023,Prime
AMA-C3714,David Smith,david.smith389@example.com,Seattle,WA,US,27-Dec-2025,Non-Prime
AMA-C3518,Anna Suzuki,anna.suzuki477@example.com,Denver,CO,US,02-Mar-2022,Non-Prime
AMA-C4793,aarav khan,,Seattle,WA,US,12/19/2023,Prime Student
AMA-C1173,David Kim,david.kim395@example.com,Miami,FL,US,09/04/2023,Non-Prime
AMA-C1957,Michael Johnson,michael.johnson420@example.com,chicago,IL,US,04/05/2023,Non-Prime
AMA-C5247,Carlos Wilson,carlos.wilson685@example.com,Seattle,WA,US,01-Nov-2022,Non-Prime
AMA-C3863,AVA MARTIN,ava.martin911@example.com,Houston,TX,US,05/10/2021,Prime Student
AMA-C9917,Fatima Patel,fatima.patel207@example.com,Boston,MA,US,05/15/2023,
AMA-C6536,JOHN BROWN,john.brown280@example.com,Phoenix,AZ,US,2024-09-11,Non-Prime
AMA-C2306,Li Johnson,li.johnson683@example.com,Atlanta,GA,US,25-Jul-2024,Non-Prime
AMA-C1510,Carlos Wang,carlos.wang284@example.com,Los Angeles,CA,US,02/10/2023,Non-Prime
AMA-C3992,Anna Davis,anna.davis182@example.com,SEATTLE,WA,US,11/29/2024,Prime Student
AMA-C9046,VIVAAN DAVIS,vivaan.davis387@example.com,ATLANTA,GA,US,09-Oct-2025,Non-Prime
AMA-C10772,Michael Yamada,michael.yamada991@example.com,denver,CO,US,18-Jul-2023,Prime
AMA-C3370,Liam Martin,liam.martin208@example.com,Miami,FL,US,02/17/2025,Prime Student
AMA-C10941,Emma Wilson,emma.wilson328@example.com,Atlanta,GA,US,04/19/2025,Prime Student
AMA-C8853, Noah Johnson ,noah.johnson45@example.com,Denver,CO,US,02/23/2023,Prime
AMA-C4095,Zoe Yamada,zoe.yamada632@example.com,Miami,FL,US,29-Aug-2025,Non-Prime
AMA-C2263,Aarav Khan,aarav.khan119@example.com,denver,CO,US,07/20/2022,Non-Prime
AMA-C8950,fatima garcia,fatima.garcia264@example.com,Denver,CO,US,11-Nov-2021,
AMA-C4408,Ava Anderson,ava.anderson826@example.com,Seattle,WA,US,2022-01-08,Prime
AMA-C6281,JOHN ROSSI,john.rossi738@example.com,Houston,TX,US,2021-08-25,Prime
AMA-C5662,Aarav Johnson,aarav.johnson941 at example.com,Atlanta,GA,US,01/19/2025,Non-Prime
AMA-C8987,Noah Rossi,noah.rossi614@example.com,Phoenix,AZ,US,2023-02-26,Prime Student
AMA-C1748,Michael Suzuki,michael.suzuki719 at example.com,Denver,CO,US,12-Feb-2022,Prime
AMA-C4725,Emma Kim,emma.kim289 at example.com,Phoenix,AZ,US,2023-11-10,Non-Prime
AMA-C10269,ben müller,ben.müller833@example.com,Los Angeles,CA,US,09-Mar-2022,Prime Student
AMA-C6827,Michael Kim,michael.kim281@example.com,Denver,CO,US,31-Jul-2021,Prime
AMA-C10428,Sofia Kim,sofia.kim900@example.com,Los Angeles,CA,US,31-Mar-2024,Prime Student
AMA-C6725,anna wilson,anna.wilson10@example.com,Boston,MA,US,07/17/2022,Prime
AMA-C5202,sara garcia,,Chicago,IL,US,08/24/2022,Prime Student
AMA-C7470,Mohammed Smith,mohammed.smith198@example.com,New York,NY,US,2022-04-30,Prime Student
AMA-C4442,Emma Martin,emma.martin689@example.com,Los Angeles,CA,US,07/07/2022,Non-Prime
AMA-C9762,Sofia Müller,sofia.müller329@example.com,Atlanta,GA,US,2022-10-29,Prime Student
AMA-C2068,Mohammed Sharma,mohammed.sharma960@example.com,Phoenix,AZ,US,05-Apr-2024,Prime Student
AMA-C10625,Anna Garcia,anna.garcia813@example.com,Chicago,IL,US,05/24/2025,Non-Prime
AMA-C2887,JOHN KIM,john.kim73@example.com,Denver,CO,US,2022-04-29,Prime Student
AMA-C5601,Emma Kim,emma.kim121@example.com,miami,FL,US,2025-05-23,Prime Student
AMA-C4456,david singh,david.singh239@example.com,Miami,FL,US,2023-03-01,Prime Student
AMA-C4491,James Singh,james.singh794@example.com,Seattle,WA,US,2025-05-26,Non-Prime
AMA-C5296,Priya Wang,,Seattle,WA,US,07/25/2025,Prime Student
AMA-C7838,John Martin,john.martin400 at example.com,Seattle,WA,US,2021-01-14,Prime
AMA-C3519,James Brown,james.brown289@example.com,Los Angeles,CA,US,05/28/2021,Prime Student
AMA-C6687, Maria Patel ,maria.patel863@example.com,Los Angeles,CA,US,11-Jul-2024,Non-Prime
AMA-C5010,Rahul Davis,rahul.davis474@example.com,Miami,FL,US,03/05/2024,Non-Prime
AMA-C8953,Chen Suzuki,chen.suzuki85@example.com,Atlanta,GA,US,11-Apr-2025,Prime
AMA-C2123,Li Khan,li.khan837@example.com,Phoenix,AZ,US,2022-08-09,Prime Student
AMA-C3254,Carlos Garcia,,Chicago,IL,US,11/03/2024,Non-Prime
AMA-C9645,Carlos Anderson,carlos.anderson282@example.com,Phoenix,AZ,US,07-Jun-2022,Prime
AMA-C6350,Rahul Smith,,NEW YORK,NY,US,22-Sep-2021,Non-Prime
AMA-C9841, Li Tanaka ,li.tanaka894@example.com,Phoenix,AZ,US,2023-03-21,Non-Prime
AMA-C3480,Liam Khan,liam.khan44@example.com,Denver,CO,US,12/17/2023,Prime Student
AMA-C1438, Li Anderson ,li.anderson576@example.com,DENVER,CO,US,2023-08-31,Non-Prime
AMA-C7963,Olivia Patel,olivia.patel988@example.com,Chicago,IL,US,05-Mar-2025,Prime
AMA-C2549,Yuki Kumar,yuki.kumar109@example.com,Denver,CO,US,05-Aug-2025,Prime Student
AMA-C1710,Priya Martin,priya.martin281@example.com,Seattle,WA,US,10-Jul-2023,Non-Prime
AMA-C8275,YUKI WANG,yuki.wang256@example.com,Atlanta,GA,US,24-May-2023,Prime
AMA-C7134,Rahul Tanaka,rahul.tanaka373@example.com,Los Angeles,CA,US,13-May-2025,Non-Prime
AMA-C3795,Olivia Rossi,olivia.rossi199@example.com,Los Angeles,CA,US,2023-11-15,Prime
AMA-C9997,Ava Sharma,ava.sharma957@example.com,Los Angeles,CA,US,20-Apr-2025,Non-Prime
AMA-C2973,Olivia Müller,olivia.müller444@example.com,Houston,TX,US,2024-04-19,Non-Prime
AMA-C10111,Olivia Rossi,,Los Angeles,CA,US,04/05/2025,Non-Prime
AMA-C5491,Li Tanaka,,Seattle,WA,US,30-Mar-2022,Non-Prime
AMA-C7282,Rahul Chen,rahul.chen533@example.com,Houston,TX,US,03-Apr-2022,Prime
AMA-C7195,wei chen,wei.chen68@example.com,Seattle,WA,US,09/10/2024,Non-Prime
AMA-C2305,Rahul Kumar,rahul.kumar729@example.com,boston,MA,US,18-Jul-2022,Prime Student
AMA-C10895,chen martin,chen.martin995@example.com,Denver,CO,US,2024-09-04,Prime Student
AMA-C9072,Zoe Singh,zoe.singh320@example.com,Atlanta,GA,US,20-Jul-2021,Non-Prime
AMA-C5465,MOHAMMED JOHNSON,mohammed.johnson195@example.com,Atlanta,GA,US,2022-09-14,Prime Student
AMA-C5130,mohammed müller,mohammed.müller642@example.com,Miami,FL,US,2023-11-07,Prime Student
AMA-C6603,EMMA KIM,emma.kim176@example.com,Los Angeles,CA,US,04-Dec-2024,Prime
AMA-C3179,Carlos Smith,carlos.smith285@example.com,New York,NY,US,11/24/2024,Prime Student
AMA-C8088,Emma Johnson,emma.johnson24@example.com,Chicago,IL,US,07/13/2025,Non-Prime
AMA-C1560,CARLOS ROSSI,carlos.rossi473@example.com,LOS ANGELES,CA,US,2022-09-29,Prime
AMA-C3109,rahul sharma,rahul.sharma540@example.com,New York,NY,US,2024-01-21,Non-Prime
AMA-C6708,Maria Yamada,maria.yamada760@example.com,CHICAGO,IL,US,12/29/2022,Non-Prime
AMA-C1122,Emma Kim,emma.kim902@example.com,Seattle,WA,US,29-Jan-2022,Non-Prime
AMA-C7671,Anna Kim,anna.kim15@example.com,Atlanta,GA,US,31-May-2022,Prime Student
AMA-C4808,Ben Sharma,ben.sharma369@example.com,New York,NY,US,2021-11-18,Non-Prime
AMA-C9562,Chen Wilson,chen.wilson275@example.com,Denver,CO,US,07-Dec-2025,Non-Prime
AMA-C4017,Mohammed Suzuki,mohammed.suzuki597@example.com,Atlanta,GA,US,2023-08-29,Prime
AMA-C8957,CARLOS KHAN,carlos.khan884@example.com,Houston,TX,US,2023-01-04,Prime Student
AMA-C9334,Li Singh,li.singh191@example.com,houston,TX,US,2021-01-04,Prime Student
AMA-C3417,Liam Yamada,liam.yamada144@example.com,Phoenix,AZ,US,11/26/2024,Non-Prime
AMA-C4327,Sara Yamada,sara.yamada220@example.com,Seattle,WA,US,11-Jun-2024,Non-Prime
AMA-C3457,ADITYA LEE,aditya.lee33@example.com,miami,FL,US,03/31/2024,Non-Prime
AMA-C5412,Priya Tanaka,priya.tanaka879@example.com,Phoenix,AZ,US,09/08/2022,Prime
AMA-C5234,Carlos Davis,carlos.davis257@example.com,Phoenix,AZ,US,2022-10-02,Non-Prime
AMA-C10365,Wei Chen,wei.chen769@example.com,Houston,TX,US,10/29/2022,Non-Prime
AMA-C10272,Rahul Brown,rahul.brown423@example.com,chicago,IL,US,2025-09-26,Prime
AMA-C2682,Wei Brown,wei.brown728@example.com,Boston,MA,US,03/02/2023,Prime
AMA-C3892,Fatima Martin,,Atlanta,GA,US,05/09/2022,
AMA-C9291,Priya Lee,priya.lee849@example.com,Denver,CO,US,28-Feb-2021,Prime Student
AMA-C10315,ADITYA LEE,aditya.lee502@example.com,SEATTLE,WA,US,18-Jan-2023,Prime Student
AMA-C9115,Yuki Lee,yuki.lee822@example.com,Los Angeles,CA,US,18-Nov-2025,Prime Student
AMA-C9206,Ken Garcia,ken.garcia73@example.com,Phoenix,AZ,US,07/14/2023,Non-Prime
AMA-C3110,Carlos Sharma,carlos.sharma523@example.com,Atlanta,GA,US,09/21/2022,Prime Student
AMA-C10216,Zoe Anderson,zoe.anderson72@example.com,CHICAGO,IL,US,07/30/2022,Prime
AMA-C2222,James Suzuki,,Houston,TX,US,2022-10-16,Prime Student
AMA-C7967,Liam Davis,liam.davis145@example.com,SEATTLE,WA,US,07/19/2023,Prime Student
AMA-C1344,Priya Smith,priya.smith482@example.com,Houston,TX,US,14-Oct-2021,Prime
AMA-C5016,Sofia Yamada,sofia.yamada176@example.com,MIAMI,FL,US,14-Dec-2021,Non-Prime
AMA-C6751,FATIMA SUZUKI,fatima.suzuki696@example.com,Los Angeles,CA,US,08/25/2022,Prime
AMA-C5292,Carlos Patel,carlos.patel925@example.com,Miami,FL,US,09/20/2023,Prime Student
AMA-C10244,Noah Kim,noah.kim521@example.com,Seattle,WA,US,2025-06-24,Prime
AMA-C9092,Chen Davis,chen.davis502@example.com,Los Angeles,CA,US,07/23/2021,Prime
AMA-C9877,David Anderson,david.anderson212@example.com,Seattle,WA,US,08/04/2025,Prime Student
AMA-C4710,Ben Suzuki,ben.suzuki25@example.com,Chicago,IL,US,2024-10-23,Non-Prime
AMA-C2864,Maria Lee,maria.lee966@example.com,PHOENIX,AZ,US,18-Jul-2023,Prime
AMA-C6897,Ken Davis,ken.davis600@example.com,Houston,TX,US,14-May-2022,Prime
AMA-C6573,Rahul Sharma,rahul.sharma808@example.com,Atlanta,GA,US,10/04/2021,Prime
AMA-C7484,Ava Martin,ava.martin270@example.com,New York,NY,US,2022-06-02,Prime
AMA-C7581,David Anderson,david.anderson420@example.com,Atlanta,GA,US,2025-12-24,Prime
AMA-C8353,Noah Davis,noah.davis240@example.com,Miami,FL,US,2021-10-27,Non-Prime
AMA-C3104,Ben Khan,,Boston,MA,US,15-Jun-2022,Non-Prime
AMA-C4805,Ben Lee,ben.lee449@example.com,Los Angeles,CA,US,01/15/2024,Prime
AMA-C2038,Fatima Suzuki,fatima.suzuki788@example.com,Miami,FL,US,17-Jan-2023,Prime Student
AMA-C1597,michael anderson,michael.anderson436@example.com,Atlanta,GA,US,2021-12-17,Prime
AMA-C2296,Michael Tanaka,michael.tanaka452@example.com,Houston,TX,US,12/30/2021,Prime
AMA-C8997,James Garcia,james.garcia994@example.com,Seattle,WA,US,14-Oct-2022,Prime Student
AMA-C4871,Zoe Patel,zoe.patel472@example.com,Denver,CO,US,06-Jan-2025,Prime Student
AMA-C6908,Wei Singh,wei.singh568@example.com,Miami,FL,US,20-Sep-2022,Non-Prime
AMA-C5930,Michael Kim,michael.kim392@example.com,New York,NY,US,2022-04-07,
AMA-C2591,James Wilson,james.wilson25@example.com,Seattle,WA,US,02/24/2023,Prime
AMA-C7676,Carlos Tanaka,carlos.tanaka734@example.com,Houston,TX,US,2025-04-23,Prime
AMA-C7890,Liam Smith,,Boston,MA,US,04-Apr-2023,Non-Prime
AMA-C3238,Ava Rossi,ava.rossi140@example.com,Boston,MA,US,30-May-2022,Prime Student
AMA-C8634,Wei Johnson,wei.johnson24@example.com,Los Angeles,CA,US,06/24/2025,Prime
AMA-C1697,Maria Patel,maria.patel674@example.com,Boston,MA,US,2024-09-01,Prime
AMA-C1329,carlos kumar,carlos.kumar93@example.com,Denver,CO,US,30-Aug-2021,Prime
AMA-C1721,David Kim,david.kim476@example.com,Denver,CO,US,2023-07-20,Prime
AMA-C8818,Carlos Suzuki,carlos.suzuki398 at example.com,PHOENIX,AZ,US,2025-03-18,Prime Student
AMA-C7075,michael brown,,SEATTLE,WA,US,06/11/2023,Prime
AMA-C9239,carlos sharma,carlos.sharma972@example.com,Denver,CO,US,11-Apr-2025,Prime Student
AMA-C1550,Wei Lee,wei.lee112@example.com,Seattle,WA,US,08/26/2023,Prime
AMA-C3595,Emma Brown,emma.brown169@example.com,New York,NY,US,2023-06-29,Prime
AMA-C5475,Ken Chen,ken.chen934@example.com,houston,TX,US,08/07/2025,Prime
AMA-C3302,James Sharma,,Denver,CO,US,06/18/2021,Prime
AMA-C9416,Ava Wang,ava.wang366@example.com,Miami,FL,US,20-Sep-2025,Non-Prime
AMA-C8456,Rahul Wilson,rahul.wilson799@example.com,Chicago,IL,US,11/05/2023,Non-Prime
AMA-C9374,LIAM MÜLLER,liam.müller284@example.com,Atlanta,GA,US,07-Jun-2023,
AMA-C3224,Sara Wilson,sara.wilson570@example.com,Chicago,IL,US,03-Feb-2022,Prime Student
AMA-C7612,Yuki Martin,yuki.martin990@example.com,Seattle,WA,US,2024-07-13,Non-Prime
AMA-C9876,James Davis,james.davis550@example.com,Denver,CO,US,2022-10-05,Prime Student
AMA-C7242,Aditya Smith,aditya.smith923@example.com,Phoenix,AZ,US,2023-01-29,Prime Student
AMA-C6515,BEN LEE,ben.lee87@example.com,Denver,CO,US,10/21/2024,Prime
AMA-C1294,Aarav Lee,,Boston,MA,US,2024-09-01,Prime Student
AMA-C9869,Olivia Lee,olivia.lee785@example.com,Boston,MA,US,2021-01-14,
AMA-C6129,Emma Chen,emma.chen742@example.com,atlanta,GA,US,2021-04-15,Non-Prime
AMA-C9189,Chen Wang,chen.wang491@example.com,LOS ANGELES,CA,US,02/03/2023,Prime Student
AMA-C4105,Anna Smith,anna.smith170@example.com,denver,CO,US,2022-09-12,Prime
AMA-C6605,Noah Rossi,noah.rossi373 at example.com,Boston,MA,US,08/06/2024,Prime Student
AMA-C2821,Li Sharma,li.sharma411@example.com,New York,NY,US,2021-12-06,Prime Student
AMA-C1908,Fatima Garcia,fatima.garcia866@example.com,Seattle,WA,US,2024-11-17,Non-Prime
AMA-C3025,Chen Lee,chen.lee15@example.com,Atlanta,GA,US,10/27/2024,Prime Student
AMA-C7235,Carlos Chen,carlos.chen89@example.com,Phoenix,AZ,US,2024-07-12,Prime Student
AMA-C7957, Wei Brown ,wei.brown410@example.com,Los Angeles,CA,US,17-Oct-2024,Non-Prime
AMA-C3806,Aditya Sharma,aditya.sharma990@example.com,Los Angeles,CA,US,2022-12-08,Non-Prime
AMA-C2325,Fatima Rossi,fatima.rossi256@example.com,Boston,MA,US,29-Dec-2025,Non-Prime
AMA-C6994,Priya Davis,priya.davis296@example.com,MIAMI,FL,US,08/01/2023,Non-Prime
AMA-C9328,james brown,james.brown431@example.com,Atlanta,GA,US,07/29/2022,Non-Prime
AMA-C2687,Zoe Khan,zoe.khan209@example.com,Chicago,IL,US,29-Mar-2021,Non-Prime
AMA-C7725, Zoe Kim ,zoe.kim657@example.com,Denver,CO,US,28-Jun-2024,Non-Prime
AMA-C6021,John Kim,john.kim112@example.com,Chicago,IL,US,2022-05-26,Prime
AMA-C7554,John Brown,john.brown530@example.com,Atlanta,GA,US,10-Mar-2024,Prime
AMA-C9875,David Kim,david.kim849@example.com,Boston,MA,US,11/08/2021,Prime
AMA-C9523,Carlos Khan,carlos.khan843@example.com,Seattle,WA,US,01/27/2025,Non-Prime
AMA-C9804,anna khan,anna.khan3@example.com,Boston,MA,US,11-Dec-2025,Non-Prime
AMA-C10038,Sofia Anderson,sofia.anderson768@example.com,NEW YORK,NY,US,04/13/2025,Prime
AMA-C6609,aditya suzuki,aditya.suzuki305@example.com,Phoenix,AZ,US,2024-01-27,Prime Student
AMA-C8583,aditya yamada,aditya.yamada474@example.com,Houston,TX,US,04/13/2021,Non-Prime
AMA-C3952,Aditya Singh,aditya.singh612@example.com,Atlanta,GA,US,2021-05-25,Prime
AMA-C5634,Wei Tanaka,wei.tanaka708@example.com,Miami,FL,US,10-Nov-2023,Prime
AMA-C6493,PRIYA KHAN,priya.khan565@example.com,Houston,TX,US,2021-12-28,Prime
AMA-C9995, Chen Smith ,chen.smith424@example.com,Phoenix,AZ,US,02-Jan-2024,Non-Prime
AMA-C6972,LIAM ROSSI,liam.rossi503@example.com,Los Angeles,CA,US,2022-02-02,Non-Prime
AMA-C8908,John Tanaka,john.tanaka449@example.com,Los Angeles,CA,US,26-Jul-2024,Non-Prime
AMA-C6905,Ava Martin,ava.martin962@example.com,Chicago,IL,US,14-Mar-2022,Prime Student
AMA-C10645,Fatima Wang,,Los Angeles,CA,US,2025-01-23,Prime Student
AMA-C8010,Anna Anderson,anna.anderson280@example.com,Houston,TX,US,2024-12-10,Non-Prime
AMA-C6635,Mohammed Singh,mohammed.singh516@example.com,CHICAGO,IL,US,09/16/2025,Prime Student
AMA-C6518,john suzuki,john.suzuki531@example.com,Boston,MA,US,06-May-2021,Non-Prime
AMA-C5101,Maria Müller,maria.müller505@example.com,Chicago,IL,US,2022-03-28,Non-Prime
AMA-C8012,Ben Patel,ben.patel335@example.com,Chicago,IL,US,2021-12-14,Prime
AMA-C1945,Emma Anderson,emma.anderson527@example.com,Denver,CO,US,2023-08-05,Non-Prime
AMA-C7846,Emma Chen,emma.chen252@example.com,Chicago,IL,US,11/22/2023,Prime
AMA-C10843,anna tanaka,anna.tanaka610@example.com,Los Angeles,CA,US,01/11/2023,Prime Student
AMA-C4080,David Wilson,david.wilson275@example.com,Denver,CO,US,2025-10-21,Non-Prime
AMA-C8513,Anna Kumar,anna.kumar588@example.com,Denver,CO,US,04/09/2022,Prime Student
AMA-C3516,Chen Patel,chen.patel629@example.com,Los Angeles,CA,US,10/19/2025,Prime
AMA-C6115,Wei Johnson,wei.johnson815@example.com,Miami,FL,US,04-Oct-2021,Prime Student
AMA-C4885,Ben Rossi,ben.rossi483@example.com,Boston,MA,US,27-Nov-2023,Non-Prime
AMA-C5294,Rahul Khan,rahul.khan74@example.com,Denver,CO,US,18-Mar-2024,Non-Prime
AMA-C2362,Olivia Brown,olivia.brown328@example.com,Houston,TX,US,16-Feb-2023,Non-Prime
AMA-C7691,Liam Tanaka,liam.tanaka6@example.com,Boston,MA,US,2023-12-04,Non-Prime
AMA-C1934,Mohammed Tanaka,mohammed.tanaka443@example.com,Chicago,IL,US,10/18/2021,Prime Student
AMA-C3525,Carlos Wilson,carlos.wilson513@example.com,BOSTON,MA,US,2022-03-26,Prime
AMA-C10233,Emma Müller,,Phoenix,AZ,US,14-Nov-2024,Prime
AMA-C5320,Carlos Anderson,carlos.anderson144 at example.com,Denver,CO,US,11/18/2025,
AMA-C10409, Li Davis ,li.davis766@example.com,Houston,TX,US,30-Oct-2021,
AMA-C4807,Anna Brown,anna.brown878@example.com,Atlanta,GA,US,06-Aug-2022,Prime
AMA-C6797,Priya Wang,priya.wang556@example.com,Boston,MA,US,24-Jul-2022,Non-Prime
AMA-C5022,yuki suzuki,yuki.suzuki424@example.com,Los Angeles,CA,US,2023-08-23,Prime Student
AMA-C10807,Carlos Brown,carlos.brown827@example.com,Miami,FL,US,03-Feb-2022,Non-Prime
AMA-C2261,Priya Müller,priya.müller229 at example.com,Phoenix,AZ,US,12/15/2023,Non-Prime
AMA-C9050,Maria Tanaka,maria.tanaka724@example.com,Boston,MA,US,04/11/2023,Prime
AMA-C7693,AARAV WANG,aarav.wang755@example.com,Miami,FL,US,03/06/2022,Non-Prime
AMA-C4252,Liam Brown,liam.brown60@example.com,Houston,TX,US,20-Jun-2023,Non-Prime
AMA-C6690,noah rossi,noah.rossi733@example.com,Phoenix,AZ,US,12/11/2024,Prime
AMA-C1087,Noah Rossi,noah.rossi691@example.com,Boston,MA,US,12/31/2025,Prime Student
AMA-C7988,Michael Müller,michael.müller966@example.com,Los Angeles,CA,US,19-Oct-2022,Prime
AMA-C3076,Emma Wang,emma.wang176@example.com,Los Angeles,CA,US,10/13/2021,Non-Prime
AMA-C4365,Aarav Chen,aarav.chen655@example.com,Chicago,IL,US,2023-06-15,Prime Student
AMA-C7953,James Martin,james.martin465@example.com,Atlanta,GA,US,09/06/2023,Prime
AMA-C9239,carlos sharma,carlos.sharma972@example.com,Denver,CO,US,11-Apr-2025,Prime Student
AMA-C7457,Ken Tanaka,ken.tanaka399@example.com,CHICAGO,IL,US,09/30/2022,Non-Prime
AMA-C8228,Fatima Patel,fatima.patel428@example.com,Miami,FL,US,22-Oct-2025,
AMA-C5075,Olivia Lee,olivia.lee167@example.com,Los Angeles,CA,US,2025-09-22,Prime
AMA-C7625,zoe sharma,zoe.sharma595@example.com,Atlanta,GA,US,2022-08-14,Prime
AMA-C2496, Carlos Tanaka ,carlos.tanaka586@example.com,Atlanta,GA,US,2025-01-31,Prime
AMA-C3838,Ken Sharma,ken.sharma893@example.com,New York,NY,US,23-Aug-2021,Prime Student
AMA-C3492,Rahul Wilson,,Los Angeles,CA,US,2024-01-23,Non-Prime
AMA-C2033,Liam Singh,liam.singh948@example.com,Seattle,WA,US,10/10/2022,Prime Student
AMA-C8092,James Anderson,james.anderson82@example.com,Los Angeles,CA,US,2021-04-10,Non-Prime
AMA-C1347,Vivaan Suzuki,vivaan.suzuki423@example.com,boston,MA,US,19-Jul-2021,Prime Student
AMA-C2290,Ken Singh,,Chicago,IL,US,2025-10-04,Non-Prime
AMA-C3685,Maria Suzuki,maria.suzuki720@example.com,Houston,TX,US,09/06/2025,Prime
AMA-C2885,Anna Johnson,anna.johnson782@example.com,Denver,CO,US,2021-08-15,Non-Prime
AMA-C9071,Aditya Singh,aditya.singh49@example.com,Miami,FL,US,16-Jun-2022,Prime
AMA-C2495,Rahul Sharma,rahul.sharma76@example.com,Los Angeles,CA,US,01/09/2022,Prime
AMA-C3287,Aarav Khan,aarav.khan554@example.com,Phoenix,AZ,US,19-Apr-2024,Prime
AMA-C1730,PRIYA MARTIN,priya.martin880@example.com,Houston,TX,US,06/23/2021,Prime Student
AMA-C3988,Michael Müller,michael.müller816@example.com,Boston,MA,US,31-Jan-2023,Non-Prime
AMA-C2240,Fatima Davis,fatima.davis610@example.com,New York,NY,US,2023-08-01,Prime Student
AMA-C7983,Fatima Tanaka,fatima.tanaka418@example.com,Denver,CO,US,2024-07-21,Prime
AMA-C10630,ZOE SINGH,zoe.singh318@example.com,New York,NY,US,12-Jan-2021,Non-Prime
AMA-C8935,Rahul Suzuki,rahul.suzuki656@example.com,Miami,FL,US,2023-09-15,Prime Student
AMA-C3662,Olivia Müller,olivia.müller380@example.com,Houston,TX,US,05/15/2022,Prime Student
AMA-C9972,YUKI SHARMA,yuki.sharma268@example.com,Atlanta,GA,US,01/26/2025,Prime
AMA-C10265,Anna Brown,anna.brown314@example.com,Seattle,WA,US,04/14/2021,Prime Student
AMA-C3975,Rahul Wilson,rahul.wilson462@example.com,Chicago,IL,US,08/24/2022,Non-Prime
AMA-C5649,Fatima Sharma,fatima.sharma175@example.com,Los Angeles,CA,US,21-Oct-2021,Prime Student
AMA-C4115,Ben Singh,ben.singh879 at example.com,Seattle,WA,US,15-Oct-2021,Non-Prime
AMA-C4639,Vivaan Wang,vivaan.wang584@example.com,Los Angeles,CA,US,2024-08-13,Non-Prime
AMA-C4441, Vivaan Lee ,vivaan.lee34@example.com,Boston,MA,US,2024-08-12,Non-Prime
AMA-C9435,Priya Patel,priya.patel442@example.com,LOS ANGELES,CA,US,26-May-2022,Prime Student
AMA-C9171,MOHAMMED MÜLLER,mohammed.müller821@example.com,New York,NY,US,13-Apr-2021,Non-Prime
AMA-C7819,Anna Khan,anna.khan477@example.com,Houston,TX,US,2021-09-09,Non-Prime
AMA-C2147,priya tanaka,priya.tanaka780@example.com,Atlanta,GA,US,19-Jul-2022,Prime Student
AMA-C2582,Carlos Wang,carlos.wang623@example.com,Miami,FL,US,2024-08-12,Non-Prime
AMA-C2822,wei rossi,wei.rossi340@example.com,Miami,FL,US,2024-04-27,Prime
AMA-C6272,Zoe Müller,zoe.müller171@example.com,Phoenix,AZ,US,08-Jun-2021,Prime Student
AMA-C1299,Olivia Brown,olivia.brown756@example.com,Boston,MA,US,19-Jan-2023,
AMA-C6728,Ken Singh,ken.singh405@example.com,Los Angeles,CA,US,2024-04-22,Prime
AMA-C2378,aarav johnson,aarav.johnson187 at example.com,Los Angeles,CA,US,2024-03-19,Non-Prime
AMA-C10147,John Wang,john.wang379@example.com,Atlanta,GA,US,18-Aug-2022,Non-Prime
AMA-C1171,Aarav Patel,aarav.patel667@example.com,New York,NY,US,2025-12-15,Non-Prime
AMA-C8148,Michael Tanaka,michael.tanaka183@example.com,Chicago,IL,US,2023-02-13,Non-Prime
AMA-C4210,CHEN KUMAR,chen.kumar153 at example.com,los angeles,CA,US,2023-12-22,Prime
AMA-C6176,Yuki Smith,yuki.smith164@example.com,Phoenix,AZ,US,2022-10-11,Prime
AMA-C8140,Sofia Garcia,sofia.garcia552@example.com,Houston,TX,US,10/11/2025,Non-Prime
AMA-C9280,CHEN ROSSI,chen.rossi873@example.com,Chicago,IL,US,2021-08-27,Prime
AMA-C6301,DAVID KUMAR,david.kumar526@example.com,Atlanta,GA,US,10/13/2023,
AMA-C4351,david kumar,david.kumar986@example.com,New York,NY,US,03-May-2021,Non-Prime
AMA-C5135,Sofia Brown,,phoenix,AZ,US,08/21/2023,Non-Prime
AMA-C9695,Zoe Garcia,zoe.garcia635@example.com,Seattle,WA,US,05/04/2021,Prime
AMA-C10356, Priya Garcia ,priya.garcia115@example.com,New York,NY,US,11-Mar-2023,Prime
AMA-C3300,Michael Davis,michael.davis360@example.com,Chicago,IL,US,2024-03-22,
AMA-C8878,Wei Tanaka,wei.tanaka54@example.com,Boston,MA,US,11/29/2024,Non-Prime
AMA-C7230,Zoe Sharma,zoe.sharma730@example.com,Phoenix,AZ,US,26-Jul-2022,Prime Student
AMA-C2575,Fatima Patel,fatima.patel517 at example.com,Miami,FL,US,06/30/2024,Non-Prime
AMA-C8981,Michael Tanaka,michael.tanaka913@example.com,Chicago,IL,US,03/05/2021,Non-Prime
AMA-C6671,Vivaan Tanaka,vivaan.tanaka873@example.com,CHICAGO,IL,US,2024-02-08,Prime Student
AMA-C10608,Li Johnson,li.johnson66@example.com,Phoenix,AZ,US,02-May-2024,Prime Student
AMA-C9749,Vivaan Anderson,vivaan.anderson317@example.com,Boston,MA,US,05/29/2022,Non-Prime
AMA-C10228, Li Kim ,li.kim841@example.com,New York,NY,US,10/19/2024,Prime Student
AMA-C1407,Liam Khan,liam.khan763@example.com,New York,NY,US,2024-02-21,Prime Student
AMA-C4741,Aditya Smith,aditya.smith546@example.com,Boston,MA,US,01-Feb-2025,Prime
AMA-C9775,Carlos Chen,carlos.chen93@example.com,NEW YORK,NY,US,03/17/2023,
AMA-C3580,wei tanaka,wei.tanaka945@example.com,Miami,FL,US,04/30/2024,Prime
AMA-C10415,Anna Wilson,anna.wilson681@example.com,NEW YORK,NY,US,27-Oct-2021,Non-Prime
AMA-C1882,Priya Smith,priya.smith873@example.com,Houston,TX,US,2022-01-21,Prime
AMA-C4560,FATIMA SHARMA,fatima.sharma382@example.com,New York,NY,US,2024-11-10,Non-Prime
AMA-C9365,fatima wang,fatima.wang912@example.com,Los Angeles,CA,US,04-Aug-2023,Non-Prime
AMA-C10205,maria garcia,maria.garcia137@example.com,Atlanta,GA,US,2025-03-24,Prime Student
AMA-C9999,Fatima Patel,fatima.patel358@example.com,Seattle,WA,US,12-Aug-2025,Non-Prime
AMA-C9185,Aditya Johnson,aditya.johnson20@example.com,Denver,CO,US,05/01/2024,Prime
AMA-C3343,Sofia Martin,sofia.martin269@example.com,Houston,TX,US,12/05/2024,Prime
AMA-C3148,Anna Chen,anna.chen102@example.com,Los Angeles,CA,US,08-Mar-2023,Prime Student
AMA-C8351,Rahul Sharma,rahul.sharma654@example.com,Boston,MA,US,06/08/2024,Prime Student
AMA-C5928,Fatima Yamada,fatima.yamada408@example.com,Atlanta,GA,US,12-Jan-2021,Prime
AMA-C7113,Emma Davis,emma.davis858@example.com,los angeles,CA,US,02-Oct-2023,Non-Prime
AMA-C7373,david smith,,Los Angeles,CA,US,11-Jun-2023,Prime
AMA-C7124,Anna Singh,anna.singh101@example.com,Houston,TX,US,09/23/2025,Prime
AMA-C8061,LIAM MÜLLER,liam.müller59@example.com,Phoenix,AZ,US,2021-07-23,Non-Prime
AMA-C1872, Emma Kumar ,emma.kumar63@example.com,Boston,MA,US,19-Dec-2021,Prime Student
AMA-C2281,Aditya Wilson,aditya.wilson262@example.com,Miami,FL,US,06/30/2023,Prime Student
AMA-C3851,Rahul Anderson,rahul.anderson449@example.com,Houston,TX,US,06/24/2025,Prime
AMA-C7369,Ken Lee,ken.lee280@example.com,Phoenix,AZ,US,10/21/2025,Prime
AMA-C1350,Emma Davis,emma.davis209@example.com,Miami,FL,US,2024-02-12,
AMA-C3257,David Anderson,david.anderson545@example.com,Atlanta,GA,US,01/26/2024,Non-Prime
AMA-C10275,Michael Johnson,michael.johnson775@example.com,Houston,TX,US,04/04/2021,Prime Student
AMA-C8065,Chen Davis,chen.davis782@example.com,Denver,CO,US,05/11/2021,Prime
AMA-C2834,Yuki Kumar,yuki.kumar142@example.com,Phoenix,AZ,US,07-Sep-2021,Prime
AMA-C10589,mohammed müller,mohammed.müller21@example.com,Boston,MA,US,14-Nov-2022,Prime
AMA-C10018,Carlos Wang,carlos.wang283@example.com,CHICAGO,IL,US,14-Jul-2022,Prime Student
AMA-C8830,David Yamada,david.yamada879@example.com,Los Angeles,CA,US,30-Dec-2024,Prime Student
AMA-C1573, Ava Anderson ,,phoenix,AZ,US,07-Feb-2024,Non-Prime
AMA-C8823,Wei Kumar,wei.kumar922@example.com,Miami,FL,US,2025-07-05,Prime Student
AMA-C3707,James Lee,james.lee127@example.com,Denver,CO,US,2023-01-23,Prime Student
AMA-C10987,Zoe Müller,zoe.müller984@example.com,NEW YORK,NY,US,04-Mar-2024,Non-Prime
AMA-C6551,Sara Lee,sara.lee49@example.com,Denver,CO,US,2024-12-17,Prime Student
AMA-C8289,david müller,david.müller993@example.com,Seattle,WA,US,02/04/2022,Prime
AMA-C6863,Mohammed Yamada,mohammed.yamada394@example.com,seattle,WA,US,06/30/2025,Prime Student
AMA-C2499,Anna Sharma,anna.sharma179@example.com,Miami,FL,US,27-Apr-2023,Prime Student
AMA-C3161,SARA LEE,sara.lee94 at example.com,Miami,FL,US,2023-12-28,Prime Student
AMA-C5239,Rahul Brown,rahul.brown993@example.com,Denver,CO,US,19-Apr-2023,Prime
AMA-C3045,James Kim,james.kim407@example.com,Denver,CO,US,01/17/2025,Prime Student
AMA-C8227, Ava Smith ,ava.smith422@example.com,Boston,MA,US,2025-09-12,Prime
AMA-C7772,Noah Garcia,noah.garcia110 at example.com,los angeles,CA,US,22-Jan-2022,Prime Student
AMA-C8600,Mohammed Johnson,mohammed.johnson266@example.com,Los Angeles,CA,US,28-Feb-2022,Prime Student
AMA-C2988, Fatima Singh ,fatima.singh734@example.com,Chicago,IL,US,11/12/2025,Prime
AMA-C6587,Vivaan Kumar,vivaan.kumar924@example.com,Phoenix,AZ,US,15-Sep-2024,Prime Student
AMA-C3724,Ava Johnson,ava.johnson662@example.com,Miami,FL,US,2025-02-25,Prime Student
AMA-C3065,Emma Smith,,Denver,CO,US,2025-11-11,Prime Student
AMA-C4684,Rahul Brown,rahul.brown34@example.com,Boston,MA,US,07/25/2022,Non-Prime
AMA-C2277,DAVID GARCIA,david.garcia318@example.com,Boston,MA,US,07-Oct-2022,Prime
AMA-C7216,Sofia Davis,sofia.davis380@example.com,Houston,TX,US,2022-05-30,Prime
AMA-C3098,LI WANG,li.wang321@example.com,Phoenix,AZ,US,09/11/2024,Prime Student
AMA-C2267,David Garcia,david.garcia666@example.com,Houston,TX,US,2021-09-08,Prime Student
AMA-C2812,John Anderson,john.anderson355@example.com,Houston,TX,US,04/27/2025,Non-Prime
AMA-C3281,Vivaan Martin,vivaan.martin88@example.com,Chicago,IL,US,01/10/2023,Prime
AMA-C7535,Maria Suzuki,maria.suzuki907 at example.com,Los Angeles,CA,US,08/13/2024,Non-Prime
AMA-C2476,Sara Wang,sara.wang997@example.com,Chicago,IL,US,29-Nov-2021,Prime Student
AMA-C2311,yuki kumar,yuki.kumar443@example.com,Houston,TX,US,21-Mar-2025,Non-Prime
AMA-C1008,Mohammed Yamada,mohammed.yamada842@example.com,Boston,MA,US,10/27/2024,Prime Student
AMA-C5275,Yuki Patel,yuki.patel746@example.com,HOUSTON,TX,US,08/21/2025,Non-Prime
AMA-C4961,Rahul Wang,rahul.wang115@example.com,Chicago,IL,US,2022-07-30,Non-Prime
AMA-C9332,James Kumar,james.kumar41 at example.com,Boston,MA,US,05/03/2022,Prime Student
AMA-C9802,John Wilson,john.wilson319@example.com,Denver,CO,US,2021-01-09,Non-Prime
AMA-C7563,LI GARCIA,li.garcia617@example.com,Boston,MA,US,11/15/2025,
AMA-C9164,Anna Davis,anna.davis327@example.com,Denver,CO,US,2021-11-06,Prime
AMA-C4185,Chen Patel,chen.patel369@example.com,Los Angeles,CA,US,08-Jun-2022,Prime Student
AMA-C6002,Emma Singh,emma.singh402@example.com,ATLANTA,GA,US,07/31/2022,Prime
AMA-C6286,Ben Müller,ben.müller549@example.com,Phoenix,AZ,US,01/23/2021,Prime
AMA-C10921,Ken Davis,ken.davis161 at example.com,Chicago,IL,US,24-May-2021,Prime Student
AMA-C4332,Aarav Khan,aarav.khan390@example.com,Houston,TX,US,13-Jan-2022,Non-Prime
AMA-C5899,Fatima Lee,fatima.lee68@example.com,Houston,TX,US,02/14/2022,Non-Prime
AMA-C3398,Emma Patel,emma.patel129@example.com,Houston,TX,US,2023-05-17,Prime Student
AMA-C10258,MOHAMMED KUMAR,,Boston,MA,US,2025-02-13,Non-Prime
AMA-C6000,ken rossi,ken.rossi418@example.com,Houston,TX,US,12/13/2023,
AMA-C1148,Yuki Müller,yuki.müller218@example.com,Miami,FL,US,08/05/2023,Prime
AMA-C1521,Olivia Lee,olivia.lee210@example.com,New York,NY,US,13-Oct-2022,Non-Prime
AMA-C8755,David Garcia,david.garcia55@example.com,New York,NY,US,2024-06-25,Prime
AMA-C10986,Ava Singh,ava.singh289@example.com,Miami,FL,US,11/21/2025,Non-Prime
AMA-C4534,Olivia Yamada,,Atlanta,GA,US,2023-12-22,Prime
AMA-C3008,Maria Smith,maria.smith823@example.com,HOUSTON,TX,US,2022-06-04,Prime Student
AMA-C1046,Vivaan Kumar,vivaan.kumar312@example.com,New York,NY,US,06-Sep-2022,Prime Student
AMA-C4801,aditya lee,aditya.lee228@example.com,New York,NY,US,06/27/2023,Prime
AMA-C1231,Ava Anderson,,Miami,FL,US,07/10/2025,Prime Student
AMA-C7354,Liam Patel,,Denver,CO,US,11/04/2024,Prime Student
AMA-C8944,Priya Martin,priya.martin860@example.com,Miami,FL,US,2024-06-14,Prime
AMA-C5960,Noah Chen,noah.chen490@example.com,PHOENIX,AZ,US,2021-09-08,Prime Student
AMA-C6188,Ken Martin,ken.martin487@example.com,Houston,TX,US,2024-06-16,Prime Student
AMA-C4739,Michael Suzuki,michael.suzuki28@example.com,Boston,MA,US,2023-06-15,Prime Student
AMA-C4722,Rahul Lee,rahul.lee432@example.com,Denver,CO,US,01/26/2025,Prime Student
AMA-C2265,Noah Smith,noah.smith534@example.com,Boston,MA,US,27-Oct-2025,Prime
AMA-C6801,james wilson,james.wilson284@example.com,Houston,TX,US,01/16/2023,Non-Prime
AMA-C6834,Ava Sharma,ava.sharma238@example.com,Atlanta,GA,US,11-Jan-2023,Prime Student
AMA-C10877,wei chen,wei.chen761@example.com,houston,TX,US,28-Apr-2023,Prime Student
AMA-C4578,Wei Yamada,wei.yamada684@example.com,Los Angeles,CA,US,2024-10-05,Non-Prime
AMA-C6511,Ken Kim,ken.kim86@example.com,chicago,IL,US,11/24/2023,Prime Student
AMA-C8871,Mohammed Lee,mohammed.lee280@example.com,Denver,CO,US,2022-12-12,Prime
AMA-C7168,Anna Müller,anna.müller527@example.com,Los Angeles,CA,US,19-Sep-2025,Prime
AMA-C5690,Yuki Anderson,yuki.anderson35@example.com,Chicago,IL,US,04/23/2022,Prime
AMA-C1105,VIVAAN YAMADA,vivaan.yamada945@example.com,Chicago,IL,US,06/18/2021,Prime Student
AMA-C8690,WEI WILSON,wei.wilson985@example.com,Chicago,IL,US,2021-09-17,Prime
AMA-C8497,James Wang,james.wang858@example.com,Seattle,WA,US,2021-04-27,Prime Student
AMA-C10086,Chen Chen,chen.chen640@example.com,Denver,CO,US,10/17/2023,Non-Prime
AMA-C5354, Ben Singh ,ben.singh928@example.com,Phoenix,AZ,US,09/25/2022,Non-Prime
AMA-C6382,Sara Kumar,sara.kumar887@example.com,Chicago,IL,US,06/26/2022,Non-Prime
AMA-C7249,LI CHEN,li.chen772@example.com,Los Angeles,CA,US,2021-04-06,Prime Student
AMA-C8174, Rahul Martin ,rahul.martin71@example.com,Houston,TX,US,06/26/2024,Non-Prime
AMA-C3163,Liam Chen,liam.chen476@example.com,Chicago,IL,US,22-Jun-2024,Non-Prime
AMA-C3041,Carlos Smith,carlos.smith445@example.com,Miami,FL,US,06/28/2021,Non-Prime
AMA-C10598,Anna Martin,anna.martin375@example.com,denver,CO,US,11/11/2021,Prime
AMA-C5694,Priya Anderson,priya.anderson676@example.com,Denver,CO,US,06/13/2022,Prime
AMA-C9225,Sofia Chen,sofia.chen477@example.com,Chicago,IL,US,10-Nov-2021,Prime
AMA-C10242,AVA SHARMA,,Boston,MA,US,07-Sep-2021,Prime
AMA-C1779,emma rossi,emma.rossi322@example.com,Chicago,IL,US,08/03/2021,
AMA-C7277,MOHAMMED MARTIN,mohammed.martin918@example.com,Phoenix,AZ,US,01/18/2025,Prime Student
AMA-C10058,SOFIA DAVIS,sofia.davis456@example.com,Miami,FL,US,2021-04-23,Prime Student
AMA-C9497,Carlos Patel,carlos.patel220@example.com,Boston,MA,US,28-Dec-2024,Non-Prime
AMA-C9153,Olivia Suzuki,olivia.suzuki779@example.com,Miami,FL,US,2024-04-10,Prime Student
AMA-C5464,Ava Garcia,ava.garcia137@example.com,New York,NY,US,07/25/2025,Prime
AMA-C9174,Carlos Smith,carlos.smith941@example.com,Chicago,IL,US,07/23/2025,Prime Student
AMA-C8172,Yuki Lee,yuki.lee764@example.com,Seattle,WA,US,18-May-2023,Non-Prime
AMA-C8223,aditya johnson,aditya.johnson819 at example.com,new york,NY,US,01/12/2023,Prime Student
AMA-C8324,Michael Sharma,michael.sharma185@example.com,Seattle,WA,US,2021-09-19,Prime Student
AMA-C3079,Michael Patel,michael.patel748@example.com,Denver,CO,US,28-Dec-2022,Non-Prime
AMA-C8774,Michael Anderson,michael.anderson144@example.com,Miami,FL,US,2024-03-22,Prime Student
AMA-C1458,Mohammed Garcia,mohammed.garcia197@example.com,Denver,CO,US,2024-06-12,Non-Prime
AMA-C9137,Anna Yamada,anna.yamada990 at example.com,New York,NY,US,08/25/2021,Prime
AMA-C8191,David Anderson,,Los Angeles,CA,US,15-Sep-2024,Non-Prime
AMA-C1873,Priya Brown,priya.brown529@example.com,Phoenix,AZ,US,21-Mar-2022,Non-Prime
AMA-C8163,Priya Singh,priya.singh241@example.com,Houston,TX,US,27-May-2025,Non-Prime
AMA-C10142,Zoe Khan,zoe.khan718@example.com,Phoenix,AZ,US,08/09/2023,
AMA-C2280,David Smith,david.smith941@example.com,Houston,TX,US,01/01/2024,Prime Student
AMA-C9172,Liam Wang,liam.wang473@example.com,BOSTON,MA,US,2021-10-07,Prime Student
AMA-C5115,Vivaan Johnson,vivaan.johnson659@example.com,Atlanta,GA,US,2025-05-22,Non-Prime
AMA-C10513,Liam Wang,liam.wang825@example.com,Atlanta,GA,US,10/14/2021,Non-Prime
AMA-C10025,John Johnson,john.johnson987@example.com,Phoenix,AZ,US,21-May-2024,
AMA-C9448,Zoe Suzuki,zoe.suzuki30@example.com,Houston,TX,US,04/05/2023,
AMA-C10999, Ben Kim ,ben.kim305@example.com,Los Angeles,CA,US,13-Mar-2024,Prime
AMA-C6338,Chen Kumar,chen.kumar135@example.com,Atlanta,GA,US,04/02/2023,Prime Student
AMA-C8462,KEN SHARMA,,Denver,CO,US,19-Dec-2023,
AMA-C8287,Michael Anderson,michael.anderson49@example.com,MIAMI,FL,US,07/12/2025,Non-Prime
AMA-C10401,James Tanaka,,Denver,CO,US,11-Jun-2024,Prime
AMA-C1760,Michael Brown,michael.brown678@example.com,Chicago,IL,US,04-Aug-2024,Prime Student
AMA-C5490,Emma Chen,,Seattle,WA,US,2024-05-26,Non-Prime
AMA-C5611,John Martin,john.martin567@example.com,Boston,MA,US,2021-10-18,Prime
AMA-C4352,Zoe Smith,zoe.smith767@example.com,Phoenix,AZ,US,11/18/2021,Prime Student
AMA-C6852,Vivaan Kim,,Phoenix,AZ,US,21-Jul-2025,
AMA-C3408,Priya Sharma,priya.sharma922@example.com,Houston,TX,US,03/29/2025,Prime
AMA-C4378,Wei Khan,wei.khan997@example.com,Los Angeles,CA,US,2021-08-04,Prime Student
AMA-C4901,Aditya Singh,aditya.singh843@example.com,New York,NY,US,02-Jul-2022,Prime
AMA-C10804,Carlos Davis,carlos.davis798@example.com,New York,NY,US,08/14/2023,Prime
AMA-C5310,Mohammed Khan,mohammed.khan502@example.com,Boston,MA,US,2023-06-15,Non-Prime
AMA-C10367, David Johnson ,david.johnson745@example.com,Phoenix,AZ,US,01/16/2022,Prime Student
AMA-C10878,WEI SHARMA,wei.sharma806@example.com,Houston,TX,US,2021-02-18,Prime Student
AMA-C10718,James Smith,,Los Angeles,CA,US,01/20/2021,Non-Prime
AMA-C4156,Rahul Sharma,rahul.sharma700@example.com,Chicago,IL,US,22-Oct-2022,Non-Prime
AMA-C7859,Li Yamada,li.yamada403@example.com,Miami,FL,US,10/04/2021,Prime Student
AMA-C5895,Emma Lee,emma.lee134@example.com,New York,NY,US,07/25/2025,Prime Student
AMA-C7633,Liam Kim,liam.kim983@example.com,Houston,TX,US,07/29/2021,Prime
AMA-C2238,Chen Kumar,chen.kumar81@example.com,Seattle,WA,US,10/18/2021,Prime Student
AMA-C8519,Rahul Tanaka,rahul.tanaka157@example.com,Houston,TX,US,12/15/2025,Prime Student
AMA-C3206,Vivaan Rossi,vivaan.rossi683@example.com,Los Angeles,CA,US,12/08/2022,Prime Student
AMA-C5343,VIVAAN TANAKA,vivaan.tanaka319@example.com,Phoenix,AZ,US,27-Feb-2021,Non-Prime
AMA-C7032,SARA SUZUKI,sara.suzuki262 at example.com,Houston,TX,US,08-Mar-2021,Non-Prime
AMA-C6079,RAHUL WANG,rahul.wang884@example.com,New York,NY,US,2022-10-24,
AMA-C4309,JOHN PATEL,john.patel646@example.com,Seattle,WA,US,2023-07-02,Non-Prime
AMA-C9520,David Martin,david.martin409@example.com,Chicago,IL,US,2023-04-25,Non-Prime
AMA-C5718,Michael Chen,michael.chen383@example.com,Seattle,WA,US,11-May-2023,Prime
AMA-C4969,Carlos Johnson,carlos.johnson872@example.com,Chicago,IL,US,11/24/2025,Non-Prime
AMA-C3088,Chen Rossi,chen.rossi322@example.com,Denver,CO,US,15-Nov-2022,Prime Student
AMA-C2933,Emma Tanaka,emma.tanaka733@example.com,Chicago,IL,US,10/16/2022,Prime
AMA-C6263,David Singh,david.singh701@example.com,Denver,CO,US,04/02/2022,Non-Prime
AMA-C2900,Wei Singh,wei.singh503@example.com,Houston,TX,US,2023-12-22,
AMA-C4057,Zoe Chen,,Miami,FL,US,2023-12-30,
AMA-C4552,Wei Sharma,wei.sharma925@example.com,new york,NY,US,02/22/2023,Prime
